Year,Round,Circuit,Driver,Team,SubSession,LapTime_s,GridPosition,Sector1_s,Sector2_s,Sector3_s,TyreLife,Compound,FreshTyre,SpeedI1,SpeedI2,SpeedFL,SpeedST,AirTemp_C,TrackTemp_C,Humidity_pct,Pressure_hPa,WindSpeed_ms,Rainfall,SubSession_ord,Wet
2025,1,FORMULA 1 LOUIS VUITTON AUSTRALIAN GRAND PRIX 2025,NOR,McLaren,Q1,75.912,1.0,26.463,17.116,32.333,5.0,SOFT,False,290.0,326.0,308.0,328.0,30.1,40.7,48.0,1009.4,0.7,0.0,1,0
2025,1,FORMULA 1 LOUIS VUITTON AUSTRALIAN GRAND PRIX 2025,RUS,Mercedes,Q1,75.971,4.0,26.366,17.086,32.519,2.0,SOFT,True,291.0,328.0,310.0,326.0,30.1,40.7,48.0,1009.4,0.7,0.0,1,0
2025,1,FORMULA 1 LOUIS VUITTON AUSTRALIAN GRAND PRIX 2025,VER,Red Bull Racing,Q1,76.018,3.0,26.366,17.171,32.481,2.0,SOFT,True,291.0,327.0,303.0,328.0,30.1,40.7,48.0,1009.4,0.7,0.0,1,0
2025,1,FORMULA 1 LOUIS VUITTON AUSTRALIAN GRAND PRIX 2025,LEC,Ferrari,Q1,76.029,7.0,26.411,17.144,32.474,2.0,SOFT,True,290.0,322.0,308.0,325.0,30.1,40.7,48.0,1009.4,0.7,0.0,1,0
2025,1,FORMULA 1 LOUIS VUITTON AUSTRALIAN GRAND PRIX 2025,PIA,McLaren,Q1,76.062,2.0,26.27,17.114,32.678,5.0,SOFT,False,289.0,325.0,307.0,325.0,30.1,40.7,48.0,1009.4,0.7,0.0,1,0
2025,1,FORMULA 1 LOUIS VUITTON AUSTRALIAN GRAND PRIX 2025,HAM,Ferrari,Q1,76.213,8.0,26.347,17.224,32.642,2.0,SOFT,True,290.0,323.0,305.0,330.0,30.1,40.7,48.0,1009.4,0.7,0.0,1,0
2025,1,FORMULA 1 LOUIS VUITTON AUSTRALIAN GRAND PRIX 2025,TSU,Racing Bulls,Q1,76.225,5.0,26.468,17.173,32.584,2.0,SOFT,True,291.0,328.0,307.0,326.0,30.1,40.7,48.0,1009.4,0.7,0.0,1,0
2025,1,FORMULA 1 LOUIS VUITTON AUSTRALIAN GRAND PRIX 2025,ALB,Williams,Q1,76.245,6.0,26.378,17.153,32.714,2.0,SOFT,True,292.0,327.0,309.0,325.0,30.1,40.7,48.0,1009.4,0.7,0.0,1,0
2025,1,FORMULA 1 LOUIS VUITTON AUSTRALIAN GRAND PRIX 2025,ALO,Aston Martin,Q1,76.288,12.0,26.3,17.107,32.881,2.0,SOFT,True,289.0,327.0,308.0,327.0,30.1,40.7,48.0,1009.4,0.7,0.0,1,0
2025,1,FORMULA 1 LOUIS VUITTON AUSTRALIAN GRAND PRIX 2025,DOO,Alpine,Q1,76.315,14.0,26.381,17.15,32.784,2.0,SOFT,True,289.0,326.0,309.0,325.0,30.1,40.7,48.0,1009.4,0.7,0.0,1,0
2025,1,FORMULA 1 LOUIS VUITTON AUSTRALIAN GRAND PRIX 2025,GAS,Alpine,Q1,76.328,9.0,26.54,17.148,32.64,2.0,SOFT,True,288.0,328.0,308.0,324.0,30.1,40.7,48.0,1009.4,0.7,0.0,1,0
2025,1,FORMULA 1 LOUIS VUITTON AUSTRALIAN GRAND PRIX 2025,HAD,Racing Bulls,Q1,76.354,11.0,26.523,17.139,32.692,2.0,SOFT,True,292.0,329.0,308.0,327.0,30.1,40.7,48.0,1009.4,0.7,0.0,1,0
2025,1,FORMULA 1 LOUIS VUITTON AUSTRALIAN GRAND PRIX 2025,SAI,Williams,Q1,76.36,10.0,26.477,17.175,32.708,2.0,SOFT,True,289.0,325.0,310.0,323.0,30.1,40.7,48.0,1009.4,0.7,0.0,1,0
2025,1,FORMULA 1 LOUIS VUITTON AUSTRALIAN GRAND PRIX 2025,STR,Aston Martin,Q1,76.369,13.0,26.474,17.151,32.744,2.0,SOFT,True,290.0,328.0,309.0,327.0,30.1,40.7,48.0,1009.4,0.7,0.0,1,0
2025,1,FORMULA 1 LOUIS VUITTON AUSTRALIAN GRAND PRIX 2025,BOR,Kick Sauber,Q1,76.516,15.0,26.495,17.22,32.801,2.0,SOFT,True,289.0,327.0,306.0,325.0,30.1,40.7,48.0,1009.4,0.7,0.0,1,0
2025,1,FORMULA 1 LOUIS VUITTON AUSTRALIAN GRAND PRIX 2025,ANT,Mercedes,Q1,76.525,16.0,26.443,17.166,32.916,5.0,SOFT,True,290.0,325.0,309.0,324.0,30.1,40.7,48.0,1009.4,0.7,0.0,1,0
2025,1,FORMULA 1 LOUIS VUITTON AUSTRALIAN GRAND PRIX 2025,HUL,Kick Sauber,Q1,76.579,17.0,26.656,17.201,32.722,2.0,SOFT,True,288.0,328.0,302.0,327.0,30.1,40.7,48.0,1009.4,0.7,0.0,1,0
2025,1,FORMULA 1 LOUIS VUITTON AUSTRALIAN GRAND PRIX 2025,LAW,Red Bull Racing,Q1,77.094,18.0,26.819,17.362,32.913,2.0,SOFT,True,291.0,329.0,307.0,327.0,30.1,40.7,48.0,1009.4,0.7,0.0,1,0
2025,1,FORMULA 1 LOUIS VUITTON AUSTRALIAN GRAND PRIX 2025,OCO,Haas F1 Team,Q1,77.147,19.0,26.686,17.206,33.255,2.0,SOFT,True,288.0,327.0,307.0,322.0,30.1,40.7,48.0,1009.4,0.7,0.0,1,0
2025,1,FORMULA 1 LOUIS VUITTON AUSTRALIAN GRAND PRIX 2025,NOR,McLaren,Q2,75.415,1.0,26.194,17.03,32.191,5.0,SOFT,False,289.0,325.0,310.0,328.0,30.1,40.7,48.0,1009.4,0.7,0.0,2,0
2025,1,FORMULA 1 LOUIS VUITTON AUSTRALIAN GRAND PRIX 2025,PIA,McLaren,Q2,75.468,2.0,26.171,17.111,32.186,2.0,SOFT,True,290.0,324.0,305.0,323.0,30.1,40.7,48.0,1009.4,0.7,0.0,2,0
2025,1,FORMULA 1 LOUIS VUITTON AUSTRALIAN GRAND PRIX 2025,VER,Red Bull Racing,Q2,75.565,3.0,26.09,17.003,32.472,5.0,SOFT,False,289.0,328.0,308.0,330.0,30.1,40.7,48.0,1009.4,0.7,0.0,2,0
2025,1,FORMULA 1 LOUIS VUITTON AUSTRALIAN GRAND PRIX 2025,RUS,Mercedes,Q2,75.798,4.0,26.373,17.128,32.297,5.0,SOFT,False,290.0,324.0,309.0,321.0,30.1,40.7,48.0,1009.4,0.7,0.0,2,0
2025,1,FORMULA 1 LOUIS VUITTON AUSTRALIAN GRAND PRIX 2025,LEC,Ferrari,Q2,75.827,7.0,26.184,17.155,32.488,2.0,SOFT,True,289.0,320.0,303.0,323.0,30.1,40.7,48.0,1009.4,0.7,0.0,2,0
2025,1,FORMULA 1 LOUIS VUITTON AUSTRALIAN GRAND PRIX 2025,HAM,Ferrari,Q2,75.919,8.0,26.15,17.223,32.546,2.0,SOFT,True,289.0,321.0,306.0,324.0,30.1,40.7,48.0,1009.4,0.7,0.0,2,0
2025,1,FORMULA 1 LOUIS VUITTON AUSTRALIAN GRAND PRIX 2025,SAI,Williams,Q2,75.931,10.0,26.269,17.078,32.584,2.0,SOFT,True,287.0,328.0,308.0,327.0,30.1,40.7,48.0,1009.4,0.7,0.0,2,0
2025,1,FORMULA 1 LOUIS VUITTON AUSTRALIAN GRAND PRIX 2025,TSU,Racing Bulls,Q2,76.009,5.0,26.264,17.193,32.552,2.0,SOFT,True,289.0,325.0,307.0,325.0,30.1,40.7,48.0,1009.4,0.7,0.0,2,0
2025,1,FORMULA 1 LOUIS VUITTON AUSTRALIAN GRAND PRIX 2025,ALB,Williams,Q2,76.017,6.0,26.186,17.034,32.797,2.0,SOFT,True,289.0,328.0,309.0,327.0,30.1,40.7,48.0,1009.4,0.7,0.0,2,0
2025,1,FORMULA 1 LOUIS VUITTON AUSTRALIAN GRAND PRIX 2025,GAS,Alpine,Q2,76.112,9.0,26.4,17.152,32.56,2.0,SOFT,True,287.0,325.0,307.0,324.0,30.1,40.7,48.0,1009.4,0.7,0.0,2,0
2025,1,FORMULA 1 LOUIS VUITTON AUSTRALIAN GRAND PRIX 2025,HAD,Racing Bulls,Q2,76.175,11.0,26.345,17.148,32.682,2.0,SOFT,True,289.0,328.0,309.0,329.0,30.1,40.7,48.0,1009.4,0.7,0.0,2,0
2025,1,FORMULA 1 LOUIS VUITTON AUSTRALIAN GRAND PRIX 2025,ALO,Aston Martin,Q2,76.453,12.0,26.374,17.188,32.891,2.0,SOFT,True,287.0,328.0,305.0,330.0,30.1,40.7,48.0,1009.4,0.7,0.0,2,0
2025,1,FORMULA 1 LOUIS VUITTON AUSTRALIAN GRAND PRIX 2025,STR,Aston Martin,Q2,76.483,13.0,26.457,17.173,32.853,2.0,SOFT,True,288.0,325.0,307.0,326.0,30.1,40.7,48.0,1009.4,0.7,0.0,2,0
2025,1,FORMULA 1 LOUIS VUITTON AUSTRALIAN GRAND PRIX 2025,DOO,Alpine,Q2,76.863,14.0,26.27,17.177,33.416,2.0,SOFT,True,288.0,328.0,310.0,327.0,30.1,40.7,48.0,1009.4,0.7,0.0,2,0
2025,1,FORMULA 1 LOUIS VUITTON AUSTRALIAN GRAND PRIX 2025,BOR,Kick Sauber,Q2,77.52,15.0,26.577,17.331,33.612,5.0,SOFT,False,289.0,327.0,305.0,325.0,30.1,40.7,48.0,1009.4,0.7,0.0,2,0
2025,1,FORMULA 1 LOUIS VUITTON AUSTRALIAN GRAND PRIX 2025,NOR,McLaren,Q3,75.096,1.0,25.961,16.997,32.138,2.0,SOFT,True,288.0,325.0,310.0,326.0,30.1,40.7,48.0,1009.4,0.7,0.0,3,0
2025,1,FORMULA 1 LOUIS VUITTON AUSTRALIAN GRAND PRIX 2025,PIA,McLaren,Q3,75.18,2.0,26.082,16.951999999999998,32.146,2.0,SOFT,True,289.0,325.0,309.0,323.0,30.1,40.7,48.0,1009.4,0.7,0.0,3,0
2025,1,FORMULA 1 LOUIS VUITTON AUSTRALIAN GRAND PRIX 2025,VER,Red Bull Racing,Q3,75.481,3.0,26.066,16.915,32.5,2.0,SOFT,True,290.0,330.0,310.0,331.0,30.1,40.7,48.0,1009.4,0.7,0.0,3,0
2025,1,FORMULA 1 LOUIS VUITTON AUSTRALIAN GRAND PRIX 2025,RUS,Mercedes,Q3,75.546,4.0,26.163,16.951,32.432,2.0,SOFT,True,289.0,327.0,312.0,327.0,30.1,40.7,48.0,1009.4,0.7,0.0,3,0
2025,1,FORMULA 1 LOUIS VUITTON AUSTRALIAN GRAND PRIX 2025,TSU,Racing Bulls,Q3,75.67,5.0,26.19,17.005,32.475,2.0,SOFT,True,290.0,330.0,306.0,328.0,30.1,40.7,48.0,1009.4,0.7,0.0,3,0
2025,1,FORMULA 1 LOUIS VUITTON AUSTRALIAN GRAND PRIX 2025,ALB,Williams,Q3,75.737,6.0,26.215,16.978,32.544,2.0,SOFT,True,289.0,329.0,309.0,331.0,30.1,40.7,48.0,1009.4,0.7,0.0,3,0
2025,1,FORMULA 1 LOUIS VUITTON AUSTRALIAN GRAND PRIX 2025,LEC,Ferrari,Q3,75.755,7.0,26.194,17.025,32.536,2.0,SOFT,True,290.0,325.0,309.0,326.0,30.1,40.7,48.0,1009.4,0.7,0.0,3,0
2025,1,FORMULA 1 LOUIS VUITTON AUSTRALIAN GRAND PRIX 2025,HAM,Ferrari,Q3,75.973,8.0,26.265,17.08,32.628,2.0,SOFT,True,290.0,324.0,306.0,328.0,30.1,40.7,48.0,1009.4,0.7,0.0,3,0
2025,1,FORMULA 1 LOUIS VUITTON AUSTRALIAN GRAND PRIX 2025,GAS,Alpine,Q3,75.98,9.0,26.293,17.087,32.6,2.0,SOFT,True,287.0,326.0,307.0,326.0,30.1,40.7,48.0,1009.4,0.7,0.0,3,0
2025,1,FORMULA 1 LOUIS VUITTON AUSTRALIAN GRAND PRIX 2025,SAI,Williams,Q3,76.062,10.0,26.355,17.0,32.707,2.0,SOFT,True,289.0,329.0,309.0,327.0,30.1,40.7,48.0,1009.4,0.7,0.0,3,0
2025,2,FORMULA 1 HEINEKEN CHINESE GRAND PRIX 2025,NOR,McLaren,Q1,90.983,3.0,23.966,27.348,39.669,5.0,SOFT,True,283.0,277.0,274.0,326.0,26.1,38.7,14.0,1015.1,2.3,0.0,1,0
2025,2,FORMULA 1 HEINEKEN CHINESE GRAND PRIX 2025,HAD,Racing Bulls,Q1,91.162,7.0,24.234,27.268,39.66,2.0,SOFT,True,284.0,278.0,270.0,330.0,26.1,38.7,14.0,1015.1,2.3,0.0,1,0
2025,2,FORMULA 1 HEINEKEN CHINESE GRAND PRIX 2025,TSU,Racing Bulls,Q1,91.238,9.0,24.276,27.203,39.759,2.0,SOFT,True,284.0,278.0,272.0,331.0,26.1,38.7,14.0,1015.1,2.3,0.0,1,0
2025,2,FORMULA 1 HEINEKEN CHINESE GRAND PRIX 2025,RUS,Mercedes,Q1,91.295,2.0,24.187,27.368,39.74,5.0,SOFT,True,285.0,279.0,271.0,332.0,26.1,38.7,14.0,1015.1,2.3,0.0,1,0
2025,2,FORMULA 1 HEINEKEN CHINESE GRAND PRIX 2025,VER,Red Bull Racing,Q1,91.424,4.0,24.256,27.505,39.663,4.0,SOFT,False,284.0,277.0,269.0,335.0,26.1,38.7,14.0,1015.1,2.3,0.0,1,0
2025,2,FORMULA 1 HEINEKEN CHINESE GRAND PRIX 2025,ALB,Williams,Q1,91.503,10.0,24.237,27.477,39.789,2.0,SOFT,True,284.0,278.0,273.0,330.0,26.1,38.7,14.0,1015.1,2.3,0.0,1,0
2025,2,FORMULA 1 HEINEKEN CHINESE GRAND PRIX 2025,LEC,Ferrari,Q1,91.579,6.0,24.339,27.514,39.726,5.0,SOFT,True,286.0,280.0,274.0,332.0,26.1,38.7,14.0,1015.1,2.3,0.0,1,0
2025,2,FORMULA 1 HEINEKEN CHINESE GRAND PRIX 2025,PIA,McLaren,Q1,91.591,1.0,24.176,27.442,39.973,7.0,SOFT,False,282.0,276.0,268.0,330.0,26.1,38.7,14.0,1015.1,2.3,0.0,1,0
2025,2,FORMULA 1 HEINEKEN CHINESE GRAND PRIX 2025,SAI,Williams,Q1,91.628,15.0,24.289,27.48,39.859,2.0,SOFT,True,284.0,278.0,269.0,330.0,26.1,38.7,14.0,1015.1,2.3,0.0,1,0
2025,2,FORMULA 1 HEINEKEN CHINESE GRAND PRIX 2025,ANT,Mercedes,Q1,91.676,8.0,24.179,27.69,39.807,2.0,SOFT,True,285.0,277.0,270.0,332.0,26.1,38.7,14.0,1015.1,2.3,0.0,1,0
2025,2,FORMULA 1 HEINEKEN CHINESE GRAND PRIX 2025,HAM,Ferrari,Q1,91.69,5.0,24.186,27.43,40.074,5.0,SOFT,False,285.0,278.0,264.0,332.0,26.1,38.7,14.0,1015.1,2.3,0.0,1,0
2025,2,FORMULA 1 HEINEKEN CHINESE GRAND PRIX 2025,ALO,Aston Martin,Q1,91.719,13.0,24.117,27.736,39.866,2.0,SOFT,True,282.0,276.0,271.0,326.0,26.1,38.7,14.0,1015.1,2.3,0.0,1,0
2025,2,FORMULA 1 HEINEKEN CHINESE GRAND PRIX 2025,OCO,Haas F1 Team,Q1,91.876,11.0,24.244,27.609,40.023,2.0,SOFT,True,285.0,279.0,272.0,327.0,26.1,38.7,14.0,1015.1,2.3,0.0,1,0
2025,2,FORMULA 1 HEINEKEN CHINESE GRAND PRIX 2025,HUL,Kick Sauber,Q1,91.921,12.0,24.303,27.609,40.009,2.0,SOFT,True,285.0,279.0,269.0,333.0,26.1,38.7,14.0,1015.1,2.3,0.0,1,0
2025,2,FORMULA 1 HEINEKEN CHINESE GRAND PRIX 2025,STR,Aston Martin,Q1,91.923,14.0,24.267,27.617,40.039,2.0,SOFT,True,283.0,277.0,272.0,333.0,26.1,38.7,14.0,1015.1,2.3,0.0,1,0
2025,2,FORMULA 1 HEINEKEN CHINESE GRAND PRIX 2025,GAS,Alpine,Q1,91.992,16.0,24.128,27.601,40.263,2.0,SOFT,True,282.0,276.0,270.0,330.0,26.1,38.7,14.0,1015.1,2.3,0.0,1,0
2025,2,FORMULA 1 HEINEKEN CHINESE GRAND PRIX 2025,BEA,Haas F1 Team,Q1,92.018,17.0,24.427,27.599,39.992,2.0,SOFT,True,286.0,277.0,270.0,327.0,26.1,38.7,14.0,1015.1,2.3,0.0,1,0
2025,2,FORMULA 1 HEINEKEN CHINESE GRAND PRIX 2025,DOO,Alpine,Q1,92.092,18.0,24.407,27.655,40.03,2.0,SOFT,True,284.0,278.0,272.0,331.0,26.1,38.7,14.0,1015.1,2.3,0.0,1,0
2025,2,FORMULA 1 HEINEKEN CHINESE GRAND PRIX 2025,BOR,Kick Sauber,Q1,92.141,19.0,24.516,27.517,40.108,2.0,SOFT,True,285.0,278.0,263.0,330.0,26.1,38.7,14.0,1015.1,2.3,0.0,1,0
2025,2,FORMULA 1 HEINEKEN CHINESE GRAND PRIX 2025,LAW,Red Bull Racing,Q1,92.174,20.0,24.522,27.622,40.03,2.0,SOFT,True,285.0,275.0,270.0,332.0,26.1,38.7,14.0,1015.1,2.3,0.0,1,0
2025,2,FORMULA 1 HEINEKEN CHINESE GRAND PRIX 2025,NOR,McLaren,Q2,90.787,3.0,23.954,27.257,39.576,2.0,SOFT,True,284.0,278.0,273.0,328.0,26.1,38.7,14.0,1015.1,2.3,0.0,2,0
2025,2,FORMULA 1 HEINEKEN CHINESE GRAND PRIX 2025,VER,Red Bull Racing,Q2,91.142,4.0,24.168,27.318,39.656,2.0,SOFT,True,285.0,278.0,274.0,339.0,26.1,38.7,14.0,1015.1,2.3,0.0,2,0
2025,2,FORMULA 1 HEINEKEN CHINESE GRAND PRIX 2025,PIA,McLaren,Q2,91.2,1.0,24.219,27.341,39.64,2.0,SOFT,True,285.0,279.0,271.0,328.0,26.1,38.7,14.0,1015.1,2.3,0.0,2,0
2025,2,FORMULA 1 HEINEKEN CHINESE GRAND PRIX 2025,HAD,Racing Bulls,Q2,91.253,7.0,24.127,27.254,39.872,2.0,SOFT,True,285.0,278.0,271.0,330.0,26.1,38.7,14.0,1015.1,2.3,0.0,2,0
2025,2,FORMULA 1 HEINEKEN CHINESE GRAND PRIX 2025,TSU,Racing Bulls,Q2,91.26,9.0,24.171,27.269,39.82,2.0,SOFT,True,285.0,279.0,273.0,331.0,26.1,38.7,14.0,1015.1,2.3,0.0,2,0
2025,2,FORMULA 1 HEINEKEN CHINESE GRAND PRIX 2025,RUS,Mercedes,Q2,91.307,2.0,24.264,27.412,39.631,5.0,SOFT,False,286.0,280.0,274.0,338.0,26.1,38.7,14.0,1015.1,2.3,0.0,2,0
2025,2,FORMULA 1 HEINEKEN CHINESE GRAND PRIX 2025,LEC,Ferrari,Q2,91.45,6.0,24.205,27.415,39.83,2.0,SOFT,True,288.0,281.0,269.0,332.0,26.1,38.7,14.0,1015.1,2.3,0.0,2,0
2025,2,FORMULA 1 HEINEKEN CHINESE GRAND PRIX 2025,HAM,Ferrari,Q2,91.501,5.0,24.304,27.252,39.945,2.0,SOFT,True,287.0,280.0,269.0,332.0,26.1,38.7,14.0,1015.1,2.3,0.0,2,0
2025,2,FORMULA 1 HEINEKEN CHINESE GRAND PRIX 2025,ANT,Mercedes,Q2,91.59,8.0,24.271,27.63,39.689,5.0,SOFT,False,287.0,280.0,272.0,332.0,26.1,38.7,14.0,1015.1,2.3,0.0,2,0
2025,2,FORMULA 1 HEINEKEN CHINESE GRAND PRIX 2025,ALB,Williams,Q2,91.595,10.0,24.174,27.498,39.923,2.0,SOFT,True,286.0,279.0,273.0,332.0,26.1,38.7,14.0,1015.1,2.3,0.0,2,0
2025,2,FORMULA 1 HEINEKEN CHINESE GRAND PRIX 2025,OCO,Haas F1 Team,Q2,91.625,11.0,24.246,27.489,39.89,2.0,SOFT,True,286.0,279.0,271.0,326.0,26.1,38.7,14.0,1015.1,2.3,0.0,2,0
2025,2,FORMULA 1 HEINEKEN CHINESE GRAND PRIX 2025,HUL,Kick Sauber,Q2,91.632,12.0,24.256,27.481,39.895,2.0,SOFT,True,285.0,279.0,270.0,333.0,26.1,38.7,14.0,1015.1,2.3,0.0,2,0
2025,2,FORMULA 1 HEINEKEN CHINESE GRAND PRIX 2025,ALO,Aston Martin,Q2,91.688,13.0,24.067,27.56,40.061,2.0,SOFT,True,282.0,276.0,268.0,328.0,26.1,38.7,14.0,1015.1,2.3,0.0,2,0
2025,2,FORMULA 1 HEINEKEN CHINESE GRAND PRIX 2025,STR,Aston Martin,Q2,91.773,14.0,24.267,27.391,40.115,2.0,SOFT,True,284.0,278.0,269.0,326.0,26.1,38.7,14.0,1015.1,2.3,0.0,2,0
2025,2,FORMULA 1 HEINEKEN CHINESE GRAND PRIX 2025,SAI,Williams,Q2,91.84,15.0,24.231,27.5,40.109,2.0,SOFT,True,284.0,279.0,268.0,333.0,26.1,38.7,14.0,1015.1,2.3,0.0,2,0
2025,2,FORMULA 1 HEINEKEN CHINESE GRAND PRIX 2025,PIA,McLaren,Q3,90.641,1.0,23.996,27.227,39.418,2.0,SOFT,True,284.0,278.0,272.0,329.0,26.1,38.7,14.0,1015.1,2.3,0.0,3,0
2025,2,FORMULA 1 HEINEKEN CHINESE GRAND PRIX 2025,RUS,Mercedes,Q3,90.723,2.0,24.068,27.221,39.434,2.0,SOFT,True,286.0,280.0,272.0,334.0,26.1,38.7,14.0,1015.1,2.3,0.0,3,0
2025,2,FORMULA 1 HEINEKEN CHINESE GRAND PRIX 2025,NOR,McLaren,Q3,90.793,3.0,24.03,27.328,39.435,2.0,SOFT,True,283.0,278.0,272.0,327.0,26.1,38.7,14.0,1015.1,2.3,0.0,3,0
2025,2,FORMULA 1 HEINEKEN CHINESE GRAND PRIX 2025,VER,Red Bull Racing,Q3,90.817,4.0,23.945,27.313,39.559,2.0,SOFT,True,286.0,278.0,272.0,334.0,26.1,38.7,14.0,1015.1,2.3,0.0,3,0
2025,2,FORMULA 1 HEINEKEN CHINESE GRAND PRIX 2025,HAM,Ferrari,Q3,90.927,5.0,24.148,27.175,39.604,2.0,SOFT,True,287.0,281.0,270.0,330.0,26.1,38.7,14.0,1015.1,2.3,0.0,3,0
2025,2,FORMULA 1 HEINEKEN CHINESE GRAND PRIX 2025,LEC,Ferrari,Q3,91.021,6.0,24.094,27.355,39.572,2.0,SOFT,True,286.0,281.0,272.0,332.0,26.1,38.7,14.0,1015.1,2.3,0.0,3,0
2025,2,FORMULA 1 HEINEKEN CHINESE GRAND PRIX 2025,HAD,Racing Bulls,Q3,91.079,7.0,24.16,27.213,39.706,2.0,SOFT,True,284.0,277.0,270.0,331.0,26.1,38.7,14.0,1015.1,2.3,0.0,3,0
2025,2,FORMULA 1 HEINEKEN CHINESE GRAND PRIX 2025,ANT,Mercedes,Q3,91.103,8.0,24.176,27.301,39.626,2.0,SOFT,True,285.0,280.0,271.0,333.0,26.1,38.7,14.0,1015.1,2.3,0.0,3,0
2025,2,FORMULA 1 HEINEKEN CHINESE GRAND PRIX 2025,TSU,Racing Bulls,Q3,91.638,9.0,24.28,27.527,39.831,5.0,SOFT,False,285.0,278.0,272.0,331.0,26.1,38.7,14.0,1015.1,2.3,0.0,3,0
2025,2,FORMULA 1 HEINEKEN CHINESE GRAND PRIX 2025,ALB,Williams,Q3,91.706,10.0,24.246,27.654,39.806,5.0,SOFT,False,284.0,278.0,273.0,329.0,26.1,38.7,14.0,1015.1,2.3,0.0,3,0
2025,3,FORMULA 1 LENOVO JAPANESE GRAND PRIX 2025 ,PIA,McLaren,Q1,87.687,3.0,30.69,39.542,17.455,5.0,SOFT,False,287.0,301.0,271.0,295.0,14.7,32.3,59.0,1013.3,3.0,0.0,1,0
2025,3,FORMULA 1 LENOVO JAPANESE GRAND PRIX 2025 ,RUS,Mercedes,Q1,87.843,5.0,30.738,39.662,17.443,5.0,SOFT,False,288.0,304.0,273.0,297.0,14.7,32.3,59.0,1013.3,3.0,0.0,1,0
2025,3,FORMULA 1 LENOVO JAPANESE GRAND PRIX 2025 ,NOR,McLaren,Q1,87.845,2.0,30.61,39.725,17.51,5.0,SOFT,True,288.0,303.0,272.0,299.0,14.7,32.3,59.0,1013.3,3.0,0.0,1,0
2025,3,FORMULA 1 LENOVO JAPANESE GRAND PRIX 2025 ,LEC,Ferrari,Q1,87.92,4.0,30.67,39.841,17.409,5.0,SOFT,False,289.0,300.0,271.0,296.0,14.7,32.3,59.0,1013.3,3.0,0.0,1,0
2025,3,FORMULA 1 LENOVO JAPANESE GRAND PRIX 2025 ,HAM,Ferrari,Q1,87.942,8.0,30.673,39.776,17.493,5.0,SOFT,True,289.0,300.0,272.0,297.0,14.7,32.3,59.0,1013.3,3.0,0.0,1,0
2025,3,FORMULA 1 LENOVO JAPANESE GRAND PRIX 2025 ,VER,Red Bull Racing,Q1,87.943,1.0,30.696,39.718,17.529,5.0,SOFT,False,288.0,299.0,270.0,297.0,14.7,32.3,59.0,1013.3,3.0,0.0,1,0
2025,3,FORMULA 1 LENOVO JAPANESE GRAND PRIX 2025 ,TSU,Red Bull Racing,Q1,87.967,15.0,30.839,39.679,17.449,2.0,SOFT,True,285.0,296.0,270.0,296.0,14.7,32.3,59.0,1013.3,3.0,0.0,1,0
2025,3,FORMULA 1 LENOVO JAPANESE GRAND PRIX 2025 ,ANT,Mercedes,Q1,87.968,6.0,30.9,39.685,17.383,2.0,SOFT,True,287.0,304.0,270.0,297.0,14.7,32.3,59.0,1013.3,3.0,0.0,1,0
2025,3,FORMULA 1 LENOVO JAPANESE GRAND PRIX 2025 ,GAS,Alpine,Q1,88.186,11.0,30.666,40.091,17.429,2.0,SOFT,True,286.0,297.0,270.0,295.0,14.7,32.3,59.0,1013.3,3.0,0.0,1,0
2025,3,FORMULA 1 LENOVO JAPANESE GRAND PRIX 2025 ,SAI,Williams,Q1,88.209,12.0,30.935,39.794,17.48,2.0,SOFT,True,288.0,302.0,271.0,296.0,14.7,32.3,59.0,1013.3,3.0,0.0,1,0
2025,3,FORMULA 1 LENOVO JAPANESE GRAND PRIX 2025 ,ALB,Williams,Q1,88.218,9.0,30.763,39.851,17.604,2.0,SOFT,True,288.0,300.0,272.0,295.0,14.7,32.3,59.0,1013.3,3.0,0.0,1,0
2025,3,FORMULA 1 LENOVO JAPANESE GRAND PRIX 2025 ,BEA,Haas F1 Team,Q1,88.228,10.0,30.831,39.938,17.459,2.0,SOFT,True,286.0,299.0,268.0,297.0,14.7,32.3,59.0,1013.3,3.0,0.0,1,0
2025,3,FORMULA 1 LENOVO JAPANESE GRAND PRIX 2025 ,HAD,Racing Bulls,Q1,88.278,7.0,30.924,39.881,17.473,2.0,SOFT,True,287.0,300.0,268.0,296.0,14.7,32.3,59.0,1013.3,3.0,0.0,1,0
2025,3,FORMULA 1 LENOVO JAPANESE GRAND PRIX 2025 ,ALO,Aston Martin,Q1,88.337,13.0,30.725,39.982,17.63,2.0,SOFT,True,287.0,299.0,269.0,295.0,14.7,32.3,59.0,1013.3,3.0,0.0,1,0
2025,3,FORMULA 1 LENOVO JAPANESE GRAND PRIX 2025 ,LAW,Racing Bulls,Q1,88.554,14.0,31.194,39.833,17.527,2.0,SOFT,True,285.0,299.0,270.0,296.0,14.7,32.3,59.0,1013.3,3.0,0.0,1,0
2025,3,FORMULA 1 LENOVO JAPANESE GRAND PRIX 2025 ,HUL,Kick Sauber,Q1,88.57,16.0,31.082,39.984,17.504,2.0,SOFT,True,288.0,300.0,272.0,297.0,14.7,32.3,59.0,1013.3,3.0,0.0,1,0
2025,3,FORMULA 1 LENOVO JAPANESE GRAND PRIX 2025 ,BOR,Kick Sauber,Q1,88.622,17.0,31.08,40.0,17.542,2.0,SOFT,True,287.0,297.0,271.0,293.0,14.7,32.3,59.0,1013.3,3.0,0.0,1,0
2025,3,FORMULA 1 LENOVO JAPANESE GRAND PRIX 2025 ,OCO,Haas F1 Team,Q1,88.696,18.0,31.041,40.137,17.518,2.0,SOFT,True,286.0,296.0,271.0,295.0,14.7,32.3,59.0,1013.3,3.0,0.0,1,0
2025,3,FORMULA 1 LENOVO JAPANESE GRAND PRIX 2025 ,DOO,Alpine,Q1,88.877,19.0,30.983,40.186,17.708,2.0,SOFT,True,288.0,301.0,270.0,299.0,14.7,32.3,59.0,1013.3,3.0,0.0,1,0
2025,3,FORMULA 1 LENOVO JAPANESE GRAND PRIX 2025 ,STR,Aston Martin,Q1,89.271,20.0,31.034,40.483,17.754,2.0,SOFT,True,285.0,297.0,268.0,295.0,14.7,32.3,59.0,1013.3,3.0,0.0,1,0
2025,3,FORMULA 1 LENOVO JAPANESE GRAND PRIX 2025 ,NOR,McLaren,Q2,87.146,2.0,30.451,39.388,17.307,2.0,SOFT,True,285.0,302.0,272.0,298.0,14.7,32.3,59.0,1013.3,3.0,0.0,2,0
2025,3,FORMULA 1 LENOVO JAPANESE GRAND PRIX 2025 ,RUS,Mercedes,Q2,87.4,5.0,30.458,39.573,17.369,2.0,SOFT,True,288.0,306.0,272.0,298.0,14.7,32.3,59.0,1013.3,3.0,0.0,2,0
2025,3,FORMULA 1 LENOVO JAPANESE GRAND PRIX 2025 ,VER,Red Bull Racing,Q2,87.502,1.0,30.51,39.641,17.351,2.0,SOFT,True,288.0,300.0,271.0,299.0,14.7,32.3,59.0,1013.3,3.0,0.0,2,0
2025,3,FORMULA 1 LENOVO JAPANESE GRAND PRIX 2025 ,PIA,McLaren,Q2,87.507,3.0,30.658,39.426,17.423,5.0,SOFT,False,286.0,302.0,269.0,296.0,14.7,32.3,59.0,1013.3,3.0,0.0,2,0
2025,3,FORMULA 1 LENOVO JAPANESE GRAND PRIX 2025 ,LEC,Ferrari,Q2,87.555,4.0,30.552,39.604,17.399,5.0,SOFT,False,289.0,299.0,270.0,296.0,14.7,32.3,59.0,1013.3,3.0,0.0,2,0
2025,3,FORMULA 1 LENOVO JAPANESE GRAND PRIX 2025 ,HAM,Ferrari,Q2,87.61,8.0,30.699,39.454,17.457,2.0,SOFT,True,289.0,298.0,268.0,296.0,14.7,32.3,59.0,1013.3,3.0,0.0,2,0
2025,3,FORMULA 1 LENOVO JAPANESE GRAND PRIX 2025 ,ANT,Mercedes,Q2,87.639,6.0,30.75,39.594,17.295,2.0,SOFT,True,287.0,303.0,269.0,294.0,14.7,32.3,59.0,1013.3,3.0,0.0,2,0
2025,3,FORMULA 1 LENOVO JAPANESE GRAND PRIX 2025 ,BEA,Haas F1 Team,Q2,87.711,10.0,30.669,39.639,17.403,2.0,SOFT,True,286.0,299.0,270.0,295.0,14.7,32.3,59.0,1013.3,3.0,0.0,2,0
2025,3,FORMULA 1 LENOVO JAPANESE GRAND PRIX 2025 ,HAD,Racing Bulls,Q2,87.775,7.0,30.783,39.591,17.401,2.0,SOFT,True,287.0,301.0,269.0,297.0,14.7,32.3,59.0,1013.3,3.0,0.0,2,0
2025,3,FORMULA 1 LENOVO JAPANESE GRAND PRIX 2025 ,ALB,Williams,Q2,87.783,9.0,30.714,39.651,17.418,2.0,SOFT,True,288.0,305.0,273.0,296.0,14.7,32.3,59.0,1013.3,3.0,0.0,2,0
2025,3,FORMULA 1 LENOVO JAPANESE GRAND PRIX 2025 ,GAS,Alpine,Q2,87.822,11.0,30.593,39.84,17.389,2.0,SOFT,True,287.0,298.0,270.0,296.0,14.7,32.3,59.0,1013.3,3.0,0.0,2,0
2025,3,FORMULA 1 LENOVO JAPANESE GRAND PRIX 2025 ,SAI,Williams,Q2,87.836,12.0,30.76,39.579,17.497,2.0,SOFT,True,287.0,303.0,270.0,298.0,14.7,32.3,59.0,1013.3,3.0,0.0,2,0
2025,3,FORMULA 1 LENOVO JAPANESE GRAND PRIX 2025 ,ALO,Aston Martin,Q2,87.897,13.0,30.633,39.705,17.559,2.0,SOFT,True,287.0,299.0,269.0,294.0,14.7,32.3,59.0,1013.3,3.0,0.0,2,0
2025,3,FORMULA 1 LENOVO JAPANESE GRAND PRIX 2025 ,LAW,Racing Bulls,Q2,87.906,14.0,30.879,39.634,17.393,2.0,SOFT,True,287.0,302.0,271.0,296.0,14.7,32.3,59.0,1013.3,3.0,0.0,2,0
2025,3,FORMULA 1 LENOVO JAPANESE GRAND PRIX 2025 ,TSU,Red Bull Racing,Q2,88.0,15.0,30.84,39.672,17.488,2.0,SOFT,True,284.0,297.0,268.0,292.0,14.7,32.3,59.0,1013.3,3.0,0.0,2,0
2025,3,FORMULA 1 LENOVO JAPANESE GRAND PRIX 2025 ,VER,Red Bull Racing,Q3,86.983,1.0,30.387,39.355,17.241,2.0,SOFT,True,288.0,298.0,271.0,295.0,14.7,32.3,59.0,1013.3,3.0,0.0,3,0
2025,3,FORMULA 1 LENOVO JAPANESE GRAND PRIX 2025 ,NOR,McLaren,Q3,86.995,2.0,30.358,39.301,17.336,2.0,SOFT,True,287.0,300.0,267.0,295.0,14.7,32.3,59.0,1013.3,3.0,0.0,3,0
2025,3,FORMULA 1 LENOVO JAPANESE GRAND PRIX 2025 ,PIA,McLaren,Q3,87.027,3.0,30.625,39.197,17.205,2.0,SOFT,True,287.0,299.0,271.0,294.0,14.7,32.3,59.0,1013.3,3.0,0.0,3,0
2025,3,FORMULA 1 LENOVO JAPANESE GRAND PRIX 2025 ,LEC,Ferrari,Q3,87.299,4.0,30.535,39.352,17.412,2.0,SOFT,True,288.0,299.0,271.0,295.0,14.7,32.3,59.0,1013.3,3.0,0.0,3,0
2025,3,FORMULA 1 LENOVO JAPANESE GRAND PRIX 2025 ,RUS,Mercedes,Q3,87.318,5.0,30.376,39.599,17.343,2.0,SOFT,True,288.0,303.0,272.0,297.0,14.7,32.3,59.0,1013.3,3.0,0.0,3,0
2025,3,FORMULA 1 LENOVO JAPANESE GRAND PRIX 2025 ,ANT,Mercedes,Q3,87.555,6.0,30.669,39.503,17.383,2.0,SOFT,True,287.0,301.0,271.0,295.0,14.7,32.3,59.0,1013.3,3.0,0.0,3,0
2025,3,FORMULA 1 LENOVO JAPANESE GRAND PRIX 2025 ,HAD,Racing Bulls,Q3,87.569,7.0,30.663,39.471,17.435,2.0,SOFT,True,288.0,299.0,270.0,295.0,14.7,32.3,59.0,1013.3,3.0,0.0,3,0
2025,3,FORMULA 1 LENOVO JAPANESE GRAND PRIX 2025 ,HAM,Ferrari,Q3,87.61,8.0,30.506,39.698,17.406,2.0,SOFT,True,289.0,299.0,271.0,296.0,14.7,32.3,59.0,1013.3,3.0,0.0,3,0
2025,3,FORMULA 1 LENOVO JAPANESE GRAND PRIX 2025 ,ALB,Williams,Q3,87.615,9.0,30.604,39.612,17.399,2.0,SOFT,True,289.0,301.0,272.0,294.0,14.7,32.3,59.0,1013.3,3.0,0.0,3,0
2025,3,FORMULA 1 LENOVO JAPANESE GRAND PRIX 2025 ,BEA,Haas F1 Team,Q3,87.867,10.0,30.646,39.653,17.568,2.0,SOFT,True,287.0,296.0,267.0,294.0,14.7,32.3,59.0,1013.3,3.0,0.0,3,0
2025,4,FORMULA 1 GULF AIR BAHRAIN GRAND PRIX 2025,NOR,McLaren,Q1,91.107,6.0,29.173,39.194,22.74,2.0,SOFT,True,243.0,273.0,286.0,316.0,26.3,30.8,58.0,1004.2,3.1,0.0,1,0
2025,4,FORMULA 1 GULF AIR BAHRAIN GRAND PRIX 2025,HAM,Ferrari,Q1,91.219,9.0,28.966,39.466,22.787,2.0,SOFT,True,243.0,271.0,286.0,322.0,26.3,30.8,58.0,1004.2,3.1,0.0,1,0
2025,4,FORMULA 1 GULF AIR BAHRAIN GRAND PRIX 2025,VER,Red Bull Racing,Q1,91.303,7.0,29.121,39.288,22.894,2.0,SOFT,True,242.0,275.0,287.0,319.0,26.3,30.8,58.0,1004.2,3.1,0.0,1,0
2025,4,FORMULA 1 GULF AIR BAHRAIN GRAND PRIX 2025,PIA,McLaren,Q1,91.392,1.0,29.287,39.3,22.805,2.0,SOFT,True,243.0,272.0,286.0,316.0,26.3,30.8,58.0,1004.2,3.1,0.0,1,0
2025,4,FORMULA 1 GULF AIR BAHRAIN GRAND PRIX 2025,DOO,Alpine,Q1,91.414,11.0,29.239,39.259,22.916,2.0,SOFT,True,244.0,273.0,289.0,315.0,26.3,30.8,58.0,1004.2,3.1,0.0,1,0
2025,4,FORMULA 1 GULF AIR BAHRAIN GRAND PRIX 2025,ANT,Mercedes,Q1,91.415,4.0,29.348,39.426,22.641,2.0,SOFT,True,242.0,273.0,287.0,314.0,26.3,30.8,58.0,1004.2,3.1,0.0,1,0
2025,4,FORMULA 1 GULF AIR BAHRAIN GRAND PRIX 2025,LEC,Ferrari,Q1,91.454,3.0,28.967,39.606,22.881,2.0,SOFT,True,242.0,269.0,287.0,327.0,26.3,30.8,58.0,1004.2,3.1,0.0,1,0
2025,4,FORMULA 1 GULF AIR BAHRAIN GRAND PRIX 2025,GAS,Alpine,Q1,91.462,5.0,29.356,39.267,22.839,2.0,SOFT,True,241.0,272.0,288.0,315.0,26.3,30.8,58.0,1004.2,3.1,0.0,1,0
2025,4,FORMULA 1 GULF AIR BAHRAIN GRAND PRIX 2025,RUS,Mercedes,Q1,91.494,2.0,29.223,39.49,22.781,2.0,SOFT,True,242.0,272.0,287.0,316.0,26.3,30.8,58.0,1004.2,3.1,0.0,1,0
2025,4,FORMULA 1 GULF AIR BAHRAIN GRAND PRIX 2025,HAD,Racing Bulls,Q1,91.591,12.0,29.232,39.508,22.851,2.0,SOFT,True,241.0,276.0,287.0,320.0,26.3,30.8,58.0,1004.2,3.1,0.0,1,0
2025,4,FORMULA 1 GULF AIR BAHRAIN GRAND PRIX 2025,SAI,Williams,Q1,91.591,8.0,29.211,39.521,22.859,2.0,SOFT,True,242.0,269.0,285.0,314.0,26.3,30.8,58.0,1004.2,3.1,0.0,1,0
2025,4,FORMULA 1 GULF AIR BAHRAIN GRAND PRIX 2025,OCO,Haas F1 Team,Q1,91.594,14.0,29.154,39.527,22.913,2.0,SOFT,True,243.0,271.0,289.0,318.0,26.3,30.8,58.0,1004.2,3.1,0.0,1,0
2025,4,FORMULA 1 GULF AIR BAHRAIN GRAND PRIX 2025,ALO,Aston Martin,Q1,91.634,13.0,29.231,39.502,22.901,2.0,SOFT,True,243.0,269.0,287.0,319.0,26.3,30.8,58.0,1004.2,3.1,0.0,1,0
2025,4,FORMULA 1 GULF AIR BAHRAIN GRAND PRIX 2025,TSU,Red Bull Racing,Q1,91.751,10.0,29.264,39.531,22.956,2.0,SOFT,True,241.0,272.0,284.0,313.0,26.3,30.8,58.0,1004.2,3.1,0.0,1,0
2025,4,FORMULA 1 GULF AIR BAHRAIN GRAND PRIX 2025,HUL,Kick Sauber,Q1,91.998,16.0,29.039,40.051,22.908,2.0,SOFT,True,243.0,273.0,290.0,325.0,26.3,30.8,58.0,1004.2,3.1,0.0,1,0
2025,4,FORMULA 1 GULF AIR BAHRAIN GRAND PRIX 2025,ALB,Williams,Q1,92.04,15.0,29.227,39.776,23.037,2.0,SOFT,True,242.0,272.0,287.0,323.0,26.3,30.8,58.0,1004.2,3.1,0.0,1,0
2025,4,FORMULA 1 GULF AIR BAHRAIN GRAND PRIX 2025,LAW,Racing Bulls,Q1,92.165,17.0,29.327,39.88,22.958,2.0,SOFT,True,241.0,275.0,287.0,316.0,26.3,30.8,58.0,1004.2,3.1,0.0,1,0
2025,4,FORMULA 1 GULF AIR BAHRAIN GRAND PRIX 2025,BOR,Kick Sauber,Q1,92.186,18.0,29.577,39.608,23.001,2.0,SOFT,True,242.0,276.0,286.0,318.0,26.3,30.8,58.0,1004.2,3.1,0.0,1,0
2025,4,FORMULA 1 GULF AIR BAHRAIN GRAND PRIX 2025,STR,Aston Martin,Q1,92.283,19.0,29.282,39.858,23.143,2.0,SOFT,True,242.0,270.0,284.0,316.0,26.3,30.8,58.0,1004.2,3.1,0.0,1,0
2025,4,FORMULA 1 GULF AIR BAHRAIN GRAND PRIX 2025,BEA,Haas F1 Team,Q1,92.373,20.0,29.319,40.089,22.965,2.0,SOFT,True,241.0,273.0,286.0,313.0,26.3,30.8,58.0,1004.2,3.1,0.0,1,0
2025,4,FORMULA 1 GULF AIR BAHRAIN GRAND PRIX 2025,PIA,McLaren,Q2,90.454,1.0,28.883,38.853,22.718,2.0,SOFT,True,244.0,272.0,287.0,314.0,26.3,30.8,58.0,1004.2,3.1,0.0,2,0
2025,4,FORMULA 1 GULF AIR BAHRAIN GRAND PRIX 2025,NOR,McLaren,Q2,90.56,6.0,28.923,38.971,22.666,2.0,SOFT,True,242.0,272.0,287.0,313.0,26.3,30.8,58.0,1004.2,3.1,0.0,2,0
2025,4,FORMULA 1 GULF AIR BAHRAIN GRAND PRIX 2025,GAS,Alpine,Q2,90.643,5.0,29.052,38.804,22.787,2.0,SOFT,True,244.0,273.0,285.0,319.0,26.3,30.8,58.0,1004.2,3.1,0.0,2,0
2025,4,FORMULA 1 GULF AIR BAHRAIN GRAND PRIX 2025,RUS,Mercedes,Q2,90.664,2.0,28.974,39.062,22.628,2.0,SOFT,True,243.0,273.0,287.0,317.0,26.3,30.8,58.0,1004.2,3.1,0.0,2,0
2025,4,FORMULA 1 GULF AIR BAHRAIN GRAND PRIX 2025,ANT,Mercedes,Q2,90.716,4.0,28.977,39.107,22.632,2.0,SOFT,True,243.0,273.0,285.0,316.0,26.3,30.8,58.0,1004.2,3.1,0.0,2,0
2025,4,FORMULA 1 GULF AIR BAHRAIN GRAND PRIX 2025,LEC,Ferrari,Q2,90.724,3.0,28.984,39.054,22.686,2.0,SOFT,True,243.0,270.0,288.0,320.0,26.3,30.8,58.0,1004.2,3.1,0.0,2,0
2025,4,FORMULA 1 GULF AIR BAHRAIN GRAND PRIX 2025,SAI,Williams,Q2,90.844,8.0,29.037,38.929,22.878,2.0,SOFT,True,242.0,271.0,286.0,316.0,26.3,30.8,58.0,1004.2,3.1,0.0,2,0
2025,4,FORMULA 1 GULF AIR BAHRAIN GRAND PRIX 2025,HAM,Ferrari,Q2,91.009,9.0,29.044,39.184,22.781,2.0,SOFT,True,243.0,271.0,289.0,317.0,26.3,30.8,58.0,1004.2,3.1,0.0,2,0
2025,4,FORMULA 1 GULF AIR BAHRAIN GRAND PRIX 2025,VER,Red Bull Racing,Q2,91.019,7.0,28.998,39.064,22.957,2.0,SOFT,True,242.0,275.0,288.0,320.0,26.3,30.8,58.0,1004.2,3.1,0.0,2,0
2025,4,FORMULA 1 GULF AIR BAHRAIN GRAND PRIX 2025,TSU,Red Bull Racing,Q2,91.228,10.0,29.067,39.177,22.984,2.0,SOFT,True,241.0,272.0,284.0,315.0,26.3,30.8,58.0,1004.2,3.1,0.0,2,0
2025,4,FORMULA 1 GULF AIR BAHRAIN GRAND PRIX 2025,DOO,Alpine,Q2,91.245,11.0,29.094,39.215,22.936,2.0,SOFT,True,244.0,272.0,285.0,319.0,26.3,30.8,58.0,1004.2,3.1,0.0,2,0
2025,4,FORMULA 1 GULF AIR BAHRAIN GRAND PRIX 2025,HAD,Racing Bulls,Q2,91.271,12.0,29.081,39.267,22.923,2.0,SOFT,True,243.0,275.0,288.0,321.0,26.3,30.8,58.0,1004.2,3.1,0.0,2,0
2025,4,FORMULA 1 GULF AIR BAHRAIN GRAND PRIX 2025,HUL,Kick Sauber,Q2,91.693,16.0,29.274,39.573,22.846,5.0,SOFT,False,243.0,273.0,285.0,318.0,26.3,30.8,58.0,1004.2,3.1,0.0,2,0
2025,4,FORMULA 1 GULF AIR BAHRAIN GRAND PRIX 2025,ALO,Aston Martin,Q2,91.886,13.0,29.261,39.533,23.092,5.0,SOFT,False,243.0,267.0,284.0,318.0,26.3,30.8,58.0,1004.2,3.1,0.0,2,0
2025,4,FORMULA 1 GULF AIR BAHRAIN GRAND PRIX 2025,PIA,McLaren,Q3,89.841,1.0,28.784,38.574,22.483,2.0,SOFT,True,243.0,273.0,286.0,314.0,26.3,30.8,58.0,1004.2,3.1,0.0,3,0
2025,4,FORMULA 1 GULF AIR BAHRAIN GRAND PRIX 2025,RUS,Mercedes,Q3,90.009,2.0,28.771,38.71,22.528,2.0,SOFT,True,243.0,274.0,289.0,318.0,26.3,30.8,58.0,1004.2,3.1,0.0,3,0
2025,4,FORMULA 1 GULF AIR BAHRAIN GRAND PRIX 2025,LEC,Ferrari,Q3,90.175,3.0,28.926,38.714,22.535,2.0,SOFT,True,243.0,271.0,289.0,319.0,26.3,30.8,58.0,1004.2,3.1,0.0,3,0
2025,4,FORMULA 1 GULF AIR BAHRAIN GRAND PRIX 2025,ANT,Mercedes,Q3,90.213,4.0,28.836,38.786,22.591,2.0,SOFT,True,244.0,273.0,288.0,317.0,26.3,30.8,58.0,1004.2,3.1,0.0,3,0
2025,4,FORMULA 1 GULF AIR BAHRAIN GRAND PRIX 2025,GAS,Alpine,Q3,90.216,5.0,28.883,38.694,22.639,2.0,SOFT,True,245.0,273.0,286.0,319.0,26.3,30.8,58.0,1004.2,3.1,0.0,3,0
2025,4,FORMULA 1 GULF AIR BAHRAIN GRAND PRIX 2025,NOR,McLaren,Q3,90.267,6.0,29.007,38.678,22.582,2.0,SOFT,True,242.0,274.0,286.0,315.0,26.3,30.8,58.0,1004.2,3.1,0.0,3,0
2025,4,FORMULA 1 GULF AIR BAHRAIN GRAND PRIX 2025,VER,Red Bull Racing,Q3,90.423,7.0,28.88,38.855,22.688,2.0,SOFT,True,243.0,274.0,288.0,319.0,26.3,30.8,58.0,1004.2,3.1,0.0,3,0
2025,4,FORMULA 1 GULF AIR BAHRAIN GRAND PRIX 2025,SAI,Williams,Q3,90.68,8.0,28.894,39.063,22.723,2.0,SOFT,True,242.0,271.0,284.0,316.0,26.3,30.8,58.0,1004.2,3.1,0.0,3,0
2025,4,FORMULA 1 GULF AIR BAHRAIN GRAND PRIX 2025,HAM,Ferrari,Q3,90.772,9.0,28.955,39.058,22.759,2.0,SOFT,True,243.0,271.0,289.0,319.0,26.3,30.8,58.0,1004.2,3.1,0.0,3,0
2025,4,FORMULA 1 GULF AIR BAHRAIN GRAND PRIX 2025,TSU,Red Bull Racing,Q3,91.303,10.0,29.026,39.377,22.9,2.0,SOFT,True,242.0,272.0,286.0,315.0,26.3,30.8,58.0,1004.2,3.1,0.0,3,0
2025,5,FORMULA 1 STC SAUDI ARABIAN GRAND PRIX 2025,VER,Red Bull Racing,Q1,87.778,1.0,31.874,27.813,28.091,5.0,SOFT,False,295.0,330.0,310.0,335.0,29.5,37.150000000000006,59.0,1006.3,0.9,0.0,1,0
2025,5,FORMULA 1 STC SAUDI ARABIAN GRAND PRIX 2025,NOR,McLaren,Q1,87.805,10.0,31.801,27.831,28.173,5.0,SOFT,True,296.0,327.0,309.0,333.0,29.5,37.150000000000006,59.0,1006.3,0.9,0.0,1,0
2025,5,FORMULA 1 STC SAUDI ARABIAN GRAND PRIX 2025,PIA,McLaren,Q1,87.901,2.0,31.901,27.71,28.29,5.0,SOFT,False,295.0,325.0,308.0,330.0,29.5,37.150000000000006,59.0,1006.3,0.9,0.0,1,0
2025,5,FORMULA 1 STC SAUDI ARABIAN GRAND PRIX 2025,ANT,Mercedes,Q1,88.128,5.0,32.232,27.743,28.153,2.0,SOFT,True,295.0,327.0,310.0,332.0,29.5,37.150000000000006,59.0,1006.3,0.9,0.0,1,0
2025,5,FORMULA 1 STC SAUDI ARABIAN GRAND PRIX 2025,TSU,Red Bull Racing,Q1,88.226,8.0,32.028,27.891,28.307,2.0,SOFT,True,294.0,326.0,312.0,335.0,29.5,37.150000000000006,59.0,1006.3,0.9,0.0,1,0
2025,5,FORMULA 1 STC SAUDI ARABIAN GRAND PRIX 2025,ALB,Williams,Q1,88.279,11.0,31.964,28.006,28.309,2.0,SOFT,True,297.0,324.0,306.0,332.0,29.5,37.150000000000006,59.0,1006.3,0.9,0.0,1,0
2025,5,FORMULA 1 STC SAUDI ARABIAN GRAND PRIX 2025,RUS,Mercedes,Q1,88.282,3.0,32.295,27.724,28.263,2.0,SOFT,True,294.0,328.0,306.0,333.0,29.5,37.150000000000006,59.0,1006.3,0.9,0.0,1,0
2025,5,FORMULA 1 STC SAUDI ARABIAN GRAND PRIX 2025,SAI,Williams,Q1,88.354,6.0,32.096,27.952,28.306,2.0,SOFT,True,297.0,325.0,309.0,332.0,29.5,37.150000000000006,59.0,1006.3,0.9,0.0,1,0
2025,5,FORMULA 1 STC SAUDI ARABIAN GRAND PRIX 2025,HAM,Ferrari,Q1,88.372,7.0,32.236,27.889,28.247,2.0,SOFT,True,295.0,328.0,309.0,333.0,29.5,37.150000000000006,59.0,1006.3,0.9,0.0,1,0
2025,5,FORMULA 1 STC SAUDI ARABIAN GRAND PRIX 2025,GAS,Alpine,Q1,88.421,9.0,32.136,28.027,28.258,2.0,SOFT,True,294.0,327.0,311.0,334.0,29.5,37.150000000000006,59.0,1006.3,0.9,0.0,1,0
2025,5,FORMULA 1 STC SAUDI ARABIAN GRAND PRIX 2025,BEA,Haas F1 Team,Q1,88.536,15.0,32.497,27.817,28.222,2.0,SOFT,True,292.0,327.0,309.0,333.0,29.5,37.150000000000006,59.0,1006.3,0.9,0.0,1,0
2025,5,FORMULA 1 STC SAUDI ARABIAN GRAND PRIX 2025,ALO,Aston Martin,Q1,88.548,13.0,32.093,27.928,28.527,2.0,SOFT,True,295.0,323.0,303.0,332.0,29.5,37.150000000000006,59.0,1006.3,0.9,0.0,1,0
2025,5,FORMULA 1 STC SAUDI ARABIAN GRAND PRIX 2025,LEC,Ferrari,Q1,88.552,4.0,32.353,27.978,28.221,2.0,SOFT,True,296.0,330.0,307.0,334.0,29.5,37.150000000000006,59.0,1006.3,0.9,0.0,1,0
2025,5,FORMULA 1 STC SAUDI ARABIAN GRAND PRIX 2025,LAW,Racing Bulls,Q1,88.561,12.0,32.295,28.003,28.263,2.0,SOFT,True,295.0,325.0,310.0,330.0,29.5,37.150000000000006,59.0,1006.3,0.9,0.0,1,0
2025,5,FORMULA 1 STC SAUDI ARABIAN GRAND PRIX 2025,HAD,Racing Bulls,Q1,88.571,14.0,32.225,27.994,28.352,2.0,SOFT,True,296.0,325.0,311.0,329.0,29.5,37.150000000000006,59.0,1006.3,0.9,0.0,1,0
2025,5,FORMULA 1 STC SAUDI ARABIAN GRAND PRIX 2025,STR,Aston Martin,Q1,88.645,16.0,32.072,28.054,28.519,2.0,SOFT,True,293.0,324.0,305.0,334.0,29.5,37.150000000000006,59.0,1006.3,0.9,0.0,1,0
2025,5,FORMULA 1 STC SAUDI ARABIAN GRAND PRIX 2025,DOO,Alpine,Q1,88.739,17.0,32.223,28.123,28.393,2.0,SOFT,True,297.0,325.0,310.0,336.0,29.5,37.150000000000006,59.0,1006.3,0.9,0.0,1,0
2025,5,FORMULA 1 STC SAUDI ARABIAN GRAND PRIX 2025,HUL,Kick Sauber,Q1,88.782,18.0,32.477,27.982,28.323,5.0,SOFT,False,298.0,334.0,313.0,338.0,29.5,37.150000000000006,59.0,1006.3,0.9,0.0,1,0
2025,5,FORMULA 1 STC SAUDI ARABIAN GRAND PRIX 2025,OCO,Haas F1 Team,Q1,89.092,19.0,32.718,28.042,28.332,2.0,SOFT,True,293.0,325.0,308.0,331.0,29.5,37.150000000000006,59.0,1006.3,0.9,0.0,1,0
2025,5,FORMULA 1 STC SAUDI ARABIAN GRAND PRIX 2025,BOR,Kick Sauber,Q1,89.462,20.0,32.653,28.264,28.545,2.0,SOFT,True,295.0,330.0,311.0,336.0,29.5,37.150000000000006,59.0,1006.3,0.9,0.0,1,0
2025,5,FORMULA 1 STC SAUDI ARABIAN GRAND PRIX 2025,NOR,McLaren,Q2,87.481,10.0,31.745,27.684,28.052,2.0,SOFT,True,295.0,326.0,309.0,334.0,29.5,37.150000000000006,59.0,1006.3,0.9,0.0,2,0
2025,5,FORMULA 1 STC SAUDI ARABIAN GRAND PRIX 2025,VER,Red Bull Racing,Q2,87.529,1.0,31.71,27.726,28.093,2.0,SOFT,True,296.0,330.0,311.0,336.0,29.5,37.150000000000006,59.0,1006.3,0.9,0.0,2,0
2025,5,FORMULA 1 STC SAUDI ARABIAN GRAND PRIX 2025,PIA,McLaren,Q2,87.545,2.0,31.801,27.713,28.031,5.0,SOFT,False,297.0,325.0,309.0,332.0,29.5,37.150000000000006,59.0,1006.3,0.9,0.0,2,0
2025,5,FORMULA 1 STC SAUDI ARABIAN GRAND PRIX 2025,RUS,Mercedes,Q2,87.599,3.0,31.737,27.761,28.101,2.0,SOFT,True,296.0,329.0,309.0,333.0,29.5,37.150000000000006,59.0,1006.3,0.9,0.0,2,0
2025,5,FORMULA 1 STC SAUDI ARABIAN GRAND PRIX 2025,ANT,Mercedes,Q2,87.798,5.0,31.92,27.784,28.094,2.0,SOFT,True,295.0,328.0,310.0,333.0,29.5,37.150000000000006,59.0,1006.3,0.9,0.0,2,0
2025,5,FORMULA 1 STC SAUDI ARABIAN GRAND PRIX 2025,LEC,Ferrari,Q2,87.866,4.0,32.019,27.753,28.094,2.0,SOFT,True,298.0,328.0,311.0,334.0,29.5,37.150000000000006,59.0,1006.3,0.9,0.0,2,0
2025,5,FORMULA 1 STC SAUDI ARABIAN GRAND PRIX 2025,TSU,Red Bull Racing,Q2,87.99,8.0,31.919,27.841,28.23,2.0,SOFT,True,297.0,331.0,312.0,336.0,29.5,37.150000000000006,59.0,1006.3,0.9,0.0,2,0
2025,5,FORMULA 1 STC SAUDI ARABIAN GRAND PRIX 2025,SAI,Williams,Q2,88.024,6.0,32.062,27.822,28.14,2.0,SOFT,True,296.0,326.0,311.0,335.0,29.5,37.150000000000006,59.0,1006.3,0.9,0.0,2,0
2025,5,FORMULA 1 STC SAUDI ARABIAN GRAND PRIX 2025,GAS,Alpine,Q2,88.025,9.0,32.136,27.816,28.073,2.0,SOFT,True,295.0,329.0,312.0,336.0,29.5,37.150000000000006,59.0,1006.3,0.9,0.0,2,0
2025,5,FORMULA 1 STC SAUDI ARABIAN GRAND PRIX 2025,HAM,Ferrari,Q2,88.102,7.0,31.972,27.922,28.208,2.0,SOFT,True,297.0,329.0,310.0,335.0,29.5,37.150000000000006,59.0,1006.3,0.9,0.0,2,0
2025,5,FORMULA 1 STC SAUDI ARABIAN GRAND PRIX 2025,ALB,Williams,Q2,88.109,11.0,31.901,27.806,28.402,2.0,SOFT,True,297.0,321.0,309.0,329.0,29.5,37.150000000000006,59.0,1006.3,0.9,0.0,2,0
2025,5,FORMULA 1 STC SAUDI ARABIAN GRAND PRIX 2025,LAW,Racing Bulls,Q2,88.191,12.0,32.087,27.89,28.214,2.0,SOFT,True,296.0,325.0,303.0,331.0,29.5,37.150000000000006,59.0,1006.3,0.9,0.0,2,0
2025,5,FORMULA 1 STC SAUDI ARABIAN GRAND PRIX 2025,ALO,Aston Martin,Q2,88.303,13.0,32.021,27.852,28.43,4.0,SOFT,False,295.0,321.0,305.0,330.0,29.5,37.150000000000006,59.0,1006.3,0.9,0.0,2,0
2025,5,FORMULA 1 STC SAUDI ARABIAN GRAND PRIX 2025,HAD,Racing Bulls,Q2,88.418,14.0,32.209,27.887,28.322,2.0,SOFT,True,296.0,324.0,311.0,329.0,29.5,37.150000000000006,59.0,1006.3,0.9,0.0,2,0
2025,5,FORMULA 1 STC SAUDI ARABIAN GRAND PRIX 2025,BEA,Haas F1 Team,Q2,88.648,15.0,32.489,27.871,28.288,5.0,SOFT,False,292.0,326.0,308.0,331.0,29.5,37.150000000000006,59.0,1006.3,0.9,0.0,2,0
2025,5,FORMULA 1 STC SAUDI ARABIAN GRAND PRIX 2025,VER,Red Bull Racing,Q3,87.294,1.0,31.507,27.756,28.031,2.0,SOFT,True,296.0,329.0,309.0,332.0,29.5,37.150000000000006,59.0,1006.3,0.9,0.0,3,0
2025,5,FORMULA 1 STC SAUDI ARABIAN GRAND PRIX 2025,PIA,McLaren,Q3,87.304,2.0,31.63,27.685,27.989,2.0,SOFT,True,295.0,324.0,309.0,329.0,29.5,37.150000000000006,59.0,1006.3,0.9,0.0,3,0
2025,5,FORMULA 1 STC SAUDI ARABIAN GRAND PRIX 2025,RUS,Mercedes,Q3,87.407,3.0,31.684,27.577,28.146,2.0,SOFT,True,295.0,327.0,309.0,330.0,29.5,37.150000000000006,59.0,1006.3,0.9,0.0,3,0
2025,5,FORMULA 1 STC SAUDI ARABIAN GRAND PRIX 2025,LEC,Ferrari,Q3,87.67,4.0,31.857,27.796,28.017,2.0,SOFT,True,295.0,328.0,311.0,332.0,29.5,37.150000000000006,59.0,1006.3,0.9,0.0,3,0
2025,5,FORMULA 1 STC SAUDI ARABIAN GRAND PRIX 2025,ANT,Mercedes,Q3,87.866,5.0,32.164,27.682,28.02,2.0,SOFT,True,294.0,326.0,309.0,331.0,29.5,37.150000000000006,59.0,1006.3,0.9,0.0,3,0
2025,5,FORMULA 1 STC SAUDI ARABIAN GRAND PRIX 2025,SAI,Williams,Q3,88.164,6.0,32.084,27.922,28.158,2.0,SOFT,True,295.0,324.0,309.0,332.0,29.5,37.150000000000006,59.0,1006.3,0.9,0.0,3,0
2025,5,FORMULA 1 STC SAUDI ARABIAN GRAND PRIX 2025,HAM,Ferrari,Q3,88.201,7.0,32.137,27.833,28.231,2.0,SOFT,True,297.0,329.0,309.0,332.0,29.5,37.150000000000006,59.0,1006.3,0.9,0.0,3,0
2025,5,FORMULA 1 STC SAUDI ARABIAN GRAND PRIX 2025,TSU,Red Bull Racing,Q3,88.204,8.0,32.139,27.862,28.203,2.0,SOFT,True,295.0,332.0,311.0,333.0,29.5,37.150000000000006,59.0,1006.3,0.9,0.0,3,0
2025,5,FORMULA 1 STC SAUDI ARABIAN GRAND PRIX 2025,GAS,Alpine,Q3,88.367,9.0,32.151,27.918,28.298,2.0,SOFT,True,295.0,329.0,310.0,334.0,29.5,37.150000000000006,59.0,1006.3,0.9,0.0,3,0
2025,6,FORMULA 1 CRYPTO.COM MIAMI GRAND PRIX 2025,VER,Red Bull Racing,Q1,86.87,1.0,28.413,33.45,25.007,2.0,SOFT,True,223.0,191.0,286.0,339.0,27.8,39.7,63.5,1013.5,2.7,0.0,1,0
2025,6,FORMULA 1 CRYPTO.COM MIAMI GRAND PRIX 2025,NOR,McLaren,Q1,86.955,2.0,28.8,33.377,24.778,5.0,SOFT,True,221.0,192.0,287.0,336.0,27.8,39.7,63.5,1013.5,2.7,0.0,1,0
2025,6,FORMULA 1 CRYPTO.COM MIAMI GRAND PRIX 2025,PIA,McLaren,Q1,87.006,4.0,28.671,33.468,24.867,2.0,SOFT,True,219.0,192.0,287.0,335.0,27.8,39.7,63.5,1013.5,2.7,0.0,1,0
2025,6,FORMULA 1 CRYPTO.COM MIAMI GRAND PRIX 2025,RUS,Mercedes,Q1,87.014,5.0,28.674,33.483,24.857,2.0,SOFT,True,222.0,192.0,288.0,338.0,27.8,39.7,63.5,1013.5,2.7,0.0,1,0
2025,6,FORMULA 1 CRYPTO.COM MIAMI GRAND PRIX 2025,ALB,Williams,Q1,87.042,7.0,28.99,33.24,24.812,5.0,SOFT,False,223.0,192.0,286.0,337.0,27.8,39.7,63.5,1013.5,2.7,0.0,1,0
2025,6,FORMULA 1 CRYPTO.COM MIAMI GRAND PRIX 2025,ANT,Mercedes,Q1,87.077,3.0,28.627,33.551,24.899,2.0,SOFT,True,221.0,192.0,287.0,339.0,27.8,39.7,63.5,1013.5,2.7,0.0,1,0
2025,6,FORMULA 1 CRYPTO.COM MIAMI GRAND PRIX 2025,SAI,Williams,Q1,87.098,6.0,28.887,33.383,24.828,2.0,SOFT,True,224.0,193.0,288.0,341.0,27.8,39.7,63.5,1013.5,2.7,0.0,1,0
2025,6,FORMULA 1 CRYPTO.COM MIAMI GRAND PRIX 2025,HAM,Ferrari,Q1,87.279,12.0,28.734,33.597,24.948,2.0,SOFT,True,223.0,194.0,286.0,338.0,27.8,39.7,63.5,1013.5,2.7,0.0,1,0
2025,6,FORMULA 1 CRYPTO.COM MIAMI GRAND PRIX 2025,TSU,Red Bull Racing,Q1,87.298,10.0,28.796,33.451,25.051,2.0,SOFT,True,221.0,190.0,285.0,339.0,27.8,39.7,63.5,1013.5,2.7,0.0,1,0
2025,6,FORMULA 1 CRYPTO.COM MIAMI GRAND PRIX 2025,HAD,Racing Bulls,Q1,87.301,11.0,28.759,33.531,25.011,2.0,SOFT,True,222.0,191.0,287.0,337.0,27.8,39.7,63.5,1013.5,2.7,0.0,1,0
2025,6,FORMULA 1 CRYPTO.COM MIAMI GRAND PRIX 2025,BOR,Kick Sauber,Q1,87.343,13.0,28.887,33.537,24.919,2.0,SOFT,True,219.0,193.0,282.0,338.0,27.8,39.7,63.5,1013.5,2.7,0.0,1,0
2025,6,FORMULA 1 CRYPTO.COM MIAMI GRAND PRIX 2025,LEC,Ferrari,Q1,87.417,8.0,28.861,33.559,24.997,5.0,SOFT,True,221.0,192.0,286.0,336.0,27.8,39.7,63.5,1013.5,2.7,0.0,1,0
2025,6,FORMULA 1 CRYPTO.COM MIAMI GRAND PRIX 2025,DOO,Alpine,Q1,87.422,14.0,28.744,33.66,25.018,2.0,SOFT,True,222.0,191.0,287.0,336.0,27.8,39.7,63.5,1013.5,2.7,0.0,1,0
2025,6,FORMULA 1 CRYPTO.COM MIAMI GRAND PRIX 2025,LAW,Racing Bulls,Q1,87.444,15.0,28.748,33.647,25.049,2.0,SOFT,True,224.0,192.0,280.0,338.0,27.8,39.7,63.5,1013.5,2.7,0.0,1,0
2025,6,FORMULA 1 CRYPTO.COM MIAMI GRAND PRIX 2025,OCO,Haas F1 Team,Q1,87.45,9.0,28.945,33.573,24.932,2.0,SOFT,True,223.0,194.0,286.0,338.0,27.8,39.7,63.5,1013.5,2.7,0.0,1,0
2025,6,FORMULA 1 CRYPTO.COM MIAMI GRAND PRIX 2025,HUL,Kick Sauber,Q1,87.473,16.0,28.781,33.747,24.945,2.0,SOFT,True,224.0,192.0,288.0,337.0,27.8,39.7,63.5,1013.5,2.7,0.0,1,0
2025,6,FORMULA 1 CRYPTO.COM MIAMI GRAND PRIX 2025,ALO,Aston Martin,Q1,87.604,17.0,28.851,33.868,24.885,2.0,SOFT,True,219.0,192.0,286.0,337.0,27.8,39.7,63.5,1013.5,2.7,0.0,1,0
2025,6,FORMULA 1 CRYPTO.COM MIAMI GRAND PRIX 2025,GAS,Alpine,Q1,87.71,18.0,28.962,33.714,25.034,2.0,SOFT,True,221.0,191.0,288.0,337.0,27.8,39.7,63.5,1013.5,2.7,0.0,1,0
2025,6,FORMULA 1 CRYPTO.COM MIAMI GRAND PRIX 2025,STR,Aston Martin,Q1,87.83,19.0,29.106,33.837,24.887,3.0,SOFT,False,216.0,191.0,288.0,337.0,27.8,39.7,63.5,1013.5,2.7,0.0,1,0
2025,6,FORMULA 1 CRYPTO.COM MIAMI GRAND PRIX 2025,BEA,Haas F1 Team,Q1,87.999,20.0,29.116,33.765,25.118,2.0,SOFT,True,219.0,192.0,286.0,335.0,27.8,39.7,63.5,1013.5,2.7,0.0,1,0
2025,6,FORMULA 1 CRYPTO.COM MIAMI GRAND PRIX 2025,PIA,McLaren,Q2,86.269,4.0,28.413,33.032,24.824,2.0,SOFT,True,226.0,192.0,286.0,333.0,27.8,39.7,63.5,1013.5,2.7,0.0,2,0
2025,6,FORMULA 1 CRYPTO.COM MIAMI GRAND PRIX 2025,NOR,McLaren,Q2,86.499,2.0,28.731,32.985,24.783,2.0,SOFT,True,221.0,194.0,285.0,334.0,27.8,39.7,63.5,1013.5,2.7,0.0,2,0
2025,6,FORMULA 1 CRYPTO.COM MIAMI GRAND PRIX 2025,RUS,Mercedes,Q2,86.575,5.0,28.51,33.278,24.787,2.0,SOFT,True,224.0,193.0,285.0,338.0,27.8,39.7,63.5,1013.5,2.7,0.0,2,0
2025,6,FORMULA 1 CRYPTO.COM MIAMI GRAND PRIX 2025,ANT,Mercedes,Q2,86.606,3.0,28.552,33.218,24.836,2.0,SOFT,True,222.0,191.0,285.0,338.0,27.8,39.7,63.5,1013.5,2.7,0.0,2,0
2025,6,FORMULA 1 CRYPTO.COM MIAMI GRAND PRIX 2025,VER,Red Bull Racing,Q2,86.643,1.0,28.345,33.309,24.989,2.0,SOFT,True,223.0,191.0,286.0,337.0,27.8,39.7,63.5,1013.5,2.7,0.0,2,0
2025,6,FORMULA 1 CRYPTO.COM MIAMI GRAND PRIX 2025,SAI,Williams,Q2,86.847,6.0,28.803,33.277,24.767,2.0,SOFT,True,223.0,192.0,286.0,338.0,27.8,39.7,63.5,1013.5,2.7,0.0,2,0
2025,6,FORMULA 1 CRYPTO.COM MIAMI GRAND PRIX 2025,ALB,Williams,Q2,86.855,7.0,28.779,33.225,24.851,2.0,SOFT,True,224.0,192.0,284.0,334.0,27.8,39.7,63.5,1013.5,2.7,0.0,2,0
2025,6,FORMULA 1 CRYPTO.COM MIAMI GRAND PRIX 2025,LEC,Ferrari,Q2,86.948,8.0,28.919,33.303,24.726,2.0,SOFT,True,224.0,192.0,287.0,343.0,27.8,39.7,63.5,1013.5,2.7,0.0,2,0
2025,6,FORMULA 1 CRYPTO.COM MIAMI GRAND PRIX 2025,TSU,Red Bull Racing,Q2,86.959,10.0,28.603,33.318,25.038,2.0,SOFT,True,221.0,191.0,282.0,338.0,27.8,39.7,63.5,1013.5,2.7,0.0,2,0
2025,6,FORMULA 1 CRYPTO.COM MIAMI GRAND PRIX 2025,OCO,Haas F1 Team,Q2,86.967,9.0,28.973,33.136,24.858,2.0,SOFT,True,224.0,193.0,285.0,337.0,27.8,39.7,63.5,1013.5,2.7,0.0,2,0
2025,6,FORMULA 1 CRYPTO.COM MIAMI GRAND PRIX 2025,HAD,Racing Bulls,Q2,86.987,11.0,28.705,33.422,24.86,2.0,SOFT,True,221.0,192.0,284.0,338.0,27.8,39.7,63.5,1013.5,2.7,0.0,2,0
2025,6,FORMULA 1 CRYPTO.COM MIAMI GRAND PRIX 2025,HAM,Ferrari,Q2,87.006,12.0,28.759,33.302,24.945,5.0,SOFT,False,223.0,192.0,287.0,339.0,27.8,39.7,63.5,1013.5,2.7,0.0,2,0
2025,6,FORMULA 1 CRYPTO.COM MIAMI GRAND PRIX 2025,BOR,Kick Sauber,Q2,87.151,13.0,28.808,33.309,25.034,2.0,SOFT,True,225.0,192.0,286.0,339.0,27.8,39.7,63.5,1013.5,2.7,0.0,2,0
2025,6,FORMULA 1 CRYPTO.COM MIAMI GRAND PRIX 2025,DOO,Alpine,Q2,87.186,14.0,28.643,33.52,25.023,2.0,SOFT,True,219.0,190.0,285.0,337.0,27.8,39.7,63.5,1013.5,2.7,0.0,2,0
2025,6,FORMULA 1 CRYPTO.COM MIAMI GRAND PRIX 2025,LAW,Racing Bulls,Q2,87.363,15.0,28.855,33.557,24.951,2.0,SOFT,True,221.0,191.0,284.0,336.0,27.8,39.7,63.5,1013.5,2.7,0.0,2,0
2025,6,FORMULA 1 CRYPTO.COM MIAMI GRAND PRIX 2025,VER,Red Bull Racing,Q3,86.204,1.0,28.246,33.079,24.879,2.0,SOFT,True,223.0,192.0,282.0,339.0,27.8,39.7,63.5,1013.5,2.7,0.0,3,0
2025,6,FORMULA 1 CRYPTO.COM MIAMI GRAND PRIX 2025,NOR,McLaren,Q3,86.269,2.0,28.433,32.901,24.935,2.0,SOFT,True,221.0,194.0,286.0,332.0,27.8,39.7,63.5,1013.5,2.7,0.0,3,0
2025,6,FORMULA 1 CRYPTO.COM MIAMI GRAND PRIX 2025,ANT,Mercedes,Q3,86.271,3.0,28.484,32.983,24.804,2.0,SOFT,True,222.0,192.0,287.0,340.0,27.8,39.7,63.5,1013.5,2.7,0.0,3,0
2025,6,FORMULA 1 CRYPTO.COM MIAMI GRAND PRIX 2025,PIA,McLaren,Q3,86.375,4.0,28.558,33.089,24.728,2.0,SOFT,True,218.0,193.0,286.0,335.0,27.8,39.7,63.5,1013.5,2.7,0.0,3,0
2025,6,FORMULA 1 CRYPTO.COM MIAMI GRAND PRIX 2025,RUS,Mercedes,Q3,86.385,5.0,28.622,33.007,24.756,2.0,SOFT,True,225.0,193.0,286.0,337.0,27.8,39.7,63.5,1013.5,2.7,0.0,3,0
2025,6,FORMULA 1 CRYPTO.COM MIAMI GRAND PRIX 2025,SAI,Williams,Q3,86.569,6.0,28.707,33.113,24.749,2.0,SOFT,True,223.0,192.0,286.0,337.0,27.8,39.7,63.5,1013.5,2.7,0.0,3,0
2025,6,FORMULA 1 CRYPTO.COM MIAMI GRAND PRIX 2025,ALB,Williams,Q3,86.682,7.0,28.633,33.261,24.788,2.0,SOFT,True,222.0,193.0,287.0,337.0,27.8,39.7,63.5,1013.5,2.7,0.0,3,0
2025,6,FORMULA 1 CRYPTO.COM MIAMI GRAND PRIX 2025,LEC,Ferrari,Q3,86.754,8.0,28.668,33.283,24.803,5.0,SOFT,False,222.0,193.0,287.0,338.0,27.8,39.7,63.5,1013.5,2.7,0.0,3,0
2025,6,FORMULA 1 CRYPTO.COM MIAMI GRAND PRIX 2025,OCO,Haas F1 Team,Q3,86.824,9.0,28.69,33.26,24.874,2.0,SOFT,True,225.0,194.0,286.0,335.0,27.8,39.7,63.5,1013.5,2.7,0.0,3,0
2025,6,FORMULA 1 CRYPTO.COM MIAMI GRAND PRIX 2025,TSU,Red Bull Racing,Q3,86.943,10.0,28.551,33.41,24.982,2.0,SOFT,True,222.0,191.0,281.0,339.0,27.8,39.7,63.5,1013.5,2.7,0.0,3,0
2025,7,FORMULA 1 AWS GRAN PREMIO DEL MADE IN ITALY E DELL'EMILIA-ROMAGNA 2025,VER,Red Bull Racing,Q1,75.175,2.0,23.649,26.191,25.335,4.0,SOFT,False,231.0,263.0,283.0,298.0,22.9,39.5,30.0,1008.6,2.0,0.0,1,0
2025,7,FORMULA 1 AWS GRAN PREMIO DEL MADE IN ITALY E DELL'EMILIA-ROMAGNA 2025,PIA,McLaren,Q1,75.5,1.0,23.868,26.238,25.394,3.0,SOFT,False,230.0,263.0,283.0,296.0,22.9,39.5,30.0,1008.6,2.0,0.0,1,0
2025,7,FORMULA 1 AWS GRAN PREMIO DEL MADE IN ITALY E DELL'EMILIA-ROMAGNA 2025,ALO,Aston Martin,Q1,75.695,5.0,24.003,26.176,25.516,2.0,SOFT,True,229.0,263.0,281.0,298.0,22.9,39.5,30.0,1008.6,2.0,0.0,1,0
2025,7,FORMULA 1 AWS GRAN PREMIO DEL MADE IN ITALY E DELL'EMILIA-ROMAGNA 2025,STR,Aston Martin,Q1,75.817,8.0,24.096,26.204,25.517,2.0,MEDIUM,True,229.0,263.0,280.0,299.0,22.9,39.5,30.0,1008.6,2.0,0.0,1,0
2025,7,FORMULA 1 AWS GRAN PREMIO DEL MADE IN ITALY E DELL'EMILIA-ROMAGNA 2025,RUS,Mercedes,Q1,75.852,3.0,23.87,26.356,25.626,2.0,SOFT,True,234.0,263.0,284.0,298.0,22.9,39.5,30.0,1008.6,2.0,0.0,1,0
2025,7,FORMULA 1 AWS GRAN PREMIO DEL MADE IN ITALY E DELL'EMILIA-ROMAGNA 2025,NOR,McLaren,Q1,75.894,4.0,24.053,26.204,25.637,6.0,SOFT,False,233.0,264.0,281.0,299.0,22.9,39.5,30.0,1008.6,2.0,0.0,1,0
2025,7,FORMULA 1 AWS GRAN PREMIO DEL MADE IN ITALY E DELL'EMILIA-ROMAGNA 2025,GAS,Alpine,Q1,75.937,10.0,24.091,26.334,25.512,2.0,SOFT,True,229.0,262.0,285.0,301.0,22.9,39.5,30.0,1008.6,2.0,0.0,1,0
2025,7,FORMULA 1 AWS GRAN PREMIO DEL MADE IN ITALY E DELL'EMILIA-ROMAGNA 2025,ANT,Mercedes,Q1,75.943,13.0,24.165,26.184,25.594,3.0,SOFT,False,225.0,262.0,281.0,296.0,22.9,39.5,30.0,1008.6,2.0,0.0,1,0
2025,7,FORMULA 1 AWS GRAN PREMIO DEL MADE IN ITALY E DELL'EMILIA-ROMAGNA 2025,SAI,Williams,Q1,75.987,6.0,23.89,26.334,25.763,5.0,SOFT,False,232.0,262.0,280.0,296.0,22.9,39.5,30.0,1008.6,2.0,0.0,1,0
2025,7,FORMULA 1 AWS GRAN PREMIO DEL MADE IN ITALY E DELL'EMILIA-ROMAGNA 2025,BEA,Haas F1 Team,Q1,76.077,19.0,24.154,26.262,25.661,2.0,SOFT,True,230.0,264.0,282.0,301.0,22.9,39.5,30.0,1008.6,2.0,0.0,1,0
2025,7,FORMULA 1 AWS GRAN PREMIO DEL MADE IN ITALY E DELL'EMILIA-ROMAGNA 2025,LEC,Ferrari,Q1,76.108,11.0,24.17,26.488,25.45,5.0,SOFT,False,226.0,263.0,284.0,299.0,22.9,39.5,30.0,1008.6,2.0,0.0,1,0
2025,7,FORMULA 1 AWS GRAN PREMIO DEL MADE IN ITALY E DELL'EMILIA-ROMAGNA 2025,ALB,Williams,Q1,76.123,7.0,23.899,26.488,25.736,5.0,SOFT,False,233.0,262.0,281.0,297.0,22.9,39.5,30.0,1008.6,2.0,0.0,1,0
2025,7,FORMULA 1 AWS GRAN PREMIO DEL MADE IN ITALY E DELL'EMILIA-ROMAGNA 2025,HAM,Ferrari,Q1,76.163,12.0,24.039,26.595,25.529,5.0,SOFT,False,229.0,261.0,283.0,300.0,22.9,39.5,30.0,1008.6,2.0,0.0,1,0
2025,7,FORMULA 1 AWS GRAN PREMIO DEL MADE IN ITALY E DELL'EMILIA-ROMAGNA 2025,HAD,Racing Bulls,Q1,76.253,9.0,24.145,26.341,25.767,3.0,SOFT,False,230.0,263.0,281.0,300.0,22.9,39.5,30.0,1008.6,2.0,0.0,1,0
2025,7,FORMULA 1 AWS GRAN PREMIO DEL MADE IN ITALY E DELL'EMILIA-ROMAGNA 2025,COL,Alpine,Q1,76.256,15.0,24.16,26.391,25.705,2.0,SOFT,True,230.0,263.0,281.0,303.0,22.9,39.5,30.0,1008.6,2.0,0.0,1,0
2025,7,FORMULA 1 AWS GRAN PREMIO DEL MADE IN ITALY E DELL'EMILIA-ROMAGNA 2025,BOR,Kick Sauber,Q1,76.34,14.0,24.002,26.483,25.855,2.0,SOFT,True,234.0,262.0,276.0,299.0,22.9,39.5,30.0,1008.6,2.0,0.0,1,0
2025,7,FORMULA 1 AWS GRAN PREMIO DEL MADE IN ITALY E DELL'EMILIA-ROMAGNA 2025,LAW,Racing Bulls,Q1,76.379,16.0,24.297,26.369,25.713,3.0,SOFT,False,227.0,261.0,280.0,298.0,22.9,39.5,30.0,1008.6,2.0,0.0,1,0
2025,7,FORMULA 1 AWS GRAN PREMIO DEL MADE IN ITALY E DELL'EMILIA-ROMAGNA 2025,HUL,Kick Sauber,Q1,76.518,17.0,24.186,26.589,25.743,2.0,SOFT,True,230.0,259.0,281.0,299.0,22.9,39.5,30.0,1008.6,2.0,0.0,1,0
2025,7,FORMULA 1 AWS GRAN PREMIO DEL MADE IN ITALY E DELL'EMILIA-ROMAGNA 2025,OCO,Haas F1 Team,Q1,76.613,18.0,24.341,26.54,25.732,2.0,SOFT,True,227.0,261.0,284.0,300.0,22.9,39.5,30.0,1008.6,2.0,0.0,1,0
2025,7,FORMULA 1 AWS GRAN PREMIO DEL MADE IN ITALY E DELL'EMILIA-ROMAGNA 2025,SAI,Williams,Q2,75.198,6.0,23.663,26.15,25.385,2.0,SOFT,True,233.0,263.0,282.0,299.0,22.9,39.5,30.0,1008.6,2.0,0.0,2,0
2025,7,FORMULA 1 AWS GRAN PREMIO DEL MADE IN ITALY E DELL'EMILIA-ROMAGNA 2025,PIA,McLaren,Q2,75.214,1.0,23.888,26.089,25.237,5.0,SOFT,False,234.0,265.0,283.0,298.0,22.9,39.5,30.0,1008.6,2.0,0.0,2,0
2025,7,FORMULA 1 AWS GRAN PREMIO DEL MADE IN ITALY E DELL'EMILIA-ROMAGNA 2025,NOR,McLaren,Q2,75.261,4.0,24.004,25.901,25.356,2.0,SOFT,True,231.0,263.0,281.0,297.0,22.9,39.5,30.0,1008.6,2.0,0.0,2,0
2025,7,FORMULA 1 AWS GRAN PREMIO DEL MADE IN ITALY E DELL'EMILIA-ROMAGNA 2025,RUS,Mercedes,Q2,75.334,3.0,23.847,26.071,25.416,2.0,SOFT,True,235.0,263.0,283.0,301.0,22.9,39.5,30.0,1008.6,2.0,0.0,2,0
2025,7,FORMULA 1 AWS GRAN PREMIO DEL MADE IN ITALY E DELL'EMILIA-ROMAGNA 2025,VER,Red Bull Racing,Q2,75.394,2.0,23.813,26.132,25.449,5.0,SOFT,False,231.0,262.0,282.0,299.0,22.9,39.5,30.0,1008.6,2.0,0.0,2,0
2025,7,FORMULA 1 AWS GRAN PREMIO DEL MADE IN ITALY E DELL'EMILIA-ROMAGNA 2025,ALO,Aston Martin,Q2,75.442,5.0,23.948,26.003,25.491,2.0,MEDIUM,True,232.0,266.0,281.0,298.0,22.9,39.5,30.0,1008.6,2.0,0.0,2,0
2025,7,FORMULA 1 AWS GRAN PREMIO DEL MADE IN ITALY E DELL'EMILIA-ROMAGNA 2025,STR,Aston Martin,Q2,75.497,8.0,23.814,26.153,25.53,2.0,MEDIUM,True,233.0,264.0,281.0,297.0,22.9,39.5,30.0,1008.6,2.0,0.0,2,0
2025,7,FORMULA 1 AWS GRAN PREMIO DEL MADE IN ITALY E DELL'EMILIA-ROMAGNA 2025,GAS,Alpine,Q2,75.505,10.0,23.957,26.233,25.315,2.0,SOFT,True,231.0,263.0,283.0,302.0,22.9,39.5,30.0,1008.6,2.0,0.0,2,0
2025,7,FORMULA 1 AWS GRAN PREMIO DEL MADE IN ITALY E DELL'EMILIA-ROMAGNA 2025,HAD,Racing Bulls,Q2,75.51,9.0,24.05,26.055,25.405,2.0,SOFT,True,232.0,263.0,283.0,300.0,22.9,39.5,30.0,1008.6,2.0,0.0,2,0
2025,7,FORMULA 1 AWS GRAN PREMIO DEL MADE IN ITALY E DELL'EMILIA-ROMAGNA 2025,ALB,Williams,Q2,75.521,7.0,23.769,26.249,25.503,2.0,SOFT,True,231.0,264.0,280.0,298.0,22.9,39.5,30.0,1008.6,2.0,0.0,2,0
2025,7,FORMULA 1 AWS GRAN PREMIO DEL MADE IN ITALY E DELL'EMILIA-ROMAGNA 2025,LEC,Ferrari,Q2,75.604,11.0,24.007,26.208,25.389,4.0,SOFT,False,230.0,264.0,282.0,302.0,22.9,39.5,30.0,1008.6,2.0,0.0,2,0
2025,7,FORMULA 1 AWS GRAN PREMIO DEL MADE IN ITALY E DELL'EMILIA-ROMAGNA 2025,HAM,Ferrari,Q2,75.765,12.0,24.132,26.188,25.445,4.0,SOFT,False,229.0,262.0,281.0,301.0,22.9,39.5,30.0,1008.6,2.0,0.0,2,0
2025,7,FORMULA 1 AWS GRAN PREMIO DEL MADE IN ITALY E DELL'EMILIA-ROMAGNA 2025,ANT,Mercedes,Q2,75.772,13.0,24.012,26.168,25.592,2.0,SOFT,True,231.0,261.0,279.0,297.0,22.9,39.5,30.0,1008.6,2.0,0.0,2,0
2025,7,FORMULA 1 AWS GRAN PREMIO DEL MADE IN ITALY E DELL'EMILIA-ROMAGNA 2025,BOR,Kick Sauber,Q2,76.26,14.0,24.182,26.389,25.689,2.0,SOFT,True,231.0,260.0,281.0,297.0,22.9,39.5,30.0,1008.6,2.0,0.0,2,0
2025,7,FORMULA 1 AWS GRAN PREMIO DEL MADE IN ITALY E DELL'EMILIA-ROMAGNA 2025,PIA,McLaren,Q3,74.67,1.0,23.677,25.747,25.246,2.0,SOFT,True,235.0,264.0,283.0,300.0,22.9,39.5,30.0,1008.6,2.0,0.0,3,0
2025,7,FORMULA 1 AWS GRAN PREMIO DEL MADE IN ITALY E DELL'EMILIA-ROMAGNA 2025,VER,Red Bull Racing,Q3,74.704,2.0,23.495,25.976,25.233,2.0,SOFT,True,235.0,262.0,282.0,299.0,22.9,39.5,30.0,1008.6,2.0,0.0,3,0
2025,7,FORMULA 1 AWS GRAN PREMIO DEL MADE IN ITALY E DELL'EMILIA-ROMAGNA 2025,RUS,Mercedes,Q3,74.807,3.0,23.791,25.815,25.201,2.0,MEDIUM,True,235.0,266.0,284.0,300.0,22.9,39.5,30.0,1008.6,2.0,0.0,3,0
2025,7,FORMULA 1 AWS GRAN PREMIO DEL MADE IN ITALY E DELL'EMILIA-ROMAGNA 2025,NOR,McLaren,Q3,74.962,4.0,23.907,25.921,25.134,2.0,SOFT,True,231.0,265.0,282.0,301.0,22.9,39.5,30.0,1008.6,2.0,0.0,3,0
2025,7,FORMULA 1 AWS GRAN PREMIO DEL MADE IN ITALY E DELL'EMILIA-ROMAGNA 2025,ALO,Aston Martin,Q3,75.431,5.0,23.87,25.941,25.62,3.0,MEDIUM,False,235.0,264.0,282.0,298.0,22.9,39.5,30.0,1008.6,2.0,0.0,3,0
2025,7,FORMULA 1 AWS GRAN PREMIO DEL MADE IN ITALY E DELL'EMILIA-ROMAGNA 2025,SAI,Williams,Q3,75.432,6.0,23.685,26.222,25.525,2.0,SOFT,True,234.0,262.0,282.0,298.0,22.9,39.5,30.0,1008.6,2.0,0.0,3,0
2025,7,FORMULA 1 AWS GRAN PREMIO DEL MADE IN ITALY E DELL'EMILIA-ROMAGNA 2025,ALB,Williams,Q3,75.473,7.0,23.738,26.159,25.576,2.0,SOFT,True,235.0,263.0,281.0,296.0,22.9,39.5,30.0,1008.6,2.0,0.0,3,0
2025,7,FORMULA 1 AWS GRAN PREMIO DEL MADE IN ITALY E DELL'EMILIA-ROMAGNA 2025,STR,Aston Martin,Q3,75.581,8.0,23.935,26.218,25.428,5.0,MEDIUM,False,231.0,263.0,281.0,298.0,22.9,39.5,30.0,1008.6,2.0,0.0,3,0
2025,7,FORMULA 1 AWS GRAN PREMIO DEL MADE IN ITALY E DELL'EMILIA-ROMAGNA 2025,HAD,Racing Bulls,Q3,75.746,9.0,24.003,26.272,25.471,5.0,SOFT,False,230.0,264.0,281.0,300.0,22.9,39.5,30.0,1008.6,2.0,0.0,3,0
2025,7,FORMULA 1 AWS GRAN PREMIO DEL MADE IN ITALY E DELL'EMILIA-ROMAGNA 2025,GAS,Alpine,Q3,75.787,10.0,23.8,26.267,25.72,2.0,SOFT,True,233.0,263.0,281.0,301.0,22.9,39.5,30.0,1008.6,2.0,0.0,3,0
2025,8,FORMULA 1 TAG HEUER GRAND PRIX DE MONACO 2025,LEC,Ferrari,Q1,71.229,2.0,18.451,33.856,18.922,9.0,SOFT,True,223.0,203.0,269.0,282.0,21.1,40.5,59.0,1014.9,0.8,0.0,1,0
2025,8,FORMULA 1 TAG HEUER GRAND PRIX DE MONACO 2025,NOR,McLaren,Q1,71.285,1.0,18.694,33.817,18.774,10.0,SOFT,False,221.0,207.0,271.0,280.0,21.1,40.5,59.0,1014.9,0.8,0.0,1,0
2025,8,FORMULA 1 TAG HEUER GRAND PRIX DE MONACO 2025,PIA,McLaren,Q1,71.308,3.0,18.651,33.788,18.869,9.0,SOFT,False,218.0,209.0,273.0,281.0,21.1,40.5,59.0,1014.9,0.8,0.0,1,0
2025,8,FORMULA 1 TAG HEUER GRAND PRIX DE MONACO 2025,VER,Red Bull Racing,Q1,71.431,5.0,18.562,33.896,18.973,3.0,SOFT,True,221.0,206.0,270.0,280.0,21.1,40.5,59.0,1014.9,0.8,0.0,1,0
2025,8,FORMULA 1 TAG HEUER GRAND PRIX DE MONACO 2025,RUS,Mercedes,Q1,71.507,14.0,18.555,34.069,18.883,10.0,SOFT,True,222.0,208.0,272.0,282.0,21.1,40.5,59.0,1014.9,0.8,0.0,1,0
2025,8,FORMULA 1 TAG HEUER GRAND PRIX DE MONACO 2025,HAM,Ferrari,Q1,71.575,4.0,18.732,33.707,19.136,2.0,SOFT,True,223.0,207.0,266.0,282.0,21.1,40.5,59.0,1014.9,0.8,0.0,1,0
2025,8,FORMULA 1 TAG HEUER GRAND PRIX DE MONACO 2025,ALB,Williams,Q1,71.629,10.0,18.665,34.009,18.955,3.0,SOFT,True,222.0,203.0,272.0,280.0,21.1,40.5,59.0,1014.9,0.8,0.0,1,0
2025,8,FORMULA 1 TAG HEUER GRAND PRIX DE MONACO 2025,ALO,Aston Martin,Q1,71.674,7.0,18.734,34.044,18.896,4.0,SOFT,True,220.0,203.0,270.0,280.0,21.1,40.5,59.0,1014.9,0.8,0.0,1,0
2025,8,FORMULA 1 TAG HEUER GRAND PRIX DE MONACO 2025,SAI,Williams,Q1,71.707,11.0,18.655,34.065,18.987,3.0,SOFT,True,223.0,205.0,271.0,278.0,21.1,40.5,59.0,1014.9,0.8,0.0,1,0
2025,8,FORMULA 1 TAG HEUER GRAND PRIX DE MONACO 2025,TSU,Red Bull Racing,Q1,71.8,12.0,18.831,34.036,18.933,4.0,SOFT,True,223.0,209.0,269.0,280.0,21.1,40.5,59.0,1014.9,0.8,0.0,1,0
2025,8,FORMULA 1 TAG HEUER GRAND PRIX DE MONACO 2025,HAD,Racing Bulls,Q1,71.811,6.0,18.715,34.069,19.027,5.0,SOFT,True,222.0,204.0,269.0,281.0,21.1,40.5,59.0,1014.9,0.8,0.0,1,0
2025,8,FORMULA 1 TAG HEUER GRAND PRIX DE MONACO 2025,LAW,Racing Bulls,Q1,71.818,9.0,18.793,34.002,19.023,4.0,SOFT,True,223.0,205.0,269.0,280.0,21.1,40.5,59.0,1014.9,0.8,0.0,1,0
2025,8,FORMULA 1 TAG HEUER GRAND PRIX DE MONACO 2025,OCO,Haas F1 Team,Q1,71.839,8.0,18.816,34.088,18.935,3.0,SOFT,True,216.0,206.0,272.0,281.0,21.1,40.5,59.0,1014.9,0.8,0.0,1,0
2025,8,FORMULA 1 TAG HEUER GRAND PRIX DE MONACO 2025,HUL,Kick Sauber,Q1,71.871,13.0,18.836,34.111,18.924,5.0,SOFT,True,219.0,204.0,268.0,279.0,21.1,40.5,59.0,1014.9,0.8,0.0,1,0
2025,8,FORMULA 1 TAG HEUER GRAND PRIX DE MONACO 2025,ANT,Mercedes,Q1,71.88,15.0,18.731,34.015,19.134,2.0,SOFT,True,223.0,203.0,264.0,281.0,21.1,40.5,59.0,1014.9,0.8,0.0,1,0
2025,8,FORMULA 1 TAG HEUER GRAND PRIX DE MONACO 2025,BOR,Kick Sauber,Q1,71.902,16.0,18.786,34.067,19.049,5.0,SOFT,True,220.0,205.0,268.0,280.0,21.1,40.5,59.0,1014.9,0.8,0.0,1,0
2025,8,FORMULA 1 TAG HEUER GRAND PRIX DE MONACO 2025,BEA,Haas F1 Team,Q1,71.979,17.0,18.595,34.062,19.322,5.0,SOFT,True,223.0,210.0,183.0,281.0,21.1,40.5,59.0,1014.9,0.8,0.0,1,0
2025,8,FORMULA 1 TAG HEUER GRAND PRIX DE MONACO 2025,GAS,Alpine,Q1,71.994,18.0,18.632,34.214,19.148,4.0,SOFT,True,224.0,208.0,270.0,279.0,21.1,40.5,59.0,1014.9,0.8,0.0,1,0
2025,8,FORMULA 1 TAG HEUER GRAND PRIX DE MONACO 2025,STR,Aston Martin,Q1,72.563,19.0,18.898,34.263,19.402,6.0,SOFT,True,219.0,198.0,270.0,280.0,21.1,40.5,59.0,1014.9,0.8,0.0,1,0
2025,8,FORMULA 1 TAG HEUER GRAND PRIX DE MONACO 2025,COL,Alpine,Q1,72.597,20.0,18.756,34.535,19.306,4.0,SOFT,True,222.0,202.0,269.0,279.0,21.1,40.5,59.0,1014.9,0.8,0.0,1,0
2025,8,FORMULA 1 TAG HEUER GRAND PRIX DE MONACO 2025,NOR,McLaren,Q2,70.57,1.0,18.459,33.523,18.588,5.0,SOFT,False,223.0,209.0,271.0,278.0,21.1,40.5,59.0,1014.9,0.8,0.0,2,0
2025,8,FORMULA 1 TAG HEUER GRAND PRIX DE MONACO 2025,LEC,Ferrari,Q2,70.581,2.0,18.446,33.485,18.65,2.0,SOFT,True,221.0,209.0,270.0,281.0,21.1,40.5,59.0,1014.9,0.8,0.0,2,0
2025,8,FORMULA 1 TAG HEUER GRAND PRIX DE MONACO 2025,ALB,Williams,Q2,70.732,10.0,18.369,33.616,18.747,3.0,SOFT,True,221.0,207.0,270.0,280.0,21.1,40.5,59.0,1014.9,0.8,0.0,2,0
2025,8,FORMULA 1 TAG HEUER GRAND PRIX DE MONACO 2025,PIA,McLaren,Q2,70.858,3.0,18.411,33.51,18.937,10.0,SOFT,False,222.0,212.0,271.0,278.0,21.1,40.5,59.0,1014.9,0.8,0.0,2,0
2025,8,FORMULA 1 TAG HEUER GRAND PRIX DE MONACO 2025,VER,Red Bull Racing,Q2,70.875,5.0,18.467,33.799,18.609,5.0,SOFT,False,221.0,207.0,270.0,279.0,21.1,40.5,59.0,1014.9,0.8,0.0,2,0
2025,8,FORMULA 1 TAG HEUER GRAND PRIX DE MONACO 2025,HAM,Ferrari,Q2,70.883,4.0,18.594,33.502,18.787,2.0,SOFT,True,223.0,208.0,269.0,280.0,21.1,40.5,59.0,1014.9,0.8,0.0,2,0
2025,8,FORMULA 1 TAG HEUER GRAND PRIX DE MONACO 2025,HAD,Racing Bulls,Q2,71.04,6.0,18.434,33.77,18.836,2.0,SOFT,True,223.0,205.0,268.0,278.0,21.1,40.5,59.0,1014.9,0.8,0.0,2,0
2025,8,FORMULA 1 TAG HEUER GRAND PRIX DE MONACO 2025,ALO,Aston Martin,Q2,71.182,7.0,18.605,33.842,18.735,6.0,MEDIUM,False,223.0,204.0,269.0,279.0,21.1,40.5,59.0,1014.9,0.8,0.0,2,0
2025,8,FORMULA 1 TAG HEUER GRAND PRIX DE MONACO 2025,LAW,Racing Bulls,Q2,71.25,9.0,18.53,33.838,18.882,5.0,SOFT,True,220.0,207.0,265.0,278.0,21.1,40.5,59.0,1014.9,0.8,0.0,2,0
2025,8,FORMULA 1 TAG HEUER GRAND PRIX DE MONACO 2025,OCO,Haas F1 Team,Q2,71.262,8.0,18.716,33.746,18.8,3.0,SOFT,True,216.0,211.0,270.0,279.0,21.1,40.5,59.0,1014.9,0.8,0.0,2,0
2025,8,FORMULA 1 TAG HEUER GRAND PRIX DE MONACO 2025,SAI,Williams,Q2,71.362,11.0,18.523,33.954,18.885,7.0,MEDIUM,False,220.0,207.0,270.0,278.0,21.1,40.5,59.0,1014.9,0.8,0.0,2,0
2025,8,FORMULA 1 TAG HEUER GRAND PRIX DE MONACO 2025,TSU,Red Bull Racing,Q2,71.415,12.0,18.731,33.801,18.883,2.0,SOFT,True,219.0,209.0,268.0,278.0,21.1,40.5,59.0,1014.9,0.8,0.0,2,0
2025,8,FORMULA 1 TAG HEUER GRAND PRIX DE MONACO 2025,HUL,Kick Sauber,Q2,71.596,13.0,18.755,34.038,18.803,2.0,SOFT,True,218.0,209.0,269.0,280.0,21.1,40.5,59.0,1014.9,0.8,0.0,2,0
2025,8,FORMULA 1 TAG HEUER GRAND PRIX DE MONACO 2025,RUS,Mercedes,Q2,83.483,14.0,27.162,36.288,20.033,1.0,MEDIUM,True,185.0,188.0,271.0,262.0,21.1,40.5,59.0,1014.9,0.8,0.0,2,0
2025,8,FORMULA 1 TAG HEUER GRAND PRIX DE MONACO 2025,NOR,McLaren,Q3,69.954,1.0,18.216,33.254,18.484,4.0,SOFT,True,225.0,215.0,271.0,279.0,21.1,40.5,59.0,1014.9,0.8,0.0,3,0
2025,8,FORMULA 1 TAG HEUER GRAND PRIX DE MONACO 2025,LEC,Ferrari,Q3,70.063,2.0,18.29,33.18,18.593,2.0,SOFT,True,224.0,215.0,269.0,281.0,21.1,40.5,59.0,1014.9,0.8,0.0,3,0
2025,8,FORMULA 1 TAG HEUER GRAND PRIX DE MONACO 2025,PIA,McLaren,Q3,70.129,3.0,18.17,33.433,18.526,4.0,SOFT,True,224.0,215.0,271.0,279.0,21.1,40.5,59.0,1014.9,0.8,0.0,3,0
2025,8,FORMULA 1 TAG HEUER GRAND PRIX DE MONACO 2025,HAM,Ferrari,Q3,70.382,4.0,18.368,33.385,18.629,2.0,SOFT,True,222.0,203.0,270.0,281.0,21.1,40.5,59.0,1014.9,0.8,0.0,3,0
2025,8,FORMULA 1 TAG HEUER GRAND PRIX DE MONACO 2025,VER,Red Bull Racing,Q3,70.669,5.0,18.411,33.601,18.657,2.0,SOFT,True,222.0,207.0,267.0,280.0,21.1,40.5,59.0,1014.9,0.8,0.0,3,0
2025,8,FORMULA 1 TAG HEUER GRAND PRIX DE MONACO 2025,HAD,Racing Bulls,Q3,70.923,6.0,18.388,33.778,18.757,2.0,SOFT,True,224.0,202.0,269.0,279.0,21.1,40.5,59.0,1014.9,0.8,0.0,3,0
2025,8,FORMULA 1 TAG HEUER GRAND PRIX DE MONACO 2025,ALO,Aston Martin,Q3,70.924,7.0,18.515,33.737,18.672,3.0,SOFT,True,222.0,203.0,270.0,279.0,21.1,40.5,59.0,1014.9,0.8,0.0,3,0
2025,8,FORMULA 1 TAG HEUER GRAND PRIX DE MONACO 2025,OCO,Haas F1 Team,Q3,70.942,8.0,18.485,33.664,18.793,3.0,SOFT,True,218.0,213.0,270.0,281.0,21.1,40.5,59.0,1014.9,0.8,0.0,3,0
2025,8,FORMULA 1 TAG HEUER GRAND PRIX DE MONACO 2025,LAW,Racing Bulls,Q3,71.129,9.0,18.489,33.868,18.772,2.0,SOFT,True,222.0,207.0,270.0,278.0,21.1,40.5,59.0,1014.9,0.8,0.0,3,0
2025,8,FORMULA 1 TAG HEUER GRAND PRIX DE MONACO 2025,ALB,Williams,Q3,71.213,10.0,18.656,33.792,18.765,3.0,MEDIUM,True,222.0,203.0,269.0,277.0,21.1,40.5,59.0,1014.9,0.8,0.0,3,0
2025,9,FORMULA 1 ARAMCO GRAN PREMIO DE ESPAÑA 2025,PIA,McLaren,Q1,72.551,1.0,21.477,29.062,22.012,2.0,SOFT,True,296.0,315.0,297.0,327.0,29.2,47.8,36.0,1005.5,1.7,0.0,1,0
2025,9,FORMULA 1 ARAMCO GRAN PREMIO DE ESPAÑA 2025,VER,Red Bull Racing,Q1,72.798,3.0,21.612,29.189,21.997,2.0,SOFT,True,292.0,311.0,295.0,324.0,29.2,47.8,36.0,1005.5,1.7,0.0,1,0
2025,9,FORMULA 1 ARAMCO GRAN PREMIO DE ESPAÑA 2025,NOR,McLaren,Q1,72.799,2.0,21.439,29.139,22.221,2.0,SOFT,True,294.0,309.0,294.0,326.0,29.2,47.8,36.0,1005.5,1.7,0.0,1,0
2025,9,FORMULA 1 ARAMCO GRAN PREMIO DE ESPAÑA 2025,RUS,Mercedes,Q1,72.806,4.0,21.584,29.227,21.995,2.0,SOFT,True,289.0,308.0,295.0,329.0,29.2,47.8,36.0,1005.5,1.7,0.0,1,0
2025,9,FORMULA 1 ARAMCO GRAN PREMIO DE ESPAÑA 2025,ANT,Mercedes,Q1,72.815,6.0,21.682,29.032,22.101,2.0,SOFT,True,290.0,309.0,290.0,325.0,29.2,47.8,36.0,1005.5,1.7,0.0,1,0
2025,9,FORMULA 1 ARAMCO GRAN PREMIO DE ESPAÑA 2025,LEC,Ferrari,Q1,73.014,7.0,21.673,29.184,22.157,2.0,SOFT,True,292.0,310.0,293.0,324.0,29.2,47.8,36.0,1005.5,1.7,0.0,1,0
2025,9,FORMULA 1 ARAMCO GRAN PREMIO DE ESPAÑA 2025,STR,Aston Martin,Q1,73.038,14.0,21.604,29.299,22.135,2.0,SOFT,True,287.0,303.0,290.0,327.0,29.2,47.8,36.0,1005.5,1.7,0.0,1,0
2025,9,FORMULA 1 ARAMCO GRAN PREMIO DE ESPAÑA 2025,LAW,Racing Bulls,Q1,73.039,13.0,21.762,29.092,22.185,2.0,SOFT,True,290.0,310.0,293.0,323.0,29.2,47.8,36.0,1005.5,1.7,0.0,1,0
2025,9,FORMULA 1 ARAMCO GRAN PREMIO DE ESPAÑA 2025,ALB,Williams,Q1,73.044,11.0,21.593,29.193,22.258,2.0,SOFT,True,293.0,308.0,294.0,327.0,29.2,47.8,36.0,1005.5,1.7,0.0,1,0
2025,9,FORMULA 1 ARAMCO GRAN PREMIO DE ESPAÑA 2025,BOR,Kick Sauber,Q1,73.045,12.0,21.588,29.171,22.286,2.0,SOFT,True,291.0,308.0,286.0,326.0,29.2,47.8,36.0,1005.5,1.7,0.0,1,0
2025,9,FORMULA 1 ARAMCO GRAN PREMIO DE ESPAÑA 2025,HAM,Ferrari,Q1,73.058,5.0,21.583,29.333,22.142,2.0,SOFT,True,293.0,311.0,293.0,325.0,29.2,47.8,36.0,1005.5,1.7,0.0,1,0
2025,9,FORMULA 1 ARAMCO GRAN PREMIO DE ESPAÑA 2025,BEA,Haas F1 Team,Q1,73.074,15.0,21.666,29.236,22.172,2.0,SOFT,True,290.0,307.0,288.0,325.0,29.2,47.8,36.0,1005.5,1.7,0.0,1,0
2025,9,FORMULA 1 ARAMCO GRAN PREMIO DE ESPAÑA 2025,GAS,Alpine,Q1,73.081,8.0,21.755,29.163,22.163,2.0,SOFT,True,290.0,310.0,292.0,325.0,29.2,47.8,36.0,1005.5,1.7,0.0,1,0
2025,9,FORMULA 1 ARAMCO GRAN PREMIO DE ESPAÑA 2025,ALO,Aston Martin,Q1,73.102,10.0,21.703,29.28,22.119,2.0,SOFT,True,290.0,305.0,291.0,326.0,29.2,47.8,36.0,1005.5,1.7,0.0,1,0
2025,9,FORMULA 1 ARAMCO GRAN PREMIO DE ESPAÑA 2025,HAD,Racing Bulls,Q1,73.139,9.0,21.665,29.24,22.234,2.0,SOFT,True,289.0,309.0,292.0,325.0,29.2,47.8,36.0,1005.5,1.7,0.0,1,0
2025,9,FORMULA 1 ARAMCO GRAN PREMIO DE ESPAÑA 2025,HUL,Kick Sauber,Q1,73.19,16.0,21.713,29.182,22.295,2.0,SOFT,True,290.0,309.0,290.0,326.0,29.2,47.8,36.0,1005.5,1.7,0.0,1,0
2025,9,FORMULA 1 ARAMCO GRAN PREMIO DE ESPAÑA 2025,OCO,Haas F1 Team,Q1,73.201,17.0,21.68,29.261,22.26,2.0,SOFT,True,287.0,307.0,283.0,326.0,29.2,47.8,36.0,1005.5,1.7,0.0,1,0
2025,9,FORMULA 1 ARAMCO GRAN PREMIO DE ESPAÑA 2025,SAI,Williams,Q1,73.203,18.0,21.571,29.37,22.262,2.0,SOFT,True,291.0,307.0,292.0,327.0,29.2,47.8,36.0,1005.5,1.7,0.0,1,0
2025,9,FORMULA 1 ARAMCO GRAN PREMIO DE ESPAÑA 2025,COL,Alpine,Q1,73.334,19.0,21.768,29.361,22.205,2.0,SOFT,True,293.0,307.0,293.0,326.0,29.2,47.8,36.0,1005.5,1.7,0.0,1,0
2025,9,FORMULA 1 ARAMCO GRAN PREMIO DE ESPAÑA 2025,TSU,Red Bull Racing,Q1,73.385,20.0,21.804,29.379,22.202,2.0,SOFT,True,290.0,308.0,291.0,323.0,29.2,47.8,36.0,1005.5,1.7,0.0,1,0
2025,9,FORMULA 1 ARAMCO GRAN PREMIO DE ESPAÑA 2025,PIA,McLaren,Q2,71.998,1.0,21.366,28.729,21.903,2.0,SOFT,True,294.0,312.0,295.0,329.0,29.2,47.8,36.0,1005.5,1.7,0.0,2,0
2025,9,FORMULA 1 ARAMCO GRAN PREMIO DE ESPAÑA 2025,NOR,McLaren,Q2,72.056,2.0,21.504,28.646,21.906,2.0,SOFT,True,294.0,312.0,296.0,325.0,29.2,47.8,36.0,1005.5,1.7,0.0,2,0
2025,9,FORMULA 1 ARAMCO GRAN PREMIO DE ESPAÑA 2025,VER,Red Bull Racing,Q2,72.358,3.0,21.617,28.898,21.843,2.0,SOFT,True,292.0,313.0,297.0,323.0,29.2,47.8,36.0,1005.5,1.7,0.0,2,0
2025,9,FORMULA 1 ARAMCO GRAN PREMIO DE ESPAÑA 2025,RUS,Mercedes,Q2,72.407,4.0,21.443,29.029,21.935,2.0,SOFT,True,290.0,310.0,295.0,330.0,29.2,47.8,36.0,1005.5,1.7,0.0,2,0
2025,9,FORMULA 1 ARAMCO GRAN PREMIO DE ESPAÑA 2025,HAM,Ferrari,Q2,72.447,5.0,21.476,28.958,22.013,2.0,SOFT,True,293.0,312.0,292.0,326.0,29.2,47.8,36.0,1005.5,1.7,0.0,2,0
2025,9,FORMULA 1 ARAMCO GRAN PREMIO DE ESPAÑA 2025,HAD,Racing Bulls,Q2,72.461,9.0,21.582,28.973,21.906,2.0,SOFT,True,290.0,310.0,293.0,322.0,29.2,47.8,36.0,1005.5,1.7,0.0,2,0
2025,9,FORMULA 1 ARAMCO GRAN PREMIO DE ESPAÑA 2025,LEC,Ferrari,Q2,72.495,7.0,21.501,28.955,22.039,2.0,SOFT,True,292.0,311.0,295.0,326.0,29.2,47.8,36.0,1005.5,1.7,0.0,2,0
2025,9,FORMULA 1 ARAMCO GRAN PREMIO DE ESPAÑA 2025,ALO,Aston Martin,Q2,72.523,10.0,21.591,28.949,21.983,2.0,SOFT,True,290.0,304.0,292.0,326.0,29.2,47.8,36.0,1005.5,1.7,0.0,2,0
2025,9,FORMULA 1 ARAMCO GRAN PREMIO DE ESPAÑA 2025,ANT,Mercedes,Q2,72.585,6.0,21.67,28.957,21.958,2.0,SOFT,True,292.0,311.0,290.0,325.0,29.2,47.8,36.0,1005.5,1.7,0.0,2,0
2025,9,FORMULA 1 ARAMCO GRAN PREMIO DE ESPAÑA 2025,GAS,Alpine,Q2,72.611,8.0,21.676,29.035,21.9,2.0,SOFT,True,292.0,311.0,295.0,325.0,29.2,47.8,36.0,1005.5,1.7,0.0,2,0
2025,9,FORMULA 1 ARAMCO GRAN PREMIO DE ESPAÑA 2025,ALB,Williams,Q2,72.641,11.0,21.465,29.111,22.065,2.0,SOFT,True,293.0,309.0,287.0,326.0,29.2,47.8,36.0,1005.5,1.7,0.0,2,0
2025,9,FORMULA 1 ARAMCO GRAN PREMIO DE ESPAÑA 2025,BOR,Kick Sauber,Q2,72.756,12.0,21.556,29.102,22.098,2.0,SOFT,True,293.0,310.0,292.0,327.0,29.2,47.8,36.0,1005.5,1.7,0.0,2,0
2025,9,FORMULA 1 ARAMCO GRAN PREMIO DE ESPAÑA 2025,LAW,Racing Bulls,Q2,72.763,13.0,21.693,29.083,21.987,2.0,SOFT,True,291.0,309.0,287.0,325.0,29.2,47.8,36.0,1005.5,1.7,0.0,2,0
2025,9,FORMULA 1 ARAMCO GRAN PREMIO DE ESPAÑA 2025,STR,Aston Martin,Q2,73.058,14.0,21.748,29.185,22.125,2.0,SOFT,True,285.0,306.0,288.0,322.0,29.2,47.8,36.0,1005.5,1.7,0.0,2,0
2025,9,FORMULA 1 ARAMCO GRAN PREMIO DE ESPAÑA 2025,BEA,Haas F1 Team,Q2,73.315,15.0,21.797,29.334,22.184,5.0,SOFT,False,288.0,307.0,289.0,323.0,29.2,47.8,36.0,1005.5,1.7,0.0,2,0
2025,9,FORMULA 1 ARAMCO GRAN PREMIO DE ESPAÑA 2025,PIA,McLaren,Q3,71.546,1.0,21.259,28.58,21.707,2.0,SOFT,True,294.0,311.0,297.0,326.0,29.2,47.8,36.0,1005.5,1.7,0.0,3,0
2025,9,FORMULA 1 ARAMCO GRAN PREMIO DE ESPAÑA 2025,NOR,McLaren,Q3,71.755,2.0,21.27,28.709,21.776,2.0,SOFT,True,294.0,310.0,295.0,325.0,29.2,47.8,36.0,1005.5,1.7,0.0,3,0
2025,9,FORMULA 1 ARAMCO GRAN PREMIO DE ESPAÑA 2025,RUS,Mercedes,Q3,71.848,4.0,21.376,28.719,21.753,5.0,SOFT,False,290.0,313.0,294.0,327.0,29.2,47.8,36.0,1005.5,1.7,0.0,3,0
2025,9,FORMULA 1 ARAMCO GRAN PREMIO DE ESPAÑA 2025,VER,Red Bull Racing,Q3,71.848,3.0,21.464,28.704,21.68,2.0,SOFT,True,292.0,314.0,295.0,325.0,29.2,47.8,36.0,1005.5,1.7,0.0,3,0
2025,9,FORMULA 1 ARAMCO GRAN PREMIO DE ESPAÑA 2025,HAM,Ferrari,Q3,72.045,5.0,21.547,28.7,21.798,2.0,SOFT,True,292.0,312.0,293.0,324.0,29.2,47.8,36.0,1005.5,1.7,0.0,3,0
2025,9,FORMULA 1 ARAMCO GRAN PREMIO DE ESPAÑA 2025,ANT,Mercedes,Q3,72.111,6.0,21.524,28.74,21.847,5.0,SOFT,False,290.0,311.0,291.0,326.0,29.2,47.8,36.0,1005.5,1.7,0.0,3,0
2025,9,FORMULA 1 ARAMCO GRAN PREMIO DE ESPAÑA 2025,LEC,Ferrari,Q3,72.131,7.0,21.458,28.729,21.944,2.0,SOFT,True,292.0,312.0,293.0,325.0,29.2,47.8,36.0,1005.5,1.7,0.0,3,0
2025,9,FORMULA 1 ARAMCO GRAN PREMIO DE ESPAÑA 2025,GAS,Alpine,Q3,72.199,8.0,21.594,28.747,21.858,2.0,SOFT,True,291.0,312.0,292.0,324.0,29.2,47.8,36.0,1005.5,1.7,0.0,3,0
2025,9,FORMULA 1 ARAMCO GRAN PREMIO DE ESPAÑA 2025,HAD,Racing Bulls,Q3,72.252,9.0,21.564,28.822,21.866,2.0,SOFT,True,289.0,311.0,292.0,320.0,29.2,47.8,36.0,1005.5,1.7,0.0,3,0
2025,9,FORMULA 1 ARAMCO GRAN PREMIO DE ESPAÑA 2025,ALO,Aston Martin,Q3,72.284,10.0,21.633,28.879,21.772,2.0,SOFT,True,286.0,310.0,280.0,321.0,29.2,47.8,36.0,1005.5,1.7,0.0,3,0
2025,10,FORMULA 1 PIRELLI GRAND PRIX DU CANADA 2025,NOR,McLaren,Q1,71.826,7.0,20.048,22.668,29.11,2.0,SOFT,True,263.0,284.0,297.0,332.0,21.3,43.1,31.0,1018.9,2.3,0.0,1,0
2025,10,FORMULA 1 PIRELLI GRAND PRIX DU CANADA 2025,PIA,McLaren,Q1,71.939,3.0,20.171,22.762,29.006,6.0,SOFT,False,262.0,284.0,299.0,331.0,21.3,43.1,31.0,1018.9,2.3,0.0,1,0
2025,10,FORMULA 1 PIRELLI GRAND PRIX DU CANADA 2025,HAM,Ferrari,Q1,71.952,5.0,20.073,22.755,29.124,2.0,SOFT,True,263.0,286.0,298.0,333.0,21.3,43.1,31.0,1018.9,2.3,0.0,1,0
2025,10,FORMULA 1 PIRELLI GRAND PRIX DU CANADA 2025,LEC,Ferrari,Q1,72.038,8.0,20.227,22.749,29.062,11.0,SOFT,False,264.0,286.0,298.0,332.0,21.3,43.1,31.0,1018.9,2.3,0.0,1,0
2025,10,FORMULA 1 PIRELLI GRAND PRIX DU CANADA 2025,VER,Red Bull Racing,Q1,72.054,2.0,20.189,22.798,29.067,5.0,SOFT,False,259.0,286.0,297.0,336.0,21.3,43.1,31.0,1018.9,2.3,0.0,1,0
2025,10,FORMULA 1 PIRELLI GRAND PRIX DU CANADA 2025,ALO,Aston Martin,Q1,72.073,6.0,20.139,22.771,29.163,9.0,MEDIUM,False,260.0,283.0,297.0,331.0,21.3,43.1,31.0,1018.9,2.3,0.0,1,0
2025,10,FORMULA 1 PIRELLI GRAND PRIX DU CANADA 2025,RUS,Mercedes,Q1,72.075,1.0,20.236,22.665,29.174,2.0,SOFT,True,264.0,284.0,295.0,329.0,21.3,43.1,31.0,1018.9,2.3,0.0,1,0
2025,10,FORMULA 1 PIRELLI GRAND PRIX DU CANADA 2025,ALB,Williams,Q1,72.09,10.0,20.111,22.752,29.227,5.0,SOFT,False,262.0,284.0,296.0,330.0,21.3,43.1,31.0,1018.9,2.3,0.0,1,0
2025,10,FORMULA 1 PIRELLI GRAND PRIX DU CANADA 2025,HAD,Racing Bulls,Q1,72.211,9.0,20.18,22.891,29.14,2.0,SOFT,True,261.0,285.0,296.0,330.0,21.3,43.1,31.0,1018.9,2.3,0.0,1,0
2025,10,FORMULA 1 PIRELLI GRAND PRIX DU CANADA 2025,COL,Alpine,Q1,72.234,12.0,20.145,22.795,29.294,2.0,SOFT,True,261.0,282.0,296.0,328.0,21.3,43.1,31.0,1018.9,2.3,0.0,1,0
2025,10,FORMULA 1 PIRELLI GRAND PRIX DU CANADA 2025,ANT,Mercedes,Q1,72.279,4.0,20.308,22.893,29.078,2.0,SOFT,True,260.0,284.0,296.0,329.0,21.3,43.1,31.0,1018.9,2.3,0.0,1,0
2025,10,FORMULA 1 PIRELLI GRAND PRIX DU CANADA 2025,BEA,Haas F1 Team,Q1,72.306,14.0,20.104,22.679,29.523,3.0,SOFT,True,262.0,282.0,293.0,329.0,21.3,43.1,31.0,1018.9,2.3,0.0,1,0
2025,10,FORMULA 1 PIRELLI GRAND PRIX DU CANADA 2025,HUL,Kick Sauber,Q1,72.323,13.0,20.301,22.889,29.133,3.0,SOFT,True,262.0,285.0,297.0,329.0,21.3,43.1,31.0,1018.9,2.3,0.0,1,0
2025,10,FORMULA 1 PIRELLI GRAND PRIX DU CANADA 2025,TSU,Red Bull Racing,Q1,72.334,11.0,20.169,22.866,29.299,2.0,SOFT,True,263.0,285.0,298.0,334.0,21.3,43.1,31.0,1018.9,2.3,0.0,1,0
2025,10,FORMULA 1 PIRELLI GRAND PRIX DU CANADA 2025,OCO,Haas F1 Team,Q1,72.378,15.0,20.246,22.906,29.226,3.0,SOFT,True,262.0,282.0,295.0,326.0,21.3,43.1,31.0,1018.9,2.3,0.0,1,0
2025,10,FORMULA 1 PIRELLI GRAND PRIX DU CANADA 2025,BOR,Kick Sauber,Q1,72.385,16.0,20.332,22.886,29.167,3.0,SOFT,True,264.0,284.0,297.0,330.0,21.3,43.1,31.0,1018.9,2.3,0.0,1,0
2025,10,FORMULA 1 PIRELLI GRAND PRIX DU CANADA 2025,SAI,Williams,Q1,72.398,17.0,20.27,22.935,29.193,6.0,SOFT,False,263.0,284.0,294.0,330.0,21.3,43.1,31.0,1018.9,2.3,0.0,1,0
2025,10,FORMULA 1 PIRELLI GRAND PRIX DU CANADA 2025,STR,Aston Martin,Q1,72.517,18.0,20.296,22.891,29.33,4.0,SOFT,True,262.0,283.0,297.0,333.0,21.3,43.1,31.0,1018.9,2.3,0.0,1,0
2025,10,FORMULA 1 PIRELLI GRAND PRIX DU CANADA 2025,LAW,Racing Bulls,Q1,72.525,19.0,20.119,23.021,29.385,2.0,SOFT,True,260.0,284.0,295.0,329.0,21.3,43.1,31.0,1018.9,2.3,0.0,1,0
2025,10,FORMULA 1 PIRELLI GRAND PRIX DU CANADA 2025,GAS,Alpine,Q1,72.667,20.0,20.045,23.006,29.616,2.0,SOFT,True,261.0,281.0,293.0,328.0,21.3,43.1,31.0,1018.9,2.3,0.0,1,0
2025,10,FORMULA 1 PIRELLI GRAND PRIX DU CANADA 2025,RUS,Mercedes,Q2,71.57,1.0,20.078,22.484,29.008,2.0,MEDIUM,True,263.0,284.0,294.0,328.0,21.3,43.1,31.0,1018.9,2.3,0.0,2,0
2025,10,FORMULA 1 PIRELLI GRAND PRIX DU CANADA 2025,NOR,McLaren,Q2,71.599,7.0,20.107,22.606,28.886,8.0,SOFT,False,263.0,282.0,296.0,330.0,21.3,43.1,31.0,1018.9,2.3,0.0,2,0
2025,10,FORMULA 1 PIRELLI GRAND PRIX DU CANADA 2025,LEC,Ferrari,Q2,71.626,8.0,20.046,22.607,28.973,2.0,SOFT,True,265.0,284.0,296.0,330.0,21.3,43.1,31.0,1018.9,2.3,0.0,2,0
2025,10,FORMULA 1 PIRELLI GRAND PRIX DU CANADA 2025,VER,Red Bull Racing,Q2,71.638,2.0,19.835,22.743,29.06,2.0,MEDIUM,True,262.0,281.0,297.0,330.0,21.3,43.1,31.0,1018.9,2.3,0.0,2,0
2025,10,FORMULA 1 PIRELLI GRAND PRIX DU CANADA 2025,PIA,McLaren,Q2,71.715,3.0,19.981,22.685,29.049,2.0,SOFT,True,263.0,281.0,295.0,329.0,21.3,43.1,31.0,1018.9,2.3,0.0,2,0
2025,10,FORMULA 1 PIRELLI GRAND PRIX DU CANADA 2025,ALO,Aston Martin,Q2,71.805,6.0,19.922,22.704,29.179,3.0,MEDIUM,True,264.0,285.0,294.0,331.0,21.3,43.1,31.0,1018.9,2.3,0.0,2,0
2025,10,FORMULA 1 PIRELLI GRAND PRIX DU CANADA 2025,HAM,Ferrari,Q2,71.885,5.0,20.055,22.746,29.084,9.0,SOFT,False,262.0,283.0,295.0,328.0,21.3,43.1,31.0,1018.9,2.3,0.0,2,0
2025,10,FORMULA 1 PIRELLI GRAND PRIX DU CANADA 2025,ALB,Williams,Q2,71.892,10.0,20.157,22.65,29.085,6.0,MEDIUM,True,265.0,284.0,295.0,332.0,21.3,43.1,31.0,1018.9,2.3,0.0,2,0
2025,10,FORMULA 1 PIRELLI GRAND PRIX DU CANADA 2025,ANT,Mercedes,Q2,71.974,4.0,20.113,22.763,29.098,2.0,MEDIUM,True,263.0,282.0,294.0,327.0,21.3,43.1,31.0,1018.9,2.3,0.0,2,0
2025,10,FORMULA 1 PIRELLI GRAND PRIX DU CANADA 2025,HAD,Racing Bulls,Q2,72.003,9.0,20.054,22.882,29.067,2.0,SOFT,True,262.0,283.0,294.0,330.0,21.3,43.1,31.0,1018.9,2.3,0.0,2,0
2025,10,FORMULA 1 PIRELLI GRAND PRIX DU CANADA 2025,TSU,Red Bull Racing,Q2,72.102,11.0,20.139,22.714,29.249,2.0,SOFT,True,262.0,283.0,293.0,330.0,21.3,43.1,31.0,1018.9,2.3,0.0,2,0
2025,10,FORMULA 1 PIRELLI GRAND PRIX DU CANADA 2025,COL,Alpine,Q2,72.142,12.0,20.147,22.645,29.35,2.0,MEDIUM,True,259.0,283.0,293.0,329.0,21.3,43.1,31.0,1018.9,2.3,0.0,2,0
2025,10,FORMULA 1 PIRELLI GRAND PRIX DU CANADA 2025,HUL,Kick Sauber,Q2,72.183,13.0,20.241,22.771,29.171,3.0,SOFT,True,262.0,284.0,293.0,329.0,21.3,43.1,31.0,1018.9,2.3,0.0,2,0
2025,10,FORMULA 1 PIRELLI GRAND PRIX DU CANADA 2025,BEA,Haas F1 Team,Q2,72.34,14.0,20.089,22.914,29.337,6.0,SOFT,False,261.0,280.0,291.0,327.0,21.3,43.1,31.0,1018.9,2.3,0.0,2,0
2025,10,FORMULA 1 PIRELLI GRAND PRIX DU CANADA 2025,OCO,Haas F1 Team,Q2,72.634,15.0,20.356,23.023,29.255,6.0,SOFT,False,262.0,279.0,291.0,323.0,21.3,43.1,31.0,1018.9,2.3,0.0,2,0
2025,10,FORMULA 1 PIRELLI GRAND PRIX DU CANADA 2025,RUS,Mercedes,Q3,70.899,1.0,19.781,22.281,28.837,2.0,MEDIUM,True,264.0,283.0,296.0,329.0,21.3,43.1,31.0,1018.9,2.3,0.0,3,0
2025,10,FORMULA 1 PIRELLI GRAND PRIX DU CANADA 2025,VER,Red Bull Racing,Q3,71.059,2.0,19.718,22.4,28.941,2.0,MEDIUM,True,263.0,285.0,297.0,332.0,21.3,43.1,31.0,1018.9,2.3,0.0,3,0
2025,10,FORMULA 1 PIRELLI GRAND PRIX DU CANADA 2025,PIA,McLaren,Q3,71.12,3.0,19.888,22.517,28.715,2.0,SOFT,True,263.0,283.0,295.0,329.0,21.3,43.1,31.0,1018.9,2.3,0.0,3,0
2025,10,FORMULA 1 PIRELLI GRAND PRIX DU CANADA 2025,ANT,Mercedes,Q3,71.391,4.0,19.877,22.491,29.023,5.0,MEDIUM,False,262.0,284.0,295.0,330.0,21.3,43.1,31.0,1018.9,2.3,0.0,3,0
2025,10,FORMULA 1 PIRELLI GRAND PRIX DU CANADA 2025,HAM,Ferrari,Q3,71.526,5.0,19.995,22.544,28.987,2.0,SOFT,True,262.0,284.0,297.0,329.0,21.3,43.1,31.0,1018.9,2.3,0.0,3,0
2025,10,FORMULA 1 PIRELLI GRAND PRIX DU CANADA 2025,ALO,Aston Martin,Q3,71.586,6.0,19.928,22.596,29.062,2.0,MEDIUM,True,261.0,282.0,295.0,328.0,21.3,43.1,31.0,1018.9,2.3,0.0,3,0
2025,10,FORMULA 1 PIRELLI GRAND PRIX DU CANADA 2025,NOR,McLaren,Q3,71.625,7.0,19.996,22.651,28.978,4.0,SOFT,True,263.0,284.0,299.0,330.0,21.3,43.1,31.0,1018.9,2.3,0.0,3,0
2025,10,FORMULA 1 PIRELLI GRAND PRIX DU CANADA 2025,LEC,Ferrari,Q3,71.682,8.0,20.077,22.682,28.923,4.0,SOFT,True,265.0,284.0,298.0,330.0,21.3,43.1,31.0,1018.9,2.3,0.0,3,0
2025,10,FORMULA 1 PIRELLI GRAND PRIX DU CANADA 2025,HAD,Racing Bulls,Q3,71.867,9.0,20.043,22.789,29.035,2.0,SOFT,True,263.0,282.0,295.0,329.0,21.3,43.1,31.0,1018.9,2.3,0.0,3,0
2025,10,FORMULA 1 PIRELLI GRAND PRIX DU CANADA 2025,ALB,Williams,Q3,71.907,10.0,20.105,22.668,29.134,2.0,SOFT,True,263.0,283.0,295.0,330.0,21.3,43.1,31.0,1018.9,2.3,0.0,3,0
2025,11,FORMULA 1 MSC CRUISES AUSTRIAN GRAND PRIX 2025,NOR,McLaren,Q1,64.672,1.0,16.434,28.843,19.395,2.0,SOFT,True,316.0,250.0,288.0,318.0,27.8,47.2,34.0,945.3,1.3,0.0,1,0
2025,11,FORMULA 1 MSC CRUISES AUSTRIAN GRAND PRIX 2025,PIA,McLaren,Q1,64.966,3.0,16.454,28.889,19.623,7.0,SOFT,False,314.0,251.0,284.0,320.0,27.8,47.2,34.0,945.3,1.3,0.0,1,0
2025,11,FORMULA 1 MSC CRUISES AUSTRIAN GRAND PRIX 2025,LAW,Racing Bulls,Q1,65.017,6.0,16.579,28.839,19.599,2.0,SOFT,True,312.0,250.0,285.0,316.0,27.8,47.2,34.0,945.3,1.3,0.0,1,0
2025,11,FORMULA 1 MSC CRUISES AUSTRIAN GRAND PRIX 2025,GAS,Alpine,Q1,65.054,10.0,16.527,28.909,19.618,5.0,SOFT,False,315.0,247.0,287.0,318.0,27.8,47.2,34.0,945.3,1.3,0.0,1,0
2025,11,FORMULA 1 MSC CRUISES AUSTRIAN GRAND PRIX 2025,HAD,Racing Bulls,Q1,65.063,13.0,16.556,28.822,19.685,,NONE,True,312.0,247.0,282.0,320.0,27.8,47.2,34.0,945.3,1.3,0.0,1,0
2025,11,FORMULA 1 MSC CRUISES AUSTRIAN GRAND PRIX 2025,VER,Red Bull Racing,Q1,65.106,7.0,16.37,29.123,19.613,2.0,SOFT,False,319.0,247.0,285.0,318.0,27.8,47.2,34.0,945.3,1.3,0.0,1,0
2025,11,FORMULA 1 MSC CRUISES AUSTRIAN GRAND PRIX 2025,HAM,Ferrari,Q1,65.115,4.0,16.546,28.892,19.677,2.0,SOFT,True,314.0,246.0,285.0,319.0,27.8,47.2,34.0,945.3,1.3,0.0,1,0
2025,11,FORMULA 1 MSC CRUISES AUSTRIAN GRAND PRIX 2025,BOR,Kick Sauber,Q1,65.123,8.0,16.523,28.96,19.64,2.0,SOFT,True,317.0,245.0,284.0,319.0,27.8,47.2,34.0,945.3,1.3,0.0,1,0
2025,11,FORMULA 1 MSC CRUISES AUSTRIAN GRAND PRIX 2025,ALB,Williams,Q1,65.143,12.0,16.395,28.779,19.969,,NONE,True,316.0,250.0,284.0,319.0,27.8,47.2,34.0,945.3,1.3,0.0,1,0
2025,11,FORMULA 1 MSC CRUISES AUSTRIAN GRAND PRIX 2025,ANT,Mercedes,Q1,65.178,9.0,16.319,29.115,19.744,,NONE,True,317.0,247.0,284.0,321.0,27.8,47.2,34.0,945.3,1.3,0.0,1,0
2025,11,FORMULA 1 MSC CRUISES AUSTRIAN GRAND PRIX 2025,RUS,Mercedes,Q1,65.189,5.0,16.369,29.315,19.505,2.0,SOFT,True,317.0,248.0,287.0,318.0,27.8,47.2,34.0,945.3,1.3,0.0,1,0
2025,11,FORMULA 1 MSC CRUISES AUSTRIAN GRAND PRIX 2025,ALO,Aston Martin,Q1,65.197,11.0,16.511,28.957,19.729,2.0,SOFT,True,318.0,246.0,284.0,320.0,27.8,47.2,34.0,945.3,1.3,0.0,1,0
2025,11,FORMULA 1 MSC CRUISES AUSTRIAN GRAND PRIX 2025,LEC,Ferrari,Q1,65.197,2.0,16.531,29.011,19.655,5.0,NONE,False,315.0,247.0,284.0,320.0,27.8,47.2,34.0,945.3,1.3,0.0,1,0
2025,11,FORMULA 1 MSC CRUISES AUSTRIAN GRAND PRIX 2025,BEA,Haas F1 Team,Q1,65.218,15.0,16.553,28.878,19.787,2.0,SOFT,True,315.0,245.0,284.0,318.0,27.8,47.2,34.0,945.3,1.3,0.0,1,0
2025,11,FORMULA 1 MSC CRUISES AUSTRIAN GRAND PRIX 2025,COL,Alpine,Q1,65.278,14.0,16.626,28.974,19.678,2.0,SOFT,True,313.0,247.0,283.0,318.0,27.8,47.2,34.0,945.3,1.3,0.0,1,0
2025,11,FORMULA 1 MSC CRUISES AUSTRIAN GRAND PRIX 2025,STR,Aston Martin,Q1,65.329,16.0,16.508,29.036,19.785,2.0,SOFT,True,317.0,249.0,283.0,319.0,27.8,47.2,34.0,945.3,1.3,0.0,1,0
2025,11,FORMULA 1 MSC CRUISES AUSTRIAN GRAND PRIX 2025,OCO,Haas F1 Team,Q1,65.364,17.0,16.613,29.012,19.739,2.0,SOFT,True,313.0,247.0,285.0,319.0,27.8,47.2,34.0,945.3,1.3,0.0,1,0
2025,11,FORMULA 1 MSC CRUISES AUSTRIAN GRAND PRIX 2025,TSU,Red Bull Racing,Q1,65.369,18.0,16.574,29.027,19.768,2.0,SOFT,True,319.0,248.0,287.0,321.0,27.8,47.2,34.0,945.3,1.3,0.0,1,0
2025,11,FORMULA 1 MSC CRUISES AUSTRIAN GRAND PRIX 2025,SAI,Williams,Q1,65.582,19.0,16.515,29.13,19.937,2.0,SOFT,True,314.0,244.0,284.0,317.0,27.8,47.2,34.0,945.3,1.3,0.0,1,0
2025,11,FORMULA 1 MSC CRUISES AUSTRIAN GRAND PRIX 2025,HUL,Kick Sauber,Q1,65.606,20.0,16.581,29.067,19.958,5.0,SOFT,False,314.0,244.0,283.0,316.0,27.8,47.2,34.0,945.3,1.3,0.0,1,0
2025,11,FORMULA 1 MSC CRUISES AUSTRIAN GRAND PRIX 2025,NOR,McLaren,Q2,64.41,1.0,16.424,28.623,19.363,2.0,SOFT,True,313.0,250.0,287.0,321.0,27.8,47.2,34.0,945.3,1.3,0.0,2,0
2025,11,FORMULA 1 MSC CRUISES AUSTRIAN GRAND PRIX 2025,PIA,McLaren,Q2,64.556,3.0,16.354,28.694,19.508,2.0,SOFT,True,314.0,251.0,286.0,322.0,27.8,47.2,34.0,945.3,1.3,0.0,2,0
2025,11,FORMULA 1 MSC CRUISES AUSTRIAN GRAND PRIX 2025,LEC,Ferrari,Q2,64.734,2.0,16.391,28.867,19.476,5.0,SOFT,False,318.0,247.0,287.0,317.0,27.8,47.2,34.0,945.3,1.3,0.0,2,0
2025,11,FORMULA 1 MSC CRUISES AUSTRIAN GRAND PRIX 2025,VER,Red Bull Racing,Q2,64.836,7.0,16.439,28.901,19.496,2.0,SOFT,True,320.0,247.0,287.0,318.0,27.8,47.2,34.0,945.3,1.3,0.0,2,0
2025,11,FORMULA 1 MSC CRUISES AUSTRIAN GRAND PRIX 2025,BOR,Kick Sauber,Q2,64.846,8.0,16.492,28.868,19.486,2.0,SOFT,True,318.0,249.0,286.0,318.0,27.8,47.2,34.0,945.3,1.3,0.0,2,0
2025,11,FORMULA 1 MSC CRUISES AUSTRIAN GRAND PRIX 2025,GAS,Alpine,Q2,64.846,10.0,16.461,28.813,19.572,2.0,SOFT,True,317.0,247.0,287.0,317.0,27.8,47.2,34.0,945.3,1.3,0.0,2,0
2025,11,FORMULA 1 MSC CRUISES AUSTRIAN GRAND PRIX 2025,RUS,Mercedes,Q2,64.86,5.0,16.31,29.006,19.544,2.0,SOFT,True,320.0,247.0,287.0,320.0,27.8,47.2,34.0,945.3,1.3,0.0,2,0
2025,11,FORMULA 1 MSC CRUISES AUSTRIAN GRAND PRIX 2025,HAM,Ferrari,Q2,64.896,4.0,16.433,28.898,19.565,2.0,SOFT,True,314.0,250.0,279.0,321.0,27.8,47.2,34.0,945.3,1.3,0.0,2,0
2025,11,FORMULA 1 MSC CRUISES AUSTRIAN GRAND PRIX 2025,LAW,Racing Bulls,Q2,65.041,6.0,16.493,29.045,19.503,2.0,SOFT,True,317.0,251.0,287.0,315.0,27.8,47.2,34.0,945.3,1.3,0.0,2,0
2025,11,FORMULA 1 MSC CRUISES AUSTRIAN GRAND PRIX 2025,ANT,Mercedes,Q2,65.052,9.0,16.338,29.161,19.553,2.0,SOFT,True,320.0,247.0,287.0,318.0,27.8,47.2,34.0,945.3,1.3,0.0,2,0
2025,11,FORMULA 1 MSC CRUISES AUSTRIAN GRAND PRIX 2025,ALO,Aston Martin,Q2,65.128,11.0,16.494,29.038,19.596,2.0,SOFT,True,319.0,249.0,285.0,316.0,27.8,47.2,34.0,945.3,1.3,0.0,2,0
2025,11,FORMULA 1 MSC CRUISES AUSTRIAN GRAND PRIX 2025,ALB,Williams,Q2,65.205,12.0,16.445,29.025,19.735,4.0,SOFT,False,315.0,244.0,285.0,316.0,27.8,47.2,34.0,945.3,1.3,0.0,2,0
2025,11,FORMULA 1 MSC CRUISES AUSTRIAN GRAND PRIX 2025,HAD,Racing Bulls,Q2,65.226,13.0,16.712,28.884,19.63,2.0,SOFT,True,313.0,249.0,283.0,316.0,27.8,47.2,34.0,945.3,1.3,0.0,2,0
2025,11,FORMULA 1 MSC CRUISES AUSTRIAN GRAND PRIX 2025,COL,Alpine,Q2,65.288,14.0,16.482,29.112,19.694,2.0,SOFT,True,317.0,246.0,286.0,316.0,27.8,47.2,34.0,945.3,1.3,0.0,2,0
2025,11,FORMULA 1 MSC CRUISES AUSTRIAN GRAND PRIX 2025,BEA,Haas F1 Team,Q2,65.312,15.0,16.544,29.127,19.641,2.0,SOFT,True,317.0,246.0,284.0,317.0,27.8,47.2,34.0,945.3,1.3,0.0,2,0
2025,11,FORMULA 1 MSC CRUISES AUSTRIAN GRAND PRIX 2025,NOR,McLaren,Q3,63.971,1.0,16.285,28.436,19.25,2.0,SOFT,True,316.0,252.0,286.0,318.0,27.8,47.2,34.0,945.3,1.3,0.0,3,0
2025,11,FORMULA 1 MSC CRUISES AUSTRIAN GRAND PRIX 2025,LEC,Ferrari,Q3,64.492,2.0,16.371,28.763,19.358,2.0,SOFT,True,315.0,249.0,285.0,321.0,27.8,47.2,34.0,945.3,1.3,0.0,3,0
2025,11,FORMULA 1 MSC CRUISES AUSTRIAN GRAND PRIX 2025,PIA,McLaren,Q3,64.554,3.0,16.469,28.792,19.293,2.0,SOFT,True,315.0,255.0,286.0,321.0,27.8,47.2,34.0,945.3,1.3,0.0,3,0
2025,11,FORMULA 1 MSC CRUISES AUSTRIAN GRAND PRIX 2025,HAM,Ferrari,Q3,64.582,4.0,16.366,28.703,19.513,2.0,SOFT,True,316.0,247.0,285.0,319.0,27.8,47.2,34.0,945.3,1.3,0.0,3,0
2025,11,FORMULA 1 MSC CRUISES AUSTRIAN GRAND PRIX 2025,RUS,Mercedes,Q3,64.763,5.0,16.34,28.979,19.444,2.0,SOFT,True,317.0,250.0,287.0,319.0,27.8,47.2,34.0,945.3,1.3,0.0,3,0
2025,11,FORMULA 1 MSC CRUISES AUSTRIAN GRAND PRIX 2025,LAW,Racing Bulls,Q3,64.926,6.0,16.526,28.839,19.561,2.0,SOFT,True,314.0,251.0,285.0,316.0,27.8,47.2,34.0,945.3,1.3,0.0,3,0
2025,11,FORMULA 1 MSC CRUISES AUSTRIAN GRAND PRIX 2025,VER,Red Bull Racing,Q3,64.929,7.0,16.496,28.905,19.528,5.0,SOFT,False,316.0,249.0,280.0,320.0,27.8,47.2,34.0,945.3,1.3,0.0,3,0
2025,11,FORMULA 1 MSC CRUISES AUSTRIAN GRAND PRIX 2025,BOR,Kick Sauber,Q3,65.132,8.0,16.613,28.941,19.578,2.0,SOFT,True,315.0,248.0,285.0,316.0,27.8,47.2,34.0,945.3,1.3,0.0,3,0
2025,11,FORMULA 1 MSC CRUISES AUSTRIAN GRAND PRIX 2025,ANT,Mercedes,Q3,65.276,9.0,16.439,29.177,19.66,5.0,SOFT,False,316.0,248.0,286.0,321.0,27.8,47.2,34.0,945.3,1.3,0.0,3,0
2025,11,FORMULA 1 MSC CRUISES AUSTRIAN GRAND PRIX 2025,GAS,Alpine,Q3,65.649,10.0,16.56,29.314,19.775,5.0,SOFT,False,313.0,242.0,285.0,319.0,27.8,47.2,34.0,945.3,1.3,0.0,3,0
2025,12,FORMULA 1 QATAR AIRWAYS BRITISH GRAND PRIX 2025,VER,Red Bull Racing,Q1,85.886,1.0,27.836,34.494,23.556,5.0,SOFT,False,324.0,272.0,257.0,323.0,19.9,27.4,76.0,994.9,4.0,0.0,1,0
2025,12,FORMULA 1 QATAR AIRWAYS BRITISH GRAND PRIX 2025,PIA,McLaren,Q1,85.963,2.0,27.97,34.551,23.442,8.0,SOFT,False,318.0,272.0,256.0,316.0,19.9,27.4,76.0,994.9,4.0,0.0,1,0
2025,12,FORMULA 1 QATAR AIRWAYS BRITISH GRAND PRIX 2025,BEA,Haas F1 Team,Q1,86.005,8.0,27.761,34.49,23.754,2.0,SOFT,True,319.0,269.0,252.0,315.0,19.9,27.4,76.0,994.9,4.0,0.0,1,0
2025,12,FORMULA 1 QATAR AIRWAYS BRITISH GRAND PRIX 2025,ALB,Williams,Q1,86.093,14.0,27.748,34.682,23.663,2.0,SOFT,True,321.0,270.0,254.0,321.0,19.9,27.4,76.0,994.9,4.0,0.0,1,0
2025,12,FORMULA 1 QATAR AIRWAYS BRITISH GRAND PRIX 2025,ALO,Aston Martin,Q1,86.108,9.0,27.919,34.635,23.554,2.0,SOFT,True,320.0,271.0,253.0,322.0,19.9,27.4,76.0,994.9,4.0,0.0,1,0
2025,12,FORMULA 1 QATAR AIRWAYS BRITISH GRAND PRIX 2025,NOR,McLaren,Q1,86.123,3.0,28.079,34.532,23.512,7.0,SOFT,False,319.0,270.0,254.0,317.0,19.9,27.4,76.0,994.9,4.0,0.0,1,0
2025,12,FORMULA 1 QATAR AIRWAYS BRITISH GRAND PRIX 2025,OCO,Haas F1 Team,Q1,86.136,15.0,27.791,34.694,23.651,2.0,SOFT,True,320.0,268.0,254.0,316.0,19.9,27.4,76.0,994.9,4.0,0.0,1,0
2025,12,FORMULA 1 QATAR AIRWAYS BRITISH GRAND PRIX 2025,SAI,Williams,Q1,86.175,11.0,27.731,34.747,23.697,2.0,SOFT,True,317.0,271.0,254.0,320.0,19.9,27.4,76.0,994.9,4.0,0.0,1,0
2025,12,FORMULA 1 QATAR AIRWAYS BRITISH GRAND PRIX 2025,HAD,Racing Bulls,Q1,86.177,13.0,28.079,34.527,23.571,2.0,SOFT,True,318.0,268.0,252.0,318.0,19.9,27.4,76.0,994.9,4.0,0.0,1,0
2025,12,FORMULA 1 QATAR AIRWAYS BRITISH GRAND PRIX 2025,LEC,Ferrari,Q1,86.186,6.0,28.007,34.61,23.569,8.0,SOFT,False,319.0,269.0,254.0,317.0,19.9,27.4,76.0,994.9,4.0,0.0,1,0
2025,12,FORMULA 1 QATAR AIRWAYS BRITISH GRAND PRIX 2025,RUS,Mercedes,Q1,86.236,4.0,28.033,34.599,23.604,6.0,SOFT,False,317.0,269.0,254.0,318.0,19.9,27.4,76.0,994.9,4.0,0.0,1,0
2025,12,FORMULA 1 QATAR AIRWAYS BRITISH GRAND PRIX 2025,ANT,Mercedes,Q1,86.265,7.0,27.817,34.786,23.662,2.0,SOFT,True,317.0,269.0,255.0,314.0,19.9,27.4,76.0,994.9,4.0,0.0,1,0
2025,12,FORMULA 1 QATAR AIRWAYS BRITISH GRAND PRIX 2025,TSU,Red Bull Racing,Q1,86.275,12.0,27.846,34.665,23.764,2.0,SOFT,True,324.0,271.0,256.0,323.0,19.9,27.4,76.0,994.9,4.0,0.0,1,0
2025,12,FORMULA 1 QATAR AIRWAYS BRITISH GRAND PRIX 2025,HAM,Ferrari,Q1,86.296,5.0,27.946,34.82,23.53,2.0,SOFT,True,321.0,269.0,254.0,319.0,19.9,27.4,76.0,994.9,4.0,0.0,1,0
2025,12,FORMULA 1 QATAR AIRWAYS BRITISH GRAND PRIX 2025,GAS,Alpine,Q1,86.328,10.0,27.797,34.786,23.745,2.0,SOFT,True,321.0,267.0,251.0,320.0,19.9,27.4,76.0,994.9,4.0,0.0,1,0
2025,12,FORMULA 1 QATAR AIRWAYS BRITISH GRAND PRIX 2025,LAW,Racing Bulls,Q1,86.44,16.0,28.109,34.663,23.668,2.0,SOFT,True,317.0,268.0,254.0,317.0,19.9,27.4,76.0,994.9,4.0,0.0,1,0
2025,12,FORMULA 1 QATAR AIRWAYS BRITISH GRAND PRIX 2025,BOR,Kick Sauber,Q1,86.446,17.0,27.991,34.778,23.677,2.0,SOFT,True,320.0,270.0,255.0,318.0,19.9,27.4,76.0,994.9,4.0,0.0,1,0
2025,12,FORMULA 1 QATAR AIRWAYS BRITISH GRAND PRIX 2025,STR,Aston Martin,Q1,86.504,18.0,27.904,34.823,23.777,2.0,SOFT,True,319.0,270.0,239.0,324.0,19.9,27.4,76.0,994.9,4.0,0.0,1,0
2025,12,FORMULA 1 QATAR AIRWAYS BRITISH GRAND PRIX 2025,HUL,Kick Sauber,Q1,86.574,19.0,28.176,34.82,23.578,2.0,SOFT,True,320.0,269.0,255.0,320.0,19.9,27.4,76.0,994.9,4.0,0.0,1,0
2025,12,FORMULA 1 QATAR AIRWAYS BRITISH GRAND PRIX 2025,COL,Alpine,Q1,87.06,20.0,28.281,35.024,23.755,2.0,SOFT,True,321.0,269.0,251.0,322.0,19.9,27.4,76.0,994.9,4.0,0.0,1,0
2025,12,FORMULA 1 QATAR AIRWAYS BRITISH GRAND PRIX 2025,HAM,Ferrari,Q2,85.084,5.0,27.528,34.179,23.377,2.0,SOFT,True,321.0,273.0,255.0,322.0,19.9,27.4,76.0,994.9,4.0,0.0,2,0
2025,12,FORMULA 1 QATAR AIRWAYS BRITISH GRAND PRIX 2025,LEC,Ferrari,Q2,85.133,6.0,27.617,34.189,23.327,2.0,SOFT,True,319.0,272.0,255.0,321.0,19.9,27.4,76.0,994.9,4.0,0.0,2,0
2025,12,FORMULA 1 QATAR AIRWAYS BRITISH GRAND PRIX 2025,NOR,McLaren,Q2,85.231,3.0,27.693,34.111,23.427,2.0,SOFT,True,318.0,270.0,256.0,316.0,19.9,27.4,76.0,994.9,4.0,0.0,2,0
2025,12,FORMULA 1 QATAR AIRWAYS BRITISH GRAND PRIX 2025,PIA,McLaren,Q2,85.316,2.0,27.656,34.216,23.444,2.0,SOFT,True,319.0,270.0,257.0,318.0,19.9,27.4,76.0,994.9,4.0,0.0,2,0
2025,12,FORMULA 1 QATAR AIRWAYS BRITISH GRAND PRIX 2025,VER,Red Bull Racing,Q2,85.316,1.0,27.649,34.272,23.395,2.0,SOFT,True,323.0,269.0,257.0,325.0,19.9,27.4,76.0,994.9,4.0,0.0,2,0
2025,12,FORMULA 1 QATAR AIRWAYS BRITISH GRAND PRIX 2025,BEA,Haas F1 Team,Q2,85.534,8.0,27.621,34.367,23.546,2.0,SOFT,True,317.0,267.0,254.0,319.0,19.9,27.4,76.0,994.9,4.0,0.0,2,0
2025,12,FORMULA 1 QATAR AIRWAYS BRITISH GRAND PRIX 2025,ALO,Aston Martin,Q2,85.593,9.0,27.645,34.365,23.583,2.0,SOFT,True,319.0,274.0,253.0,322.0,19.9,27.4,76.0,994.9,4.0,0.0,2,0
2025,12,FORMULA 1 QATAR AIRWAYS BRITISH GRAND PRIX 2025,ANT,Mercedes,Q2,85.62,7.0,27.681,34.501,23.438,2.0,SOFT,True,319.0,272.0,254.0,322.0,19.9,27.4,76.0,994.9,4.0,0.0,2,0
2025,12,FORMULA 1 QATAR AIRWAYS BRITISH GRAND PRIX 2025,RUS,Mercedes,Q2,85.637,4.0,27.847,34.341,23.449,2.0,SOFT,True,317.0,271.0,255.0,319.0,19.9,27.4,76.0,994.9,4.0,0.0,2,0
2025,12,FORMULA 1 QATAR AIRWAYS BRITISH GRAND PRIX 2025,GAS,Alpine,Q2,85.711,10.0,27.777,34.533,23.401,2.0,SOFT,True,321.0,269.0,256.0,324.0,19.9,27.4,76.0,994.9,4.0,0.0,2,0
2025,12,FORMULA 1 QATAR AIRWAYS BRITISH GRAND PRIX 2025,SAI,Williams,Q2,85.746,11.0,27.693,34.449,23.604,2.0,SOFT,True,316.0,269.0,254.0,325.0,19.9,27.4,76.0,994.9,4.0,0.0,2,0
2025,12,FORMULA 1 QATAR AIRWAYS BRITISH GRAND PRIX 2025,TSU,Red Bull Racing,Q2,85.826,12.0,27.864,34.342,23.62,2.0,SOFT,True,324.0,272.0,257.0,326.0,19.9,27.4,76.0,994.9,4.0,0.0,2,0
2025,12,FORMULA 1 QATAR AIRWAYS BRITISH GRAND PRIX 2025,HAD,Racing Bulls,Q2,85.864,13.0,27.906,34.458,23.5,2.0,SOFT,True,319.0,269.0,253.0,321.0,19.9,27.4,76.0,994.9,4.0,0.0,2,0
2025,12,FORMULA 1 QATAR AIRWAYS BRITISH GRAND PRIX 2025,ALB,Williams,Q2,85.889,14.0,27.803,34.456,23.63,3.0,SOFT,False,317.0,271.0,253.0,321.0,19.9,27.4,76.0,994.9,4.0,0.0,2,0
2025,12,FORMULA 1 QATAR AIRWAYS BRITISH GRAND PRIX 2025,OCO,Haas F1 Team,Q2,85.95,15.0,27.861,34.401,23.688,2.0,SOFT,True,317.0,268.0,254.0,316.0,19.9,27.4,76.0,994.9,4.0,0.0,2,0
2025,12,FORMULA 1 QATAR AIRWAYS BRITISH GRAND PRIX 2025,VER,Red Bull Racing,Q3,84.892,1.0,27.493,33.973,23.426,2.0,SOFT,True,323.0,273.0,256.0,323.0,19.9,27.4,76.0,994.9,4.0,0.0,3,0
2025,12,FORMULA 1 QATAR AIRWAYS BRITISH GRAND PRIX 2025,PIA,McLaren,Q3,84.995,2.0,27.615,34.113,23.267,2.0,SOFT,True,318.0,274.0,258.0,319.0,19.9,27.4,76.0,994.9,4.0,0.0,3,0
2025,12,FORMULA 1 QATAR AIRWAYS BRITISH GRAND PRIX 2025,NOR,McLaren,Q3,85.01,3.0,27.659,34.027,23.324,2.0,SOFT,True,317.0,270.0,257.0,318.0,19.9,27.4,76.0,994.9,4.0,0.0,3,0
2025,12,FORMULA 1 QATAR AIRWAYS BRITISH GRAND PRIX 2025,RUS,Mercedes,Q3,85.029,4.0,27.644,34.163,23.222,2.0,SOFT,True,318.0,273.0,256.0,322.0,19.9,27.4,76.0,994.9,4.0,0.0,3,0
2025,12,FORMULA 1 QATAR AIRWAYS BRITISH GRAND PRIX 2025,HAM,Ferrari,Q3,85.095,5.0,27.5,34.111,23.484,2.0,SOFT,True,319.0,272.0,252.0,320.0,19.9,27.4,76.0,994.9,4.0,0.0,3,0
2025,12,FORMULA 1 QATAR AIRWAYS BRITISH GRAND PRIX 2025,LEC,Ferrari,Q3,85.121,6.0,27.635,34.036,23.45,2.0,SOFT,True,318.0,271.0,254.0,319.0,19.9,27.4,76.0,994.9,4.0,0.0,3,0
2025,12,FORMULA 1 QATAR AIRWAYS BRITISH GRAND PRIX 2025,ANT,Mercedes,Q3,85.374,7.0,27.658,34.279,23.437,2.0,SOFT,True,318.0,271.0,255.0,321.0,19.9,27.4,76.0,994.9,4.0,0.0,3,0
2025,12,FORMULA 1 QATAR AIRWAYS BRITISH GRAND PRIX 2025,BEA,Haas F1 Team,Q3,85.471,8.0,27.698,34.297,23.476,2.0,SOFT,True,316.0,268.0,255.0,319.0,19.9,27.4,76.0,994.9,4.0,0.0,3,0
2025,12,FORMULA 1 QATAR AIRWAYS BRITISH GRAND PRIX 2025,ALO,Aston Martin,Q3,85.621,9.0,27.631,34.318,23.672,2.0,SOFT,True,319.0,272.0,253.0,318.0,19.9,27.4,76.0,994.9,4.0,0.0,3,0
2025,12,FORMULA 1 QATAR AIRWAYS BRITISH GRAND PRIX 2025,GAS,Alpine,Q3,85.785,10.0,27.735,34.464,23.586,2.0,SOFT,True,320.0,269.0,250.0,320.0,19.9,27.4,76.0,994.9,4.0,0.0,3,0
2025,13,FORMULA 1 MOËT & CHANDON BELGIAN GRAND PRIX 2025,NOR,McLaren,Q1,101.01,1.0,30.223,42.908,27.879,2.0,SOFT,True,335.0,221.0,227.0,311.0,22.6,37.3,55.0,967.8,1.3,0.0,1,0
2025,13,FORMULA 1 MOËT & CHANDON BELGIAN GRAND PRIX 2025,PIA,McLaren,Q1,101.201,2.0,30.315,42.885,28.001,2.0,SOFT,True,333.0,218.0,228.0,311.0,22.6,37.3,55.0,967.8,1.3,0.0,1,0
2025,13,FORMULA 1 MOËT & CHANDON BELGIAN GRAND PRIX 2025,VER,Red Bull Racing,Q1,101.334,4.0,30.25,43.091,27.993,2.0,SOFT,True,332.0,218.0,228.0,311.0,22.6,37.3,55.0,967.8,1.3,0.0,1,0
2025,13,FORMULA 1 MOËT & CHANDON BELGIAN GRAND PRIX 2025,HAD,Racing Bulls,Q1,101.572,8.0,30.098,43.421,28.053,2.0,SOFT,True,337.0,220.0,227.0,311.0,22.6,37.3,55.0,967.8,1.3,0.0,1,0
2025,13,FORMULA 1 MOËT & CHANDON BELGIAN GRAND PRIX 2025,BEA,Haas F1 Team,Q1,101.617,12.0,30.147,43.172,28.298,2.0,SOFT,True,338.0,218.0,226.0,310.0,22.6,37.3,55.0,967.8,1.3,0.0,1,0
2025,13,FORMULA 1 MOËT & CHANDON BELGIAN GRAND PRIX 2025,LEC,Ferrari,Q1,101.635,3.0,30.001,43.547,28.087,2.0,SOFT,True,344.0,217.0,227.0,313.0,22.6,37.3,55.0,967.8,1.3,0.0,1,0
2025,13,FORMULA 1 MOËT & CHANDON BELGIAN GRAND PRIX 2025,HAM,Ferrari,Q1,101.664,16.0,30.046,43.641,27.977,2.0,SOFT,True,341.0,217.0,228.0,315.0,22.6,37.3,55.0,967.8,1.3,0.0,1,0
2025,13,FORMULA 1 MOËT & CHANDON BELGIAN GRAND PRIX 2025,SAI,Williams,Q1,101.691,15.0,30.157,43.479,28.055,2.0,SOFT,True,339.0,218.0,224.0,312.0,22.6,37.3,55.0,967.8,1.3,0.0,1,0
2025,13,FORMULA 1 MOËT & CHANDON BELGIAN GRAND PRIX 2025,LAW,Racing Bulls,Q1,101.748,9.0,30.17,43.519,28.059,2.0,SOFT,True,335.0,217.0,227.0,311.0,22.6,37.3,55.0,967.8,1.3,0.0,1,0
2025,13,FORMULA 1 MOËT & CHANDON BELGIAN GRAND PRIX 2025,ALB,Williams,Q1,101.772,5.0,30.149,43.584,28.039,2.0,SOFT,True,341.0,217.0,227.0,311.0,22.6,37.3,55.0,967.8,1.3,0.0,1,0
2025,13,FORMULA 1 MOËT & CHANDON BELGIAN GRAND PRIX 2025,RUS,Mercedes,Q1,101.784,6.0,29.943,43.931,27.91,2.0,SOFT,True,343.0,218.0,226.0,315.0,22.6,37.3,55.0,967.8,1.3,0.0,1,0
2025,13,FORMULA 1 MOËT & CHANDON BELGIAN GRAND PRIX 2025,GAS,Alpine,Q1,101.8,13.0,29.921,43.907,27.972,2.0,SOFT,True,339.0,213.0,226.0,317.0,22.6,37.3,55.0,967.8,1.3,0.0,1,0
2025,13,FORMULA 1 MOËT & CHANDON BELGIAN GRAND PRIX 2025,TSU,Red Bull Racing,Q1,101.84,7.0,30.153,43.53,28.157,2.0,SOFT,True,340.0,216.0,227.0,312.0,22.6,37.3,55.0,967.8,1.3,0.0,1,0
2025,13,FORMULA 1 MOËT & CHANDON BELGIAN GRAND PRIX 2025,HUL,Kick Sauber,Q1,101.844,14.0,30.072,43.488,28.284,2.0,SOFT,True,341.0,217.0,227.0,311.0,22.6,37.3,55.0,967.8,1.3,0.0,1,0
2025,13,FORMULA 1 MOËT & CHANDON BELGIAN GRAND PRIX 2025,OCO,Haas F1 Team,Q1,101.884,11.0,29.982,43.868,28.034,2.0,SOFT,True,341.0,214.0,228.0,315.0,22.6,37.3,55.0,967.8,1.3,0.0,1,0
2025,13,FORMULA 1 MOËT & CHANDON BELGIAN GRAND PRIX 2025,BOR,Kick Sauber,Q1,101.908,10.0,30.245,43.479,28.184,2.0,SOFT,True,335.0,217.0,227.0,309.0,22.6,37.3,55.0,967.8,1.3,0.0,1,0
2025,13,FORMULA 1 MOËT & CHANDON BELGIAN GRAND PRIX 2025,COL,Alpine,Q1,102.022,17.0,30.007,44.049,27.966,2.0,SOFT,True,341.0,212.0,226.0,319.0,22.6,37.3,55.0,967.8,1.3,0.0,1,0
2025,13,FORMULA 1 MOËT & CHANDON BELGIAN GRAND PRIX 2025,ANT,Mercedes,Q1,102.139,18.0,30.056,44.2,27.883,2.0,SOFT,True,340.0,219.0,227.0,316.0,22.6,37.3,55.0,967.8,1.3,0.0,1,0
2025,13,FORMULA 1 MOËT & CHANDON BELGIAN GRAND PRIX 2025,ALO,Aston Martin,Q1,102.385,19.0,30.185,44.007,28.193,2.0,SOFT,True,340.0,218.0,228.0,310.0,22.6,37.3,55.0,967.8,1.3,0.0,1,0
2025,13,FORMULA 1 MOËT & CHANDON BELGIAN GRAND PRIX 2025,STR,Aston Martin,Q1,102.502,20.0,30.222,44.048,28.232,2.0,SOFT,True,340.0,215.0,227.0,309.0,22.6,37.3,55.0,967.8,1.3,0.0,1,0
2025,13,FORMULA 1 MOËT & CHANDON BELGIAN GRAND PRIX 2025,PIA,McLaren,Q2,100.626,2.0,30.134,42.623,27.869,2.0,SOFT,True,335.0,220.0,228.0,311.0,22.6,37.3,55.0,967.8,1.3,0.0,2,0
2025,13,FORMULA 1 MOËT & CHANDON BELGIAN GRAND PRIX 2025,NOR,McLaren,Q2,100.715,1.0,30.119,42.61,27.986,2.0,SOFT,True,337.0,221.0,226.0,311.0,22.6,37.3,55.0,967.8,1.3,0.0,2,0
2025,13,FORMULA 1 MOËT & CHANDON BELGIAN GRAND PRIX 2025,VER,Red Bull Racing,Q2,100.951,4.0,30.163,42.798,27.99,2.0,SOFT,True,336.0,219.0,227.0,310.0,22.6,37.3,55.0,967.8,1.3,0.0,2,0
2025,13,FORMULA 1 MOËT & CHANDON BELGIAN GRAND PRIX 2025,LEC,Ferrari,Q2,101.084,3.0,30.013,43.124,27.947,2.0,SOFT,True,341.0,221.0,227.0,312.0,22.6,37.3,55.0,967.8,1.3,0.0,2,0
2025,13,FORMULA 1 MOËT & CHANDON BELGIAN GRAND PRIX 2025,TSU,Red Bull Racing,Q2,101.245,7.0,30.087,43.081,28.077,2.0,SOFT,True,339.0,215.0,228.0,311.0,22.6,37.3,55.0,967.8,1.3,0.0,2,0
2025,13,FORMULA 1 MOËT & CHANDON BELGIAN GRAND PRIX 2025,RUS,Mercedes,Q2,101.254,6.0,29.899,43.485,27.87,2.0,SOFT,True,341.0,220.0,227.0,317.0,22.6,37.3,55.0,967.8,1.3,0.0,2,0
2025,13,FORMULA 1 MOËT & CHANDON BELGIAN GRAND PRIX 2025,HAD,Racing Bulls,Q2,101.281,8.0,30.118,43.172,27.991,2.0,SOFT,True,336.0,218.0,227.0,313.0,22.6,37.3,55.0,967.8,1.3,0.0,2,0
2025,13,FORMULA 1 MOËT & CHANDON BELGIAN GRAND PRIX 2025,LAW,Racing Bulls,Q2,101.297,9.0,29.97,43.349,27.978,2.0,SOFT,True,340.0,216.0,228.0,315.0,22.6,37.3,55.0,967.8,1.3,0.0,2,0
2025,13,FORMULA 1 MOËT & CHANDON BELGIAN GRAND PRIX 2025,BOR,Kick Sauber,Q2,101.336,10.0,30.083,43.267,27.986,2.0,SOFT,True,340.0,219.0,228.0,314.0,22.6,37.3,55.0,967.8,1.3,0.0,2,0
2025,13,FORMULA 1 MOËT & CHANDON BELGIAN GRAND PRIX 2025,ALB,Williams,Q2,101.505,5.0,30.17,43.326,28.009,2.0,SOFT,True,340.0,219.0,226.0,310.0,22.6,37.3,55.0,967.8,1.3,0.0,2,0
2025,13,FORMULA 1 MOËT & CHANDON BELGIAN GRAND PRIX 2025,OCO,Haas F1 Team,Q2,101.525,11.0,29.828,43.749,27.948,2.0,SOFT,True,345.0,215.0,228.0,318.0,22.6,37.3,55.0,967.8,1.3,0.0,2,0
2025,13,FORMULA 1 MOËT & CHANDON BELGIAN GRAND PRIX 2025,BEA,Haas F1 Team,Q2,101.617,12.0,30.456,42.879,28.282,2.0,SOFT,True,338.0,220.0,225.0,311.0,22.6,37.3,55.0,967.8,1.3,0.0,2,0
2025,13,FORMULA 1 MOËT & CHANDON BELGIAN GRAND PRIX 2025,GAS,Alpine,Q2,101.633,13.0,30.009,43.619,28.005,2.0,SOFT,True,339.0,211.0,225.0,318.0,22.6,37.3,55.0,967.8,1.3,0.0,2,0
2025,13,FORMULA 1 MOËT & CHANDON BELGIAN GRAND PRIX 2025,HUL,Kick Sauber,Q2,101.707,14.0,30.164,43.407,28.136,2.0,SOFT,True,340.0,220.0,228.0,313.0,22.6,37.3,55.0,967.8,1.3,0.0,2,0
2025,13,FORMULA 1 MOËT & CHANDON BELGIAN GRAND PRIX 2025,SAI,Williams,Q2,101.758,15.0,30.122,43.556,28.08,2.0,SOFT,True,338.0,218.0,227.0,313.0,22.6,37.3,55.0,967.8,1.3,0.0,2,0
2025,13,FORMULA 1 MOËT & CHANDON BELGIAN GRAND PRIX 2025,NOR,McLaren,Q3,100.562,1.0,30.005,42.579,27.978,2.0,SOFT,True,338.0,217.0,227.0,314.0,22.6,37.3,55.0,967.8,1.3,0.0,3,0
2025,13,FORMULA 1 MOËT & CHANDON BELGIAN GRAND PRIX 2025,PIA,McLaren,Q3,100.647,2.0,29.983,42.641,28.023,2.0,SOFT,True,337.0,213.0,228.0,314.0,22.6,37.3,55.0,967.8,1.3,0.0,3,0
2025,13,FORMULA 1 MOËT & CHANDON BELGIAN GRAND PRIX 2025,LEC,Ferrari,Q3,100.9,3.0,29.819,43.049,28.032,5.0,SOFT,False,343.0,218.0,228.0,315.0,22.6,37.3,55.0,967.8,1.3,0.0,3,0
2025,13,FORMULA 1 MOËT & CHANDON BELGIAN GRAND PRIX 2025,VER,Red Bull Racing,Q3,100.903,4.0,30.192,42.785,27.926,2.0,SOFT,True,335.0,220.0,227.0,312.0,22.6,37.3,55.0,967.8,1.3,0.0,3,0
2025,13,FORMULA 1 MOËT & CHANDON BELGIAN GRAND PRIX 2025,ALB,Williams,Q3,101.201,5.0,29.858,43.226,28.117,2.0,SOFT,True,339.0,216.0,226.0,314.0,22.6,37.3,55.0,967.8,1.3,0.0,3,0
2025,13,FORMULA 1 MOËT & CHANDON BELGIAN GRAND PRIX 2025,RUS,Mercedes,Q3,101.26,6.0,29.761,43.642,27.857,2.0,SOFT,True,343.0,218.0,227.0,317.0,22.6,37.3,55.0,967.8,1.3,0.0,3,0
2025,13,FORMULA 1 MOËT & CHANDON BELGIAN GRAND PRIX 2025,TSU,Red Bull Racing,Q3,101.284,7.0,30.019,43.185,28.08,2.0,SOFT,True,339.0,216.0,227.0,313.0,22.6,37.3,55.0,967.8,1.3,0.0,3,0
2025,13,FORMULA 1 MOËT & CHANDON BELGIAN GRAND PRIX 2025,HAD,Racing Bulls,Q3,101.31,8.0,30.032,43.247,28.031,2.0,SOFT,True,337.0,217.0,227.0,314.0,22.6,37.3,55.0,967.8,1.3,0.0,3,0
2025,13,FORMULA 1 MOËT & CHANDON BELGIAN GRAND PRIX 2025,LAW,Racing Bulls,Q3,101.328,9.0,29.995,43.291,28.042,2.0,SOFT,True,338.0,213.0,228.0,315.0,22.6,37.3,55.0,967.8,1.3,0.0,3,0
2025,13,FORMULA 1 MOËT & CHANDON BELGIAN GRAND PRIX 2025,BOR,Kick Sauber,Q3,102.387,10.0,30.051,44.103,28.233,5.0,SOFT,False,339.0,216.0,226.0,312.0,22.6,37.3,55.0,967.8,1.3,0.0,3,0
2025,14,FORMULA 1 LENOVO HUNGARIAN GRAND PRIX 2025,PIA,McLaren,Q1,75.211,2.0,27.487,26.526,21.198,5.0,SOFT,False,279.0,255.0,262.0,309.0,28.3,41.0,36.0,983.4,1.9,0.0,1,0
2025,14,FORMULA 1 LENOVO HUNGARIAN GRAND PRIX 2025,ALO,Aston Martin,Q1,75.281,5.0,27.523,26.529,21.229,2.0,SOFT,True,281.0,256.0,260.0,312.0,28.3,41.0,36.0,983.4,1.9,0.0,1,0
2025,14,FORMULA 1 LENOVO HUNGARIAN GRAND PRIX 2025,HAD,Racing Bulls,Q1,75.516,10.0,27.704,26.583,21.229,2.0,SOFT,True,283.0,256.0,260.0,308.0,28.3,41.0,36.0,983.4,1.9,0.0,1,0
2025,14,FORMULA 1 LENOVO HUNGARIAN GRAND PRIX 2025,NOR,McLaren,Q1,75.523,3.0,27.528,26.687,21.308,5.0,SOFT,False,282.0,258.0,263.0,310.0,28.3,41.0,36.0,983.4,1.9,0.0,1,0
2025,14,FORMULA 1 LENOVO HUNGARIAN GRAND PRIX 2025,LEC,Ferrari,Q1,75.582,1.0,27.485,26.723,21.374,2.0,SOFT,True,288.0,258.0,262.0,314.0,28.3,41.0,36.0,983.4,1.9,0.0,1,0
2025,14,FORMULA 1 LENOVO HUNGARIAN GRAND PRIX 2025,BOR,Kick Sauber,Q1,75.586,7.0,27.59,26.595,21.401,2.0,SOFT,True,281.0,253.0,260.0,310.0,28.3,41.0,36.0,983.4,1.9,0.0,1,0
2025,14,FORMULA 1 LENOVO HUNGARIAN GRAND PRIX 2025,RUS,Mercedes,Q1,75.627,4.0,27.749,26.538,21.34,2.0,SOFT,True,283.0,259.0,261.0,314.0,28.3,41.0,36.0,983.4,1.9,0.0,1,0
2025,14,FORMULA 1 LENOVO HUNGARIAN GRAND PRIX 2025,SAI,Williams,Q1,75.652,13.0,27.575,26.704,21.373,2.0,SOFT,True,282.0,255.0,261.0,310.0,28.3,41.0,36.0,983.4,1.9,0.0,1,0
2025,14,FORMULA 1 LENOVO HUNGARIAN GRAND PRIX 2025,STR,Aston Martin,Q1,75.673,6.0,27.59,26.62,21.463,2.0,SOFT,True,283.0,256.0,261.0,312.0,28.3,41.0,36.0,983.4,1.9,0.0,1,0
2025,14,FORMULA 1 LENOVO HUNGARIAN GRAND PRIX 2025,HAM,Ferrari,Q1,75.733,12.0,27.637,26.727,21.369,2.0,SOFT,True,285.0,255.0,259.0,311.0,28.3,41.0,36.0,983.4,1.9,0.0,1,0
2025,14,FORMULA 1 LENOVO HUNGARIAN GRAND PRIX 2025,VER,Red Bull Racing,Q1,75.736,8.0,27.699,26.647,21.39,2.0,SOFT,True,281.0,259.0,261.0,309.0,28.3,41.0,36.0,983.4,1.9,0.0,1,0
2025,14,FORMULA 1 LENOVO HUNGARIAN GRAND PRIX 2025,BEA,Haas F1 Team,Q1,75.75,11.0,27.554,26.768,21.428,2.0,SOFT,True,284.0,250.0,261.0,312.0,28.3,41.0,36.0,983.4,1.9,0.0,1,0
2025,14,FORMULA 1 LENOVO HUNGARIAN GRAND PRIX 2025,ANT,Mercedes,Q1,75.782,15.0,27.631,26.625,21.526,2.0,SOFT,True,282.0,257.0,260.0,313.0,28.3,41.0,36.0,983.4,1.9,0.0,1,0
2025,14,FORMULA 1 LENOVO HUNGARIAN GRAND PRIX 2025,LAW,Racing Bulls,Q1,75.849,9.0,27.673,26.812,21.364,2.0,SOFT,True,281.0,255.0,259.0,308.0,28.3,41.0,36.0,983.4,1.9,0.0,1,0
2025,14,FORMULA 1 LENOVO HUNGARIAN GRAND PRIX 2025,COL,Alpine,Q1,75.875,14.0,27.567,26.74,21.568,2.0,SOFT,True,282.0,256.0,260.0,309.0,28.3,41.0,36.0,983.4,1.9,0.0,1,0
2025,14,FORMULA 1 LENOVO HUNGARIAN GRAND PRIX 2025,TSU,Red Bull Racing,Q1,75.899,16.0,27.623,26.734,21.542,2.0,SOFT,True,285.0,257.0,261.0,311.0,28.3,41.0,36.0,983.4,1.9,0.0,1,0
2025,14,FORMULA 1 LENOVO HUNGARIAN GRAND PRIX 2025,GAS,Alpine,Q1,75.966,17.0,27.572,26.935,21.459,2.0,SOFT,True,282.0,252.0,261.0,309.0,28.3,41.0,36.0,983.4,1.9,0.0,1,0
2025,14,FORMULA 1 LENOVO HUNGARIAN GRAND PRIX 2025,OCO,Haas F1 Team,Q1,76.023,18.0,27.603,26.769,21.651,2.0,SOFT,True,283.0,255.0,258.0,310.0,28.3,41.0,36.0,983.4,1.9,0.0,1,0
2025,14,FORMULA 1 LENOVO HUNGARIAN GRAND PRIX 2025,HUL,Kick Sauber,Q1,76.081,19.0,27.646,26.976,21.459,2.0,SOFT,True,283.0,251.0,261.0,310.0,28.3,41.0,36.0,983.4,1.9,0.0,1,0
2025,14,FORMULA 1 LENOVO HUNGARIAN GRAND PRIX 2025,ALB,Williams,Q1,76.223,20.0,27.725,26.841,21.657,2.0,SOFT,True,280.0,254.0,259.0,311.0,28.3,41.0,36.0,983.4,1.9,0.0,1,0
2025,14,FORMULA 1 LENOVO HUNGARIAN GRAND PRIX 2025,NOR,McLaren,Q2,74.89,3.0,27.443,26.396,21.051,2.0,SOFT,True,279.0,259.0,262.0,310.0,28.3,41.0,36.0,983.4,1.9,0.0,2,0
2025,14,FORMULA 1 LENOVO HUNGARIAN GRAND PRIX 2025,PIA,McLaren,Q2,74.941,2.0,27.555,26.374,21.012,2.0,SOFT,True,279.0,258.0,262.0,310.0,28.3,41.0,36.0,983.4,1.9,0.0,2,0
2025,14,FORMULA 1 LENOVO HUNGARIAN GRAND PRIX 2025,STR,Aston Martin,Q2,75.129,6.0,27.493,26.416,21.22,2.0,SOFT,True,281.0,256.0,261.0,308.0,28.3,41.0,36.0,983.4,1.9,0.0,2,0
2025,14,FORMULA 1 LENOVO HUNGARIAN GRAND PRIX 2025,RUS,Mercedes,Q2,75.201,4.0,27.496,26.494,21.211,2.0,SOFT,True,283.0,258.0,261.0,311.0,28.3,41.0,36.0,983.4,1.9,0.0,2,0
2025,14,FORMULA 1 LENOVO HUNGARIAN GRAND PRIX 2025,ALO,Aston Martin,Q2,75.395,5.0,27.581,26.562,21.252,2.0,SOFT,True,281.0,257.0,260.0,310.0,28.3,41.0,36.0,983.4,1.9,0.0,2,0
2025,14,FORMULA 1 LENOVO HUNGARIAN GRAND PRIX 2025,LEC,Ferrari,Q2,75.455,1.0,27.489,26.654,21.312,2.0,SOFT,True,285.0,258.0,262.0,311.0,28.3,41.0,36.0,983.4,1.9,0.0,2,0
2025,14,FORMULA 1 LENOVO HUNGARIAN GRAND PRIX 2025,HAD,Racing Bulls,Q2,75.469,10.0,27.586,26.56,21.323,2.0,SOFT,True,280.0,258.0,259.0,306.0,28.3,41.0,36.0,983.4,1.9,0.0,2,0
2025,14,FORMULA 1 LENOVO HUNGARIAN GRAND PRIX 2025,VER,Red Bull Racing,Q2,75.547,8.0,27.663,26.588,21.296,2.0,SOFT,True,280.0,260.0,260.0,310.0,28.3,41.0,36.0,983.4,1.9,0.0,2,0
2025,14,FORMULA 1 LENOVO HUNGARIAN GRAND PRIX 2025,LAW,Racing Bulls,Q2,75.63,9.0,27.623,26.687,21.32,2.0,SOFT,True,280.0,256.0,259.0,305.0,28.3,41.0,36.0,983.4,1.9,0.0,2,0
2025,14,FORMULA 1 LENOVO HUNGARIAN GRAND PRIX 2025,BOR,Kick Sauber,Q2,75.687,7.0,27.681,26.691,21.315,2.0,SOFT,True,279.0,253.0,259.0,308.0,28.3,41.0,36.0,983.4,1.9,0.0,2,0
2025,14,FORMULA 1 LENOVO HUNGARIAN GRAND PRIX 2025,ANT,Mercedes,Q2,75.693,15.0,27.631,26.476,21.586,2.0,SOFT,True,282.0,253.0,260.0,307.0,28.3,41.0,36.0,983.4,1.9,0.0,2,0
2025,14,FORMULA 1 LENOVO HUNGARIAN GRAND PRIX 2025,BEA,Haas F1 Team,Q2,75.694,11.0,27.672,26.687,21.335,2.0,SOFT,True,282.0,254.0,260.0,306.0,28.3,41.0,36.0,983.4,1.9,0.0,2,0
2025,14,FORMULA 1 LENOVO HUNGARIAN GRAND PRIX 2025,HAM,Ferrari,Q2,75.702,12.0,27.583,26.781,21.338,2.0,SOFT,True,284.0,254.0,258.0,307.0,28.3,41.0,36.0,983.4,1.9,0.0,2,0
2025,14,FORMULA 1 LENOVO HUNGARIAN GRAND PRIX 2025,SAI,Williams,Q2,75.781,13.0,27.485,26.864,21.432,2.0,SOFT,True,281.0,253.0,260.0,311.0,28.3,41.0,36.0,983.4,1.9,0.0,2,0
2025,14,FORMULA 1 LENOVO HUNGARIAN GRAND PRIX 2025,COL,Alpine,Q2,76.159,14.0,27.679,26.959,21.521,8.0,SOFT,False,280.0,254.0,261.0,310.0,28.3,41.0,36.0,983.4,1.9,0.0,2,0
2025,14,FORMULA 1 LENOVO HUNGARIAN GRAND PRIX 2025,LEC,Ferrari,Q3,75.372,1.0,27.541,26.453,21.378,2.0,SOFT,True,286.0,259.0,259.0,305.0,28.3,41.0,36.0,983.4,1.9,0.0,3,0
2025,14,FORMULA 1 LENOVO HUNGARIAN GRAND PRIX 2025,PIA,McLaren,Q3,75.398,2.0,27.6,26.458,21.34,2.0,SOFT,True,277.0,255.0,259.0,301.0,28.3,41.0,36.0,983.4,1.9,0.0,3,0
2025,14,FORMULA 1 LENOVO HUNGARIAN GRAND PRIX 2025,NOR,McLaren,Q3,75.413,3.0,27.677,26.521,21.215,2.0,SOFT,True,278.0,258.0,260.0,301.0,28.3,41.0,36.0,983.4,1.9,0.0,3,0
2025,14,FORMULA 1 LENOVO HUNGARIAN GRAND PRIX 2025,RUS,Mercedes,Q3,75.425,4.0,27.667,26.455,21.303,2.0,SOFT,True,281.0,259.0,261.0,306.0,28.3,41.0,36.0,983.4,1.9,0.0,3,0
2025,14,FORMULA 1 LENOVO HUNGARIAN GRAND PRIX 2025,ALO,Aston Martin,Q3,75.481,5.0,27.533,26.633,21.315,2.0,SOFT,True,279.0,257.0,258.0,305.0,28.3,41.0,36.0,983.4,1.9,0.0,3,0
2025,14,FORMULA 1 LENOVO HUNGARIAN GRAND PRIX 2025,STR,Aston Martin,Q3,75.498,6.0,27.577,26.629,21.292,2.0,SOFT,True,280.0,254.0,259.0,305.0,28.3,41.0,36.0,983.4,1.9,0.0,3,0
2025,14,FORMULA 1 LENOVO HUNGARIAN GRAND PRIX 2025,BOR,Kick Sauber,Q3,75.725,7.0,27.594,26.733,21.398,2.0,SOFT,True,279.0,254.0,257.0,304.0,28.3,41.0,36.0,983.4,1.9,0.0,3,0
2025,14,FORMULA 1 LENOVO HUNGARIAN GRAND PRIX 2025,VER,Red Bull Racing,Q3,75.728,8.0,27.643,26.667,21.418,2.0,SOFT,True,279.0,258.0,256.0,303.0,28.3,41.0,36.0,983.4,1.9,0.0,3,0
2025,14,FORMULA 1 LENOVO HUNGARIAN GRAND PRIX 2025,LAW,Racing Bulls,Q3,75.821,9.0,27.691,26.8,21.33,2.0,SOFT,True,280.0,255.0,258.0,302.0,28.3,41.0,36.0,983.4,1.9,0.0,3,0
2025,14,FORMULA 1 LENOVO HUNGARIAN GRAND PRIX 2025,HAD,Racing Bulls,Q3,75.915,10.0,27.697,26.729,21.489,2.0,SOFT,True,279.0,257.0,256.0,300.0,28.3,41.0,36.0,983.4,1.9,0.0,3,0
2025,15,FORMULA 1 HEINEKEN DUTCH GRAND PRIX 2025,PIA,McLaren,Q1,69.338,1.0,23.684,24.593,21.061,5.0,SOFT,False,290.0,281.0,321.0,325.0,20.6,34.2,64.0,1006.1,4.0,0.0,1,0
2025,15,FORMULA 1 HEINEKEN DUTCH GRAND PRIX 2025,NOR,McLaren,Q1,69.469,2.0,23.646,24.735,21.088,2.0,SOFT,True,289.0,279.0,321.0,326.0,20.6,34.2,64.0,1006.1,4.0,0.0,1,0
2025,15,FORMULA 1 HEINEKEN DUTCH GRAND PRIX 2025,RUS,Mercedes,Q1,69.676,5.0,23.692,24.865,21.119,2.0,SOFT,True,289.0,280.0,319.0,328.0,20.6,34.2,64.0,1006.1,4.0,0.0,1,0
2025,15,FORMULA 1 HEINEKEN DUTCH GRAND PRIX 2025,VER,Red Bull Racing,Q1,69.696,3.0,23.817,24.708,21.171,5.0,SOFT,False,291.0,281.0,321.0,328.0,20.6,34.2,64.0,1006.1,4.0,0.0,1,0
2025,15,FORMULA 1 HEINEKEN DUTCH GRAND PRIX 2025,LAW,Racing Bulls,Q1,69.779,8.0,23.953,24.646,21.18,2.0,SOFT,True,290.0,280.0,318.0,328.0,20.6,34.2,64.0,1006.1,4.0,0.0,1,0
2025,15,FORMULA 1 HEINEKEN DUTCH GRAND PRIX 2025,ALB,Williams,Q1,69.792,15.0,23.734,24.916,21.142,2.0,SOFT,True,292.0,283.0,322.0,331.0,20.6,34.2,64.0,1006.1,4.0,0.0,1,0
2025,15,FORMULA 1 HEINEKEN DUTCH GRAND PRIX 2025,ANT,Mercedes,Q1,69.845,11.0,23.988,24.686,21.171,2.0,SOFT,True,289.0,281.0,319.0,326.0,20.6,34.2,64.0,1006.1,4.0,0.0,1,0
2025,15,FORMULA 1 HEINEKEN DUTCH GRAND PRIX 2025,GAS,Alpine,Q1,69.894,14.0,24.045,24.699,21.15,2.0,SOFT,True,290.0,280.0,321.0,329.0,20.6,34.2,64.0,1006.1,4.0,0.0,1,0
2025,15,FORMULA 1 HEINEKEN DUTCH GRAND PRIX 2025,HAM,Ferrari,Q1,69.9,7.0,24.109,24.624,21.167,2.0,SOFT,True,290.0,279.0,317.0,331.0,20.6,34.2,64.0,1006.1,4.0,0.0,1,0
2025,15,FORMULA 1 HEINEKEN DUTCH GRAND PRIX 2025,LEC,Ferrari,Q1,69.906,6.0,23.944,24.821,21.141,2.0,SOFT,True,290.0,280.0,319.0,326.0,20.6,34.2,64.0,1006.1,4.0,0.0,1,0
2025,15,FORMULA 1 HEINEKEN DUTCH GRAND PRIX 2025,ALO,Aston Martin,Q1,69.95,10.0,23.917,24.736,21.297,2.0,SOFT,True,291.0,280.0,321.0,329.0,20.6,34.2,64.0,1006.1,4.0,0.0,1,0
2025,15,FORMULA 1 HEINEKEN DUTCH GRAND PRIX 2025,TSU,Red Bull Racing,Q1,69.954,12.0,23.819,24.878,21.257,2.0,SOFT,True,290.0,281.0,322.0,332.0,20.6,34.2,64.0,1006.1,4.0,0.0,1,0
2025,15,FORMULA 1 HEINEKEN DUTCH GRAND PRIX 2025,HAD,Racing Bulls,Q1,69.966,4.0,23.977,24.803,21.186,2.0,SOFT,True,289.0,280.0,320.0,327.0,20.6,34.2,64.0,1006.1,4.0,0.0,1,0
2025,15,FORMULA 1 HEINEKEN DUTCH GRAND PRIX 2025,SAI,Williams,Q1,69.98,9.0,23.823,24.931,21.226,2.0,SOFT,True,292.0,282.0,321.0,330.0,20.6,34.2,64.0,1006.1,4.0,0.0,1,0
2025,15,FORMULA 1 HEINEKEN DUTCH GRAND PRIX 2025,BOR,Kick Sauber,Q1,70.037,13.0,24.043,24.842,21.152,2.0,SOFT,True,289.0,281.0,320.0,331.0,20.6,34.2,64.0,1006.1,4.0,0.0,1,0
2025,15,FORMULA 1 HEINEKEN DUTCH GRAND PRIX 2025,COL,Alpine,Q1,70.104,16.0,24.036,24.749,21.319,2.0,SOFT,True,291.0,282.0,323.0,330.0,20.6,34.2,64.0,1006.1,4.0,0.0,1,0
2025,15,FORMULA 1 HEINEKEN DUTCH GRAND PRIX 2025,HUL,Kick Sauber,Q1,70.195,17.0,24.091,24.869,21.235,2.0,SOFT,True,289.0,282.0,322.0,332.0,20.6,34.2,64.0,1006.1,4.0,0.0,1,0
2025,15,FORMULA 1 HEINEKEN DUTCH GRAND PRIX 2025,OCO,Haas F1 Team,Q1,70.197,18.0,24.031,24.848,21.318,2.0,SOFT,True,287.0,281.0,317.0,328.0,20.6,34.2,64.0,1006.1,4.0,0.0,1,0
2025,15,FORMULA 1 HEINEKEN DUTCH GRAND PRIX 2025,BEA,Haas F1 Team,Q1,70.262,19.0,24.156,24.935,21.171,2.0,SOFT,True,286.0,280.0,317.0,322.0,20.6,34.2,64.0,1006.1,4.0,0.0,1,0
2025,15,FORMULA 1 HEINEKEN DUTCH GRAND PRIX 2025,STR,Aston Martin,Q1,92.046,20.0,24.407,25.053,42.586,2.0,SOFT,True,290.0,281.0,,330.0,20.6,34.2,64.0,1006.1,4.0,0.0,1,0
2025,15,FORMULA 1 HEINEKEN DUTCH GRAND PRIX 2025,NOR,McLaren,Q2,68.874,2.0,23.474,24.555,20.845,2.0,SOFT,True,291.0,282.0,321.0,328.0,20.6,34.2,64.0,1006.1,4.0,0.0,2,0
2025,15,FORMULA 1 HEINEKEN DUTCH GRAND PRIX 2025,PIA,McLaren,Q2,68.964,1.0,23.59,24.517,20.857,2.0,SOFT,True,289.0,281.0,320.0,329.0,20.6,34.2,64.0,1006.1,4.0,0.0,2,0
2025,15,FORMULA 1 HEINEKEN DUTCH GRAND PRIX 2025,VER,Red Bull Racing,Q2,69.122,3.0,23.599,24.547,20.976,2.0,SOFT,True,292.0,281.0,319.0,329.0,20.6,34.2,64.0,1006.1,4.0,0.0,2,0
2025,15,FORMULA 1 HEINEKEN DUTCH GRAND PRIX 2025,HAM,Ferrari,Q2,69.261,7.0,23.735,24.493,21.033,2.0,SOFT,True,291.0,280.0,318.0,330.0,20.6,34.2,64.0,1006.1,4.0,0.0,2,0
2025,15,FORMULA 1 HEINEKEN DUTCH GRAND PRIX 2025,LEC,Ferrari,Q2,69.304,6.0,23.664,24.691,20.949,2.0,SOFT,True,290.0,280.0,320.0,326.0,20.6,34.2,64.0,1006.1,4.0,0.0,2,0
2025,15,FORMULA 1 HEINEKEN DUTCH GRAND PRIX 2025,RUS,Mercedes,Q2,69.313,5.0,23.738,24.573,21.002,2.0,SOFT,True,287.0,282.0,321.0,325.0,20.6,34.2,64.0,1006.1,4.0,0.0,2,0
2025,15,FORMULA 1 HEINEKEN DUTCH GRAND PRIX 2025,ALO,Aston Martin,Q2,69.366,10.0,23.823,24.514,21.029,2.0,SOFT,True,293.0,282.0,321.0,331.0,20.6,34.2,64.0,1006.1,4.0,0.0,2,0
2025,15,FORMULA 1 HEINEKEN DUTCH GRAND PRIX 2025,LAW,Racing Bulls,Q2,69.383,8.0,23.74,24.508,21.135,2.0,SOFT,True,290.0,281.0,319.0,329.0,20.6,34.2,64.0,1006.1,4.0,0.0,2,0
2025,15,FORMULA 1 HEINEKEN DUTCH GRAND PRIX 2025,HAD,Racing Bulls,Q2,69.439,4.0,23.749,24.701,20.989,2.0,SOFT,True,288.0,281.0,320.0,329.0,20.6,34.2,64.0,1006.1,4.0,0.0,2,0
2025,15,FORMULA 1 HEINEKEN DUTCH GRAND PRIX 2025,SAI,Williams,Q2,69.472,9.0,23.693,24.739,21.04,2.0,SOFT,True,292.0,283.0,321.0,332.0,20.6,34.2,64.0,1006.1,4.0,0.0,2,0
2025,15,FORMULA 1 HEINEKEN DUTCH GRAND PRIX 2025,ANT,Mercedes,Q2,69.493,11.0,23.86,24.599,21.034,2.0,SOFT,True,288.0,282.0,322.0,326.0,20.6,34.2,64.0,1006.1,4.0,0.0,2,0
2025,15,FORMULA 1 HEINEKEN DUTCH GRAND PRIX 2025,BOR,Kick Sauber,Q2,69.622,13.0,23.811,24.893,20.918,2.0,SOFT,True,290.0,282.0,320.0,329.0,20.6,34.2,64.0,1006.1,4.0,0.0,2,0
2025,15,FORMULA 1 HEINEKEN DUTCH GRAND PRIX 2025,TSU,Red Bull Racing,Q2,69.622,12.0,23.745,24.737,21.14,2.0,SOFT,True,291.0,281.0,323.0,329.0,20.6,34.2,64.0,1006.1,4.0,0.0,2,0
2025,15,FORMULA 1 HEINEKEN DUTCH GRAND PRIX 2025,GAS,Alpine,Q2,69.637,14.0,24.138,24.54,20.959,2.0,SOFT,True,289.0,281.0,321.0,329.0,20.6,34.2,64.0,1006.1,4.0,0.0,2,0
2025,15,FORMULA 1 HEINEKEN DUTCH GRAND PRIX 2025,ALB,Williams,Q2,69.652,15.0,23.68,24.935,21.037,2.0,SOFT,True,292.0,283.0,325.0,330.0,20.6,34.2,64.0,1006.1,4.0,0.0,2,0
2025,15,FORMULA 1 HEINEKEN DUTCH GRAND PRIX 2025,PIA,McLaren,Q3,68.662,1.0,23.367,24.476,20.819,2.0,SOFT,True,289.0,282.0,322.0,325.0,20.6,34.2,64.0,1006.1,4.0,0.0,3,0
2025,15,FORMULA 1 HEINEKEN DUTCH GRAND PRIX 2025,NOR,McLaren,Q3,68.674,2.0,23.386,24.394,20.894,2.0,SOFT,True,290.0,283.0,322.0,326.0,20.6,34.2,64.0,1006.1,4.0,0.0,3,0
2025,15,FORMULA 1 HEINEKEN DUTCH GRAND PRIX 2025,VER,Red Bull Racing,Q3,68.925,3.0,23.648,24.365,20.912,2.0,SOFT,True,291.0,281.0,322.0,331.0,20.6,34.2,64.0,1006.1,4.0,0.0,3,0
2025,15,FORMULA 1 HEINEKEN DUTCH GRAND PRIX 2025,HAD,Racing Bulls,Q3,69.208,4.0,23.691,24.565,20.952,2.0,SOFT,True,291.0,280.0,320.0,328.0,20.6,34.2,64.0,1006.1,4.0,0.0,3,0
2025,15,FORMULA 1 HEINEKEN DUTCH GRAND PRIX 2025,RUS,Mercedes,Q3,69.255,5.0,23.691,24.542,21.022,2.0,SOFT,True,286.0,282.0,317.0,326.0,20.6,34.2,64.0,1006.1,4.0,0.0,3,0
2025,15,FORMULA 1 HEINEKEN DUTCH GRAND PRIX 2025,LEC,Ferrari,Q3,69.34,6.0,23.774,24.625,20.941,2.0,SOFT,True,288.0,278.0,320.0,325.0,20.6,34.2,64.0,1006.1,4.0,0.0,3,0
2025,15,FORMULA 1 HEINEKEN DUTCH GRAND PRIX 2025,HAM,Ferrari,Q3,69.39,7.0,23.779,24.594,21.017,2.0,SOFT,True,290.0,279.0,318.0,325.0,20.6,34.2,64.0,1006.1,4.0,0.0,3,0
2025,15,FORMULA 1 HEINEKEN DUTCH GRAND PRIX 2025,LAW,Racing Bulls,Q3,69.5,8.0,23.867,24.544,21.089,2.0,SOFT,True,290.0,280.0,319.0,327.0,20.6,34.2,64.0,1006.1,4.0,0.0,3,0
2025,15,FORMULA 1 HEINEKEN DUTCH GRAND PRIX 2025,SAI,Williams,Q3,69.505,9.0,23.727,24.733,21.045,2.0,SOFT,True,291.0,283.0,324.0,328.0,20.6,34.2,64.0,1006.1,4.0,0.0,3,0
2025,15,FORMULA 1 HEINEKEN DUTCH GRAND PRIX 2025,ALO,Aston Martin,Q3,69.63,10.0,23.79,24.715,21.125,2.0,SOFT,True,292.0,281.0,320.0,330.0,20.6,34.2,64.0,1006.1,4.0,0.0,3,0
2025,16,FORMULA 1 PIRELLI GRAN PREMIO D’ITALIA 2025,RUS,Mercedes,Q1,79.414,6.0,26.659,26.562,26.193,5.0,MEDIUM,False,323.0,338.0,317.0,345.0,26.6,42.45,36.0,998.6,1.5,0.0,1,0
2025,16,FORMULA 1 PIRELLI GRAN PREMIO D’ITALIA 2025,VER,Red Bull Racing,Q1,79.455,1.0,26.506,26.625,26.324,5.0,SOFT,False,327.0,345.0,317.0,344.0,26.6,42.45,36.0,998.6,1.5,0.0,1,0
2025,16,FORMULA 1 PIRELLI GRAN PREMIO D’ITALIA 2025,NOR,McLaren,Q1,79.517,2.0,26.498,26.626,26.393,6.0,SOFT,False,323.0,337.0,315.0,344.0,26.6,42.45,36.0,998.6,1.5,0.0,1,0
2025,16,FORMULA 1 PIRELLI GRAN PREMIO D’ITALIA 2025,TSU,Red Bull Racing,Q1,79.619,10.0,26.516,26.766,26.337,2.0,SOFT,True,323.0,341.0,315.0,346.0,26.6,42.45,36.0,998.6,1.5,0.0,1,0
2025,16,FORMULA 1 PIRELLI GRAN PREMIO D’ITALIA 2025,SAI,Williams,Q1,79.644,13.0,26.547,26.637,26.46,5.0,SOFT,False,324.0,337.0,312.0,345.0,26.6,42.45,36.0,998.6,1.5,0.0,1,0
2025,16,FORMULA 1 PIRELLI GRAN PREMIO D’ITALIA 2025,ALO,Aston Martin,Q1,79.658,9.0,26.348,26.852,26.458,2.0,SOFT,True,325.0,342.0,315.0,349.0,26.6,42.45,36.0,998.6,1.5,0.0,1,0
2025,16,FORMULA 1 PIRELLI GRAN PREMIO D’ITALIA 2025,BEA,Haas F1 Team,Q1,79.688,11.0,26.558,26.774,26.356,2.0,SOFT,True,324.0,339.0,315.0,344.0,26.6,42.45,36.0,998.6,1.5,0.0,1,0
2025,16,FORMULA 1 PIRELLI GRAN PREMIO D’ITALIA 2025,BOR,Kick Sauber,Q1,79.688,8.0,26.372,26.869,26.447,5.0,SOFT,False,328.0,344.0,315.0,352.0,26.6,42.45,36.0,998.6,1.5,0.0,1,0
2025,16,FORMULA 1 PIRELLI GRAN PREMIO D’ITALIA 2025,LEC,Ferrari,Q1,79.689,4.0,26.47,26.736,26.483,5.0,SOFT,False,326.0,339.0,317.0,346.0,26.6,42.45,36.0,998.6,1.5,0.0,1,0
2025,16,FORMULA 1 PIRELLI GRAN PREMIO D’ITALIA 2025,PIA,McLaren,Q1,79.711,3.0,26.689,26.663,26.359,2.0,SOFT,True,322.0,335.0,312.0,340.0,26.6,42.45,36.0,998.6,1.5,0.0,1,0
2025,16,FORMULA 1 PIRELLI GRAN PREMIO D’ITALIA 2025,ANT,Mercedes,Q1,79.747,7.0,26.529,26.79,26.428,2.0,SOFT,True,323.0,340.0,316.0,346.0,26.6,42.45,36.0,998.6,1.5,0.0,1,0
2025,16,FORMULA 1 PIRELLI GRAN PREMIO D’ITALIA 2025,HAM,Ferrari,Q1,79.765,5.0,26.462,26.872,26.431,5.0,SOFT,False,325.0,339.0,317.0,348.0,26.6,42.45,36.0,998.6,1.5,0.0,1,0
2025,16,FORMULA 1 PIRELLI GRAN PREMIO D’ITALIA 2025,HUL,Kick Sauber,Q1,79.777,12.0,26.181,27.155,26.441,2.0,SOFT,True,330.0,345.0,319.0,355.0,26.6,42.45,36.0,998.6,1.5,0.0,1,0
2025,16,FORMULA 1 PIRELLI GRAN PREMIO D’ITALIA 2025,OCO,Haas F1 Team,Q1,79.816,15.0,26.537,26.819,26.46,2.0,SOFT,True,324.0,339.0,315.0,340.0,26.6,42.45,36.0,998.6,1.5,0.0,1,0
2025,16,FORMULA 1 PIRELLI GRAN PREMIO D’ITALIA 2025,ALB,Williams,Q1,79.837,14.0,26.466,26.862,26.509,6.0,SOFT,False,324.0,338.0,313.0,345.0,26.6,42.45,36.0,998.6,1.5,0.0,1,0
2025,16,FORMULA 1 PIRELLI GRAN PREMIO D’ITALIA 2025,HAD,Racing Bulls,Q1,79.917,16.0,26.331,27.092,26.494,2.0,SOFT,True,326.0,338.0,316.0,350.0,26.6,42.45,36.0,998.6,1.5,0.0,1,0
2025,16,FORMULA 1 PIRELLI GRAN PREMIO D’ITALIA 2025,STR,Aston Martin,Q1,79.948,17.0,26.502,26.903,26.543,2.0,SOFT,True,323.0,339.0,315.0,346.0,26.6,42.45,36.0,998.6,1.5,0.0,1,0
2025,16,FORMULA 1 PIRELLI GRAN PREMIO D’ITALIA 2025,COL,Alpine,Q1,79.992,18.0,26.547,27.016,26.429,2.0,SOFT,True,322.0,337.0,315.0,345.0,26.6,42.45,36.0,998.6,1.5,0.0,1,0
2025,16,FORMULA 1 PIRELLI GRAN PREMIO D’ITALIA 2025,GAS,Alpine,Q1,80.103,19.0,26.628,26.961,26.514,2.0,SOFT,True,323.0,338.0,315.0,344.0,26.6,42.45,36.0,998.6,1.5,0.0,1,0
2025,16,FORMULA 1 PIRELLI GRAN PREMIO D’ITALIA 2025,LAW,Racing Bulls,Q1,80.279,20.0,26.557,27.05,26.672,2.0,SOFT,True,324.0,336.0,315.0,342.0,26.6,42.45,36.0,998.6,1.5,0.0,1,0
2025,16,FORMULA 1 PIRELLI GRAN PREMIO D’ITALIA 2025,VER,Red Bull Racing,Q2,79.14,1.0,26.406,26.538,26.196,2.0,SOFT,True,324.0,341.0,316.0,346.0,26.6,42.45,36.0,998.6,1.5,0.0,2,0
2025,16,FORMULA 1 PIRELLI GRAN PREMIO D’ITALIA 2025,ANT,Mercedes,Q2,79.245,7.0,26.461,26.613,26.171,2.0,SOFT,True,324.0,340.0,314.0,347.0,26.6,42.45,36.0,998.6,1.5,0.0,2,0
2025,16,FORMULA 1 PIRELLI GRAN PREMIO D’ITALIA 2025,PIA,McLaren,Q2,79.286,3.0,26.548,26.529,26.209,2.0,SOFT,True,324.0,339.0,315.0,345.0,26.6,42.45,36.0,998.6,1.5,0.0,2,0
2025,16,FORMULA 1 PIRELLI GRAN PREMIO D’ITALIA 2025,RUS,Mercedes,Q2,79.287,6.0,26.515,26.568,26.204,2.0,SOFT,True,321.0,338.0,315.0,343.0,26.6,42.45,36.0,998.6,1.5,0.0,2,0
2025,16,FORMULA 1 PIRELLI GRAN PREMIO D’ITALIA 2025,NOR,McLaren,Q2,79.293,2.0,26.46,26.625,26.208,5.0,SOFT,True,323.0,336.0,316.0,345.0,26.6,42.45,36.0,998.6,1.5,0.0,2,0
2025,16,FORMULA 1 PIRELLI GRAN PREMIO D’ITALIA 2025,LEC,Ferrari,Q2,79.31,4.0,26.432,26.636,26.242,2.0,SOFT,True,327.0,340.0,318.0,349.0,26.6,42.45,36.0,998.6,1.5,0.0,2,0
2025,16,FORMULA 1 PIRELLI GRAN PREMIO D’ITALIA 2025,BOR,Kick Sauber,Q2,79.323,8.0,26.215,26.782,26.326,2.0,SOFT,True,329.0,345.0,319.0,354.0,26.6,42.45,36.0,998.6,1.5,0.0,2,0
2025,16,FORMULA 1 PIRELLI GRAN PREMIO D’ITALIA 2025,ALO,Aston Martin,Q2,79.362,9.0,26.394,26.593,26.375,2.0,SOFT,True,324.0,342.0,315.0,349.0,26.6,42.45,36.0,998.6,1.5,0.0,2,0
2025,16,FORMULA 1 PIRELLI GRAN PREMIO D’ITALIA 2025,HAM,Ferrari,Q2,79.371,5.0,26.283,26.687,26.401,2.0,SOFT,True,327.0,343.0,318.0,352.0,26.6,42.45,36.0,998.6,1.5,0.0,2,0
2025,16,FORMULA 1 PIRELLI GRAN PREMIO D’ITALIA 2025,TSU,Red Bull Racing,Q2,79.433,10.0,26.42,26.672,26.341,2.0,SOFT,True,322.0,340.0,313.0,348.0,26.6,42.45,36.0,998.6,1.5,0.0,2,0
2025,16,FORMULA 1 PIRELLI GRAN PREMIO D’ITALIA 2025,BEA,Haas F1 Team,Q2,79.446,11.0,26.376,26.736,26.334,2.0,SOFT,True,325.0,341.0,311.0,349.0,26.6,42.45,36.0,998.6,1.5,0.0,2,0
2025,16,FORMULA 1 PIRELLI GRAN PREMIO D’ITALIA 2025,HUL,Kick Sauber,Q2,79.498,12.0,26.338,26.816,26.344,2.0,SOFT,True,328.0,347.0,318.0,355.0,26.6,42.45,36.0,998.6,1.5,0.0,2,0
2025,16,FORMULA 1 PIRELLI GRAN PREMIO D’ITALIA 2025,SAI,Williams,Q2,79.528,13.0,26.393,26.707,26.428,5.0,SOFT,False,325.0,342.0,315.0,349.0,26.6,42.45,36.0,998.6,1.5,0.0,2,0
2025,16,FORMULA 1 PIRELLI GRAN PREMIO D’ITALIA 2025,ALB,Williams,Q2,79.583,14.0,26.442,26.643,26.498,2.0,SOFT,True,323.0,340.0,311.0,345.0,26.6,42.45,36.0,998.6,1.5,0.0,2,0
2025,16,FORMULA 1 PIRELLI GRAN PREMIO D’ITALIA 2025,OCO,Haas F1 Team,Q2,79.707,15.0,26.542,26.729,26.436,2.0,SOFT,True,324.0,339.0,315.0,348.0,26.6,42.45,36.0,998.6,1.5,0.0,2,0
2025,16,FORMULA 1 PIRELLI GRAN PREMIO D’ITALIA 2025,VER,Red Bull Racing,Q3,78.792,1.0,26.262,26.483,26.047,2.0,SOFT,True,327.0,340.0,315.0,348.0,26.6,42.45,36.0,998.6,1.5,0.0,3,0
2025,16,FORMULA 1 PIRELLI GRAN PREMIO D’ITALIA 2025,NOR,McLaren,Q3,78.869,2.0,26.378,26.438,26.053,2.0,SOFT,True,323.0,338.0,315.0,345.0,26.6,42.45,36.0,998.6,1.5,0.0,3,0
2025,16,FORMULA 1 PIRELLI GRAN PREMIO D’ITALIA 2025,PIA,McLaren,Q3,78.982,3.0,26.576,26.34,26.066,2.0,SOFT,True,323.0,338.0,316.0,345.0,26.6,42.45,36.0,998.6,1.5,0.0,3,0
2025,16,FORMULA 1 PIRELLI GRAN PREMIO D’ITALIA 2025,LEC,Ferrari,Q3,79.007,4.0,26.265,26.582,26.16,2.0,SOFT,True,328.0,340.0,319.0,349.0,26.6,42.45,36.0,998.6,1.5,0.0,3,0
2025,16,FORMULA 1 PIRELLI GRAN PREMIO D’ITALIA 2025,HAM,Ferrari,Q3,79.124,5.0,26.219,26.686,26.219,2.0,SOFT,True,328.0,341.0,319.0,349.0,26.6,42.45,36.0,998.6,1.5,0.0,3,0
2025,16,FORMULA 1 PIRELLI GRAN PREMIO D’ITALIA 2025,RUS,Mercedes,Q3,79.157,6.0,26.514,26.434,26.209,2.0,SOFT,True,323.0,338.0,316.0,345.0,26.6,42.45,36.0,998.6,1.5,0.0,3,0
2025,16,FORMULA 1 PIRELLI GRAN PREMIO D’ITALIA 2025,ANT,Mercedes,Q3,79.2,7.0,26.465,26.64,26.095,2.0,SOFT,True,323.0,340.0,314.0,346.0,26.6,42.45,36.0,998.6,1.5,0.0,3,0
2025,16,FORMULA 1 PIRELLI GRAN PREMIO D’ITALIA 2025,BOR,Kick Sauber,Q3,79.39,8.0,26.233,26.676,26.481,2.0,SOFT,True,329.0,347.0,318.0,355.0,26.6,42.45,36.0,998.6,1.5,0.0,3,0
2025,16,FORMULA 1 PIRELLI GRAN PREMIO D’ITALIA 2025,ALO,Aston Martin,Q3,79.424,9.0,26.469,26.592,26.363,2.0,SOFT,True,324.0,341.0,313.0,348.0,26.6,42.45,36.0,998.6,1.5,0.0,3,0
2025,16,FORMULA 1 PIRELLI GRAN PREMIO D’ITALIA 2025,TSU,Red Bull Racing,Q3,79.519,10.0,26.516,26.645,26.358,2.0,SOFT,True,322.0,337.0,314.0,345.0,26.6,42.45,36.0,998.6,1.5,0.0,3,0
2025,17,FORMULA 1 QATAR AIRWAYS AZERBAIJAN GRAND PRIX 2025,NOR,McLaren,Q1,101.322,7.0,35.478,40.982,24.862,2.0,SOFT,True,219.0,215.0,335.0,321.0,20.8,26.7,60.0,1013.6,2.1,0.0,1,0
2025,17,FORMULA 1 QATAR AIRWAYS AZERBAIJAN GRAND PRIX 2025,VER,Red Bull Racing,Q1,101.331,1.0,35.416,40.978,24.937,7.0,MEDIUM,False,222.0,225.0,337.0,322.0,20.8,26.7,60.0,1013.6,2.1,0.0,1,0
2025,17,FORMULA 1 QATAR AIRWAYS AZERBAIJAN GRAND PRIX 2025,LEC,Ferrari,Q1,101.458,10.0,35.5,40.842,25.116,8.0,SOFT,False,224.0,228.0,338.0,322.0,20.8,26.7,60.0,1013.6,2.1,0.0,1,0
2025,17,FORMULA 1 QATAR AIRWAYS AZERBAIJAN GRAND PRIX 2025,RUS,Mercedes,Q1,101.646,5.0,35.849,41.051,24.746,5.0,MEDIUM,False,221.0,228.0,339.0,322.0,20.8,26.7,60.0,1013.6,2.1,0.0,1,0
2025,17,FORMULA 1 QATAR AIRWAYS AZERBAIJAN GRAND PRIX 2025,HAD,Racing Bulls,Q1,101.656,8.0,35.73,40.984,24.942,3.0,MEDIUM,True,225.0,227.0,336.0,317.0,20.8,26.7,60.0,1013.6,2.1,0.0,1,0
2025,17,FORMULA 1 QATAR AIRWAYS AZERBAIJAN GRAND PRIX 2025,HAM,Ferrari,Q1,101.821,12.0,35.572,41.265,24.984,5.0,SOFT,False,233.0,230.0,337.0,320.0,20.8,26.7,60.0,1013.6,2.1,0.0,1,0
2025,17,FORMULA 1 QATAR AIRWAYS AZERBAIJAN GRAND PRIX 2025,PIA,McLaren,Q1,101.839,9.0,35.689,41.016,25.134,4.0,MEDIUM,False,216.0,216.0,333.0,319.0,20.8,26.7,60.0,1013.6,2.1,0.0,1,0
2025,17,FORMULA 1 QATAR AIRWAYS AZERBAIJAN GRAND PRIX 2025,STR,Aston Martin,Q1,102.101,14.0,35.944,41.106,25.051,3.0,MEDIUM,True,215.0,225.0,338.0,320.0,20.8,26.7,60.0,1013.6,2.1,0.0,1,0
2025,17,FORMULA 1 QATAR AIRWAYS AZERBAIJAN GRAND PRIX 2025,ALO,Aston Martin,Q1,102.211,11.0,35.902,41.461,24.848,3.0,MEDIUM,True,222.0,219.0,341.0,324.0,20.8,26.7,60.0,1013.6,2.1,0.0,1,0
2025,17,FORMULA 1 QATAR AIRWAYS AZERBAIJAN GRAND PRIX 2025,ANT,Mercedes,Q1,102.247,4.0,36.006,41.281,24.96,5.0,MEDIUM,False,223.0,222.0,338.0,322.0,20.8,26.7,60.0,1013.6,2.1,0.0,1,0
2025,17,FORMULA 1 QATAR AIRWAYS AZERBAIJAN GRAND PRIX 2025,LAW,Racing Bulls,Q1,102.257,3.0,36.057,41.364,24.836,3.0,MEDIUM,True,209.0,210.0,340.0,319.0,20.8,26.7,60.0,1013.6,2.1,0.0,1,0
2025,17,FORMULA 1 QATAR AIRWAYS AZERBAIJAN GRAND PRIX 2025,TSU,Red Bull Racing,Q1,102.347,6.0,36.006,41.36,24.981,5.0,MEDIUM,False,221.0,219.0,339.0,321.0,20.8,26.7,60.0,1013.6,2.1,0.0,1,0
2025,17,FORMULA 1 QATAR AIRWAYS AZERBAIJAN GRAND PRIX 2025,BOR,Kick Sauber,Q1,102.511,13.0,36.029,41.213,25.269,5.0,MEDIUM,False,219.0,220.0,335.0,319.0,20.8,26.7,60.0,1013.6,2.1,0.0,1,0
2025,17,FORMULA 1 QATAR AIRWAYS AZERBAIJAN GRAND PRIX 2025,SAI,Williams,Q1,102.635,2.0,36.179,41.332,25.124,2.0,SOFT,True,225.0,221.0,332.0,319.0,20.8,26.7,60.0,1013.6,2.1,0.0,1,0
2025,17,FORMULA 1 QATAR AIRWAYS AZERBAIJAN GRAND PRIX 2025,BEA,Haas F1 Team,Q1,102.666,15.0,36.506,41.225,24.935,3.0,SOFT,True,216.0,234.0,329.0,319.0,20.8,26.7,60.0,1013.6,2.1,0.0,1,0
2025,17,FORMULA 1 QATAR AIRWAYS AZERBAIJAN GRAND PRIX 2025,COL,Alpine,Q1,102.779,16.0,35.907,41.759,25.113,2.0,SOFT,True,216.0,220.0,339.0,323.0,20.8,26.7,60.0,1013.6,2.1,0.0,1,0
2025,17,FORMULA 1 QATAR AIRWAYS AZERBAIJAN GRAND PRIX 2025,HUL,Kick Sauber,Q1,102.916,17.0,36.348,41.592,24.976,2.0,SOFT,True,214.0,222.0,333.0,320.0,20.8,26.7,60.0,1013.6,2.1,0.0,1,0
2025,17,FORMULA 1 QATAR AIRWAYS AZERBAIJAN GRAND PRIX 2025,OCO,Haas F1 Team,Q1,103.004,20.0,36.311,41.681,25.012,3.0,SOFT,True,212.0,222.0,337.0,319.0,20.8,26.7,60.0,1013.6,2.1,0.0,1,0
2025,17,FORMULA 1 QATAR AIRWAYS AZERBAIJAN GRAND PRIX 2025,GAS,Alpine,Q1,103.139,18.0,36.126,41.775,25.238,2.0,SOFT,True,218.0,222.0,336.0,319.0,20.8,26.7,60.0,1013.6,2.1,0.0,1,0
2025,17,FORMULA 1 QATAR AIRWAYS AZERBAIJAN GRAND PRIX 2025,ALB,Williams,Q1,103.778,19.0,36.704,41.721,25.353,2.0,SOFT,True,214.0,216.0,332.0,319.0,20.8,26.7,60.0,1013.6,2.1,0.0,1,0
2025,17,FORMULA 1 QATAR AIRWAYS AZERBAIJAN GRAND PRIX 2025,VER,Red Bull Racing,Q2,101.255,1.0,35.385,40.743,25.127,5.0,MEDIUM,True,228.0,232.0,337.0,319.0,20.8,26.7,60.0,1013.6,2.1,0.0,2,0
2025,17,FORMULA 1 QATAR AIRWAYS AZERBAIJAN GRAND PRIX 2025,NOR,McLaren,Q2,101.396,7.0,35.585,40.836,24.975,6.0,SOFT,False,226.0,216.0,338.0,322.0,20.8,26.7,60.0,1013.6,2.1,0.0,2,0
2025,17,FORMULA 1 QATAR AIRWAYS AZERBAIJAN GRAND PRIX 2025,PIA,McLaren,Q2,101.414,9.0,35.45,40.825,25.139,6.0,SOFT,False,220.0,210.0,335.0,319.0,20.8,26.7,60.0,1013.6,2.1,0.0,2,0
2025,17,FORMULA 1 QATAR AIRWAYS AZERBAIJAN GRAND PRIX 2025,RUS,Mercedes,Q2,101.455,5.0,35.582,40.99,24.883,2.0,MEDIUM,True,223.0,231.0,340.0,324.0,20.8,26.7,60.0,1013.6,2.1,0.0,2,0
2025,17,FORMULA 1 QATAR AIRWAYS AZERBAIJAN GRAND PRIX 2025,ANT,Mercedes,Q2,101.464,4.0,35.739,40.827,24.898,5.0,MEDIUM,False,220.0,217.0,337.0,321.0,20.8,26.7,60.0,1013.6,2.1,0.0,2,0
2025,17,FORMULA 1 QATAR AIRWAYS AZERBAIJAN GRAND PRIX 2025,LEC,Ferrari,Q2,101.519,10.0,35.797,40.785,24.937,2.0,MEDIUM,True,217.0,220.0,339.0,319.0,20.8,26.7,60.0,1013.6,2.1,0.0,2,0
2025,17,FORMULA 1 QATAR AIRWAYS AZERBAIJAN GRAND PRIX 2025,LAW,Racing Bulls,Q2,101.537,3.0,35.701,40.943,24.893,7.0,MEDIUM,False,216.0,216.0,338.0,318.0,20.8,26.7,60.0,1013.6,2.1,0.0,2,0
2025,17,FORMULA 1 QATAR AIRWAYS AZERBAIJAN GRAND PRIX 2025,HAD,Racing Bulls,Q2,101.647,8.0,35.668,40.956,25.023,6.0,MEDIUM,False,224.0,230.0,337.0,318.0,20.8,26.7,60.0,1013.6,2.1,0.0,2,0
2025,17,FORMULA 1 QATAR AIRWAYS AZERBAIJAN GRAND PRIX 2025,SAI,Williams,Q2,101.675,2.0,35.652,40.833,25.19,4.0,MEDIUM,False,223.0,217.0,333.0,319.0,20.8,26.7,60.0,1013.6,2.1,0.0,2,0
2025,17,FORMULA 1 QATAR AIRWAYS AZERBAIJAN GRAND PRIX 2025,TSU,Red Bull Racing,Q2,101.788,6.0,35.775,40.837,25.176,5.0,MEDIUM,True,224.0,225.0,336.0,319.0,20.8,26.7,60.0,1013.6,2.1,0.0,2,0
2025,17,FORMULA 1 QATAR AIRWAYS AZERBAIJAN GRAND PRIX 2025,ALO,Aston Martin,Q2,101.857,11.0,35.825,41.108,24.924,5.0,MEDIUM,True,223.0,227.0,341.0,320.0,20.8,26.7,60.0,1013.6,2.1,0.0,2,0
2025,17,FORMULA 1 QATAR AIRWAYS AZERBAIJAN GRAND PRIX 2025,HAM,Ferrari,Q2,102.183,12.0,35.711,41.361,25.111,5.0,SOFT,True,212.0,220.0,333.0,319.0,20.8,26.7,60.0,1013.6,2.1,0.0,2,0
2025,17,FORMULA 1 QATAR AIRWAYS AZERBAIJAN GRAND PRIX 2025,BOR,Kick Sauber,Q2,102.277,13.0,35.854,41.07,25.353,2.0,MEDIUM,True,208.0,229.0,336.0,319.0,20.8,26.7,60.0,1013.6,2.1,0.0,2,0
2025,17,FORMULA 1 QATAR AIRWAYS AZERBAIJAN GRAND PRIX 2025,STR,Aston Martin,Q2,103.061,14.0,36.028,42.021,25.012,5.0,SOFT,False,214.0,215.0,339.0,321.0,20.8,26.7,60.0,1013.6,2.1,0.0,2,0
2025,17,FORMULA 1 QATAR AIRWAYS AZERBAIJAN GRAND PRIX 2025,VER,Red Bull Racing,Q3,101.117,1.0,35.331,40.577,25.209,2.0,SOFT,True,225.0,225.0,337.0,319.0,20.8,26.7,60.0,1013.6,2.1,0.0,3,0
2025,17,FORMULA 1 QATAR AIRWAYS AZERBAIJAN GRAND PRIX 2025,SAI,Williams,Q3,101.595,2.0,35.838,40.574,25.183,7.0,MEDIUM,False,221.0,223.0,329.0,316.0,20.8,26.7,60.0,1013.6,2.1,0.0,3,0
2025,17,FORMULA 1 QATAR AIRWAYS AZERBAIJAN GRAND PRIX 2025,LAW,Racing Bulls,Q3,101.707,3.0,35.432,41.316,24.959,4.0,SOFT,False,220.0,229.0,337.0,318.0,20.8,26.7,60.0,1013.6,2.1,0.0,3,0
2025,17,FORMULA 1 QATAR AIRWAYS AZERBAIJAN GRAND PRIX 2025,ANT,Mercedes,Q3,101.717,4.0,35.718,40.84,25.159,4.0,MEDIUM,False,229.0,218.0,336.0,321.0,20.8,26.7,60.0,1013.6,2.1,0.0,3,0
2025,17,FORMULA 1 QATAR AIRWAYS AZERBAIJAN GRAND PRIX 2025,RUS,Mercedes,Q3,102.07,5.0,35.752,41.331,24.987,2.0,SOFT,True,225.0,228.0,335.0,320.0,20.8,26.7,60.0,1013.6,2.1,0.0,3,0
2025,17,FORMULA 1 QATAR AIRWAYS AZERBAIJAN GRAND PRIX 2025,TSU,Red Bull Racing,Q3,102.143,6.0,36.038,40.979,25.126,3.0,SOFT,False,215.0,223.0,335.0,318.0,20.8,26.7,60.0,1013.6,2.1,0.0,3,0
2025,17,FORMULA 1 QATAR AIRWAYS AZERBAIJAN GRAND PRIX 2025,NOR,McLaren,Q3,102.239,7.0,35.512,41.417,25.31,4.0,SOFT,False,221.0,212.0,330.0,317.0,20.8,26.7,60.0,1013.6,2.1,0.0,3,0
2025,17,FORMULA 1 QATAR AIRWAYS AZERBAIJAN GRAND PRIX 2025,HAD,Racing Bulls,Q3,102.372,8.0,35.556,41.066,25.75,4.0,SOFT,False,223.0,227.0,334.0,316.0,20.8,26.7,60.0,1013.6,2.1,0.0,3,0
2025,18,FORMULA 1 SINGAPORE AIRLINES SINGAPORE GRAND PRIX 2025,HAM,Ferrari,Q1,89.765,6.0,26.751,37.669,25.345,2.0,SOFT,True,312.0,279.0,259.0,302.0,29.8,34.849999999999994,69.0,1011.4,1.65,0.0,1,0
2025,18,FORMULA 1 SINGAPORE AIRLINES SINGAPORE GRAND PRIX 2025,RUS,Mercedes,Q1,89.928,1.0,26.704,37.84,25.384,2.0,SOFT,True,312.0,278.0,262.0,305.0,29.8,34.849999999999994,69.0,1011.4,1.65,0.0,1,0
2025,18,FORMULA 1 SINGAPORE AIRLINES SINGAPORE GRAND PRIX 2025,NOR,McLaren,Q1,89.932,5.0,26.7,37.705,25.527,2.0,SOFT,True,308.0,277.0,262.0,302.0,29.8,34.849999999999994,69.0,1011.4,1.65,0.0,1,0
2025,18,FORMULA 1 SINGAPORE AIRLINES SINGAPORE GRAND PRIX 2025,VER,Red Bull Racing,Q1,90.028,2.0,26.795,37.827,25.406,5.0,SOFT,False,311.0,278.0,261.0,301.0,29.8,34.849999999999994,69.0,1011.4,1.65,0.0,1,0
2025,18,FORMULA 1 SINGAPORE AIRLINES SINGAPORE GRAND PRIX 2025,ANT,Mercedes,Q1,90.036,4.0,26.609,37.657,25.77,2.0,SOFT,True,311.0,278.0,256.0,303.0,29.8,34.849999999999994,69.0,1011.4,1.65,0.0,1,0
2025,18,FORMULA 1 SINGAPORE AIRLINES SINGAPORE GRAND PRIX 2025,HAD,Racing Bulls,Q1,90.214,8.0,26.826,37.894,25.494,5.0,SOFT,True,309.0,278.0,260.0,304.0,29.8,34.849999999999994,69.0,1011.4,1.65,0.0,1,0
2025,18,FORMULA 1 SINGAPORE AIRLINES SINGAPORE GRAND PRIX 2025,PIA,McLaren,Q1,90.313,3.0,26.711,38.165,25.437,5.0,SOFT,True,310.0,278.0,262.0,301.0,29.8,34.849999999999994,69.0,1011.4,1.65,0.0,1,0
2025,18,FORMULA 1 SINGAPORE AIRLINES SINGAPORE GRAND PRIX 2025,LEC,Ferrari,Q1,90.37,7.0,26.884,37.847,25.639,5.0,SOFT,True,311.0,281.0,263.0,302.0,29.8,34.849999999999994,69.0,1011.4,1.65,0.0,1,0
2025,18,FORMULA 1 SINGAPORE AIRLINES SINGAPORE GRAND PRIX 2025,BEA,Haas F1 Team,Q1,90.42,9.0,26.869,38.041,25.51,2.0,SOFT,True,310.0,279.0,261.0,302.0,29.8,34.849999999999994,69.0,1011.4,1.65,0.0,1,0
2025,18,FORMULA 1 SINGAPORE AIRLINES SINGAPORE GRAND PRIX 2025,TSU,Red Bull Racing,Q1,90.574,13.0,26.841,38.197,25.536,2.0,SOFT,True,312.0,278.0,259.0,302.0,29.8,34.849999999999994,69.0,1011.4,1.65,0.0,1,0
2025,18,FORMULA 1 SINGAPORE AIRLINES SINGAPORE GRAND PRIX 2025,SAI,Williams,Q1,90.64,20.0,27.013,38.132,25.495,5.0,SOFT,False,309.0,276.0,260.0,301.0,29.8,34.849999999999994,69.0,1011.4,1.65,0.0,1,0
2025,18,FORMULA 1 SINGAPORE AIRLINES SINGAPORE GRAND PRIX 2025,LAW,Racing Bulls,Q1,90.681,12.0,26.904,38.108,25.669,2.0,SOFT,True,309.0,275.0,257.0,300.0,29.8,34.849999999999994,69.0,1011.4,1.65,0.0,1,0
2025,18,FORMULA 1 SINGAPORE AIRLINES SINGAPORE GRAND PRIX 2025,HUL,Kick Sauber,Q1,90.715,11.0,26.916,38.227,25.572,2.0,SOFT,True,309.0,278.0,260.0,300.0,29.8,34.849999999999994,69.0,1011.4,1.65,0.0,1,0
2025,18,FORMULA 1 SINGAPORE AIRLINES SINGAPORE GRAND PRIX 2025,ALO,Aston Martin,Q1,90.745,10.0,26.774,38.247,25.724,2.0,SOFT,True,313.0,278.0,261.0,303.0,29.8,34.849999999999994,69.0,1011.4,1.65,0.0,1,0
2025,18,FORMULA 1 SINGAPORE AIRLINES SINGAPORE GRAND PRIX 2025,ALB,Williams,Q1,90.775,19.0,26.946,38.22,25.609,5.0,SOFT,False,308.0,277.0,257.0,301.0,29.8,34.849999999999994,69.0,1011.4,1.65,0.0,1,0
2025,18,FORMULA 1 SINGAPORE AIRLINES SINGAPORE GRAND PRIX 2025,BOR,Kick Sauber,Q1,90.82,14.0,26.952,38.25,25.618,2.0,SOFT,True,310.0,279.0,260.0,300.0,29.8,34.849999999999994,69.0,1011.4,1.65,0.0,1,0
2025,18,FORMULA 1 SINGAPORE AIRLINES SINGAPORE GRAND PRIX 2025,STR,Aston Martin,Q1,90.949,15.0,26.911,38.102,25.936,2.0,SOFT,True,314.0,279.0,255.0,303.0,29.8,34.849999999999994,69.0,1011.4,1.65,0.0,1,0
2025,18,FORMULA 1 SINGAPORE AIRLINES SINGAPORE GRAND PRIX 2025,COL,Alpine,Q1,90.982,16.0,26.776,38.309,25.897,2.0,SOFT,True,314.0,279.0,254.0,304.0,29.8,34.849999999999994,69.0,1011.4,1.65,0.0,1,0
2025,18,FORMULA 1 SINGAPORE AIRLINES SINGAPORE GRAND PRIX 2025,OCO,Haas F1 Team,Q1,90.989,17.0,26.931,38.465,25.593,2.0,SOFT,True,312.0,277.0,261.0,302.0,29.8,34.849999999999994,69.0,1011.4,1.65,0.0,1,0
2025,18,FORMULA 1 SINGAPORE AIRLINES SINGAPORE GRAND PRIX 2025,GAS,Alpine,Q1,91.261,18.0,27.022,38.521,25.718,2.0,SOFT,True,312.0,279.0,260.0,304.0,29.8,34.849999999999994,69.0,1011.4,1.65,0.0,1,0
2025,18,FORMULA 1 SINGAPORE AIRLINES SINGAPORE GRAND PRIX 2025,RUS,Mercedes,Q2,89.562,1.0,26.599,37.576,25.387,2.0,SOFT,True,313.0,278.0,261.0,303.0,29.8,34.849999999999994,69.0,1011.4,1.65,0.0,2,0
2025,18,FORMULA 1 SINGAPORE AIRLINES SINGAPORE GRAND PRIX 2025,VER,Red Bull Racing,Q2,89.572,2.0,26.676,37.578,25.318,2.0,SOFT,True,310.0,278.0,262.0,302.0,29.8,34.849999999999994,69.0,1011.4,1.65,0.0,2,0
2025,18,FORMULA 1 SINGAPORE AIRLINES SINGAPORE GRAND PRIX 2025,ANT,Mercedes,Q2,89.649,4.0,26.794,37.413,25.442,2.0,SOFT,True,315.0,279.0,261.0,302.0,29.8,34.849999999999994,69.0,1011.4,1.65,0.0,2,0
2025,18,FORMULA 1 SINGAPORE AIRLINES SINGAPORE GRAND PRIX 2025,NOR,McLaren,Q2,89.809,5.0,26.667,37.674,25.468,2.0,SOFT,True,309.0,278.0,261.0,303.0,29.8,34.849999999999994,69.0,1011.4,1.65,0.0,2,0
2025,18,FORMULA 1 SINGAPORE AIRLINES SINGAPORE GRAND PRIX 2025,PIA,McLaren,Q2,89.813,3.0,26.754,37.624,25.435,2.0,SOFT,True,308.0,277.0,263.0,303.0,29.8,34.849999999999994,69.0,1011.4,1.65,0.0,2,0
2025,18,FORMULA 1 SINGAPORE AIRLINES SINGAPORE GRAND PRIX 2025,LEC,Ferrari,Q2,89.914,7.0,26.707,37.729,25.478,2.0,SOFT,True,313.0,281.0,263.0,304.0,29.8,34.849999999999994,69.0,1011.4,1.65,0.0,2,0
2025,18,FORMULA 1 SINGAPORE AIRLINES SINGAPORE GRAND PRIX 2025,HAM,Ferrari,Q2,89.936,6.0,26.775,37.641,25.52,3.0,SOFT,True,310.0,278.0,258.0,301.0,29.8,34.849999999999994,69.0,1011.4,1.65,0.0,2,0
2025,18,FORMULA 1 SINGAPORE AIRLINES SINGAPORE GRAND PRIX 2025,HAD,Racing Bulls,Q2,90.016,8.0,26.743,37.812,25.461,2.0,SOFT,True,309.0,277.0,259.0,301.0,29.8,34.849999999999994,69.0,1011.4,1.65,0.0,2,0
2025,18,FORMULA 1 SINGAPORE AIRLINES SINGAPORE GRAND PRIX 2025,ALO,Aston Martin,Q2,90.054,10.0,26.897,37.812,25.345,2.0,SOFT,True,311.0,278.0,257.0,303.0,29.8,34.849999999999994,69.0,1011.4,1.65,0.0,2,0
2025,18,FORMULA 1 SINGAPORE AIRLINES SINGAPORE GRAND PRIX 2025,BEA,Haas F1 Team,Q2,90.076,9.0,26.764,37.97,25.342,2.0,SOFT,True,312.0,281.0,261.0,303.0,29.8,34.849999999999994,69.0,1011.4,1.65,0.0,2,0
2025,18,FORMULA 1 SINGAPORE AIRLINES SINGAPORE GRAND PRIX 2025,HUL,Kick Sauber,Q2,90.141,11.0,26.721,37.864,25.556,2.0,SOFT,True,310.0,280.0,261.0,301.0,29.8,34.849999999999994,69.0,1011.4,1.65,0.0,2,0
2025,18,FORMULA 1 SINGAPORE AIRLINES SINGAPORE GRAND PRIX 2025,ALB,Williams,Q2,90.202,19.0,26.726,38.02,25.456,2.0,SOFT,True,311.0,277.0,261.0,301.0,29.8,34.849999999999994,69.0,1011.4,1.65,0.0,2,0
2025,18,FORMULA 1 SINGAPORE AIRLINES SINGAPORE GRAND PRIX 2025,SAI,Williams,Q2,90.235,20.0,26.813,37.945,25.477,2.0,SOFT,True,310.0,278.0,261.0,301.0,29.8,34.849999999999994,69.0,1011.4,1.65,0.0,2,0
2025,18,FORMULA 1 SINGAPORE AIRLINES SINGAPORE GRAND PRIX 2025,LAW,Racing Bulls,Q2,90.32,12.0,26.864,37.903,25.553,4.0,SOFT,False,309.0,278.0,258.0,300.0,29.8,34.849999999999994,69.0,1011.4,1.65,0.0,2,0
2025,18,FORMULA 1 SINGAPORE AIRLINES SINGAPORE GRAND PRIX 2025,TSU,Red Bull Racing,Q2,90.353,13.0,26.95,37.935,25.468,2.0,SOFT,True,311.0,279.0,259.0,302.0,29.8,34.849999999999994,69.0,1011.4,1.65,0.0,2,0
2025,18,FORMULA 1 SINGAPORE AIRLINES SINGAPORE GRAND PRIX 2025,RUS,Mercedes,Q3,89.158,1.0,26.475,37.329,25.354,2.0,SOFT,True,312.0,278.0,261.0,304.0,29.8,34.849999999999994,69.0,1011.4,1.65,0.0,3,0
2025,18,FORMULA 1 SINGAPORE AIRLINES SINGAPORE GRAND PRIX 2025,VER,Red Bull Racing,Q3,89.34,2.0,26.701,37.419,25.22,2.0,SOFT,True,310.0,278.0,262.0,303.0,29.8,34.849999999999994,69.0,1011.4,1.65,0.0,3,0
2025,18,FORMULA 1 SINGAPORE AIRLINES SINGAPORE GRAND PRIX 2025,PIA,McLaren,Q3,89.524,3.0,26.556,37.609,25.359,2.0,SOFT,True,311.0,279.0,262.0,303.0,29.8,34.849999999999994,69.0,1011.4,1.65,0.0,3,0
2025,18,FORMULA 1 SINGAPORE AIRLINES SINGAPORE GRAND PRIX 2025,ANT,Mercedes,Q3,89.537,4.0,26.563,37.482,25.492,2.0,SOFT,True,313.0,279.0,259.0,304.0,29.8,34.849999999999994,69.0,1011.4,1.65,0.0,3,0
2025,18,FORMULA 1 SINGAPORE AIRLINES SINGAPORE GRAND PRIX 2025,NOR,McLaren,Q3,89.586,5.0,26.645,37.451,25.49,2.0,SOFT,True,309.0,278.0,261.0,302.0,29.8,34.849999999999994,69.0,1011.4,1.65,0.0,3,0
2025,18,FORMULA 1 SINGAPORE AIRLINES SINGAPORE GRAND PRIX 2025,HAM,Ferrari,Q3,89.688,6.0,26.745,37.592,25.351,3.0,SOFT,False,311.0,279.0,259.0,302.0,29.8,34.849999999999994,69.0,1011.4,1.65,0.0,3,0
2025,18,FORMULA 1 SINGAPORE AIRLINES SINGAPORE GRAND PRIX 2025,LEC,Ferrari,Q3,89.784,7.0,26.769,37.682,25.333,5.0,SOFT,False,310.0,280.0,264.0,301.0,29.8,34.849999999999994,69.0,1011.4,1.65,0.0,3,0
2025,18,FORMULA 1 SINGAPORE AIRLINES SINGAPORE GRAND PRIX 2025,HAD,Racing Bulls,Q3,89.846,8.0,26.694,37.71,25.442,2.0,SOFT,True,308.0,277.0,254.0,301.0,29.8,34.849999999999994,69.0,1011.4,1.65,0.0,3,0
2025,18,FORMULA 1 SINGAPORE AIRLINES SINGAPORE GRAND PRIX 2025,BEA,Haas F1 Team,Q3,89.868,9.0,26.703,37.824,25.341,2.0,SOFT,True,312.0,279.0,263.0,300.0,29.8,34.849999999999994,69.0,1011.4,1.65,0.0,3,0
2025,18,FORMULA 1 SINGAPORE AIRLINES SINGAPORE GRAND PRIX 2025,ALO,Aston Martin,Q3,89.955,10.0,26.741,37.827,25.387,2.0,SOFT,True,311.0,279.0,261.0,304.0,29.8,34.849999999999994,69.0,1011.4,1.65,0.0,3,0
2025,19,FORMULA 1 MSC CRUISES UNITED STATES GRAND PRIX 2025,VER,Red Bull Racing,Q1,93.207,1.0,25.164,37.615,30.428,2.0,SOFT,True,238.0,193.0,212.0,324.0,34.0,45.7,36.0,989.4,1.8,0.0,1,0
2025,19,FORMULA 1 MSC CRUISES UNITED STATES GRAND PRIX 2025,RUS,Mercedes,Q1,93.311,4.0,25.158,37.585,30.568,2.0,SOFT,True,238.0,191.0,210.0,324.0,34.0,45.7,36.0,989.4,1.8,0.0,1,0
2025,19,FORMULA 1 MSC CRUISES UNITED STATES GRAND PRIX 2025,ANT,Mercedes,Q1,93.501,7.0,25.193,37.74,30.568,2.0,SOFT,True,239.0,190.0,213.0,324.0,34.0,45.7,36.0,989.4,1.8,0.0,1,0
2025,19,FORMULA 1 MSC CRUISES UNITED STATES GRAND PRIX 2025,LEC,Ferrari,Q1,93.525,3.0,25.251,37.712,30.562,2.0,SOFT,True,241.0,191.0,214.0,324.0,34.0,45.7,36.0,989.4,1.8,0.0,1,0
2025,19,FORMULA 1 MSC CRUISES UNITED STATES GRAND PRIX 2025,LAW,Racing Bulls,Q1,93.549,12.0,25.328,37.791,30.43,2.0,SOFT,True,238.0,193.0,213.0,322.0,34.0,45.7,36.0,989.4,1.8,0.0,1,0
2025,19,FORMULA 1 MSC CRUISES UNITED STATES GRAND PRIX 2025,HUL,Kick Sauber,Q1,93.551,11.0,25.338,37.639,30.574,2.0,SOFT,True,237.0,192.0,213.0,322.0,34.0,45.7,36.0,989.4,1.8,0.0,1,0
2025,19,FORMULA 1 MSC CRUISES UNITED STATES GRAND PRIX 2025,GAS,Alpine,Q1,93.599,14.0,25.197,37.679,30.723,2.0,SOFT,True,237.0,190.0,208.0,324.0,34.0,45.7,36.0,989.4,1.8,0.0,1,0
2025,19,FORMULA 1 MSC CRUISES UNITED STATES GRAND PRIX 2025,ALB,Williams,Q1,93.67,19.0,25.006,37.895,30.769,2.0,SOFT,True,231.0,192.0,211.0,326.0,34.0,45.7,36.0,989.4,1.8,0.0,1,0
2025,19,FORMULA 1 MSC CRUISES UNITED STATES GRAND PRIX 2025,HAM,Ferrari,Q1,93.685,5.0,25.276,37.764,30.645,2.0,SOFT,True,234.0,192.0,212.0,320.0,34.0,45.7,36.0,989.4,1.8,0.0,1,0
2025,19,FORMULA 1 MSC CRUISES UNITED STATES GRAND PRIX 2025,SAI,Williams,Q1,93.739,9.0,25.334,37.82,30.585,2.0,SOFT,True,235.0,192.0,213.0,326.0,34.0,45.7,36.0,989.4,1.8,0.0,1,0
2025,19,FORMULA 1 MSC CRUISES UNITED STATES GRAND PRIX 2025,ALO,Aston Martin,Q1,93.741,10.0,25.161,37.979,30.601,2.0,SOFT,True,240.0,193.0,211.0,325.0,34.0,45.7,36.0,989.4,1.8,0.0,1,0
2025,19,FORMULA 1 MSC CRUISES UNITED STATES GRAND PRIX 2025,PIA,McLaren,Q1,93.746,6.0,25.266,37.899,30.581,6.0,SOFT,True,235.0,191.0,212.0,321.0,34.0,45.7,36.0,989.4,1.8,0.0,1,0
2025,19,FORMULA 1 MSC CRUISES UNITED STATES GRAND PRIX 2025,NOR,McLaren,Q1,93.843,2.0,25.355,37.67,30.818,3.0,SOFT,True,240.0,189.0,210.0,324.0,34.0,45.7,36.0,989.4,1.8,0.0,1,0
2025,19,FORMULA 1 MSC CRUISES UNITED STATES GRAND PRIX 2025,STR,Aston Martin,Q1,93.878,18.0,25.463,37.763,30.652,2.0,SOFT,True,231.0,190.0,213.0,323.0,34.0,45.7,36.0,989.4,1.8,0.0,1,0
2025,19,FORMULA 1 MSC CRUISES UNITED STATES GRAND PRIX 2025,BEA,Haas F1 Team,Q1,93.921,8.0,25.337,37.808,30.776,2.0,SOFT,True,237.0,194.0,209.0,322.0,34.0,45.7,36.0,989.4,1.8,0.0,1,0
2025,19,FORMULA 1 MSC CRUISES UNITED STATES GRAND PRIX 2025,TSU,Red Bull Racing,Q1,93.935,13.0,25.334,37.89,30.711,2.0,SOFT,True,232.0,191.0,212.0,323.0,34.0,45.7,36.0,989.4,1.8,0.0,1,0
2025,19,FORMULA 1 MSC CRUISES UNITED STATES GRAND PRIX 2025,COL,Alpine,Q1,94.039,15.0,25.323,37.874,30.842,2.0,SOFT,True,240.0,190.0,210.0,322.0,34.0,45.7,36.0,989.4,1.8,0.0,1,0
2025,19,FORMULA 1 MSC CRUISES UNITED STATES GRAND PRIX 2025,BOR,Kick Sauber,Q1,94.125,16.0,25.326,38.036,30.763,2.0,SOFT,True,240.0,193.0,210.0,322.0,34.0,45.7,36.0,989.4,1.8,0.0,1,0
2025,19,FORMULA 1 MSC CRUISES UNITED STATES GRAND PRIX 2025,OCO,Haas F1 Team,Q1,94.136,17.0,25.431,37.931,30.774,2.0,SOFT,True,235.0,192.0,213.0,323.0,34.0,45.7,36.0,989.4,1.8,0.0,1,0
2025,19,FORMULA 1 MSC CRUISES UNITED STATES GRAND PRIX 2025,VER,Red Bull Racing,Q2,92.701,1.0,24.973,37.388,30.34,2.0,SOFT,True,240.0,192.0,212.0,326.0,34.0,45.7,36.0,989.4,1.8,0.0,2,0
2025,19,FORMULA 1 MSC CRUISES UNITED STATES GRAND PRIX 2025,LEC,Ferrari,Q2,92.869,3.0,25.081,37.511,30.277,2.0,SOFT,True,237.0,193.0,213.0,326.0,34.0,45.7,36.0,989.4,1.8,0.0,2,0
2025,19,FORMULA 1 MSC CRUISES UNITED STATES GRAND PRIX 2025,NOR,McLaren,Q2,92.876,2.0,25.075,37.356,30.445,2.0,SOFT,True,242.0,192.0,210.0,323.0,34.0,45.7,36.0,989.4,1.8,0.0,2,0
2025,19,FORMULA 1 MSC CRUISES UNITED STATES GRAND PRIX 2025,HAM,Ferrari,Q2,92.914,5.0,25.161,37.403,30.35,2.0,SOFT,True,238.0,192.0,212.0,325.0,34.0,45.7,36.0,989.4,1.8,0.0,2,0
2025,19,FORMULA 1 MSC CRUISES UNITED STATES GRAND PRIX 2025,ANT,Mercedes,Q2,93.044,7.0,25.082,37.494,30.468,2.0,SOFT,True,238.0,191.0,210.0,328.0,34.0,45.7,36.0,989.4,1.8,0.0,2,0
2025,19,FORMULA 1 MSC CRUISES UNITED STATES GRAND PRIX 2025,RUS,Mercedes,Q2,93.058,4.0,25.033,37.544,30.481,2.0,SOFT,True,241.0,191.0,211.0,324.0,34.0,45.7,36.0,989.4,1.8,0.0,2,0
2025,19,FORMULA 1 MSC CRUISES UNITED STATES GRAND PRIX 2025,SAI,Williams,Q2,93.124,9.0,25.017,37.526,30.581,2.0,SOFT,True,237.0,191.0,210.0,327.0,34.0,45.7,36.0,989.4,1.8,0.0,2,0
2025,19,FORMULA 1 MSC CRUISES UNITED STATES GRAND PRIX 2025,PIA,McLaren,Q2,93.228,6.0,25.288,37.583,30.357,2.0,SOFT,True,235.0,191.0,211.0,324.0,34.0,45.7,36.0,989.4,1.8,0.0,2,0
2025,19,FORMULA 1 MSC CRUISES UNITED STATES GRAND PRIX 2025,ALO,Aston Martin,Q2,93.237,10.0,25.08,37.477,30.68,3.0,SOFT,False,238.0,192.0,210.0,326.0,34.0,45.7,36.0,989.4,1.8,0.0,2,0
2025,19,FORMULA 1 MSC CRUISES UNITED STATES GRAND PRIX 2025,BEA,Haas F1 Team,Q2,93.238,8.0,25.156,37.616,30.466,2.0,SOFT,True,239.0,194.0,210.0,325.0,34.0,45.7,36.0,989.4,1.8,0.0,2,0
2025,19,FORMULA 1 MSC CRUISES UNITED STATES GRAND PRIX 2025,HUL,Kick Sauber,Q2,93.334,11.0,25.21,37.452,30.672,5.0,SOFT,False,238.0,192.0,210.0,325.0,34.0,45.7,36.0,989.4,1.8,0.0,2,0
2025,19,FORMULA 1 MSC CRUISES UNITED STATES GRAND PRIX 2025,LAW,Racing Bulls,Q2,93.36,12.0,25.207,37.629,30.524,2.0,SOFT,True,237.0,192.0,209.0,325.0,34.0,45.7,36.0,989.4,1.8,0.0,2,0
2025,19,FORMULA 1 MSC CRUISES UNITED STATES GRAND PRIX 2025,TSU,Red Bull Racing,Q2,93.466,13.0,25.251,37.604,30.611,2.0,SOFT,True,237.0,192.0,212.0,325.0,34.0,45.7,36.0,989.4,1.8,0.0,2,0
2025,19,FORMULA 1 MSC CRUISES UNITED STATES GRAND PRIX 2025,GAS,Alpine,Q2,93.651,14.0,25.144,37.654,30.853,2.0,SOFT,True,234.0,191.0,211.0,326.0,34.0,45.7,36.0,989.4,1.8,0.0,2,0
2025,19,FORMULA 1 MSC CRUISES UNITED STATES GRAND PRIX 2025,COL,Alpine,Q2,94.044,15.0,25.383,37.811,30.85,2.0,SOFT,True,242.0,190.0,210.0,325.0,34.0,45.7,36.0,989.4,1.8,0.0,2,0
2025,19,FORMULA 1 MSC CRUISES UNITED STATES GRAND PRIX 2025,VER,Red Bull Racing,Q3,92.51,1.0,24.914,37.41,30.186,2.0,SOFT,True,241.0,191.0,211.0,324.0,34.0,45.7,36.0,989.4,1.8,0.0,3,0
2025,19,FORMULA 1 MSC CRUISES UNITED STATES GRAND PRIX 2025,NOR,McLaren,Q3,92.801,2.0,25.074,37.57,30.157,2.0,SOFT,True,240.0,189.0,212.0,320.0,34.0,45.7,36.0,989.4,1.8,0.0,3,0
2025,19,FORMULA 1 MSC CRUISES UNITED STATES GRAND PRIX 2025,LEC,Ferrari,Q3,92.807,3.0,25.042,37.512,30.253,2.0,SOFT,True,239.0,192.0,213.0,323.0,34.0,45.7,36.0,989.4,1.8,0.0,3,0
2025,19,FORMULA 1 MSC CRUISES UNITED STATES GRAND PRIX 2025,RUS,Mercedes,Q3,92.826,4.0,25.042,37.532,30.252,2.0,SOFT,True,240.0,193.0,210.0,322.0,34.0,45.7,36.0,989.4,1.8,0.0,3,0
2025,19,FORMULA 1 MSC CRUISES UNITED STATES GRAND PRIX 2025,HAM,Ferrari,Q3,92.912,5.0,24.949,37.73,30.233,2.0,SOFT,True,244.0,193.0,212.0,322.0,34.0,45.7,36.0,989.4,1.8,0.0,3,0
2025,19,FORMULA 1 MSC CRUISES UNITED STATES GRAND PRIX 2025,PIA,McLaren,Q3,93.084,6.0,25.168,37.598,30.318,2.0,SOFT,True,232.0,192.0,211.0,321.0,34.0,45.7,36.0,989.4,1.8,0.0,3,0
2025,19,FORMULA 1 MSC CRUISES UNITED STATES GRAND PRIX 2025,ANT,Mercedes,Q3,93.114,7.0,25.326,37.452,30.336,2.0,SOFT,True,237.0,190.0,211.0,325.0,34.0,45.7,36.0,989.4,1.8,0.0,3,0
2025,19,FORMULA 1 MSC CRUISES UNITED STATES GRAND PRIX 2025,BEA,Haas F1 Team,Q3,93.139,8.0,25.215,37.578,30.346,4.0,SOFT,False,241.0,193.0,210.0,322.0,34.0,45.7,36.0,989.4,1.8,0.0,3,0
2025,19,FORMULA 1 MSC CRUISES UNITED STATES GRAND PRIX 2025,SAI,Williams,Q3,93.15,9.0,24.973,37.687,30.49,2.0,SOFT,True,234.0,191.0,211.0,324.0,34.0,45.7,36.0,989.4,1.8,0.0,3,0
2025,19,FORMULA 1 MSC CRUISES UNITED STATES GRAND PRIX 2025,ALO,Aston Martin,Q3,93.16,10.0,25.138,37.712,30.31,2.0,SOFT,True,240.0,193.0,213.0,324.0,34.0,45.7,36.0,989.4,1.8,0.0,3,0
2025,20,FORMULA 1 GRAN PREMIO DE LA CIUDAD DE MÉXICO 2025,HAD,Racing Bulls,Q1,76.733,9.0,27.468,29.549,19.716,2.0,SOFT,True,314.0,294.0,252.0,340.0,26.2,45.9,27.0,780.5,2.0,0.0,1,0
2025,20,FORMULA 1 GRAN PREMIO DE LA CIUDAD DE MÉXICO 2025,HAM,Ferrari,Q1,76.736,3.0,27.266,29.598,19.872,2.0,SOFT,True,318.0,295.0,254.0,347.0,26.2,45.9,27.0,780.5,2.0,0.0,1,0
2025,20,FORMULA 1 GRAN PREMIO DE LA CIUDAD DE MÉXICO 2025,RUS,Mercedes,Q1,76.895,4.0,27.337,29.685,19.873,2.0,SOFT,True,316.0,295.0,254.0,348.0,26.2,45.9,27.0,780.5,2.0,0.0,1,0
2025,20,FORMULA 1 GRAN PREMIO DE LA CIUDAD DE MÉXICO 2025,NOR,McLaren,Q1,76.899,1.0,27.339,29.667,19.893,5.0,SOFT,True,316.0,297.0,253.0,346.0,26.2,45.9,27.0,780.5,2.0,0.0,1,0
2025,20,FORMULA 1 GRAN PREMIO DE LA CIUDAD DE MÉXICO 2025,OCO,Haas F1 Team,Q1,76.948,12.0,27.428,29.692,19.828,2.0,SOFT,True,316.0,297.0,255.0,345.0,26.2,45.9,27.0,780.5,2.0,0.0,1,0
2025,20,FORMULA 1 GRAN PREMIO DE LA CIUDAD DE MÉXICO 2025,LAW,Racing Bulls,Q1,76.961,15.0,27.541,29.564,19.856,2.0,SOFT,True,313.0,295.0,250.0,341.0,26.2,45.9,27.0,780.5,2.0,0.0,1,0
2025,20,FORMULA 1 GRAN PREMIO DE LA CIUDAD DE MÉXICO 2025,LEC,Ferrari,Q1,77.024,2.0,27.237,29.746,20.041,5.0,SOFT,True,317.0,298.0,252.0,350.0,26.2,45.9,27.0,780.5,2.0,0.0,1,0
2025,20,FORMULA 1 GRAN PREMIO DE LA CIUDAD DE MÉXICO 2025,BEA,Haas F1 Team,Q1,77.04,10.0,27.419,29.731,19.89,2.0,SOFT,True,317.0,296.0,253.0,345.0,26.2,45.9,27.0,780.5,2.0,0.0,1,0
2025,20,FORMULA 1 GRAN PREMIO DE LA CIUDAD DE MÉXICO 2025,VER,Red Bull Racing,Q1,77.076,5.0,27.278,29.907,19.891,5.0,SOFT,False,316.0,295.0,253.0,347.0,26.2,45.9,27.0,780.5,2.0,0.0,1,0
2025,20,FORMULA 1 GRAN PREMIO DE LA CIUDAD DE MÉXICO 2025,PIA,McLaren,Q1,77.158,8.0,27.41,29.763,19.985,5.0,SOFT,True,316.0,297.0,253.0,346.0,26.2,45.9,27.0,780.5,2.0,0.0,1,0
2025,20,FORMULA 1 GRAN PREMIO DE LA CIUDAD DE MÉXICO 2025,SAI,Williams,Q1,77.171,7.0,27.331,29.903,19.937,2.0,SOFT,True,318.0,295.0,253.0,350.0,26.2,45.9,27.0,780.5,2.0,0.0,1,0
2025,20,FORMULA 1 GRAN PREMIO DE LA CIUDAD DE MÉXICO 2025,ALO,Aston Martin,Q1,77.232,14.0,27.557,29.778,19.897,3.0,SOFT,False,316.0,295.0,254.0,348.0,26.2,45.9,27.0,780.5,2.0,0.0,1,0
2025,20,FORMULA 1 GRAN PREMIO DE LA CIUDAD DE MÉXICO 2025,TSU,Red Bull Racing,Q1,77.234,11.0,27.395,29.747,20.092,2.0,SOFT,True,316.0,296.0,254.0,349.0,26.2,45.9,27.0,780.5,2.0,0.0,1,0
2025,20,FORMULA 1 GRAN PREMIO DE LA CIUDAD DE MÉXICO 2025,HUL,Kick Sauber,Q1,77.251,13.0,27.43,29.788,20.033,8.0,SOFT,False,316.0,296.0,253.0,345.0,26.2,45.9,27.0,780.5,2.0,0.0,1,0
2025,20,FORMULA 1 GRAN PREMIO DE LA CIUDAD DE MÉXICO 2025,ANT,Mercedes,Q1,77.291,6.0,27.331,29.969,19.991,2.0,SOFT,True,318.0,295.0,252.0,349.0,26.2,45.9,27.0,780.5,2.0,0.0,1,0
2025,20,FORMULA 1 GRAN PREMIO DE LA CIUDAD DE MÉXICO 2025,BOR,Kick Sauber,Q1,77.412,16.0,27.511,29.925,19.976,2.0,SOFT,True,316.0,296.0,253.0,345.0,26.2,45.9,27.0,780.5,2.0,0.0,1,0
2025,20,FORMULA 1 GRAN PREMIO DE LA CIUDAD DE MÉXICO 2025,ALB,Williams,Q1,77.49,17.0,27.356,30.026,20.108,2.0,SOFT,True,316.0,297.0,253.0,349.0,26.2,45.9,27.0,780.5,2.0,0.0,1,0
2025,20,FORMULA 1 GRAN PREMIO DE LA CIUDAD DE MÉXICO 2025,GAS,Alpine,Q1,77.546,18.0,27.461,30.041,20.044,2.0,SOFT,True,316.0,294.0,252.0,348.0,26.2,45.9,27.0,780.5,2.0,0.0,1,0
2025,20,FORMULA 1 GRAN PREMIO DE LA CIUDAD DE MÉXICO 2025,STR,Aston Martin,Q1,77.606,19.0,27.648,29.897,20.061,3.0,SOFT,False,315.0,294.0,252.0,347.0,26.2,45.9,27.0,780.5,2.0,0.0,1,0
2025,20,FORMULA 1 GRAN PREMIO DE LA CIUDAD DE MÉXICO 2025,COL,Alpine,Q1,77.67,20.0,27.495,30.015,20.16,2.0,SOFT,True,317.0,296.0,253.0,349.0,26.2,45.9,27.0,780.5,2.0,0.0,1,0
2025,20,FORMULA 1 GRAN PREMIO DE LA CIUDAD DE MÉXICO 2025,NOR,McLaren,Q2,76.252,1.0,27.062,29.521,19.669,2.0,SOFT,True,316.0,298.0,252.0,346.0,26.2,45.9,27.0,780.5,2.0,0.0,2,0
2025,20,FORMULA 1 GRAN PREMIO DE LA CIUDAD DE MÉXICO 2025,HAM,Ferrari,Q2,76.458,3.0,27.098,29.493,19.867,2.0,SOFT,True,320.0,297.0,254.0,349.0,26.2,45.9,27.0,780.5,2.0,0.0,2,0
2025,20,FORMULA 1 GRAN PREMIO DE LA CIUDAD DE MÉXICO 2025,RUS,Mercedes,Q2,76.537,4.0,27.198,29.57,19.769,2.0,SOFT,True,317.0,296.0,253.0,350.0,26.2,45.9,27.0,780.5,2.0,0.0,2,0
2025,20,FORMULA 1 GRAN PREMIO DE LA CIUDAD DE MÉXICO 2025,VER,Red Bull Racing,Q2,76.605,5.0,27.137,29.643,19.825,2.0,SOFT,True,317.0,298.0,253.0,348.0,26.2,45.9,27.0,780.5,2.0,0.0,2,0
2025,20,FORMULA 1 GRAN PREMIO DE LA CIUDAD DE MÉXICO 2025,SAI,Williams,Q2,76.607,7.0,27.238,29.623,19.746,2.0,SOFT,True,317.0,297.0,252.0,350.0,26.2,45.9,27.0,780.5,2.0,0.0,2,0
2025,20,FORMULA 1 GRAN PREMIO DE LA CIUDAD DE MÉXICO 2025,LEC,Ferrari,Q2,76.658,2.0,27.224,29.544,19.89,2.0,SOFT,True,320.0,298.0,253.0,348.0,26.2,45.9,27.0,780.5,2.0,0.0,2,0
2025,20,FORMULA 1 GRAN PREMIO DE LA CIUDAD DE MÉXICO 2025,PIA,McLaren,Q2,76.737,8.0,27.285,29.61,19.842,2.0,SOFT,True,316.0,297.0,253.0,347.0,26.2,45.9,27.0,780.5,2.0,0.0,2,0
2025,20,FORMULA 1 GRAN PREMIO DE LA CIUDAD DE MÉXICO 2025,ANT,Mercedes,Q2,76.773,6.0,27.168,29.7,19.905,2.0,SOFT,True,318.0,296.0,252.0,351.0,26.2,45.9,27.0,780.5,2.0,0.0,2,0
2025,20,FORMULA 1 GRAN PREMIO DE LA CIUDAD DE MÉXICO 2025,BEA,Haas F1 Team,Q2,76.787,10.0,27.303,29.687,19.797,2.0,SOFT,True,318.0,296.0,253.0,347.0,26.2,45.9,27.0,780.5,2.0,0.0,2,0
2025,20,FORMULA 1 GRAN PREMIO DE LA CIUDAD DE MÉXICO 2025,HAD,Racing Bulls,Q2,76.804,9.0,27.416,29.685,19.703,2.0,SOFT,True,313.0,293.0,251.0,341.0,26.2,45.9,27.0,780.5,2.0,0.0,2,0
2025,20,FORMULA 1 GRAN PREMIO DE LA CIUDAD DE MÉXICO 2025,TSU,Red Bull Racing,Q2,76.816,11.0,27.419,29.531,19.866,2.0,SOFT,True,316.0,297.0,254.0,348.0,26.2,45.9,27.0,780.5,2.0,0.0,2,0
2025,20,FORMULA 1 GRAN PREMIO DE LA CIUDAD DE MÉXICO 2025,OCO,Haas F1 Team,Q2,76.837,12.0,27.277,29.668,19.892,2.0,SOFT,True,317.0,297.0,255.0,346.0,26.2,45.9,27.0,780.5,2.0,0.0,2,0
2025,20,FORMULA 1 GRAN PREMIO DE LA CIUDAD DE MÉXICO 2025,HUL,Kick Sauber,Q2,77.016,13.0,27.507,29.668,19.841,2.0,SOFT,True,316.0,296.0,254.0,341.0,26.2,45.9,27.0,780.5,2.0,0.0,2,0
2025,20,FORMULA 1 GRAN PREMIO DE LA CIUDAD DE MÉXICO 2025,ALO,Aston Martin,Q2,77.103,14.0,27.444,29.729,19.93,3.0,SOFT,False,316.0,297.0,252.0,350.0,26.2,45.9,27.0,780.5,2.0,0.0,2,0
2025,20,FORMULA 1 GRAN PREMIO DE LA CIUDAD DE MÉXICO 2025,LAW,Racing Bulls,Q2,78.072,15.0,27.684,30.172,20.216,5.0,SOFT,False,312.0,289.0,251.0,342.0,26.2,45.9,27.0,780.5,2.0,0.0,2,0
2025,20,FORMULA 1 GRAN PREMIO DE LA CIUDAD DE MÉXICO 2025,NOR,McLaren,Q3,75.586,1.0,26.916,29.114,19.556,2.0,SOFT,True,317.0,298.0,254.0,349.0,26.2,45.9,27.0,780.5,2.0,0.0,3,0
2025,20,FORMULA 1 GRAN PREMIO DE LA CIUDAD DE MÉXICO 2025,LEC,Ferrari,Q3,75.848,2.0,26.945,29.185,19.718,2.0,SOFT,True,318.0,298.0,255.0,349.0,26.2,45.9,27.0,780.5,2.0,0.0,3,0
2025,20,FORMULA 1 GRAN PREMIO DE LA CIUDAD DE MÉXICO 2025,HAM,Ferrari,Q3,75.938,3.0,27.089,29.156,19.693,2.0,SOFT,True,317.0,298.0,252.0,349.0,26.2,45.9,27.0,780.5,2.0,0.0,3,0
2025,20,FORMULA 1 GRAN PREMIO DE LA CIUDAD DE MÉXICO 2025,RUS,Mercedes,Q3,76.034,4.0,27.022,29.299,19.713,2.0,SOFT,True,317.0,296.0,253.0,351.0,26.2,45.9,27.0,780.5,2.0,0.0,3,0
2025,20,FORMULA 1 GRAN PREMIO DE LA CIUDAD DE MÉXICO 2025,VER,Red Bull Racing,Q3,76.07,5.0,27.049,29.328,19.693,2.0,SOFT,True,317.0,298.0,253.0,350.0,26.2,45.9,27.0,780.5,2.0,0.0,3,0
2025,20,FORMULA 1 GRAN PREMIO DE LA CIUDAD DE MÉXICO 2025,ANT,Mercedes,Q3,76.118,6.0,27.112,29.219,19.787,2.0,SOFT,True,318.0,297.0,252.0,350.0,26.2,45.9,27.0,780.5,2.0,0.0,3,0
2025,20,FORMULA 1 GRAN PREMIO DE LA CIUDAD DE MÉXICO 2025,SAI,Williams,Q3,76.172,7.0,27.013,29.42,19.739,2.0,SOFT,True,318.0,297.0,253.0,352.0,26.2,45.9,27.0,780.5,2.0,0.0,3,0
2025,20,FORMULA 1 GRAN PREMIO DE LA CIUDAD DE MÉXICO 2025,PIA,McLaren,Q3,76.174,8.0,27.117,29.351,19.706,2.0,SOFT,True,317.0,298.0,254.0,349.0,26.2,45.9,27.0,780.5,2.0,0.0,3,0
2025,20,FORMULA 1 GRAN PREMIO DE LA CIUDAD DE MÉXICO 2025,HAD,Racing Bulls,Q3,76.252,9.0,27.198,29.353,19.701,2.0,SOFT,True,314.0,295.0,252.0,345.0,26.2,45.9,27.0,780.5,2.0,0.0,3,0
2025,20,FORMULA 1 GRAN PREMIO DE LA CIUDAD DE MÉXICO 2025,BEA,Haas F1 Team,Q3,76.46,10.0,27.267,29.552,19.641,2.0,SOFT,True,317.0,297.0,253.0,344.0,26.2,45.9,27.0,780.5,2.0,0.0,3,0
2025,21,FORMULA 1 MSC CRUISES GRANDE PRÊMIO DE SÃO PAULO 2025,NOR,McLaren,Q1,69.656,1.0,18.027,35.681,15.948,2.0,SOFT,True,326.0,268.0,329.0,334.0,26.0,39.6,56.0,918.4,1.4,0.0,1,0
2025,21,FORMULA 1 MSC CRUISES GRANDE PRÊMIO DE SÃO PAULO 2025,GAS,Alpine,Q1,69.885,9.0,18.177,35.734,15.974,2.0,SOFT,True,324.0,266.0,330.0,336.0,26.0,39.6,56.0,918.4,1.4,0.0,1,0
2025,21,FORMULA 1 MSC CRUISES GRANDE PRÊMIO DE SÃO PAULO 2025,BEA,Haas F1 Team,Q1,69.891,8.0,18.212,35.685,15.994,2.0,SOFT,True,324.0,267.0,330.0,332.0,26.0,39.6,56.0,918.4,1.4,0.0,1,0
2025,21,FORMULA 1 MSC CRUISES GRANDE PRÊMIO DE SÃO PAULO 2025,PIA,McLaren,Q1,69.928,4.0,18.161,35.726,16.041,2.0,SOFT,True,325.0,266.0,329.0,337.0,26.0,39.6,56.0,918.4,1.4,0.0,1,0
2025,21,FORMULA 1 MSC CRUISES GRANDE PRÊMIO DE SÃO PAULO 2025,LEC,Ferrari,Q1,69.934,3.0,18.041,35.822,16.071,2.0,SOFT,True,325.0,268.0,330.0,334.0,26.0,39.6,56.0,918.4,1.4,0.0,1,0
2025,21,FORMULA 1 MSC CRUISES GRANDE PRÊMIO DE SÃO PAULO 2025,RUS,Mercedes,Q1,69.935,6.0,18.143,35.759,16.033,2.0,SOFT,True,327.0,267.0,337.0,335.0,26.0,39.6,56.0,918.4,1.4,0.0,1,0
2025,21,FORMULA 1 MSC CRUISES GRANDE PRÊMIO DE SÃO PAULO 2025,HAM,Ferrari,Q1,70.016,13.0,18.231,35.714,16.071,2.0,SOFT,True,325.0,265.0,331.0,338.0,26.0,39.6,56.0,918.4,1.4,0.0,1,0
2025,21,FORMULA 1 MSC CRUISES GRANDE PRÊMIO DE SÃO PAULO 2025,STR,Aston Martin,Q1,70.041,14.0,18.137,35.791,16.113,2.0,SOFT,True,322.0,264.0,327.0,331.0,26.0,39.6,56.0,918.4,1.4,0.0,1,0
2025,21,FORMULA 1 MSC CRUISES GRANDE PRÊMIO DE SÃO PAULO 2025,HAD,Racing Bulls,Q1,70.083,5.0,18.101,35.966,16.016,2.0,SOFT,True,325.0,266.0,332.0,334.0,26.0,39.6,56.0,918.4,1.4,0.0,1,0
2025,21,FORMULA 1 MSC CRUISES GRANDE PRÊMIO DE SÃO PAULO 2025,LAW,Racing Bulls,Q1,70.108,7.0,18.268,35.856,15.984,2.0,SOFT,True,323.0,266.0,330.0,334.0,26.0,39.6,56.0,918.4,1.4,0.0,1,0
2025,21,FORMULA 1 MSC CRUISES GRANDE PRÊMIO DE SÃO PAULO 2025,ALB,Williams,Q1,70.115,12.0,18.098,35.891,16.126,2.0,SOFT,True,324.0,266.0,327.0,336.0,26.0,39.6,56.0,918.4,1.4,0.0,1,0
2025,21,FORMULA 1 MSC CRUISES GRANDE PRÊMIO DE SÃO PAULO 2025,ALO,Aston Martin,Q1,70.181,11.0,18.438,35.727,16.016,2.0,SOFT,True,323.0,266.0,330.0,333.0,26.0,39.6,56.0,918.4,1.4,0.0,1,0
2025,21,FORMULA 1 MSC CRUISES GRANDE PRÊMIO DE SÃO PAULO 2025,SAI,Williams,Q1,70.184,15.0,18.232,35.866,16.086,2.0,SOFT,True,324.0,266.0,328.0,333.0,26.0,39.6,56.0,918.4,1.4,0.0,1,0
2025,21,FORMULA 1 MSC CRUISES GRANDE PRÊMIO DE SÃO PAULO 2025,ANT,Mercedes,Q1,70.192,2.0,18.267,35.837,16.088,2.0,SOFT,True,328.0,267.0,333.0,329.0,26.0,39.6,56.0,918.4,1.4,0.0,1,0
2025,21,FORMULA 1 MSC CRUISES GRANDE PRÊMIO DE SÃO PAULO 2025,HUL,Kick Sauber,Q1,70.337,10.0,18.266,35.926,16.145,5.0,SOFT,False,323.0,265.0,323.0,334.0,26.0,39.6,56.0,918.4,1.4,0.0,1,0
2025,21,FORMULA 1 MSC CRUISES GRANDE PRÊMIO DE SÃO PAULO 2025,VER,Red Bull Racing,Q1,70.403,16.0,18.199,36.036,16.168,5.0,SOFT,True,325.0,266.0,332.0,338.0,26.0,39.6,56.0,918.4,1.4,0.0,1,0
2025,21,FORMULA 1 MSC CRUISES GRANDE PRÊMIO DE SÃO PAULO 2025,OCO,Haas F1 Team,Q1,70.438,17.0,18.382,35.915,16.141,2.0,SOFT,True,322.0,265.0,329.0,330.0,26.0,39.6,56.0,918.4,1.4,0.0,1,0
2025,21,FORMULA 1 MSC CRUISES GRANDE PRÊMIO DE SÃO PAULO 2025,COL,Alpine,Q1,70.632,18.0,18.163,36.322,16.147,2.0,SOFT,True,324.0,265.0,328.0,334.0,26.0,39.6,56.0,918.4,1.4,0.0,1,0
2025,21,FORMULA 1 MSC CRUISES GRANDE PRÊMIO DE SÃO PAULO 2025,TSU,Red Bull Racing,Q1,70.711,19.0,18.335,36.256,16.12,2.0,SOFT,True,325.0,265.0,333.0,338.0,26.0,39.6,56.0,918.4,1.4,0.0,1,0
2025,21,FORMULA 1 MSC CRUISES GRANDE PRÊMIO DE SÃO PAULO 2025,NOR,McLaren,Q2,69.616,1.0,17.998,35.587,16.031,2.0,SOFT,True,327.0,270.0,329.0,335.0,26.0,39.6,56.0,918.4,1.4,0.0,2,0
2025,21,FORMULA 1 MSC CRUISES GRANDE PRÊMIO DE SÃO PAULO 2025,BEA,Haas F1 Team,Q2,69.755,8.0,18.062,35.641,16.052,2.0,SOFT,True,323.0,268.0,330.0,332.0,26.0,39.6,56.0,918.4,1.4,0.0,2,0
2025,21,FORMULA 1 MSC CRUISES GRANDE PRÊMIO DE SÃO PAULO 2025,ANT,Mercedes,Q2,69.774,2.0,18.122,35.588,16.064,2.0,SOFT,True,328.0,268.0,331.0,336.0,26.0,39.6,56.0,918.4,1.4,0.0,2,0
2025,21,FORMULA 1 MSC CRUISES GRANDE PRÊMIO DE SÃO PAULO 2025,LEC,Ferrari,Q2,69.801,3.0,18.049,35.68,16.072,2.0,SOFT,True,326.0,268.0,331.0,334.0,26.0,39.6,56.0,918.4,1.4,0.0,2,0
2025,21,FORMULA 1 MSC CRUISES GRANDE PRÊMIO DE SÃO PAULO 2025,PIA,McLaren,Q2,69.835,4.0,18.127,35.596,16.112,4.0,SOFT,False,325.0,267.0,329.0,334.0,26.0,39.6,56.0,918.4,1.4,0.0,2,0
2025,21,FORMULA 1 MSC CRUISES GRANDE PRÊMIO DE SÃO PAULO 2025,GAS,Alpine,Q2,69.857,9.0,18.09,35.643,16.124,2.0,SOFT,True,325.0,266.0,330.0,334.0,26.0,39.6,56.0,918.4,1.4,0.0,2,0
2025,21,FORMULA 1 MSC CRUISES GRANDE PRÊMIO DE SÃO PAULO 2025,RUS,Mercedes,Q2,69.88,6.0,18.081,35.748,16.051,2.0,SOFT,True,327.0,269.0,330.0,336.0,26.0,39.6,56.0,918.4,1.4,0.0,2,0
2025,21,FORMULA 1 MSC CRUISES GRANDE PRÊMIO DE SÃO PAULO 2025,LAW,Racing Bulls,Q2,69.95,7.0,18.164,35.712,16.074,2.0,SOFT,True,325.0,267.0,331.0,334.0,26.0,39.6,56.0,918.4,1.4,0.0,2,0
2025,21,FORMULA 1 MSC CRUISES GRANDE PRÊMIO DE SÃO PAULO 2025,HAD,Racing Bulls,Q2,69.97,5.0,18.118,35.822,16.03,2.0,SOFT,True,325.0,267.0,332.0,334.0,26.0,39.6,56.0,918.4,1.4,0.0,2,0
2025,21,FORMULA 1 MSC CRUISES GRANDE PRÊMIO DE SÃO PAULO 2025,HUL,Kick Sauber,Q2,69.985,10.0,18.183,35.68,16.122,2.0,SOFT,True,323.0,266.0,329.0,330.0,26.0,39.6,56.0,918.4,1.4,0.0,2,0
2025,21,FORMULA 1 MSC CRUISES GRANDE PRÊMIO DE SÃO PAULO 2025,ALO,Aston Martin,Q2,70.001,11.0,18.211,35.722,16.068,2.0,SOFT,True,324.0,268.0,328.0,332.0,26.0,39.6,56.0,918.4,1.4,0.0,2,0
2025,21,FORMULA 1 MSC CRUISES GRANDE PRÊMIO DE SÃO PAULO 2025,ALB,Williams,Q2,70.053,12.0,18.006,35.957,16.09,2.0,SOFT,True,325.0,268.0,326.0,336.0,26.0,39.6,56.0,918.4,1.4,0.0,2,0
2025,21,FORMULA 1 MSC CRUISES GRANDE PRÊMIO DE SÃO PAULO 2025,HAM,Ferrari,Q2,70.1,13.0,18.121,35.795,16.184,3.0,SOFT,True,326.0,269.0,329.0,334.0,26.0,39.6,56.0,918.4,1.4,0.0,2,0
2025,21,FORMULA 1 MSC CRUISES GRANDE PRÊMIO DE SÃO PAULO 2025,STR,Aston Martin,Q2,70.161,14.0,18.173,35.826,16.162,2.0,SOFT,True,323.0,265.0,330.0,332.0,26.0,39.6,56.0,918.4,1.4,0.0,2,0
2025,21,FORMULA 1 MSC CRUISES GRANDE PRÊMIO DE SÃO PAULO 2025,SAI,Williams,Q2,70.472,15.0,18.146,36.127,16.199,2.0,SOFT,True,323.0,266.0,328.0,333.0,26.0,39.6,56.0,918.4,1.4,0.0,2,0
2025,21,FORMULA 1 MSC CRUISES GRANDE PRÊMIO DE SÃO PAULO 2025,NOR,McLaren,Q3,69.511,1.0,18.036,35.534,15.941,2.0,SOFT,True,327.0,270.0,330.0,335.0,26.0,39.6,56.0,918.4,1.4,0.0,3,0
2025,21,FORMULA 1 MSC CRUISES GRANDE PRÊMIO DE SÃO PAULO 2025,ANT,Mercedes,Q3,69.685,2.0,18.065,35.582,16.038,2.0,SOFT,True,326.0,268.0,329.0,333.0,26.0,39.6,56.0,918.4,1.4,0.0,3,0
2025,21,FORMULA 1 MSC CRUISES GRANDE PRÊMIO DE SÃO PAULO 2025,LEC,Ferrari,Q3,69.805,3.0,18.012,35.759,16.034,2.0,SOFT,True,326.0,268.0,330.0,335.0,26.0,39.6,56.0,918.4,1.4,0.0,3,0
2025,21,FORMULA 1 MSC CRUISES GRANDE PRÊMIO DE SÃO PAULO 2025,PIA,McLaren,Q3,69.886,4.0,18.147,35.709,16.03,2.0,SOFT,True,325.0,267.0,329.0,337.0,26.0,39.6,56.0,918.4,1.4,0.0,3,0
2025,21,FORMULA 1 MSC CRUISES GRANDE PRÊMIO DE SÃO PAULO 2025,HAD,Racing Bulls,Q3,69.931,5.0,18.086,35.841,16.004,2.0,SOFT,True,326.0,265.0,331.0,336.0,26.0,39.6,56.0,918.4,1.4,0.0,3,0
2025,21,FORMULA 1 MSC CRUISES GRANDE PRÊMIO DE SÃO PAULO 2025,RUS,Mercedes,Q3,69.942,6.0,18.117,35.776,16.049,2.0,MEDIUM,True,327.0,267.0,329.0,335.0,26.0,39.6,56.0,918.4,1.4,0.0,3,0
2025,21,FORMULA 1 MSC CRUISES GRANDE PRÊMIO DE SÃO PAULO 2025,LAW,Racing Bulls,Q3,69.962,7.0,18.216,35.677,16.069,2.0,SOFT,True,324.0,266.0,329.0,334.0,26.0,39.6,56.0,918.4,1.4,0.0,3,0
2025,21,FORMULA 1 MSC CRUISES GRANDE PRÊMIO DE SÃO PAULO 2025,BEA,Haas F1 Team,Q3,69.977,8.0,18.121,35.753,16.103,2.0,SOFT,True,324.0,268.0,329.0,329.0,26.0,39.6,56.0,918.4,1.4,0.0,3,0
2025,21,FORMULA 1 MSC CRUISES GRANDE PRÊMIO DE SÃO PAULO 2025,GAS,Alpine,Q3,70.002,9.0,18.134,35.782,16.086,2.0,SOFT,True,325.0,265.0,329.0,335.0,26.0,39.6,56.0,918.4,1.4,0.0,3,0
2025,21,FORMULA 1 MSC CRUISES GRANDE PRÊMIO DE SÃO PAULO 2025,HUL,Kick Sauber,Q3,70.039,10.0,18.247,35.705,16.087,4.0,SOFT,False,322.0,267.0,322.0,329.0,26.0,39.6,56.0,918.4,1.4,0.0,3,0
2025,22,FORMULA 1 HEINEKEN LAS VEGAS GRAND PRIX 2025,RUS,Mercedes,Q1,113.144,4.0,32.474,39.483,41.187,7.0,WET,True,145.0,178.0,297.0,234.0,11.7,12.6,65.0,946.0,1.6,0.0,1,0
2025,22,FORMULA 1 HEINEKEN LAS VEGAS GRAND PRIX 2025,VER,Red Bull Racing,Q1,113.458,2.0,32.701,38.597,42.16,7.0,WET,True,146.0,189.0,286.0,213.0,11.7,12.6,65.0,946.0,1.6,0.0,1,0
2025,22,FORMULA 1 HEINEKEN LAS VEGAS GRAND PRIX 2025,ALO,Aston Martin,Q1,113.739,7.0,32.787,39.307,41.645,9.0,WET,True,145.0,186.0,272.0,227.0,11.7,12.6,65.0,946.0,1.6,0.0,1,0
2025,22,FORMULA 1 HEINEKEN LAS VEGAS GRAND PRIX 2025,STR,Aston Martin,Q1,114.416,12.0,33.007,39.456,41.953,8.0,WET,True,145.0,184.0,290.0,221.0,11.7,12.6,65.0,946.0,1.6,0.0,1,0
2025,22,FORMULA 1 HEINEKEN LAS VEGAS GRAND PRIX 2025,GAS,Alpine,Q1,114.432,10.0,32.818,39.587,42.027,8.0,WET,True,131.0,170.0,268.0,234.0,11.7,12.6,65.0,946.0,1.6,0.0,1,0
2025,22,FORMULA 1 HEINEKEN LAS VEGAS GRAND PRIX 2025,PIA,McLaren,Q1,114.544,5.0,33.208,39.574,41.762,7.0,WET,True,143.0,182.0,279.0,232.0,11.7,12.6,65.0,946.0,1.6,0.0,1,0
2025,22,FORMULA 1 HEINEKEN LAS VEGAS GRAND PRIX 2025,HUL,Kick Sauber,Q1,114.555,11.0,32.701,39.534,42.32,9.0,WET,True,143.0,178.0,275.0,225.0,11.7,12.6,65.0,946.0,1.6,0.0,1,0
2025,22,FORMULA 1 HEINEKEN LAS VEGAS GRAND PRIX 2025,OCO,Haas F1 Team,Q1,114.635,13.0,33.144,39.578,41.913,7.0,WET,True,145.0,188.0,289.0,222.0,11.7,12.6,65.0,946.0,1.6,0.0,1,0
2025,22,FORMULA 1 HEINEKEN LAS VEGAS GRAND PRIX 2025,LEC,Ferrari,Q1,114.814,9.0,32.908,39.314,42.592,6.0,WET,True,142.0,184.0,281.0,209.0,11.7,12.6,65.0,946.0,1.6,0.0,1,0
2025,22,FORMULA 1 HEINEKEN LAS VEGAS GRAND PRIX 2025,LAW,Racing Bulls,Q1,114.828,6.0,33.359,39.555,41.914,7.0,WET,True,135.0,186.0,291.0,221.0,11.7,12.6,65.0,946.0,1.6,0.0,1,0
2025,22,FORMULA 1 HEINEKEN LAS VEGAS GRAND PRIX 2025,COL,Alpine,Q1,114.847,15.0,33.133,39.671,42.043,7.0,WET,True,144.0,178.0,282.0,226.0,11.7,12.6,65.0,946.0,1.6,0.0,1,0
2025,22,FORMULA 1 HEINEKEN LAS VEGAS GRAND PRIX 2025,SAI,Williams,Q1,114.873,3.0,33.368,39.185,42.32,5.0,WET,False,143.0,185.0,270.0,209.0,11.7,12.6,65.0,946.0,1.6,0.0,1,0
2025,22,FORMULA 1 HEINEKEN LAS VEGAS GRAND PRIX 2025,NOR,McLaren,Q1,115.473,1.0,32.964,39.404,43.105,6.0,WET,True,144.0,178.0,259.0,211.0,11.7,12.6,65.0,946.0,1.6,0.0,1,0
2025,22,FORMULA 1 HEINEKEN LAS VEGAS GRAND PRIX 2025,HAD,Racing Bulls,Q1,115.613,8.0,33.038,40.248,42.327,7.0,WET,True,142.0,179.0,279.0,212.0,11.7,12.6,65.0,946.0,1.6,0.0,1,0
2025,22,FORMULA 1 HEINEKEN LAS VEGAS GRAND PRIX 2025,BEA,Haas F1 Team,Q1,116.016,14.0,33.123,39.924,42.969,6.0,WET,True,141.0,175.0,290.0,240.0,11.7,12.6,65.0,946.0,1.6,0.0,1,0
2025,22,FORMULA 1 HEINEKEN LAS VEGAS GRAND PRIX 2025,ALB,Williams,Q1,116.22,16.0,33.523,40.194,42.503,4.0,WET,True,143.0,183.0,266.0,206.0,11.7,12.6,65.0,946.0,1.6,0.0,1,0
2025,22,FORMULA 1 HEINEKEN LAS VEGAS GRAND PRIX 2025,ANT,Mercedes,Q1,116.314,17.0,33.18,39.906,43.228,5.0,WET,True,143.0,183.0,250.0,238.0,11.7,12.6,65.0,946.0,1.6,0.0,1,0
2025,22,FORMULA 1 HEINEKEN LAS VEGAS GRAND PRIX 2025,BOR,Kick Sauber,Q1,116.674,18.0,33.719,39.977,42.978,8.0,WET,True,141.0,178.0,259.0,200.0,11.7,12.6,65.0,946.0,1.6,0.0,1,0
2025,22,FORMULA 1 HEINEKEN LAS VEGAS GRAND PRIX 2025,TSU,Red Bull Racing,Q1,116.798,19.0,33.582,40.91,42.306,7.0,WET,True,143.0,164.0,288.0,219.0,11.7,12.6,65.0,946.0,1.6,0.0,1,0
2025,22,FORMULA 1 HEINEKEN LAS VEGAS GRAND PRIX 2025,HAM,Ferrari,Q1,117.115,20.0,33.579,41.173,42.363,6.0,WET,True,141.0,180.0,274.0,225.0,11.7,12.6,65.0,946.0,1.6,0.0,1,0
2025,22,FORMULA 1 HEINEKEN LAS VEGAS GRAND PRIX 2025,RUS,Mercedes,Q2,110.935,4.0,31.812,38.683,40.44,16.0,WET,False,145.0,180.0,311.0,244.0,11.7,12.6,65.0,946.0,1.6,0.0,2,0
2025,22,FORMULA 1 HEINEKEN LAS VEGAS GRAND PRIX 2025,HAD,Racing Bulls,Q2,111.12,8.0,31.836,38.525,40.759,8.0,WET,True,150.0,183.0,311.0,238.0,11.7,12.6,65.0,946.0,1.6,0.0,2,0
2025,22,FORMULA 1 HEINEKEN LAS VEGAS GRAND PRIX 2025,SAI,Williams,Q2,111.144,3.0,31.982,38.615,40.547,7.0,WET,True,142.0,186.0,307.0,256.0,11.7,12.6,65.0,946.0,1.6,0.0,2,0
2025,22,FORMULA 1 HEINEKEN LAS VEGAS GRAND PRIX 2025,NOR,McLaren,Q2,111.379,1.0,31.847,38.39,41.142,7.0,WET,True,147.0,177.0,290.0,243.0,11.7,12.6,65.0,946.0,1.6,0.0,2,0
2025,22,FORMULA 1 HEINEKEN LAS VEGAS GRAND PRIX 2025,VER,Red Bull Racing,Q2,111.593,2.0,31.989,38.38,41.224,5.0,WET,True,147.0,188.0,284.0,222.0,11.7,12.6,65.0,946.0,1.6,0.0,2,0
2025,22,FORMULA 1 HEINEKEN LAS VEGAS GRAND PRIX 2025,LAW,Racing Bulls,Q2,111.621,6.0,32.028,38.87,40.723,8.0,WET,True,150.0,187.0,311.0,230.0,11.7,12.6,65.0,946.0,1.6,0.0,2,0
2025,22,FORMULA 1 HEINEKEN LAS VEGAS GRAND PRIX 2025,GAS,Alpine,Q2,111.76,10.0,31.826999999999998,38.785,41.148,8.0,WET,True,138.0,179.0,308.0,233.0,11.7,12.6,65.0,946.0,1.6,0.0,2,0
2025,22,FORMULA 1 HEINEKEN LAS VEGAS GRAND PRIX 2025,ALO,Aston Martin,Q2,111.865,7.0,31.98,38.903,40.982,16.0,WET,False,144.0,180.0,297.0,242.0,11.7,12.6,65.0,946.0,1.6,0.0,2,0
2025,22,FORMULA 1 HEINEKEN LAS VEGAS GRAND PRIX 2025,LEC,Ferrari,Q2,111.952,9.0,31.492,39.143,41.317,6.0,WET,True,144.0,185.0,289.0,256.0,11.7,12.6,65.0,946.0,1.6,0.0,2,0
2025,22,FORMULA 1 HEINEKEN LAS VEGAS GRAND PRIX 2025,PIA,McLaren,Q2,112.126,5.0,32.132,39.056,40.938,7.0,WET,True,148.0,183.0,299.0,262.0,11.7,12.6,65.0,946.0,1.6,0.0,2,0
2025,22,FORMULA 1 HEINEKEN LAS VEGAS GRAND PRIX 2025,HUL,Kick Sauber,Q2,112.781,11.0,32.418,39.063,41.3,16.0,WET,False,145.0,184.0,296.0,238.0,11.7,12.6,65.0,946.0,1.6,0.0,2,0
2025,22,FORMULA 1 HEINEKEN LAS VEGAS GRAND PRIX 2025,STR,Aston Martin,Q2,112.85,12.0,32.3,38.944,41.606,3.0,WET,True,144.0,183.0,298.0,242.0,11.7,12.6,65.0,946.0,1.6,0.0,2,0
2025,22,FORMULA 1 HEINEKEN LAS VEGAS GRAND PRIX 2025,OCO,Haas F1 Team,Q2,112.987,13.0,32.601,39.31,41.076,5.0,WET,True,147.0,180.0,301.0,226.0,11.7,12.6,65.0,946.0,1.6,0.0,2,0
2025,22,FORMULA 1 HEINEKEN LAS VEGAS GRAND PRIX 2025,BEA,Haas F1 Team,Q2,113.094,14.0,32.373,39.244,41.477,7.0,WET,True,140.0,179.0,300.0,210.0,11.7,12.6,65.0,946.0,1.6,0.0,2,0
2025,22,FORMULA 1 HEINEKEN LAS VEGAS GRAND PRIX 2025,COL,Alpine,Q2,113.683,15.0,32.639,39.106,41.938,5.0,WET,True,141.0,177.0,301.0,230.0,11.7,12.6,65.0,946.0,1.6,0.0,2,0
2025,22,FORMULA 1 HEINEKEN LAS VEGAS GRAND PRIX 2025,NOR,McLaren,Q3,107.934,1.0,30.43,36.842,40.662,7.0,INTERMEDIATE,True,154.0,194.0,313.0,256.0,11.7,12.6,65.0,946.0,1.6,0.0,3,0
2025,22,FORMULA 1 HEINEKEN LAS VEGAS GRAND PRIX 2025,VER,Red Bull Racing,Q3,108.257,2.0,30.863,37.391,40.003,6.0,INTERMEDIATE,True,146.0,196.0,311.0,258.0,11.7,12.6,65.0,946.0,1.6,0.0,3,0
2025,22,FORMULA 1 HEINEKEN LAS VEGAS GRAND PRIX 2025,SAI,Williams,Q3,108.296,3.0,30.894,37.608,39.794,6.0,INTERMEDIATE,True,151.0,191.0,316.0,255.0,11.7,12.6,65.0,946.0,1.6,0.0,3,0
2025,22,FORMULA 1 HEINEKEN LAS VEGAS GRAND PRIX 2025,RUS,Mercedes,Q3,108.803,4.0,30.787,38.216,39.8,6.0,INTERMEDIATE,True,154.0,194.0,315.0,244.0,11.7,12.6,65.0,946.0,1.6,0.0,3,0
2025,22,FORMULA 1 HEINEKEN LAS VEGAS GRAND PRIX 2025,PIA,McLaren,Q3,108.961,5.0,30.975,37.889,40.097,5.0,INTERMEDIATE,True,147.0,195.0,314.0,274.0,11.7,12.6,65.0,946.0,1.6,0.0,3,0
2025,22,FORMULA 1 HEINEKEN LAS VEGAS GRAND PRIX 2025,LAW,Racing Bulls,Q3,109.062,6.0,31.385,37.593,40.084,6.0,INTERMEDIATE,True,149.0,192.0,318.0,247.0,11.7,12.6,65.0,946.0,1.6,0.0,3,0
2025,22,FORMULA 1 HEINEKEN LAS VEGAS GRAND PRIX 2025,ALO,Aston Martin,Q3,109.466,7.0,31.379,37.563,40.524,6.0,INTERMEDIATE,True,145.0,193.0,310.0,232.0,11.7,12.6,65.0,946.0,1.6,0.0,3,0
2025,22,FORMULA 1 HEINEKEN LAS VEGAS GRAND PRIX 2025,HAD,Racing Bulls,Q3,109.554,8.0,31.151,38.325,40.078,6.0,INTERMEDIATE,True,144.0,190.0,317.0,267.0,11.7,12.6,65.0,946.0,1.6,0.0,3,0
2025,22,FORMULA 1 HEINEKEN LAS VEGAS GRAND PRIX 2025,LEC,Ferrari,Q3,109.872,9.0,30.789,38.302,40.781,5.0,INTERMEDIATE,True,151.0,196.0,303.0,240.0,11.7,12.6,65.0,946.0,1.6,0.0,3,0
2025,22,FORMULA 1 HEINEKEN LAS VEGAS GRAND PRIX 2025,GAS,Alpine,Q3,111.54,10.0,32.126,38.721,40.693,4.0,INTERMEDIATE,True,144.0,185.0,300.0,245.0,11.7,12.6,65.0,946.0,1.6,0.0,3,0
2025,23,FORMULA 1 QATAR AIRWAYS QATAR GRAND PRIX 2025,RUS,Mercedes,Q1,80.074,4.0,29.31,27.226,23.538,6.0,SOFT,True,259.0,290.0,285.0,327.0,20.5,25.6,75.0,1016.6,0.8,0.0,1,0
2025,23,FORMULA 1 QATAR AIRWAYS QATAR GRAND PRIX 2025,NOR,McLaren,Q1,80.157,2.0,29.569,27.095,23.493,2.0,SOFT,True,258.0,290.0,286.0,323.0,20.5,25.6,75.0,1016.6,0.8,0.0,1,0
2025,23,FORMULA 1 QATAR AIRWAYS QATAR GRAND PRIX 2025,PIA,McLaren,Q1,80.234,1.0,29.557,27.151,23.526,2.0,SOFT,True,259.0,290.0,286.0,325.0,20.5,25.6,75.0,1016.6,0.8,0.0,1,0
2025,23,FORMULA 1 QATAR AIRWAYS QATAR GRAND PRIX 2025,ANT,Mercedes,Q1,80.455,5.0,29.508,27.193,23.754,5.0,SOFT,True,256.0,291.0,285.0,327.0,20.5,25.6,75.0,1016.6,0.8,0.0,1,0
2025,23,FORMULA 1 QATAR AIRWAYS QATAR GRAND PRIX 2025,VER,Red Bull Racing,Q1,80.472,3.0,29.462,27.315,23.695,5.0,SOFT,True,257.0,289.0,285.0,324.0,20.5,25.6,75.0,1016.6,0.8,0.0,1,0
2025,23,FORMULA 1 QATAR AIRWAYS QATAR GRAND PRIX 2025,GAS,Alpine,Q1,80.513,9.0,29.541,27.299,23.673000000000002,2.0,SOFT,True,256.0,287.0,282.0,326.0,20.5,25.6,75.0,1016.6,0.8,0.0,1,0
2025,23,FORMULA 1 QATAR AIRWAYS QATAR GRAND PRIX 2025,SAI,Williams,Q1,80.52,7.0,29.669,27.252,23.599,5.0,SOFT,True,252.0,289.0,285.0,324.0,20.5,25.6,75.0,1016.6,0.8,0.0,1,0
2025,23,FORMULA 1 QATAR AIRWAYS QATAR GRAND PRIX 2025,LAW,Racing Bulls,Q1,80.539,12.0,29.638,27.297,23.604,2.0,SOFT,True,257.0,287.0,284.0,323.0,20.5,25.6,75.0,1016.6,0.8,0.0,1,0
2025,23,FORMULA 1 QATAR AIRWAYS QATAR GRAND PRIX 2025,BEA,Haas F1 Team,Q1,80.548,13.0,29.532,27.289,23.727,5.0,SOFT,True,255.0,287.0,280.0,324.0,20.5,25.6,75.0,1016.6,0.8,0.0,1,0
2025,23,FORMULA 1 QATAR AIRWAYS QATAR GRAND PRIX 2025,LEC,Ferrari,Q1,80.564,10.0,29.58,27.347,23.637,2.0,SOFT,True,258.0,289.0,282.0,320.0,20.5,25.6,75.0,1016.6,0.8,0.0,1,0
2025,23,FORMULA 1 QATAR AIRWAYS QATAR GRAND PRIX 2025,ALO,Aston Martin,Q1,80.598,8.0,29.509,27.398,23.691,2.0,SOFT,True,256.0,286.0,278.0,321.0,20.5,25.6,75.0,1016.6,0.8,0.0,1,0
2025,23,FORMULA 1 QATAR AIRWAYS QATAR GRAND PRIX 2025,HAD,Racing Bulls,Q1,80.603,6.0,29.689,27.234,23.68,2.0,SOFT,True,254.0,287.0,283.0,321.0,20.5,25.6,75.0,1016.6,0.8,0.0,1,0
2025,23,FORMULA 1 QATAR AIRWAYS QATAR GRAND PRIX 2025,ALB,Williams,Q1,80.629,15.0,29.613,27.334,23.682,5.0,SOFT,True,255.0,288.0,284.0,325.0,20.5,25.6,75.0,1016.6,0.8,0.0,1,0
2025,23,FORMULA 1 QATAR AIRWAYS QATAR GRAND PRIX 2025,HUL,Kick Sauber,Q1,80.63,11.0,29.657,27.276,23.697,5.0,SOFT,False,254.0,286.0,280.0,323.0,20.5,25.6,75.0,1016.6,0.8,0.0,1,0
2025,23,FORMULA 1 QATAR AIRWAYS QATAR GRAND PRIX 2025,BOR,Kick Sauber,Q1,80.653,14.0,29.469,27.482,23.701999999999998,5.0,SOFT,False,257.0,286.0,281.0,325.0,20.5,25.6,75.0,1016.6,0.8,0.0,1,0
2025,23,FORMULA 1 QATAR AIRWAYS QATAR GRAND PRIX 2025,TSU,Red Bull Racing,Q1,80.761,16.0,29.66,27.464,23.637,5.0,SOFT,True,253.0,290.0,285.0,325.0,20.5,25.6,75.0,1016.6,0.8,0.0,1,0
2025,23,FORMULA 1 QATAR AIRWAYS QATAR GRAND PRIX 2025,OCO,Haas F1 Team,Q1,80.864,17.0,29.717,27.419,23.728,5.0,SOFT,True,249.0,288.0,283.0,323.0,20.5,25.6,75.0,1016.6,0.8,0.0,1,0
2025,23,FORMULA 1 QATAR AIRWAYS QATAR GRAND PRIX 2025,HAM,Ferrari,Q1,80.907,18.0,29.774,27.389,23.744,2.0,SOFT,True,255.0,290.0,283.0,323.0,20.5,25.6,75.0,1016.6,0.8,0.0,1,0
2025,23,FORMULA 1 QATAR AIRWAYS QATAR GRAND PRIX 2025,STR,Aston Martin,Q1,81.058,19.0,29.782,27.505,23.771,4.0,SOFT,True,253.0,286.0,281.0,325.0,20.5,25.6,75.0,1016.6,0.8,0.0,1,0
2025,23,FORMULA 1 QATAR AIRWAYS QATAR GRAND PRIX 2025,COL,Alpine,Q1,81.137,20.0,29.965,27.492,23.68,2.0,SOFT,True,252.0,287.0,279.0,326.0,20.5,25.6,75.0,1016.6,0.8,0.0,1,0
2025,23,FORMULA 1 QATAR AIRWAYS QATAR GRAND PRIX 2025,PIA,McLaren,Q2,79.65,1.0,29.236,27.116,23.298,5.0,SOFT,False,261.0,290.0,285.0,323.0,20.5,25.6,75.0,1016.6,0.8,0.0,2,0
2025,23,FORMULA 1 QATAR AIRWAYS QATAR GRAND PRIX 2025,NOR,McLaren,Q2,79.861,2.0,29.367,27.104,23.39,2.0,SOFT,True,257.0,290.0,285.0,321.0,20.5,25.6,75.0,1016.6,0.8,0.0,2,0
2025,23,FORMULA 1 QATAR AIRWAYS QATAR GRAND PRIX 2025,VER,Red Bull Racing,Q2,79.985,3.0,29.321,27.214,23.45,6.0,SOFT,True,257.0,288.0,284.0,324.0,20.5,25.6,75.0,1016.6,0.8,0.0,2,0
2025,23,FORMULA 1 QATAR AIRWAYS QATAR GRAND PRIX 2025,RUS,Mercedes,Q2,80.04,4.0,29.337,27.21,23.493,6.0,SOFT,True,259.0,291.0,286.0,327.0,20.5,25.6,75.0,1016.6,0.8,0.0,2,0
2025,23,FORMULA 1 QATAR AIRWAYS QATAR GRAND PRIX 2025,ANT,Mercedes,Q2,80.084,5.0,29.279,27.142,23.663,2.0,SOFT,True,256.0,291.0,285.0,328.0,20.5,25.6,75.0,1016.6,0.8,0.0,2,0
2025,23,FORMULA 1 QATAR AIRWAYS QATAR GRAND PRIX 2025,ALO,Aston Martin,Q2,80.219,8.0,29.5,27.17,23.549,2.0,SOFT,True,254.0,287.0,281.0,322.0,20.5,25.6,75.0,1016.6,0.8,0.0,2,0
2025,23,FORMULA 1 QATAR AIRWAYS QATAR GRAND PRIX 2025,SAI,Williams,Q2,80.251,7.0,29.546,27.164,23.541,2.0,SOFT,True,252.0,289.0,284.0,324.0,20.5,25.6,75.0,1016.6,0.8,0.0,2,0
2025,23,FORMULA 1 QATAR AIRWAYS QATAR GRAND PRIX 2025,GAS,Alpine,Q2,80.324,9.0,29.495,27.21,23.619,2.0,SOFT,True,256.0,287.0,283.0,325.0,20.5,25.6,75.0,1016.6,0.8,0.0,2,0
2025,23,FORMULA 1 QATAR AIRWAYS QATAR GRAND PRIX 2025,LEC,Ferrari,Q2,80.343,10.0,29.52,27.318,23.505,2.0,SOFT,True,259.0,290.0,285.0,324.0,20.5,25.6,75.0,1016.6,0.8,0.0,2,0
2025,23,FORMULA 1 QATAR AIRWAYS QATAR GRAND PRIX 2025,HAD,Racing Bulls,Q2,80.35,6.0,29.538,27.195,23.617,2.0,SOFT,True,255.0,287.0,283.0,322.0,20.5,25.6,75.0,1016.6,0.8,0.0,2,0
2025,23,FORMULA 1 QATAR AIRWAYS QATAR GRAND PRIX 2025,HUL,Kick Sauber,Q2,80.353,11.0,29.545,27.14,23.668,5.0,SOFT,False,254.0,286.0,282.0,322.0,20.5,25.6,75.0,1016.6,0.8,0.0,2,0
2025,23,FORMULA 1 QATAR AIRWAYS QATAR GRAND PRIX 2025,LAW,Racing Bulls,Q2,80.433,12.0,29.602,27.235,23.596,2.0,SOFT,True,256.0,287.0,282.0,323.0,20.5,25.6,75.0,1016.6,0.8,0.0,2,0
2025,23,FORMULA 1 QATAR AIRWAYS QATAR GRAND PRIX 2025,BEA,Haas F1 Team,Q2,80.438,13.0,29.517,27.233,23.688,2.0,SOFT,True,254.0,288.0,283.0,322.0,20.5,25.6,75.0,1016.6,0.8,0.0,2,0
2025,23,FORMULA 1 QATAR AIRWAYS QATAR GRAND PRIX 2025,BOR,Kick Sauber,Q2,80.534,14.0,29.57,27.354,23.61,5.0,SOFT,False,255.0,286.0,282.0,323.0,20.5,25.6,75.0,1016.6,0.8,0.0,2,0
2025,23,FORMULA 1 QATAR AIRWAYS QATAR GRAND PRIX 2025,ALB,Williams,Q2,80.629,15.0,29.732,27.209,23.688,2.0,SOFT,True,252.0,289.0,284.0,322.0,20.5,25.6,75.0,1016.6,0.8,0.0,2,0
2025,23,FORMULA 1 QATAR AIRWAYS QATAR GRAND PRIX 2025,PIA,McLaren,Q3,79.387,1.0,29.209,26.919,23.259,2.0,SOFT,True,262.0,291.0,285.0,325.0,20.5,25.6,75.0,1016.6,0.8,0.0,3,0
2025,23,FORMULA 1 QATAR AIRWAYS QATAR GRAND PRIX 2025,NOR,McLaren,Q3,79.495,2.0,29.212,26.978,23.305,2.0,SOFT,True,259.0,291.0,285.0,323.0,20.5,25.6,75.0,1016.6,0.8,0.0,3,0
2025,23,FORMULA 1 QATAR AIRWAYS QATAR GRAND PRIX 2025,VER,Red Bull Racing,Q3,79.651,3.0,29.16,27.064,23.427,2.0,SOFT,True,258.0,289.0,284.0,327.0,20.5,25.6,75.0,1016.6,0.8,0.0,3,0
2025,23,FORMULA 1 QATAR AIRWAYS QATAR GRAND PRIX 2025,RUS,Mercedes,Q3,79.662,4.0,29.246,26.987,23.429,3.0,SOFT,True,258.0,292.0,285.0,325.0,20.5,25.6,75.0,1016.6,0.8,0.0,3,0
2025,23,FORMULA 1 QATAR AIRWAYS QATAR GRAND PRIX 2025,ANT,Mercedes,Q3,79.846,5.0,29.331,26.954,23.561,2.0,SOFT,True,258.0,292.0,284.0,325.0,20.5,25.6,75.0,1016.6,0.8,0.0,3,0
2025,23,FORMULA 1 QATAR AIRWAYS QATAR GRAND PRIX 2025,HAD,Racing Bulls,Q3,80.114,6.0,29.473,27.125,23.516,2.0,SOFT,True,256.0,287.0,283.0,323.0,20.5,25.6,75.0,1016.6,0.8,0.0,3,0
2025,23,FORMULA 1 QATAR AIRWAYS QATAR GRAND PRIX 2025,SAI,Williams,Q3,80.287,7.0,29.573,27.178,23.536,2.0,SOFT,True,253.0,289.0,285.0,323.0,20.5,25.6,75.0,1016.6,0.8,0.0,3,0
2025,23,FORMULA 1 QATAR AIRWAYS QATAR GRAND PRIX 2025,ALO,Aston Martin,Q3,80.418,8.0,29.358,27.432,23.628,5.0,SOFT,False,257.0,287.0,280.0,323.0,20.5,25.6,75.0,1016.6,0.8,0.0,3,0
2025,23,FORMULA 1 QATAR AIRWAYS QATAR GRAND PRIX 2025,GAS,Alpine,Q3,80.477,9.0,29.551,27.243,23.683,5.0,SOFT,False,256.0,287.0,283.0,325.0,20.5,25.6,75.0,1016.6,0.8,0.0,3,0
2025,23,FORMULA 1 QATAR AIRWAYS QATAR GRAND PRIX 2025,LEC,Ferrari,Q3,80.561,10.0,29.633,27.367,23.561,5.0,SOFT,False,259.0,290.0,284.0,321.0,20.5,25.6,75.0,1016.6,0.8,0.0,3,0
2025,24,FORMULA 1 ETIHAD AIRWAYS ABU DHABI GRAND PRIX 2025,PIA,McLaren,Q1,82.605,3.0,16.963,36.015,29.627,2.0,SOFT,True,293.0,321.0,223.0,326.0,25.1,29.0,77.0,1017.2,1.1,0.0,1,0
2025,24,FORMULA 1 ETIHAD AIRWAYS ABU DHABI GRAND PRIX 2025,VER,Red Bull Racing,Q1,82.877,1.0,16.911,35.892,30.074,2.0,SOFT,True,294.0,325.0,222.0,330.0,25.1,29.0,77.0,1017.2,1.1,0.0,1,0
2025,24,FORMULA 1 ETIHAD AIRWAYS ABU DHABI GRAND PRIX 2025,ANT,Mercedes,Q1,82.894,14.0,16.957,35.946,29.991,2.0,SOFT,True,295.0,324.0,221.0,330.0,25.1,29.0,77.0,1017.2,1.1,0.0,1,0
2025,24,FORMULA 1 ETIHAD AIRWAYS ABU DHABI GRAND PRIX 2025,ALO,Aston Martin,Q1,83.071,6.0,16.994,35.994,30.083,2.0,SOFT,True,293.0,323.0,221.0,326.0,25.1,29.0,77.0,1017.2,1.1,0.0,1,0
2025,24,FORMULA 1 ETIHAD AIRWAYS ABU DHABI GRAND PRIX 2025,LEC,Ferrari,Q1,83.163,5.0,17.072,35.979,30.112,2.0,SOFT,True,291.0,325.0,220.0,332.0,25.1,29.0,77.0,1017.2,1.1,0.0,1,0
2025,24,FORMULA 1 ETIHAD AIRWAYS ABU DHABI GRAND PRIX 2025,NOR,McLaren,Q1,83.178,2.0,17.056,36.237,29.885,2.0,SOFT,True,291.0,320.0,223.0,325.0,25.1,29.0,77.0,1017.2,1.1,0.0,1,0
2025,24,FORMULA 1 ETIHAD AIRWAYS ABU DHABI GRAND PRIX 2025,SAI,Williams,Q1,83.187,12.0,16.902,36.124,30.161,2.0,SOFT,True,293.0,321.0,221.0,325.0,25.1,29.0,77.0,1017.2,1.1,0.0,1,0
2025,24,FORMULA 1 ETIHAD AIRWAYS ABU DHABI GRAND PRIX 2025,RUS,Mercedes,Q1,83.247,4.0,17.008,36.13,30.109,2.0,SOFT,True,293.0,324.0,220.0,328.0,25.1,29.0,77.0,1017.2,1.1,0.0,1,0
2025,24,FORMULA 1 ETIHAD AIRWAYS ABU DHABI GRAND PRIX 2025,BEA,Haas F1 Team,Q1,83.254,11.0,17.023,36.078,30.153,2.0,SOFT,True,292.0,322.0,220.0,324.0,25.1,29.0,77.0,1017.2,1.1,0.0,1,0
2025,24,FORMULA 1 ETIHAD AIRWAYS ABU DHABI GRAND PRIX 2025,LAW,Racing Bulls,Q1,83.265,13.0,17.11,36.09,30.065,2.0,SOFT,True,291.0,322.0,221.0,328.0,25.1,29.0,77.0,1017.2,1.1,0.0,1,0
2025,24,FORMULA 1 ETIHAD AIRWAYS ABU DHABI GRAND PRIX 2025,STR,Aston Martin,Q1,83.316,15.0,17.005,36.18,30.131,2.0,SOFT,True,294.0,321.0,218.0,327.0,25.1,29.0,77.0,1017.2,1.1,0.0,1,0
2025,24,FORMULA 1 ETIHAD AIRWAYS ABU DHABI GRAND PRIX 2025,OCO,Haas F1 Team,Q1,83.334,8.0,17.156,36.129,30.049,2.0,SOFT,True,294.0,321.0,222.0,324.0,25.1,29.0,77.0,1017.2,1.1,0.0,1,0
2025,24,FORMULA 1 ETIHAD AIRWAYS ABU DHABI GRAND PRIX 2025,HAD,Racing Bulls,Q1,83.373,9.0,17.047,36.094,30.232,2.0,SOFT,True,292.0,323.0,220.0,329.0,25.1,29.0,77.0,1017.2,1.1,0.0,1,0
2025,24,FORMULA 1 ETIHAD AIRWAYS ABU DHABI GRAND PRIX 2025,BOR,Kick Sauber,Q1,83.374,7.0,17.01,36.177,30.187,2.0,SOFT,True,291.0,321.0,220.0,329.0,25.1,29.0,77.0,1017.2,1.1,0.0,1,0
2025,24,FORMULA 1 ETIHAD AIRWAYS ABU DHABI GRAND PRIX 2025,TSU,Red Bull Racing,Q1,83.386,10.0,17.032,35.933,30.421,2.0,SOFT,True,294.0,326.0,222.0,331.0,25.1,29.0,77.0,1017.2,1.1,0.0,1,0
2025,24,FORMULA 1 ETIHAD AIRWAYS ABU DHABI GRAND PRIX 2025,HAM,Ferrari,Q1,83.394,16.0,17.18,36.143,30.071,2.0,SOFT,True,289.0,321.0,221.0,325.0,25.1,29.0,77.0,1017.2,1.1,0.0,1,0
2025,24,FORMULA 1 ETIHAD AIRWAYS ABU DHABI GRAND PRIX 2025,ALB,Williams,Q1,83.416,17.0,16.982,36.131,30.303,2.0,SOFT,True,292.0,319.0,220.0,325.0,25.1,29.0,77.0,1017.2,1.1,0.0,1,0
2025,24,FORMULA 1 ETIHAD AIRWAYS ABU DHABI GRAND PRIX 2025,HUL,Kick Sauber,Q1,83.45,18.0,17.129,36.191,30.13,2.0,SOFT,True,292.0,324.0,218.0,330.0,25.1,29.0,77.0,1017.2,1.1,0.0,1,0
2025,24,FORMULA 1 ETIHAD AIRWAYS ABU DHABI GRAND PRIX 2025,GAS,Alpine,Q1,83.468,19.0,17.05,36.078,30.34,2.0,SOFT,True,294.0,322.0,220.0,328.0,25.1,29.0,77.0,1017.2,1.1,0.0,1,0
2025,24,FORMULA 1 ETIHAD AIRWAYS ABU DHABI GRAND PRIX 2025,COL,Alpine,Q1,83.89,20.0,17.124,36.288,30.478,2.0,SOFT,True,295.0,322.0,218.0,328.0,25.1,29.0,77.0,1017.2,1.1,0.0,1,0
2025,24,FORMULA 1 ETIHAD AIRWAYS ABU DHABI GRAND PRIX 2025,RUS,Mercedes,Q2,82.73,4.0,16.946,35.916,29.868,2.0,SOFT,True,294.0,322.0,223.0,328.0,25.1,29.0,77.0,1017.2,1.1,0.0,2,0
2025,24,FORMULA 1 ETIHAD AIRWAYS ABU DHABI GRAND PRIX 2025,VER,Red Bull Racing,Q2,82.752,1.0,16.932,35.957,29.863,5.0,SOFT,False,293.0,326.0,221.0,330.0,25.1,29.0,77.0,1017.2,1.1,0.0,2,0
2025,24,FORMULA 1 ETIHAD AIRWAYS ABU DHABI GRAND PRIX 2025,NOR,McLaren,Q2,82.804,2.0,16.992,36.043,29.769,5.0,SOFT,False,293.0,323.0,220.0,326.0,25.1,29.0,77.0,1017.2,1.1,0.0,2,0
2025,24,FORMULA 1 ETIHAD AIRWAYS ABU DHABI GRAND PRIX 2025,ALO,Aston Martin,Q2,82.861,6.0,16.922,35.984,29.955,2.0,SOFT,True,295.0,324.0,222.0,329.0,25.1,29.0,77.0,1017.2,1.1,0.0,2,0
2025,24,FORMULA 1 ETIHAD AIRWAYS ABU DHABI GRAND PRIX 2025,BOR,Kick Sauber,Q2,82.874,7.0,17.031,35.968,29.875,2.0,SOFT,True,291.0,322.0,221.0,327.0,25.1,29.0,77.0,1017.2,1.1,0.0,2,0
2025,24,FORMULA 1 ETIHAD AIRWAYS ABU DHABI GRAND PRIX 2025,LEC,Ferrari,Q2,82.948,5.0,17.066,35.922,29.96,2.0,SOFT,True,290.0,321.0,221.0,325.0,25.1,29.0,77.0,1017.2,1.1,0.0,2,0
2025,24,FORMULA 1 ETIHAD AIRWAYS ABU DHABI GRAND PRIX 2025,HAD,Racing Bulls,Q2,82.997,9.0,17.019,36.034,29.944,2.0,SOFT,True,292.0,322.0,222.0,328.0,25.1,29.0,77.0,1017.2,1.1,0.0,2,0
2025,24,FORMULA 1 ETIHAD AIRWAYS ABU DHABI GRAND PRIX 2025,PIA,McLaren,Q2,83.021,3.0,17.022,36.202,29.797,5.0,SOFT,False,292.0,320.0,221.0,326.0,25.1,29.0,77.0,1017.2,1.1,0.0,2,0
2025,24,FORMULA 1 ETIHAD AIRWAYS ABU DHABI GRAND PRIX 2025,OCO,Haas F1 Team,Q2,83.023,8.0,16.991,36.049,29.983,2.0,SOFT,True,295.0,321.0,223.0,328.0,25.1,29.0,77.0,1017.2,1.1,0.0,2,0
2025,24,FORMULA 1 ETIHAD AIRWAYS ABU DHABI GRAND PRIX 2025,TSU,Red Bull Racing,Q2,83.034,10.0,17.007,35.801,30.226,2.0,SOFT,True,295.0,324.0,219.0,332.0,25.1,29.0,77.0,1017.2,1.1,0.0,2,0
2025,24,FORMULA 1 ETIHAD AIRWAYS ABU DHABI GRAND PRIX 2025,BEA,Haas F1 Team,Q2,83.041,11.0,17.005,36.102,29.934,2.0,SOFT,True,294.0,320.0,219.0,326.0,25.1,29.0,77.0,1017.2,1.1,0.0,2,0
2025,24,FORMULA 1 ETIHAD AIRWAYS ABU DHABI GRAND PRIX 2025,SAI,Williams,Q2,83.042,12.0,16.915,35.92,30.207,2.0,SOFT,True,293.0,320.0,219.0,326.0,25.1,29.0,77.0,1017.2,1.1,0.0,2,0
2025,24,FORMULA 1 ETIHAD AIRWAYS ABU DHABI GRAND PRIX 2025,LAW,Racing Bulls,Q2,83.077,13.0,17.013,36.073,29.991,2.0,SOFT,True,292.0,322.0,222.0,328.0,25.1,29.0,77.0,1017.2,1.1,0.0,2,0
2025,24,FORMULA 1 ETIHAD AIRWAYS ABU DHABI GRAND PRIX 2025,ANT,Mercedes,Q2,83.08,14.0,16.959,36.008,30.113,2.0,SOFT,True,296.0,325.0,221.0,331.0,25.1,29.0,77.0,1017.2,1.1,0.0,2,0
2025,24,FORMULA 1 ETIHAD AIRWAYS ABU DHABI GRAND PRIX 2025,STR,Aston Martin,Q2,83.097,15.0,16.955,36.021,30.121,2.0,SOFT,True,294.0,321.0,221.0,327.0,25.1,29.0,77.0,1017.2,1.1,0.0,2,0
2025,24,FORMULA 1 ETIHAD AIRWAYS ABU DHABI GRAND PRIX 2025,VER,Red Bull Racing,Q3,82.207,1.0,16.858,35.71,29.639,2.0,SOFT,True,295.0,323.0,221.0,330.0,25.1,29.0,77.0,1017.2,1.1,0.0,3,0
2025,24,FORMULA 1 ETIHAD AIRWAYS ABU DHABI GRAND PRIX 2025,NOR,McLaren,Q3,82.408,2.0,16.908,35.89,29.61,2.0,SOFT,True,293.0,321.0,219.0,327.0,25.1,29.0,77.0,1017.2,1.1,0.0,3,0
2025,24,FORMULA 1 ETIHAD AIRWAYS ABU DHABI GRAND PRIX 2025,PIA,McLaren,Q3,82.437,3.0,16.919,35.93,29.588,2.0,SOFT,True,293.0,321.0,220.0,327.0,25.1,29.0,77.0,1017.2,1.1,0.0,3,0
2025,24,FORMULA 1 ETIHAD AIRWAYS ABU DHABI GRAND PRIX 2025,RUS,Mercedes,Q3,82.645,4.0,16.918,35.898,29.829,2.0,SOFT,True,295.0,323.0,216.0,330.0,25.1,29.0,77.0,1017.2,1.1,0.0,3,0
2025,24,FORMULA 1 ETIHAD AIRWAYS ABU DHABI GRAND PRIX 2025,LEC,Ferrari,Q3,82.73,5.0,16.987,35.823,29.92,2.0,SOFT,True,291.0,321.0,221.0,326.0,25.1,29.0,77.0,1017.2,1.1,0.0,3,0
2025,24,FORMULA 1 ETIHAD AIRWAYS ABU DHABI GRAND PRIX 2025,ALO,Aston Martin,Q3,82.902,6.0,16.97,36.049,29.883,2.0,SOFT,True,293.0,321.0,222.0,327.0,25.1,29.0,77.0,1017.2,1.1,0.0,3,0
2025,24,FORMULA 1 ETIHAD AIRWAYS ABU DHABI GRAND PRIX 2025,BOR,Kick Sauber,Q3,82.904,7.0,17.025,36.016,29.863,2.0,SOFT,True,291.0,319.0,220.0,325.0,25.1,29.0,77.0,1017.2,1.1,0.0,3,0
2025,24,FORMULA 1 ETIHAD AIRWAYS ABU DHABI GRAND PRIX 2025,OCO,Haas F1 Team,Q3,82.913,8.0,17.066,36.006,29.841,2.0,SOFT,True,294.0,320.0,222.0,326.0,25.1,29.0,77.0,1017.2,1.1,0.0,3,0
2025,24,FORMULA 1 ETIHAD AIRWAYS ABU DHABI GRAND PRIX 2025,HAD,Racing Bulls,Q3,83.072,9.0,17.008,36.141,29.923000000000002,2.0,SOFT,True,293.0,321.0,220.0,328.0,25.1,29.0,77.0,1017.2,1.1,0.0,3,0
2025,24,FORMULA 1 ETIHAD AIRWAYS ABU DHABI GRAND PRIX 2025,TSU,Red Bull Racing,Q3,83.083,10.0,16.989,35.914,30.18,2.0,SOFT,True,294.0,323.0,219.0,329.0,25.1,29.0,77.0,1017.2,1.1,0.0,3,0
