Year,Round,Circuit,Driver,Team,SubSession,LapTime_s,GridPosition,Sector1_s,Sector2_s,Sector3_s,TyreLife,Compound,FreshTyre,SpeedI1,SpeedI2,SpeedFL,SpeedST,AirTemp_C,TrackTemp_C,Humidity_pct,Pressure_hPa,WindSpeed_ms,Rainfall,SubSession_ord,Wet
2024,1,FORMULA 1 GULF AIR BAHRAIN GRAND PRIX 2024,SAI,Ferrari,Q1,89.909,4.0,29.008,38.409,22.492,2.0,SOFT,True,242.0,273.0,284.0,314.0,18.1,21.5,47.0,1019.1,2.0,0.0,1,0
2024,1,FORMULA 1 GULF AIR BAHRAIN GRAND PRIX 2024,STR,Aston Martin,Q1,89.965,12.0,28.651,38.609,22.705,2.0,SOFT,True,243.0,268.0,284.0,318.0,18.1,21.5,47.0,1019.1,2.0,0.0,1,0
2024,1,FORMULA 1 GULF AIR BAHRAIN GRAND PRIX 2024,VER,Red Bull Racing,Q1,90.031,1.0,28.787,38.58,22.664,2.0,SOFT,True,242.0,270.0,288.0,316.0,18.1,21.5,47.0,1019.1,2.0,0.0,1,0
2024,1,FORMULA 1 GULF AIR BAHRAIN GRAND PRIX 2024,NOR,McLaren,Q1,90.143,7.0,28.983,38.576,22.584,2.0,SOFT,True,243.0,273.0,287.0,309.0,18.1,21.5,47.0,1019.1,2.0,0.0,1,0
2024,1,FORMULA 1 GULF AIR BAHRAIN GRAND PRIX 2024,ALO,Aston Martin,Q1,90.179,6.0,28.889,38.697,22.593,2.0,SOFT,True,243.0,267.0,287.0,313.0,18.1,21.5,47.0,1019.1,2.0,0.0,1,0
2024,1,FORMULA 1 GULF AIR BAHRAIN GRAND PRIX 2024,PER,Red Bull Racing,Q1,90.221,5.0,28.939,38.598,22.684,2.0,SOFT,True,241.0,271.0,280.0,317.0,18.1,21.5,47.0,1019.1,2.0,0.0,1,0
2024,1,FORMULA 1 GULF AIR BAHRAIN GRAND PRIX 2024,LEC,Ferrari,Q1,90.243,2.0,29.067,38.589,22.587,2.0,SOFT,True,243.0,272.0,286.0,316.0,18.1,21.5,47.0,1019.1,2.0,0.0,1,0
2024,1,FORMULA 1 GULF AIR BAHRAIN GRAND PRIX 2024,RUS,Mercedes,Q1,90.35,3.0,29.102,38.727,22.521,2.0,SOFT,True,242.0,269.0,286.0,311.0,18.1,21.5,47.0,1019.1,2.0,0.0,1,0
2024,1,FORMULA 1 GULF AIR BAHRAIN GRAND PRIX 2024,ALB,Williams,Q1,90.397,13.0,28.858,38.875,22.664,2.0,SOFT,True,241.0,271.0,288.0,321.0,18.1,21.5,47.0,1019.1,2.0,0.0,1,0
2024,1,FORMULA 1 GULF AIR BAHRAIN GRAND PRIX 2024,HAM,Mercedes,Q1,90.451,9.0,29.019,38.894,22.538,2.0,SOFT,True,242.0,269.0,285.0,312.0,18.1,21.5,47.0,1019.1,2.0,0.0,1,0
2024,1,FORMULA 1 GULF AIR BAHRAIN GRAND PRIX 2024,TSU,RB,Q1,90.481,11.0,28.941,38.875,22.665,2.0,SOFT,True,240.0,271.0,285.0,313.0,18.1,21.5,47.0,1019.1,2.0,0.0,1,0
2024,1,FORMULA 1 GULF AIR BAHRAIN GRAND PRIX 2024,PIA,McLaren,Q1,90.531,8.0,29.243,38.791,22.497,2.0,SOFT,True,241.0,273.0,287.0,311.0,18.1,21.5,47.0,1019.1,2.0,0.0,1,0
2024,1,FORMULA 1 GULF AIR BAHRAIN GRAND PRIX 2024,RIC,RB,Q1,90.562,14.0,29.074,38.807,22.681,2.0,SOFT,True,241.0,271.0,286.0,314.0,18.1,21.5,47.0,1019.1,2.0,0.0,1,0
2024,1,FORMULA 1 GULF AIR BAHRAIN GRAND PRIX 2024,HUL,Haas F1 Team,Q1,90.566,10.0,28.838,39.143,22.585,2.0,SOFT,True,242.0,273.0,288.0,319.0,18.1,21.5,47.0,1019.1,2.0,0.0,1,0
2024,1,FORMULA 1 GULF AIR BAHRAIN GRAND PRIX 2024,MAG,Haas F1 Team,Q1,90.646,15.0,29.037,38.952,22.657,2.0,SOFT,True,242.0,274.0,286.0,319.0,18.1,21.5,47.0,1019.1,2.0,0.0,1,0
2024,1,FORMULA 1 GULF AIR BAHRAIN GRAND PRIX 2024,BOT,Kick Sauber,Q1,90.756,16.0,29.063,39.025,22.668,2.0,SOFT,True,243.0,273.0,287.0,318.0,18.1,21.5,47.0,1019.1,2.0,0.0,1,0
2024,1,FORMULA 1 GULF AIR BAHRAIN GRAND PRIX 2024,ZHO,Kick Sauber,Q1,90.757,17.0,29.154,38.944,22.659,2.0,SOFT,True,242.0,272.0,287.0,312.0,18.1,21.5,47.0,1019.1,2.0,0.0,1,0
2024,1,FORMULA 1 GULF AIR BAHRAIN GRAND PRIX 2024,SAR,Williams,Q1,90.77,18.0,28.991,39.119,22.66,2.0,SOFT,True,241.0,270.0,287.0,318.0,18.1,21.5,47.0,1019.1,2.0,0.0,1,0
2024,1,FORMULA 1 GULF AIR BAHRAIN GRAND PRIX 2024,OCO,Alpine,Q1,90.793,19.0,29.142,38.934,22.717,2.0,SOFT,True,241.0,270.0,283.0,315.0,18.1,21.5,47.0,1019.1,2.0,0.0,1,0
2024,1,FORMULA 1 GULF AIR BAHRAIN GRAND PRIX 2024,GAS,Alpine,Q1,90.948,20.0,29.148,38.971,22.829,2.0,SOFT,True,240.0,270.0,285.0,316.0,18.1,21.5,47.0,1019.1,2.0,0.0,1,0
2024,1,FORMULA 1 GULF AIR BAHRAIN GRAND PRIX 2024,LEC,Ferrari,Q2,89.165,2.0,28.843,38.059,22.263,2.0,SOFT,True,243.0,274.0,288.0,317.0,18.1,21.5,47.0,1019.1,2.0,0.0,2,0
2024,1,FORMULA 1 GULF AIR BAHRAIN GRAND PRIX 2024,VER,Red Bull Racing,Q2,89.374,1.0,28.509,38.387,22.478,2.0,SOFT,True,242.0,271.0,287.0,327.0,18.1,21.5,47.0,1019.1,2.0,0.0,2,0
2024,1,FORMULA 1 GULF AIR BAHRAIN GRAND PRIX 2024,SAI,Ferrari,Q2,89.573,4.0,28.89,38.346,22.337,2.0,SOFT,True,242.0,273.0,288.0,316.0,18.1,21.5,47.0,1019.1,2.0,0.0,2,0
2024,1,FORMULA 1 GULF AIR BAHRAIN GRAND PRIX 2024,HAM,Mercedes,Q2,89.718,9.0,28.803,38.546,22.369,2.0,SOFT,True,241.0,272.0,286.0,316.0,18.1,21.5,47.0,1019.1,2.0,0.0,2,0
2024,1,FORMULA 1 GULF AIR BAHRAIN GRAND PRIX 2024,ALO,Aston Martin,Q2,89.801,6.0,28.909,38.518,22.374,2.0,SOFT,True,243.0,267.0,287.0,319.0,18.1,21.5,47.0,1019.1,2.0,0.0,2,0
2024,1,FORMULA 1 GULF AIR BAHRAIN GRAND PRIX 2024,HUL,Haas F1 Team,Q2,89.851,10.0,28.834,38.636,22.381,2.0,SOFT,True,243.0,274.0,288.0,317.0,18.1,21.5,47.0,1019.1,2.0,0.0,2,0
2024,1,FORMULA 1 GULF AIR BAHRAIN GRAND PRIX 2024,RUS,Mercedes,Q2,89.922,3.0,28.954,38.61,22.358,2.0,SOFT,True,242.0,270.0,286.0,316.0,18.1,21.5,47.0,1019.1,2.0,0.0,2,0
2024,1,FORMULA 1 GULF AIR BAHRAIN GRAND PRIX 2024,PER,Red Bull Racing,Q2,89.932,5.0,28.738,38.653,22.541,2.0,SOFT,True,241.0,271.0,287.0,321.0,18.1,21.5,47.0,1019.1,2.0,0.0,2,0
2024,1,FORMULA 1 GULF AIR BAHRAIN GRAND PRIX 2024,NOR,McLaren,Q2,89.941,7.0,28.836,38.585,22.52,3.0,SOFT,False,242.0,273.0,287.0,313.0,18.1,21.5,47.0,1019.1,2.0,0.0,2,0
2024,1,FORMULA 1 GULF AIR BAHRAIN GRAND PRIX 2024,PIA,McLaren,Q2,90.122,8.0,28.955,38.692,22.475,2.0,SOFT,True,242.0,273.0,287.0,314.0,18.1,21.5,47.0,1019.1,2.0,0.0,2,0
2024,1,FORMULA 1 GULF AIR BAHRAIN GRAND PRIX 2024,TSU,RB,Q2,90.129,11.0,28.821,38.727,22.581,2.0,SOFT,True,241.0,271.0,286.0,316.0,18.1,21.5,47.0,1019.1,2.0,0.0,2,0
2024,1,FORMULA 1 GULF AIR BAHRAIN GRAND PRIX 2024,STR,Aston Martin,Q2,90.2,12.0,28.65,38.856,22.694,2.0,SOFT,True,243.0,267.0,284.0,317.0,18.1,21.5,47.0,1019.1,2.0,0.0,2,0
2024,1,FORMULA 1 GULF AIR BAHRAIN GRAND PRIX 2024,ALB,Williams,Q2,90.221,13.0,28.866,38.802,22.553,2.0,SOFT,True,241.0,271.0,288.0,321.0,18.1,21.5,47.0,1019.1,2.0,0.0,2,0
2024,1,FORMULA 1 GULF AIR BAHRAIN GRAND PRIX 2024,RIC,RB,Q2,90.278,14.0,28.884,38.802,22.592,2.0,SOFT,True,241.0,271.0,287.0,316.0,18.1,21.5,47.0,1019.1,2.0,0.0,2,0
2024,1,FORMULA 1 GULF AIR BAHRAIN GRAND PRIX 2024,MAG,Haas F1 Team,Q2,90.529,15.0,28.884,38.976,22.669,2.0,SOFT,True,243.0,274.0,286.0,319.0,18.1,21.5,47.0,1019.1,2.0,0.0,2,0
2024,1,FORMULA 1 GULF AIR BAHRAIN GRAND PRIX 2024,VER,Red Bull Racing,Q3,89.179,1.0,28.535,38.269,22.375,2.0,SOFT,True,242.0,271.0,288.0,320.0,18.1,21.5,47.0,1019.1,2.0,0.0,3,0
2024,1,FORMULA 1 GULF AIR BAHRAIN GRAND PRIX 2024,LEC,Ferrari,Q3,89.407,2.0,28.762,38.276,22.369,2.0,SOFT,True,242.0,273.0,287.0,316.0,18.1,21.5,47.0,1019.1,2.0,0.0,3,0
2024,1,FORMULA 1 GULF AIR BAHRAIN GRAND PRIX 2024,RUS,Mercedes,Q3,89.485,3.0,28.8,38.421,22.264,2.0,SOFT,True,243.0,271.0,286.0,311.0,18.1,21.5,47.0,1019.1,2.0,0.0,3,0
2024,1,FORMULA 1 GULF AIR BAHRAIN GRAND PRIX 2024,SAI,Ferrari,Q3,89.507,4.0,28.85,38.298,22.359,2.0,SOFT,True,242.0,273.0,284.0,320.0,18.1,21.5,47.0,1019.1,2.0,0.0,3,0
2024,1,FORMULA 1 GULF AIR BAHRAIN GRAND PRIX 2024,PER,Red Bull Racing,Q3,89.537,5.0,28.804,38.323,22.41,2.0,SOFT,True,241.0,271.0,288.0,320.0,18.1,21.5,47.0,1019.1,2.0,0.0,3,0
2024,1,FORMULA 1 GULF AIR BAHRAIN GRAND PRIX 2024,ALO,Aston Martin,Q3,89.542,6.0,28.83,38.236,22.476,2.0,SOFT,True,243.0,268.0,284.0,314.0,18.1,21.5,47.0,1019.1,2.0,0.0,3,0
2024,1,FORMULA 1 GULF AIR BAHRAIN GRAND PRIX 2024,NOR,McLaren,Q3,89.614,7.0,29.045,38.207,22.362,2.0,SOFT,True,242.0,273.0,286.0,312.0,18.1,21.5,47.0,1019.1,2.0,0.0,3,0
2024,1,FORMULA 1 GULF AIR BAHRAIN GRAND PRIX 2024,PIA,McLaren,Q3,89.683,8.0,28.901,38.343,22.439,2.0,SOFT,True,243.0,274.0,286.0,312.0,18.1,21.5,47.0,1019.1,2.0,0.0,3,0
2024,1,FORMULA 1 GULF AIR BAHRAIN GRAND PRIX 2024,HAM,Mercedes,Q3,89.71,9.0,28.881,38.422,22.407,2.0,SOFT,True,242.0,270.0,287.0,315.0,18.1,21.5,47.0,1019.1,2.0,0.0,3,0
2024,1,FORMULA 1 GULF AIR BAHRAIN GRAND PRIX 2024,HUL,Haas F1 Team,Q3,90.502,10.0,29.028,38.891,22.583,5.0,SOFT,False,243.0,273.0,287.0,317.0,18.1,21.5,47.0,1019.1,2.0,0.0,3,0
2024,2,FORMULA 1 STC SAUDI ARABIAN GRAND PRIX 2024,VER,Red Bull Racing,Q1,88.171,1.0,31.953,27.991,28.227,5.0,SOFT,False,294.0,327.0,307.0,333.0,25.1,30.8,56.0,1014.8,1.5,0.0,1,0
2024,2,FORMULA 1 STC SAUDI ARABIAN GRAND PRIX 2024,STR,Aston Martin,Q1,88.25,10.0,32.047,27.922,28.281,2.0,SOFT,True,293.0,322.0,306.0,328.0,25.1,30.8,56.0,1014.8,1.5,0.0,1,0
2024,2,FORMULA 1 STC SAUDI ARABIAN GRAND PRIX 2024,LEC,Ferrari,Q1,88.318,2.0,32.1,28.048,28.17,7.0,SOFT,True,290.0,327.0,306.0,330.0,25.1,30.8,56.0,1014.8,1.5,0.0,1,0
2024,2,FORMULA 1 STC SAUDI ARABIAN GRAND PRIX 2024,PER,Red Bull Racing,Q1,88.638,3.0,32.081,28.316,28.241,5.0,SOFT,False,293.0,324.0,308.0,329.0,25.1,30.8,56.0,1014.8,1.5,0.0,1,0
2024,2,FORMULA 1 STC SAUDI ARABIAN GRAND PRIX 2024,ALO,Aston Martin,Q1,88.706,4.0,32.092,27.984,28.63,5.0,SOFT,True,292.0,325.0,304.0,329.0,25.1,30.8,56.0,1014.8,1.5,0.0,1,0
2024,2,FORMULA 1 STC SAUDI ARABIAN GRAND PRIX 2024,RUS,Mercedes,Q1,88.749,7.0,32.386,28.021,28.342,2.0,SOFT,True,292.0,324.0,304.0,329.0,25.1,30.8,56.0,1014.8,1.5,0.0,1,0
2024,2,FORMULA 1 STC SAUDI ARABIAN GRAND PRIX 2024,PIA,McLaren,Q1,88.755,5.0,32.137,28.1,28.518,4.0,SOFT,True,292.0,324.0,301.0,325.0,25.1,30.8,56.0,1014.8,1.5,0.0,1,0
2024,2,FORMULA 1 STC SAUDI ARABIAN GRAND PRIX 2024,NOR,McLaren,Q1,88.805,6.0,32.202,28.151,28.452,4.0,SOFT,True,290.0,322.0,303.0,325.0,25.1,30.8,56.0,1014.8,1.5,0.0,1,0
2024,2,FORMULA 1 STC SAUDI ARABIAN GRAND PRIX 2024,BEA,Ferrari,Q1,88.984,11.0,32.439,28.268,28.277,4.0,SOFT,True,290.0,325.0,303.0,330.0,25.1,30.8,56.0,1014.8,1.5,0.0,1,0
2024,2,FORMULA 1 STC SAUDI ARABIAN GRAND PRIX 2024,TSU,RB,Q1,88.988,9.0,32.414,28.173,28.401,2.0,SOFT,True,293.0,327.0,308.0,331.0,25.1,30.8,56.0,1014.8,1.5,0.0,1,0
2024,2,FORMULA 1 STC SAUDI ARABIAN GRAND PRIX 2024,HAM,Mercedes,Q1,88.994,8.0,32.521,28.088,28.385,2.0,SOFT,True,291.0,327.0,305.0,332.0,25.1,30.8,56.0,1014.8,1.5,0.0,1,0
2024,2,FORMULA 1 STC SAUDI ARABIAN GRAND PRIX 2024,HUL,Haas F1 Team,Q1,89.055,15.0,32.53,28.098,28.427,2.0,SOFT,True,291.0,330.0,307.0,332.0,25.1,30.8,56.0,1014.8,1.5,0.0,1,0
2024,2,FORMULA 1 STC SAUDI ARABIAN GRAND PRIX 2024,RIC,RB,Q1,89.065,14.0,32.463,28.135,28.467,2.0,SOFT,True,292.0,328.0,307.0,332.0,25.1,30.8,56.0,1014.8,1.5,0.0,1,0
2024,2,FORMULA 1 STC SAUDI ARABIAN GRAND PRIX 2024,MAG,Haas F1 Team,Q1,89.069,13.0,32.494,28.206,28.369,4.0,SOFT,True,292.0,331.0,310.0,334.0,25.1,30.8,56.0,1014.8,1.5,0.0,1,0
2024,2,FORMULA 1 STC SAUDI ARABIAN GRAND PRIX 2024,ALB,Williams,Q1,89.107,12.0,32.284,28.293,28.53,4.0,SOFT,True,292.0,323.0,305.0,328.0,25.1,30.8,56.0,1014.8,1.5,0.0,1,0
2024,2,FORMULA 1 STC SAUDI ARABIAN GRAND PRIX 2024,BOT,Kick Sauber,Q1,89.179,16.0,32.479,28.341,28.359,2.0,SOFT,True,291.0,326.0,306.0,328.0,25.1,30.8,56.0,1014.8,1.5,0.0,1,0
2024,2,FORMULA 1 STC SAUDI ARABIAN GRAND PRIX 2024,OCO,Alpine,Q1,89.475,17.0,32.655,28.25,28.57,3.0,SOFT,True,292.0,322.0,306.0,330.0,25.1,30.8,56.0,1014.8,1.5,0.0,1,0
2024,2,FORMULA 1 STC SAUDI ARABIAN GRAND PRIX 2024,GAS,Alpine,Q1,89.479,18.0,32.518,28.369,28.592,5.0,SOFT,True,289.0,322.0,302.0,327.0,25.1,30.8,56.0,1014.8,1.5,0.0,1,0
2024,2,FORMULA 1 STC SAUDI ARABIAN GRAND PRIX 2024,SAR,Williams,Q1,89.526,19.0,32.691,28.383,28.452,2.0,SOFT,True,287.0,325.0,307.0,330.0,25.1,30.8,56.0,1014.8,1.5,0.0,1,0
2024,2,FORMULA 1 STC SAUDI ARABIAN GRAND PRIX 2024,ZHO,Kick Sauber,Q1,121.101,20.0,38.928,36.485,45.688,2.0,SOFT,True,261.0,255.0,,224.0,25.1,30.8,56.0,1014.8,1.5,0.0,1,0
2024,2,FORMULA 1 STC SAUDI ARABIAN GRAND PRIX 2024,VER,Red Bull Racing,Q2,88.033,1.0,31.892,28.035,28.106,5.0,SOFT,False,295.0,327.0,309.0,331.0,25.1,30.8,56.0,1014.8,1.5,0.0,2,0
2024,2,FORMULA 1 STC SAUDI ARABIAN GRAND PRIX 2024,LEC,Ferrari,Q2,88.112,2.0,32.109,27.868,28.135,2.0,SOFT,True,290.0,325.0,302.0,330.0,25.1,30.8,56.0,1014.8,1.5,0.0,2,0
2024,2,FORMULA 1 STC SAUDI ARABIAN GRAND PRIX 2024,ALO,Aston Martin,Q2,88.122,4.0,31.964,27.859,28.299,2.0,SOFT,True,291.0,327.0,306.0,331.0,25.1,30.8,56.0,1014.8,1.5,0.0,2,0
2024,2,FORMULA 1 STC SAUDI ARABIAN GRAND PRIX 2024,PIA,McLaren,Q2,88.343,5.0,32.061,28.007,28.275,4.0,SOFT,True,290.0,321.0,305.0,325.0,25.1,30.8,56.0,1014.8,1.5,0.0,2,0
2024,2,FORMULA 1 STC SAUDI ARABIAN GRAND PRIX 2024,RUS,Mercedes,Q2,88.448,7.0,32.47,27.823,28.155,2.0,SOFT,True,293.0,325.0,306.0,331.0,25.1,30.8,56.0,1014.8,1.5,0.0,2,0
2024,2,FORMULA 1 STC SAUDI ARABIAN GRAND PRIX 2024,PER,Red Bull Racing,Q2,88.467,3.0,32.209,28.084,28.174,6.0,SOFT,False,292.0,325.0,307.0,331.0,25.1,30.8,56.0,1014.8,1.5,0.0,2,0
2024,2,FORMULA 1 STC SAUDI ARABIAN GRAND PRIX 2024,NOR,McLaren,Q2,88.479,6.0,32.068,28.039,28.372,2.0,SOFT,True,290.0,318.0,302.0,322.0,25.1,30.8,56.0,1014.8,1.5,0.0,2,0
2024,2,FORMULA 1 STC SAUDI ARABIAN GRAND PRIX 2024,TSU,RB,Q2,88.564,9.0,32.268,28.057,28.239,2.0,SOFT,True,293.0,327.0,307.0,332.0,25.1,30.8,56.0,1014.8,1.5,0.0,2,0
2024,2,FORMULA 1 STC SAUDI ARABIAN GRAND PRIX 2024,STR,Aston Martin,Q2,88.578,10.0,32.083,27.934,28.561,2.0,SOFT,True,290.0,324.0,303.0,328.0,25.1,30.8,56.0,1014.8,1.5,0.0,2,0
2024,2,FORMULA 1 STC SAUDI ARABIAN GRAND PRIX 2024,HAM,Mercedes,Q2,88.606,8.0,32.499,27.927,28.18,2.0,SOFT,True,293.0,327.0,308.0,332.0,25.1,30.8,56.0,1014.8,1.5,0.0,2,0
2024,2,FORMULA 1 STC SAUDI ARABIAN GRAND PRIX 2024,BEA,Ferrari,Q2,88.642,11.0,32.255,28.115,28.272,4.0,SOFT,True,291.0,327.0,303.0,331.0,25.1,30.8,56.0,1014.8,1.5,0.0,2,0
2024,2,FORMULA 1 STC SAUDI ARABIAN GRAND PRIX 2024,ALB,Williams,Q2,88.98,12.0,32.484,28.125,28.371,2.0,SOFT,True,290.0,328.0,306.0,330.0,25.1,30.8,56.0,1014.8,1.5,0.0,2,0
2024,2,FORMULA 1 STC SAUDI ARABIAN GRAND PRIX 2024,MAG,Haas F1 Team,Q2,89.02,13.0,32.514,28.161,28.345,5.0,SOFT,False,291.0,329.0,306.0,332.0,25.1,30.8,56.0,1014.8,1.5,0.0,2,0
2024,2,FORMULA 1 STC SAUDI ARABIAN GRAND PRIX 2024,RIC,RB,Q2,89.025,14.0,32.595,28.192,28.238,2.0,SOFT,True,291.0,327.0,306.0,331.0,25.1,30.8,56.0,1014.8,1.5,0.0,2,0
2024,2,FORMULA 1 STC SAUDI ARABIAN GRAND PRIX 2024,VER,Red Bull Racing,Q3,87.472,1.0,31.763,27.8,27.909,2.0,SOFT,True,294.0,326.0,306.0,330.0,25.1,30.8,56.0,1014.8,1.5,0.0,3,0
2024,2,FORMULA 1 STC SAUDI ARABIAN GRAND PRIX 2024,LEC,Ferrari,Q3,87.791,2.0,31.933,27.842,28.016,2.0,SOFT,True,291.0,326.0,302.0,329.0,25.1,30.8,56.0,1014.8,1.5,0.0,3,0
2024,2,FORMULA 1 STC SAUDI ARABIAN GRAND PRIX 2024,PER,Red Bull Racing,Q3,87.807,3.0,31.944,27.866,27.997,2.0,SOFT,True,294.0,326.0,309.0,332.0,25.1,30.8,56.0,1014.8,1.5,0.0,3,0
2024,2,FORMULA 1 STC SAUDI ARABIAN GRAND PRIX 2024,ALO,Aston Martin,Q3,87.846,4.0,31.84,27.823,28.183,2.0,SOFT,True,292.0,325.0,305.0,329.0,25.1,30.8,56.0,1014.8,1.5,0.0,3,0
2024,2,FORMULA 1 STC SAUDI ARABIAN GRAND PRIX 2024,PIA,McLaren,Q3,88.089,5.0,31.994,27.888,28.207,2.0,SOFT,True,292.0,322.0,304.0,324.0,25.1,30.8,56.0,1014.8,1.5,0.0,3,0
2024,2,FORMULA 1 STC SAUDI ARABIAN GRAND PRIX 2024,NOR,McLaren,Q3,88.132,6.0,31.88,28.022,28.23,2.0,SOFT,True,293.0,322.0,305.0,325.0,25.1,30.8,56.0,1014.8,1.5,0.0,3,0
2024,2,FORMULA 1 STC SAUDI ARABIAN GRAND PRIX 2024,RUS,Mercedes,Q3,88.316,7.0,32.293,27.884,28.139,5.0,SOFT,False,295.0,327.0,307.0,331.0,25.1,30.8,56.0,1014.8,1.5,0.0,3,0
2024,2,FORMULA 1 STC SAUDI ARABIAN GRAND PRIX 2024,HAM,Mercedes,Q3,88.46,8.0,32.419,27.879,28.162,2.0,SOFT,True,295.0,329.0,307.0,331.0,25.1,30.8,56.0,1014.8,1.5,0.0,3,0
2024,2,FORMULA 1 STC SAUDI ARABIAN GRAND PRIX 2024,TSU,RB,Q3,88.547,9.0,32.18,28.11,28.257,2.0,SOFT,True,293.0,325.0,306.0,330.0,25.1,30.8,56.0,1014.8,1.5,0.0,3,0
2024,2,FORMULA 1 STC SAUDI ARABIAN GRAND PRIX 2024,STR,Aston Martin,Q3,88.572,10.0,31.943,28.012,28.617,2.0,SOFT,True,291.0,324.0,302.0,327.0,25.1,30.8,56.0,1014.8,1.5,0.0,3,0
2024,3,FORMULA 1 ROLEX AUSTRALIAN GRAND PRIX 2024,SAI,Ferrari,Q1,76.731,2.0,26.704,17.56,32.467,5.0,SOFT,True,286.0,318.0,306.0,322.0,18.8,34.6,54.0,1024.0,1.4,0.0,1,0
2024,3,FORMULA 1 ROLEX AUSTRALIAN GRAND PRIX 2024,PER,Red Bull Racing,Q1,76.805,3.0,26.679,17.481,32.645,8.0,SOFT,False,288.0,319.0,307.0,326.0,18.8,34.6,54.0,1024.0,1.4,0.0,1,0
2024,3,FORMULA 1 ROLEX AUSTRALIAN GRAND PRIX 2024,VER,Red Bull Racing,Q1,76.819,1.0,26.545,17.504,32.77,8.0,SOFT,False,287.0,319.0,306.0,326.0,18.8,34.6,54.0,1024.0,1.4,0.0,1,0
2024,3,FORMULA 1 ROLEX AUSTRALIAN GRAND PRIX 2024,LEC,Ferrari,Q1,76.984,5.0,26.888,17.526,32.57,5.0,SOFT,True,287.0,319.0,304.0,322.0,18.8,34.6,54.0,1024.0,1.4,0.0,1,0
2024,3,FORMULA 1 ROLEX AUSTRALIAN GRAND PRIX 2024,ALO,Aston Martin,Q1,76.991,10.0,26.638,17.519,32.834,5.0,SOFT,True,285.0,315.0,307.0,324.0,18.8,34.6,54.0,1024.0,1.4,0.0,1,0
2024,3,FORMULA 1 ROLEX AUSTRALIAN GRAND PRIX 2024,RUS,Mercedes,Q1,77.062,7.0,26.61,17.549,32.903,8.0,SOFT,False,286.0,315.0,305.0,320.0,18.8,34.6,54.0,1024.0,1.4,0.0,1,0
2024,3,FORMULA 1 ROLEX AUSTRALIAN GRAND PRIX 2024,ALB,Williams,Q1,77.13,12.0,26.643,17.564,32.923,2.0,SOFT,True,287.0,318.0,307.0,323.0,18.8,34.6,54.0,1024.0,1.4,0.0,1,0
2024,3,FORMULA 1 ROLEX AUSTRALIAN GRAND PRIX 2024,TSU,RB,Q1,77.356,8.0,26.676,17.676,33.004,2.0,SOFT,True,285.0,316.0,303.0,321.0,18.8,34.6,54.0,1024.0,1.4,0.0,1,0
2024,3,FORMULA 1 ROLEX AUSTRALIAN GRAND PRIX 2024,PIA,McLaren,Q1,77.369,6.0,26.831,17.563,32.975,4.0,SOFT,True,288.0,315.0,305.0,323.0,18.8,34.6,54.0,1024.0,1.4,0.0,1,0
2024,3,FORMULA 1 ROLEX AUSTRALIAN GRAND PRIX 2024,STR,Aston Martin,Q1,77.376,9.0,26.699,17.705,32.972,2.0,SOFT,True,281.0,313.0,305.0,322.0,18.8,34.6,54.0,1024.0,1.4,0.0,1,0
2024,3,FORMULA 1 ROLEX AUSTRALIAN GRAND PRIX 2024,NOR,McLaren,Q1,77.43,4.0,26.848,17.561,33.021,4.0,SOFT,True,288.0,315.0,304.0,322.0,18.8,34.6,54.0,1024.0,1.4,0.0,1,0
2024,3,FORMULA 1 ROLEX AUSTRALIAN GRAND PRIX 2024,RIC,RB,Q1,77.466,18.0,26.734,17.659,33.073,2.0,SOFT,True,284.0,316.0,303.0,321.0,18.8,34.6,54.0,1024.0,1.4,0.0,1,0
2024,3,FORMULA 1 ROLEX AUSTRALIAN GRAND PRIX 2024,HAM,Mercedes,Q1,77.499,11.0,26.93,17.532,33.037,5.0,SOFT,True,286.0,313.0,304.0,318.0,18.8,34.6,54.0,1024.0,1.4,0.0,1,0
2024,3,FORMULA 1 ROLEX AUSTRALIAN GRAND PRIX 2024,BOT,Kick Sauber,Q1,77.543,13.0,26.711,17.743,33.089,2.0,SOFT,True,285.0,318.0,304.0,320.0,18.8,34.6,54.0,1024.0,1.4,0.0,1,0
2024,3,FORMULA 1 ROLEX AUSTRALIAN GRAND PRIX 2024,OCO,Alpine,Q1,77.617,15.0,26.857,17.613,33.147,6.0,SOFT,True,286.0,320.0,303.0,323.0,18.8,34.6,54.0,1024.0,1.4,0.0,1,0
2024,3,FORMULA 1 ROLEX AUSTRALIAN GRAND PRIX 2024,MAG,Haas F1 Team,Q1,77.709,14.0,26.823,17.531,33.355,2.0,SOFT,True,288.0,321.0,306.0,325.0,18.8,34.6,54.0,1024.0,1.4,0.0,1,0
2024,3,FORMULA 1 ROLEX AUSTRALIAN GRAND PRIX 2024,HUL,Haas F1 Team,Q1,77.976,16.0,26.782,17.617,33.577,2.0,SOFT,True,289.0,322.0,307.0,324.0,18.8,34.6,54.0,1024.0,1.4,0.0,1,0
2024,3,FORMULA 1 ROLEX AUSTRALIAN GRAND PRIX 2024,GAS,Alpine,Q1,77.982,17.0,26.917,17.632,33.433,3.0,SOFT,True,286.0,317.0,302.0,322.0,18.8,34.6,54.0,1024.0,1.4,0.0,1,0
2024,3,FORMULA 1 ROLEX AUSTRALIAN GRAND PRIX 2024,ZHO,Kick Sauber,Q1,78.188,19.0,26.991,17.944,33.253,5.0,SOFT,True,285.0,313.0,306.0,322.0,18.8,34.6,54.0,1024.0,1.4,0.0,1,0
2024,3,FORMULA 1 ROLEX AUSTRALIAN GRAND PRIX 2024,SAI,Ferrari,Q2,76.189,2.0,26.301,17.535,32.353,2.0,SOFT,True,287.0,316.0,306.0,322.0,18.8,34.6,54.0,1024.0,1.4,0.0,2,0
2024,3,FORMULA 1 ROLEX AUSTRALIAN GRAND PRIX 2024,LEC,Ferrari,Q2,76.304,5.0,26.387,17.423,32.494,5.0,SOFT,False,285.0,318.0,304.0,321.0,18.8,34.6,54.0,1024.0,1.4,0.0,2,0
2024,3,FORMULA 1 ROLEX AUSTRALIAN GRAND PRIX 2024,VER,Red Bull Racing,Q2,76.387,1.0,26.477,17.428,32.482,2.0,SOFT,True,289.0,321.0,308.0,327.0,18.8,34.6,54.0,1024.0,1.4,0.0,2,0
2024,3,FORMULA 1 ROLEX AUSTRALIAN GRAND PRIX 2024,PIA,McLaren,Q2,76.601,6.0,26.42,17.488,32.693,2.0,SOFT,True,288.0,315.0,305.0,325.0,18.8,34.6,54.0,1024.0,1.4,0.0,2,0
2024,3,FORMULA 1 ROLEX AUSTRALIAN GRAND PRIX 2024,PER,Red Bull Racing,Q2,76.631,3.0,26.633,17.412,32.586,5.0,SOFT,False,288.0,320.0,307.0,325.0,18.8,34.6,54.0,1024.0,1.4,0.0,2,0
2024,3,FORMULA 1 ROLEX AUSTRALIAN GRAND PRIX 2024,ALO,Aston Martin,Q2,76.71,10.0,26.576999999999998,17.457,32.676,4.0,SOFT,True,284.0,317.0,306.0,322.0,18.8,34.6,54.0,1024.0,1.4,0.0,2,0
2024,3,FORMULA 1 ROLEX AUSTRALIAN GRAND PRIX 2024,NOR,McLaren,Q2,76.75,4.0,26.433,17.492,32.825,2.0,SOFT,True,287.0,312.0,305.0,322.0,18.8,34.6,54.0,1024.0,1.4,0.0,2,0
2024,3,FORMULA 1 ROLEX AUSTRALIAN GRAND PRIX 2024,STR,Aston Martin,Q2,76.78,9.0,26.446,17.446,32.888,4.0,SOFT,True,284.0,319.0,306.0,323.0,18.8,34.6,54.0,1024.0,1.4,0.0,2,0
2024,3,FORMULA 1 ROLEX AUSTRALIAN GRAND PRIX 2024,TSU,RB,Q2,76.791,8.0,26.558,17.519,32.714,2.0,SOFT,True,285.0,317.0,305.0,322.0,18.8,34.6,54.0,1024.0,1.4,0.0,2,0
2024,3,FORMULA 1 ROLEX AUSTRALIAN GRAND PRIX 2024,RUS,Mercedes,Q2,76.901,7.0,26.644,17.568,32.689,3.0,SOFT,True,286.0,312.0,306.0,318.0,18.8,34.6,54.0,1024.0,1.4,0.0,2,0
2024,3,FORMULA 1 ROLEX AUSTRALIAN GRAND PRIX 2024,HAM,Mercedes,Q2,76.96,11.0,26.72,17.476,32.764,2.0,SOFT,True,287.0,315.0,307.0,319.0,18.8,34.6,54.0,1024.0,1.4,0.0,2,0
2024,3,FORMULA 1 ROLEX AUSTRALIAN GRAND PRIX 2024,ALB,Williams,Q2,77.167,12.0,26.685,17.546,32.936,2.0,SOFT,True,287.0,318.0,306.0,322.0,18.8,34.6,54.0,1024.0,1.4,0.0,2,0
2024,3,FORMULA 1 ROLEX AUSTRALIAN GRAND PRIX 2024,BOT,Kick Sauber,Q2,77.34,13.0,26.77,17.604,32.966,2.0,SOFT,True,286.0,319.0,302.0,319.0,18.8,34.6,54.0,1024.0,1.4,0.0,2,0
2024,3,FORMULA 1 ROLEX AUSTRALIAN GRAND PRIX 2024,MAG,Haas F1 Team,Q2,77.427,14.0,26.768,17.575,33.084,2.0,SOFT,True,288.0,320.0,306.0,325.0,18.8,34.6,54.0,1024.0,1.4,0.0,2,0
2024,3,FORMULA 1 ROLEX AUSTRALIAN GRAND PRIX 2024,OCO,Alpine,Q2,77.697,15.0,26.899,17.581,33.217,6.0,SOFT,True,287.0,322.0,308.0,323.0,18.8,34.6,54.0,1024.0,1.4,0.0,2,0
2024,3,FORMULA 1 ROLEX AUSTRALIAN GRAND PRIX 2024,VER,Red Bull Racing,Q3,75.915,1.0,26.262,17.315,32.338,2.0,SOFT,True,288.0,320.0,305.0,326.0,18.8,34.6,54.0,1024.0,1.4,0.0,3,0
2024,3,FORMULA 1 ROLEX AUSTRALIAN GRAND PRIX 2024,SAI,Ferrari,Q3,76.185,2.0,26.222,17.434,32.529,2.0,SOFT,True,288.0,318.0,306.0,323.0,18.8,34.6,54.0,1024.0,1.4,0.0,3,0
2024,3,FORMULA 1 ROLEX AUSTRALIAN GRAND PRIX 2024,PER,Red Bull Racing,Q3,76.274,3.0,26.467,17.289,32.518,2.0,SOFT,True,290.0,322.0,304.0,327.0,18.8,34.6,54.0,1024.0,1.4,0.0,3,0
2024,3,FORMULA 1 ROLEX AUSTRALIAN GRAND PRIX 2024,NOR,McLaren,Q3,76.315,4.0,26.393,17.367,32.555,2.0,SOFT,True,287.0,315.0,304.0,320.0,18.8,34.6,54.0,1024.0,1.4,0.0,3,0
2024,3,FORMULA 1 ROLEX AUSTRALIAN GRAND PRIX 2024,LEC,Ferrari,Q3,76.435,5.0,26.438,17.541,32.456,2.0,SOFT,True,287.0,317.0,304.0,322.0,18.8,34.6,54.0,1024.0,1.4,0.0,3,0
2024,3,FORMULA 1 ROLEX AUSTRALIAN GRAND PRIX 2024,PIA,McLaren,Q3,76.572,6.0,26.494,17.443,32.635,2.0,SOFT,True,288.0,316.0,304.0,321.0,18.8,34.6,54.0,1024.0,1.4,0.0,3,0
2024,3,FORMULA 1 ROLEX AUSTRALIAN GRAND PRIX 2024,RUS,Mercedes,Q3,76.724,7.0,26.501,17.502,32.721,3.0,SOFT,True,286.0,314.0,306.0,320.0,18.8,34.6,54.0,1024.0,1.4,0.0,3,0
2024,3,FORMULA 1 ROLEX AUSTRALIAN GRAND PRIX 2024,TSU,RB,Q3,76.788,8.0,26.513,17.507,32.768,2.0,SOFT,True,286.0,317.0,304.0,322.0,18.8,34.6,54.0,1024.0,1.4,0.0,3,0
2024,3,FORMULA 1 ROLEX AUSTRALIAN GRAND PRIX 2024,STR,Aston Martin,Q3,77.072,9.0,26.513,17.505,33.054,4.0,SOFT,True,285.0,317.0,304.0,324.0,18.8,34.6,54.0,1024.0,1.4,0.0,3,0
2024,3,FORMULA 1 ROLEX AUSTRALIAN GRAND PRIX 2024,ALO,Aston Martin,Q3,77.552,10.0,26.838,17.555,33.159,3.0,SOFT,True,285.0,320.0,306.0,323.0,18.8,34.6,54.0,1024.0,1.4,0.0,3,0
2024,4,FORMULA 1 MSC CRUISES JAPANESE GRAND PRIX 2024,VER,Red Bull Racing,Q1,88.866,1.0,31.091,40.1,17.675,2.0,SOFT,True,286.0,299.0,266.0,297.0,17.5,26.7,58.0,1013.8,1.6,0.0,1,0
2024,4,FORMULA 1 MSC CRUISES JAPANESE GRAND PRIX 2024,ALO,Aston Martin,Q1,89.254,5.0,31.136,40.272,17.846,2.0,SOFT,True,285.0,300.0,265.0,296.0,17.5,26.7,58.0,1013.8,1.6,0.0,1,0
2024,4,FORMULA 1 MSC CRUISES JAPANESE GRAND PRIX 2024,PER,Red Bull Racing,Q1,89.303,2.0,31.255,40.218,17.83,2.0,SOFT,True,286.0,299.0,267.0,297.0,17.5,26.7,58.0,1013.8,1.6,0.0,1,0
2024,4,FORMULA 1 MSC CRUISES JAPANESE GRAND PRIX 2024,LEC,Ferrari,Q1,89.338,8.0,31.452,40.084,17.802,2.0,SOFT,True,284.0,297.0,263.0,295.0,17.5,26.7,58.0,1013.8,1.6,0.0,1,0
2024,4,FORMULA 1 MSC CRUISES JAPANESE GRAND PRIX 2024,PIA,McLaren,Q1,89.425,6.0,31.253,40.367,17.805,2.0,SOFT,True,284.0,299.0,263.0,296.0,17.5,26.7,58.0,1013.8,1.6,0.0,1,0
2024,4,FORMULA 1 MSC CRUISES JAPANESE GRAND PRIX 2024,SAI,Ferrari,Q1,89.513,4.0,31.369,40.292,17.852,2.0,SOFT,True,285.0,298.0,264.0,295.0,17.5,26.7,58.0,1013.8,1.6,0.0,1,0
2024,4,FORMULA 1 MSC CRUISES JAPANESE GRAND PRIX 2024,NOR,McLaren,Q1,89.536,3.0,31.234,40.517,17.785,2.0,SOFT,True,283.0,298.0,262.0,295.0,17.5,26.7,58.0,1013.8,1.6,0.0,1,0
2024,4,FORMULA 1 MSC CRUISES JAPANESE GRAND PRIX 2024,BOT,Kick Sauber,Q1,89.602,13.0,31.509,40.359,17.734,2.0,SOFT,True,282.0,295.0,262.0,293.0,17.5,26.7,58.0,1013.8,1.6,0.0,1,0
2024,4,FORMULA 1 MSC CRUISES JAPANESE GRAND PRIX 2024,HAM,Mercedes,Q1,89.661,7.0,31.408,40.427,17.826,2.0,SOFT,True,284.0,300.0,264.0,297.0,17.5,26.7,58.0,1013.8,1.6,0.0,1,0
2024,4,FORMULA 1 MSC CRUISES JAPANESE GRAND PRIX 2024,RIC,RB,Q1,89.727,11.0,31.39,40.518,17.819,2.0,SOFT,True,284.0,298.0,263.0,297.0,17.5,26.7,58.0,1013.8,1.6,0.0,1,0
2024,4,FORMULA 1 MSC CRUISES JAPANESE GRAND PRIX 2024,TSU,RB,Q1,89.775,10.0,31.358,40.621,17.796,2.0,SOFT,True,284.0,299.0,264.0,297.0,17.5,26.7,58.0,1013.8,1.6,0.0,1,0
2024,4,FORMULA 1 MSC CRUISES JAPANESE GRAND PRIX 2024,RUS,Mercedes,Q1,89.799,9.0,31.679,40.338,17.782,2.0,SOFT,True,282.0,301.0,263.0,295.0,17.5,26.7,58.0,1013.8,1.6,0.0,1,0
2024,4,FORMULA 1 MSC CRUISES JAPANESE GRAND PRIX 2024,OCO,Alpine,Q1,89.811,15.0,31.505,40.456,17.85,2.0,SOFT,True,286.0,298.0,264.0,295.0,17.5,26.7,58.0,1013.8,1.6,0.0,1,0
2024,4,FORMULA 1 MSC CRUISES JAPANESE GRAND PRIX 2024,HUL,Haas F1 Team,Q1,89.821,12.0,31.676,40.394,17.751,2.0,SOFT,True,288.0,302.0,266.0,299.0,17.5,26.7,58.0,1013.8,1.6,0.0,1,0
2024,4,FORMULA 1 MSC CRUISES JAPANESE GRAND PRIX 2024,ALB,Williams,Q1,89.963,14.0,31.584,40.602,17.777,2.0,SOFT,True,285.0,302.0,264.0,299.0,17.5,26.7,58.0,1013.8,1.6,0.0,1,0
2024,4,FORMULA 1 MSC CRUISES JAPANESE GRAND PRIX 2024,STR,Aston Martin,Q1,90.024,16.0,31.498,40.546,17.98,2.0,SOFT,True,282.0,297.0,262.0,295.0,17.5,26.7,58.0,1013.8,1.6,0.0,1,0
2024,4,FORMULA 1 MSC CRUISES JAPANESE GRAND PRIX 2024,GAS,Alpine,Q1,90.119,17.0,31.468,40.662,17.989,2.0,SOFT,True,285.0,297.0,261.0,294.0,17.5,26.7,58.0,1013.8,1.6,0.0,1,0
2024,4,FORMULA 1 MSC CRUISES JAPANESE GRAND PRIX 2024,MAG,Haas F1 Team,Q1,90.131,18.0,31.786,40.482,17.863,2.0,SOFT,True,287.0,302.0,266.0,298.0,17.5,26.7,58.0,1013.8,1.6,0.0,1,0
2024,4,FORMULA 1 MSC CRUISES JAPANESE GRAND PRIX 2024,SAR,Williams,Q1,90.139,19.0,31.744,40.542,17.853,2.0,SOFT,True,284.0,303.0,264.0,298.0,17.5,26.7,58.0,1013.8,1.6,0.0,1,0
2024,4,FORMULA 1 MSC CRUISES JAPANESE GRAND PRIX 2024,ZHO,Kick Sauber,Q1,90.143,20.0,31.685,40.487,17.971,2.0,SOFT,True,282.0,295.0,263.0,293.0,17.5,26.7,58.0,1013.8,1.6,0.0,1,0
2024,4,FORMULA 1 MSC CRUISES JAPANESE GRAND PRIX 2024,VER,Red Bull Racing,Q2,88.74,1.0,31.063,40.056,17.621,2.0,SOFT,True,286.0,298.0,265.0,296.0,17.5,26.7,58.0,1013.8,1.6,0.0,2,0
2024,4,FORMULA 1 MSC CRUISES JAPANESE GRAND PRIX 2024,PER,Red Bull Racing,Q2,88.752,2.0,31.047,40.008,17.697,2.0,SOFT,True,286.0,298.0,266.0,298.0,17.5,26.7,58.0,1013.8,1.6,0.0,2,0
2024,4,FORMULA 1 MSC CRUISES JAPANESE GRAND PRIX 2024,HAM,Mercedes,Q2,88.887,7.0,31.11,40.05,17.727,2.0,SOFT,True,284.0,297.0,263.0,294.0,17.5,26.7,58.0,1013.8,1.6,0.0,2,0
2024,4,FORMULA 1 MSC CRUISES JAPANESE GRAND PRIX 2024,NOR,McLaren,Q2,88.94,3.0,30.996,40.23,17.714,2.0,SOFT,True,285.0,300.0,259.0,295.0,17.5,26.7,58.0,1013.8,1.6,0.0,2,0
2024,4,FORMULA 1 MSC CRUISES JAPANESE GRAND PRIX 2024,ALO,Aston Martin,Q2,89.082,5.0,31.142,40.179,17.761,2.0,SOFT,True,285.0,300.0,265.0,296.0,17.5,26.7,58.0,1013.8,1.6,0.0,2,0
2024,4,FORMULA 1 MSC CRUISES JAPANESE GRAND PRIX 2024,SAI,Ferrari,Q2,89.099,4.0,31.203,40.174,17.722,2.0,SOFT,True,286.0,298.0,264.0,295.0,17.5,26.7,58.0,1013.8,1.6,0.0,2,0
2024,4,FORMULA 1 MSC CRUISES JAPANESE GRAND PRIX 2024,RUS,Mercedes,Q2,89.14,9.0,31.33,40.092,17.718,2.0,SOFT,True,283.0,298.0,264.0,295.0,17.5,26.7,58.0,1013.8,1.6,0.0,2,0
2024,4,FORMULA 1 MSC CRUISES JAPANESE GRAND PRIX 2024,PIA,McLaren,Q2,89.148,6.0,31.02,40.271,17.857,2.0,SOFT,True,286.0,300.0,263.0,298.0,17.5,26.7,58.0,1013.8,1.6,0.0,2,0
2024,4,FORMULA 1 MSC CRUISES JAPANESE GRAND PRIX 2024,LEC,Ferrari,Q2,89.196,8.0,31.246,40.093,17.857,2.0,SOFT,True,285.0,298.0,263.0,297.0,17.5,26.7,58.0,1013.8,1.6,0.0,2,0
2024,4,FORMULA 1 MSC CRUISES JAPANESE GRAND PRIX 2024,TSU,RB,Q2,89.417,10.0,31.283,40.423,17.711,2.0,SOFT,True,285.0,299.0,264.0,297.0,17.5,26.7,58.0,1013.8,1.6,0.0,2,0
2024,4,FORMULA 1 MSC CRUISES JAPANESE GRAND PRIX 2024,RIC,RB,Q2,89.472,11.0,31.352,40.402,17.718,2.0,SOFT,True,285.0,297.0,264.0,296.0,17.5,26.7,58.0,1013.8,1.6,0.0,2,0
2024,4,FORMULA 1 MSC CRUISES JAPANESE GRAND PRIX 2024,HUL,Haas F1 Team,Q2,89.494,12.0,31.558,40.238,17.698,2.0,SOFT,True,289.0,302.0,267.0,300.0,17.5,26.7,58.0,1013.8,1.6,0.0,2,0
2024,4,FORMULA 1 MSC CRUISES JAPANESE GRAND PRIX 2024,BOT,Kick Sauber,Q2,89.593,13.0,31.357,40.478,17.758,2.0,SOFT,True,283.0,294.0,263.0,293.0,17.5,26.7,58.0,1013.8,1.6,0.0,2,0
2024,4,FORMULA 1 MSC CRUISES JAPANESE GRAND PRIX 2024,ALB,Williams,Q2,89.714,14.0,31.617,40.381,17.716,2.0,SOFT,True,285.0,302.0,265.0,299.0,17.5,26.7,58.0,1013.8,1.6,0.0,2,0
2024,4,FORMULA 1 MSC CRUISES JAPANESE GRAND PRIX 2024,OCO,Alpine,Q2,89.816,15.0,31.474,40.481,17.861,2.0,SOFT,True,287.0,298.0,264.0,296.0,17.5,26.7,58.0,1013.8,1.6,0.0,2,0
2024,4,FORMULA 1 MSC CRUISES JAPANESE GRAND PRIX 2024,VER,Red Bull Racing,Q3,88.197,1.0,30.777,39.85,17.57,2.0,SOFT,True,285.0,297.0,264.0,295.0,17.5,26.7,58.0,1013.8,1.6,0.0,3,0
2024,4,FORMULA 1 MSC CRUISES JAPANESE GRAND PRIX 2024,PER,Red Bull Racing,Q3,88.263,2.0,30.846,39.763,17.654,2.0,SOFT,True,286.0,300.0,263.0,297.0,17.5,26.7,58.0,1013.8,1.6,0.0,3,0
2024,4,FORMULA 1 MSC CRUISES JAPANESE GRAND PRIX 2024,NOR,McLaren,Q3,88.489,3.0,30.8,40.039,17.65,2.0,SOFT,True,284.0,298.0,263.0,294.0,17.5,26.7,58.0,1013.8,1.6,0.0,3,0
2024,4,FORMULA 1 MSC CRUISES JAPANESE GRAND PRIX 2024,SAI,Ferrari,Q3,88.682,4.0,30.968,39.989,17.725,2.0,SOFT,True,286.0,296.0,264.0,294.0,17.5,26.7,58.0,1013.8,1.6,0.0,3,0
2024,4,FORMULA 1 MSC CRUISES JAPANESE GRAND PRIX 2024,ALO,Aston Martin,Q3,88.686,5.0,30.964,40.027,17.695,2.0,SOFT,True,284.0,299.0,264.0,295.0,17.5,26.7,58.0,1013.8,1.6,0.0,3,0
2024,4,FORMULA 1 MSC CRUISES JAPANESE GRAND PRIX 2024,PIA,McLaren,Q3,88.76,6.0,30.837,40.227,17.696,2.0,SOFT,True,286.0,296.0,263.0,294.0,17.5,26.7,58.0,1013.8,1.6,0.0,3,0
2024,4,FORMULA 1 MSC CRUISES JAPANESE GRAND PRIX 2024,HAM,Mercedes,Q3,88.766,7.0,30.915,40.156,17.695,2.0,SOFT,True,285.0,297.0,264.0,293.0,17.5,26.7,58.0,1013.8,1.6,0.0,3,0
2024,4,FORMULA 1 MSC CRUISES JAPANESE GRAND PRIX 2024,LEC,Ferrari,Q3,88.786,8.0,31.109,39.866,17.811,2.0,SOFT,True,285.0,295.0,263.0,295.0,17.5,26.7,58.0,1013.8,1.6,0.0,3,0
2024,4,FORMULA 1 MSC CRUISES JAPANESE GRAND PRIX 2024,RUS,Mercedes,Q3,89.008,9.0,31.181,40.123,17.704,2.0,SOFT,True,284.0,299.0,264.0,294.0,17.5,26.7,58.0,1013.8,1.6,0.0,3,0
2024,4,FORMULA 1 MSC CRUISES JAPANESE GRAND PRIX 2024,TSU,RB,Q3,89.413,10.0,31.318,40.248,17.847,2.0,SOFT,True,285.0,299.0,263.0,298.0,17.5,26.7,58.0,1013.8,1.6,0.0,3,0
2024,5,FORMULA 1 LENOVO CHINESE GRAND PRIX 2024,VER,Red Bull Racing,Q1,94.742,1.0,25.242,28.52,40.98,5.0,SOFT,False,279.0,271.0,259.0,334.0,22.1,34.150000000000006,55.0,1007.4,1.7,0.0,1,0
2024,5,FORMULA 1 LENOVO CHINESE GRAND PRIX 2024,LEC,Ferrari,Q1,94.797,6.0,25.342,28.44,41.015,2.0,SOFT,True,278.0,273.0,265.0,330.0,22.1,34.150000000000006,55.0,1007.4,1.7,0.0,1,0
2024,5,FORMULA 1 LENOVO CHINESE GRAND PRIX 2024,NOR,McLaren,Q1,94.842,4.0,25.223,28.546,41.073,2.0,SOFT,True,277.0,270.0,267.0,327.0,22.1,34.150000000000006,55.0,1007.4,1.7,0.0,1,0
2024,5,FORMULA 1 LENOVO CHINESE GRAND PRIX 2024,SAI,Ferrari,Q1,94.97,7.0,25.354,28.511,41.105,2.0,SOFT,True,278.0,273.0,264.0,332.0,22.1,34.150000000000006,55.0,1007.4,1.7,0.0,1,0
2024,5,FORMULA 1 LENOVO CHINESE GRAND PRIX 2024,PIA,McLaren,Q1,95.014,5.0,25.176,28.553,41.285,2.0,SOFT,True,272.0,271.0,265.0,328.0,22.1,34.150000000000006,55.0,1007.4,1.7,0.0,1,0
2024,5,FORMULA 1 LENOVO CHINESE GRAND PRIX 2024,HUL,Haas F1 Team,Q1,95.068,9.0,25.121,28.877,41.07,2.0,SOFT,True,282.0,275.0,266.0,336.0,22.1,34.150000000000006,55.0,1007.4,1.7,0.0,1,0
2024,5,FORMULA 1 LENOVO CHINESE GRAND PRIX 2024,RUS,Mercedes,Q1,95.084,8.0,25.211,28.808,41.065,2.0,SOFT,True,278.0,274.0,266.0,333.0,22.1,34.150000000000006,55.0,1007.4,1.7,0.0,1,0
2024,5,FORMULA 1 LENOVO CHINESE GRAND PRIX 2024,ALO,Aston Martin,Q1,95.116,3.0,25.287,28.656,41.173,2.0,SOFT,True,276.0,273.0,265.0,333.0,22.1,34.150000000000006,55.0,1007.4,1.7,0.0,1,0
2024,5,FORMULA 1 LENOVO CHINESE GRAND PRIX 2024,BOT,Kick Sauber,Q1,95.169,10.0,25.264,28.543,41.362,2.0,SOFT,True,278.0,273.0,260.0,330.0,22.1,34.150000000000006,55.0,1007.4,1.7,0.0,1,0
2024,5,FORMULA 1 LENOVO CHINESE GRAND PRIX 2024,GAS,Alpine,Q1,95.287,15.0,25.167,28.764,41.356,2.0,SOFT,True,277.0,270.0,262.0,329.0,22.1,34.150000000000006,55.0,1007.4,1.7,0.0,1,0
2024,5,FORMULA 1 LENOVO CHINESE GRAND PRIX 2024,STR,Aston Martin,Q1,95.334,11.0,25.059,28.673000000000002,41.602,2.0,SOFT,True,280.0,274.0,266.0,336.0,22.1,34.150000000000006,55.0,1007.4,1.7,0.0,1,0
2024,5,FORMULA 1 LENOVO CHINESE GRAND PRIX 2024,OCO,Alpine,Q1,95.356,13.0,25.1,28.691,41.565,2.0,SOFT,True,277.0,270.0,264.0,328.0,22.1,34.150000000000006,55.0,1007.4,1.7,0.0,1,0
2024,5,FORMULA 1 LENOVO CHINESE GRAND PRIX 2024,ALB,Williams,Q1,95.384,14.0,25.117,28.803,41.464,2.0,SOFT,True,280.0,273.0,270.0,334.0,22.1,34.150000000000006,55.0,1007.4,1.7,0.0,1,0
2024,5,FORMULA 1 LENOVO CHINESE GRAND PRIX 2024,RIC,RB,Q1,95.443,12.0,25.331,28.812,41.3,2.0,SOFT,True,278.0,273.0,266.0,334.0,22.1,34.150000000000006,55.0,1007.4,1.7,0.0,1,0
2024,5,FORMULA 1 LENOVO CHINESE GRAND PRIX 2024,PER,Red Bull Racing,Q1,95.457,2.0,25.371,28.791,41.295,4.0,SOFT,False,279.0,269.0,268.0,333.0,22.1,34.150000000000006,55.0,1007.4,1.7,0.0,1,0
2024,5,FORMULA 1 LENOVO CHINESE GRAND PRIX 2024,ZHO,Kick Sauber,Q1,95.505,16.0,25.416,28.766,41.323,2.0,SOFT,True,279.0,272.0,264.0,332.0,22.1,34.150000000000006,55.0,1007.4,1.7,0.0,1,0
2024,5,FORMULA 1 LENOVO CHINESE GRAND PRIX 2024,MAG,Haas F1 Team,Q1,95.516,17.0,25.204,28.893,41.419,2.0,SOFT,True,282.0,273.0,261.0,334.0,22.1,34.150000000000006,55.0,1007.4,1.7,0.0,1,0
2024,5,FORMULA 1 LENOVO CHINESE GRAND PRIX 2024,HAM,Mercedes,Q1,95.573,18.0,25.246,28.639,41.688,2.0,SOFT,True,278.0,273.0,266.0,330.0,22.1,34.150000000000006,55.0,1007.4,1.7,0.0,1,0
2024,5,FORMULA 1 LENOVO CHINESE GRAND PRIX 2024,TSU,RB,Q1,95.746,19.0,25.244,28.963,41.539,2.0,SOFT,True,277.0,271.0,265.0,333.0,22.1,34.150000000000006,55.0,1007.4,1.7,0.0,1,0
2024,5,FORMULA 1 LENOVO CHINESE GRAND PRIX 2024,SAR,Williams,Q1,96.358,20.0,25.582,29.066,41.71,2.0,SOFT,True,276.0,271.0,267.0,330.0,22.1,34.150000000000006,55.0,1007.4,1.7,0.0,1,0
2024,5,FORMULA 1 LENOVO CHINESE GRAND PRIX 2024,VER,Red Bull Racing,Q2,93.794,1.0,25.013,28.227,40.554,2.0,SOFT,True,277.0,273.0,269.0,331.0,22.1,34.150000000000006,55.0,1007.4,1.7,0.0,2,0
2024,5,FORMULA 1 LENOVO CHINESE GRAND PRIX 2024,PER,Red Bull Racing,Q2,94.026,2.0,24.91,28.376,40.74,2.0,SOFT,True,278.0,272.0,270.0,333.0,22.1,34.150000000000006,55.0,1007.4,1.7,0.0,2,0
2024,5,FORMULA 1 LENOVO CHINESE GRAND PRIX 2024,SAI,Ferrari,Q2,94.368,7.0,25.044,28.463,40.861,2.0,SOFT,True,278.0,273.0,263.0,331.0,22.1,34.150000000000006,55.0,1007.4,1.7,0.0,2,0
2024,5,FORMULA 1 LENOVO CHINESE GRAND PRIX 2024,LEC,Ferrari,Q2,94.399,6.0,25.147,28.466,40.786,2.0,SOFT,True,278.0,272.0,266.0,331.0,22.1,34.150000000000006,55.0,1007.4,1.7,0.0,2,0
2024,5,FORMULA 1 LENOVO CHINESE GRAND PRIX 2024,NOR,McLaren,Q2,94.46,4.0,24.984,28.345,41.131,2.0,SOFT,True,277.0,274.0,268.0,330.0,22.1,34.150000000000006,55.0,1007.4,1.7,0.0,2,0
2024,5,FORMULA 1 LENOVO CHINESE GRAND PRIX 2024,RUS,Mercedes,Q2,94.609,8.0,25.171,28.415,41.023,2.0,SOFT,True,277.0,274.0,266.0,329.0,22.1,34.150000000000006,55.0,1007.4,1.7,0.0,2,0
2024,5,FORMULA 1 LENOVO CHINESE GRAND PRIX 2024,ALO,Aston Martin,Q2,94.652,3.0,24.938,28.545,41.169,2.0,SOFT,True,277.0,272.0,268.0,333.0,22.1,34.150000000000006,55.0,1007.4,1.7,0.0,2,0
2024,5,FORMULA 1 LENOVO CHINESE GRAND PRIX 2024,PIA,McLaren,Q2,94.659,5.0,24.996,28.374,41.289,2.0,SOFT,True,275.0,273.0,266.0,328.0,22.1,34.150000000000006,55.0,1007.4,1.7,0.0,2,0
2024,5,FORMULA 1 LENOVO CHINESE GRAND PRIX 2024,HUL,Haas F1 Team,Q2,94.667,9.0,25.024,28.571,41.072,2.0,SOFT,True,280.0,274.0,262.0,333.0,22.1,34.150000000000006,55.0,1007.4,1.7,0.0,2,0
2024,5,FORMULA 1 LENOVO CHINESE GRAND PRIX 2024,BOT,Kick Sauber,Q2,94.769,10.0,25.041,28.705,41.023,2.0,SOFT,True,277.0,272.0,262.0,330.0,22.1,34.150000000000006,55.0,1007.4,1.7,0.0,2,0
2024,5,FORMULA 1 LENOVO CHINESE GRAND PRIX 2024,STR,Aston Martin,Q2,94.838,11.0,25.08,28.604,41.154,2.0,SOFT,True,279.0,273.0,267.0,333.0,22.1,34.150000000000006,55.0,1007.4,1.7,0.0,2,0
2024,5,FORMULA 1 LENOVO CHINESE GRAND PRIX 2024,RIC,RB,Q2,94.934,12.0,25.114,28.755,41.065,2.0,SOFT,True,278.0,272.0,267.0,332.0,22.1,34.150000000000006,55.0,1007.4,1.7,0.0,2,0
2024,5,FORMULA 1 LENOVO CHINESE GRAND PRIX 2024,OCO,Alpine,Q2,95.223,13.0,25.183,28.737,41.303,2.0,SOFT,True,276.0,271.0,265.0,327.0,22.1,34.150000000000006,55.0,1007.4,1.7,0.0,2,0
2024,5,FORMULA 1 LENOVO CHINESE GRAND PRIX 2024,ALB,Williams,Q2,95.241,14.0,25.251,28.874,41.116,2.0,SOFT,True,278.0,272.0,268.0,334.0,22.1,34.150000000000006,55.0,1007.4,1.7,0.0,2,0
2024,5,FORMULA 1 LENOVO CHINESE GRAND PRIX 2024,GAS,Alpine,Q2,95.463,15.0,25.217,28.942,41.304,2.0,SOFT,True,275.0,268.0,263.0,327.0,22.1,34.150000000000006,55.0,1007.4,1.7,0.0,2,0
2024,5,FORMULA 1 LENOVO CHINESE GRAND PRIX 2024,VER,Red Bull Racing,Q3,93.66,1.0,24.981,28.168,40.511,2.0,SOFT,True,279.0,272.0,270.0,333.0,22.1,34.150000000000006,55.0,1007.4,1.7,0.0,3,0
2024,5,FORMULA 1 LENOVO CHINESE GRAND PRIX 2024,PER,Red Bull Racing,Q3,93.982,2.0,25.032,28.29,40.66,2.0,SOFT,True,279.0,272.0,269.0,334.0,22.1,34.150000000000006,55.0,1007.4,1.7,0.0,3,0
2024,5,FORMULA 1 LENOVO CHINESE GRAND PRIX 2024,ALO,Aston Martin,Q3,94.148,3.0,25.057,28.308,40.783,2.0,SOFT,True,277.0,273.0,269.0,333.0,22.1,34.150000000000006,55.0,1007.4,1.7,0.0,3,0
2024,5,FORMULA 1 LENOVO CHINESE GRAND PRIX 2024,NOR,McLaren,Q3,94.165,4.0,25.041,28.38,40.744,2.0,SOFT,True,279.0,273.0,269.0,329.0,22.1,34.150000000000006,55.0,1007.4,1.7,0.0,3,0
2024,5,FORMULA 1 LENOVO CHINESE GRAND PRIX 2024,PIA,McLaren,Q3,94.273,5.0,25.084,28.263,40.926,2.0,SOFT,True,277.0,273.0,268.0,328.0,22.1,34.150000000000006,55.0,1007.4,1.7,0.0,3,0
2024,5,FORMULA 1 LENOVO CHINESE GRAND PRIX 2024,LEC,Ferrari,Q3,94.289,6.0,25.305,28.241,40.743,2.0,SOFT,True,278.0,274.0,265.0,330.0,22.1,34.150000000000006,55.0,1007.4,1.7,0.0,3,0
2024,5,FORMULA 1 LENOVO CHINESE GRAND PRIX 2024,SAI,Ferrari,Q3,94.297,7.0,25.196,28.361,40.74,2.0,SOFT,True,278.0,273.0,268.0,330.0,22.1,34.150000000000006,55.0,1007.4,1.7,0.0,3,0
2024,5,FORMULA 1 LENOVO CHINESE GRAND PRIX 2024,RUS,Mercedes,Q3,94.433,8.0,25.183,28.465,40.785,2.0,SOFT,True,278.0,274.0,268.0,331.0,22.1,34.150000000000006,55.0,1007.4,1.7,0.0,3,0
2024,5,FORMULA 1 LENOVO CHINESE GRAND PRIX 2024,HUL,Haas F1 Team,Q3,94.604,9.0,24.948,28.73,40.926,2.0,SOFT,True,281.0,274.0,269.0,333.0,22.1,34.150000000000006,55.0,1007.4,1.7,0.0,3,0
2024,5,FORMULA 1 LENOVO CHINESE GRAND PRIX 2024,BOT,Kick Sauber,Q3,94.665,10.0,25.228,28.458,40.979,2.0,SOFT,True,277.0,273.0,268.0,329.0,22.1,34.150000000000006,55.0,1007.4,1.7,0.0,3,0
2024,6,FORMULA 1 CRYPTO.COM MIAMI GRAND PRIX 2024,VER,Red Bull Racing,Q1,87.689,1.0,29.123,33.467,25.099,2.0,SOFT,True,219.0,191.0,285.0,342.0,29.0,46.9,55.0,1015.4,3.1,0.0,1,0
2024,6,FORMULA 1 CRYPTO.COM MIAMI GRAND PRIX 2024,PER,Red Bull Racing,Q1,87.772,4.0,29.314,33.44,25.018,2.0,SOFT,True,221.0,191.0,283.0,341.0,29.0,46.9,55.0,1015.4,3.1,0.0,1,0
2024,6,FORMULA 1 CRYPTO.COM MIAMI GRAND PRIX 2024,NOR,McLaren,Q1,87.913,5.0,29.259,33.585,25.069,5.0,SOFT,True,222.0,192.0,286.0,338.0,29.0,46.9,55.0,1015.4,3.1,0.0,1,0
2024,6,FORMULA 1 CRYPTO.COM MIAMI GRAND PRIX 2024,SAI,Ferrari,Q1,87.937,3.0,29.377,33.571,24.989,4.0,SOFT,False,222.0,192.0,282.0,339.0,29.0,46.9,55.0,1015.4,3.1,0.0,1,0
2024,6,FORMULA 1 CRYPTO.COM MIAMI GRAND PRIX 2024,GAS,Alpine,Q1,87.976,12.0,29.334,33.605,25.037,2.0,SOFT,True,222.0,190.0,284.0,341.0,29.0,46.9,55.0,1015.4,3.1,0.0,1,0
2024,6,FORMULA 1 CRYPTO.COM MIAMI GRAND PRIX 2024,PIA,McLaren,Q1,88.032,6.0,29.275,33.776,24.981,2.0,SOFT,True,216.0,192.0,284.0,336.0,29.0,46.9,55.0,1015.4,3.1,0.0,1,0
2024,6,FORMULA 1 CRYPTO.COM MIAMI GRAND PRIX 2024,LEC,Ferrari,Q1,88.081,2.0,29.202,33.796,25.083,5.0,SOFT,False,218.0,189.0,282.0,335.0,29.0,46.9,55.0,1015.4,3.1,0.0,1,0
2024,6,FORMULA 1 CRYPTO.COM MIAMI GRAND PRIX 2024,RUS,Mercedes,Q1,88.159,7.0,29.401,33.705,25.053,2.0,SOFT,True,221.0,192.0,283.0,336.0,29.0,46.9,55.0,1015.4,3.1,0.0,1,0
2024,6,FORMULA 1 CRYPTO.COM MIAMI GRAND PRIX 2024,HAM,Mercedes,Q1,88.167,8.0,29.231,33.887,25.049,2.0,SOFT,True,219.0,191.0,283.0,336.0,29.0,46.9,55.0,1015.4,3.1,0.0,1,0
2024,6,FORMULA 1 CRYPTO.COM MIAMI GRAND PRIX 2024,STR,Aston Martin,Q1,88.177,11.0,29.445,33.783,24.949,2.0,SOFT,True,222.0,192.0,283.0,343.0,29.0,46.9,55.0,1015.4,3.1,0.0,1,0
2024,6,FORMULA 1 CRYPTO.COM MIAMI GRAND PRIX 2024,OCO,Alpine,Q1,88.209,13.0,29.306,33.769,25.134,2.0,SOFT,True,222.0,192.0,284.0,338.0,29.0,46.9,55.0,1015.4,3.1,0.0,1,0
2024,6,FORMULA 1 CRYPTO.COM MIAMI GRAND PRIX 2024,TSU,RB,Q1,88.324,10.0,29.512,33.689,25.123,2.0,SOFT,True,222.0,191.0,281.0,334.0,29.0,46.9,55.0,1015.4,3.1,0.0,1,0
2024,6,FORMULA 1 CRYPTO.COM MIAMI GRAND PRIX 2024,ALB,Williams,Q1,88.343,14.0,29.498,33.774,25.071,2.0,SOFT,True,221.0,190.0,286.0,340.0,29.0,46.9,55.0,1015.4,3.1,0.0,1,0
2024,6,FORMULA 1 CRYPTO.COM MIAMI GRAND PRIX 2024,HUL,Haas F1 Team,Q1,88.383,9.0,29.581,33.748,25.054,5.0,SOFT,False,221.0,191.0,280.0,341.0,29.0,46.9,55.0,1015.4,3.1,0.0,1,0
2024,6,FORMULA 1 CRYPTO.COM MIAMI GRAND PRIX 2024,ALO,Aston Martin,Q1,88.453,15.0,29.475,33.86,25.118,2.0,SOFT,True,217.0,191.0,282.0,336.0,29.0,46.9,55.0,1015.4,3.1,0.0,1,0
2024,6,FORMULA 1 CRYPTO.COM MIAMI GRAND PRIX 2024,BOT,Kick Sauber,Q1,88.463,16.0,29.47,33.888,25.105,2.0,SOFT,True,222.0,193.0,285.0,345.0,29.0,46.9,55.0,1015.4,3.1,0.0,1,0
2024,6,FORMULA 1 CRYPTO.COM MIAMI GRAND PRIX 2024,SAR,Williams,Q1,88.487,17.0,29.724,33.736,25.027,2.0,SOFT,True,220.0,191.0,287.0,340.0,29.0,46.9,55.0,1015.4,3.1,0.0,1,0
2024,6,FORMULA 1 CRYPTO.COM MIAMI GRAND PRIX 2024,RIC,RB,Q1,88.617,18.0,29.541,33.782,25.294,2.0,SOFT,True,221.0,189.0,283.0,336.0,29.0,46.9,55.0,1015.4,3.1,0.0,1,0
2024,6,FORMULA 1 CRYPTO.COM MIAMI GRAND PRIX 2024,MAG,Haas F1 Team,Q1,88.619,19.0,29.51,33.78,25.329,2.0,SOFT,True,215.0,191.0,286.0,342.0,29.0,46.9,55.0,1015.4,3.1,0.0,1,0
2024,6,FORMULA 1 CRYPTO.COM MIAMI GRAND PRIX 2024,ZHO,Kick Sauber,Q1,88.824,20.0,29.624,33.903,25.297,2.0,SOFT,True,221.0,191.0,283.0,331.0,29.0,46.9,55.0,1015.4,3.1,0.0,1,0
2024,6,FORMULA 1 CRYPTO.COM MIAMI GRAND PRIX 2024,LEC,Ferrari,Q2,87.533,2.0,29.02,33.524,24.989,2.0,SOFT,True,221.0,191.0,282.0,337.0,29.0,46.9,55.0,1015.4,3.1,0.0,2,0
2024,6,FORMULA 1 CRYPTO.COM MIAMI GRAND PRIX 2024,VER,Red Bull Racing,Q2,87.566,1.0,28.906,33.608,25.052,2.0,SOFT,True,220.0,191.0,283.0,338.0,29.0,46.9,55.0,1015.4,3.1,0.0,2,0
2024,6,FORMULA 1 CRYPTO.COM MIAMI GRAND PRIX 2024,HAM,Mercedes,Q2,87.697,8.0,29.02,33.635,25.042,2.0,SOFT,True,222.0,191.0,284.0,337.0,29.0,46.9,55.0,1015.4,3.1,0.0,2,0
2024,6,FORMULA 1 CRYPTO.COM MIAMI GRAND PRIX 2024,PIA,McLaren,Q2,87.721,6.0,29.144,33.53,25.047,2.0,SOFT,True,219.0,191.0,283.0,336.0,29.0,46.9,55.0,1015.4,3.1,0.0,2,0
2024,6,FORMULA 1 CRYPTO.COM MIAMI GRAND PRIX 2024,PER,Red Bull Racing,Q2,87.839,4.0,29.28,33.645,24.914,2.0,SOFT,True,222.0,191.0,285.0,341.0,29.0,46.9,55.0,1015.4,3.1,0.0,2,0
2024,6,FORMULA 1 CRYPTO.COM MIAMI GRAND PRIX 2024,NOR,McLaren,Q2,87.871,5.0,29.225,33.693,24.953,2.0,SOFT,True,218.0,191.0,285.0,338.0,29.0,46.9,55.0,1015.4,3.1,0.0,2,0
2024,6,FORMULA 1 CRYPTO.COM MIAMI GRAND PRIX 2024,SAI,Ferrari,Q2,87.941,3.0,29.223,33.757,24.961,2.0,SOFT,True,221.0,191.0,285.0,337.0,29.0,46.9,55.0,1015.4,3.1,0.0,2,0
2024,6,FORMULA 1 CRYPTO.COM MIAMI GRAND PRIX 2024,RUS,Mercedes,Q2,88.095,7.0,29.296,33.678,25.121,2.0,SOFT,True,222.0,191.0,283.0,337.0,29.0,46.9,55.0,1015.4,3.1,0.0,2,0
2024,6,FORMULA 1 CRYPTO.COM MIAMI GRAND PRIX 2024,TSU,RB,Q2,88.167,10.0,29.299,33.775,25.093,2.0,SOFT,True,223.0,191.0,282.0,336.0,29.0,46.9,55.0,1015.4,3.1,0.0,2,0
2024,6,FORMULA 1 CRYPTO.COM MIAMI GRAND PRIX 2024,HUL,Haas F1 Team,Q2,88.2,9.0,29.281,33.891,25.028,2.0,SOFT,True,223.0,191.0,286.0,342.0,29.0,46.9,55.0,1015.4,3.1,0.0,2,0
2024,6,FORMULA 1 CRYPTO.COM MIAMI GRAND PRIX 2024,STR,Aston Martin,Q2,88.222,11.0,29.271,33.959,24.992,2.0,SOFT,False,222.0,190.0,283.0,338.0,29.0,46.9,55.0,1015.4,3.1,0.0,2,0
2024,6,FORMULA 1 CRYPTO.COM MIAMI GRAND PRIX 2024,GAS,Alpine,Q2,88.324,12.0,29.434,33.868,25.022,2.0,SOFT,True,220.0,191.0,284.0,338.0,29.0,46.9,55.0,1015.4,3.1,0.0,2,0
2024,6,FORMULA 1 CRYPTO.COM MIAMI GRAND PRIX 2024,OCO,Alpine,Q2,88.371,13.0,29.28,33.948,25.143,2.0,SOFT,True,221.0,191.0,284.0,337.0,29.0,46.9,55.0,1015.4,3.1,0.0,2,0
2024,6,FORMULA 1 CRYPTO.COM MIAMI GRAND PRIX 2024,ALB,Williams,Q2,88.413,14.0,29.511,33.835,25.067,2.0,SOFT,True,220.0,190.0,286.0,340.0,29.0,46.9,55.0,1015.4,3.1,0.0,2,0
2024,6,FORMULA 1 CRYPTO.COM MIAMI GRAND PRIX 2024,ALO,Aston Martin,Q2,88.427,15.0,29.467,33.832,25.128,2.0,SOFT,False,221.0,189.0,282.0,337.0,29.0,46.9,55.0,1015.4,3.1,0.0,2,0
2024,6,FORMULA 1 CRYPTO.COM MIAMI GRAND PRIX 2024,VER,Red Bull Racing,Q3,87.241,1.0,28.867,33.499,24.875,2.0,SOFT,True,223.0,192.0,283.0,337.0,29.0,46.9,55.0,1015.4,3.1,0.0,3,0
2024,6,FORMULA 1 CRYPTO.COM MIAMI GRAND PRIX 2024,LEC,Ferrari,Q3,87.382,2.0,28.793,33.64,24.949,2.0,SOFT,True,222.0,192.0,281.0,337.0,29.0,46.9,55.0,1015.4,3.1,0.0,3,0
2024,6,FORMULA 1 CRYPTO.COM MIAMI GRAND PRIX 2024,SAI,Ferrari,Q3,87.455,3.0,28.874,33.645,24.936,2.0,SOFT,True,223.0,193.0,284.0,338.0,29.0,46.9,55.0,1015.4,3.1,0.0,3,0
2024,6,FORMULA 1 CRYPTO.COM MIAMI GRAND PRIX 2024,PER,Red Bull Racing,Q3,87.46,4.0,28.85,33.73,24.88,2.0,SOFT,True,220.0,192.0,284.0,339.0,29.0,46.9,55.0,1015.4,3.1,0.0,3,0
2024,6,FORMULA 1 CRYPTO.COM MIAMI GRAND PRIX 2024,NOR,McLaren,Q3,87.594,5.0,28.928,33.716,24.95,2.0,SOFT,True,223.0,193.0,284.0,336.0,29.0,46.9,55.0,1015.4,3.1,0.0,3,0
2024,6,FORMULA 1 CRYPTO.COM MIAMI GRAND PRIX 2024,PIA,McLaren,Q3,87.675,6.0,28.963,33.7,25.012,2.0,SOFT,True,222.0,191.0,283.0,335.0,29.0,46.9,55.0,1015.4,3.1,0.0,3,0
2024,6,FORMULA 1 CRYPTO.COM MIAMI GRAND PRIX 2024,RUS,Mercedes,Q3,88.067,7.0,29.125,33.857,25.085,2.0,SOFT,True,224.0,191.0,282.0,335.0,29.0,46.9,55.0,1015.4,3.1,0.0,3,0
2024,6,FORMULA 1 CRYPTO.COM MIAMI GRAND PRIX 2024,HAM,Mercedes,Q3,88.107,8.0,29.121,33.893,25.093,2.0,MEDIUM,True,222.0,191.0,284.0,334.0,29.0,46.9,55.0,1015.4,3.1,0.0,3,0
2024,6,FORMULA 1 CRYPTO.COM MIAMI GRAND PRIX 2024,HUL,Haas F1 Team,Q3,88.146,9.0,29.41,33.834,24.902,2.0,SOFT,True,221.0,193.0,286.0,340.0,29.0,46.9,55.0,1015.4,3.1,0.0,3,0
2024,6,FORMULA 1 CRYPTO.COM MIAMI GRAND PRIX 2024,TSU,RB,Q3,88.192,10.0,29.27,33.85,25.072,2.0,SOFT,True,222.0,191.0,283.0,336.0,29.0,46.9,55.0,1015.4,3.1,0.0,3,0
2024,7,FORMULA 1 MSC CRUISES GRAN PREMIO DEL MADE IN ITALY E DELL'EMILIA-ROMAGNA 2024,VER,Red Bull Racing,Q1,75.762,1.0,23.746,26.348,25.668,5.0,SOFT,False,231.0,261.0,283.0,297.0,24.2,41.5,43.0,1008.0,2.9,0.0,1,0
2024,7,FORMULA 1 MSC CRUISES GRAN PREMIO DEL MADE IN ITALY E DELL'EMILIA-ROMAGNA 2024,LEC,Ferrari,Q1,75.823,4.0,23.925,26.358,25.54,8.0,MEDIUM,False,226.0,261.0,284.0,296.0,24.2,41.5,43.0,1008.0,2.9,0.0,1,0
2024,7,FORMULA 1 MSC CRUISES GRAN PREMIO DEL MADE IN ITALY E DELL'EMILIA-ROMAGNA 2024,HUL,Haas F1 Team,Q1,75.841,10.0,23.948,26.257,25.636,2.0,SOFT,True,229.0,262.0,287.0,297.0,24.2,41.5,43.0,1008.0,2.9,0.0,1,0
2024,7,FORMULA 1 MSC CRUISES GRAN PREMIO DEL MADE IN ITALY E DELL'EMILIA-ROMAGNA 2024,TSU,RB,Q1,75.894,7.0,23.773,26.418,25.703,2.0,SOFT,True,231.0,259.0,284.0,294.0,24.2,41.5,43.0,1008.0,2.9,0.0,1,0
2024,7,FORMULA 1 MSC CRUISES GRAN PREMIO DEL MADE IN ITALY E DELL'EMILIA-ROMAGNA 2024,NOR,McLaren,Q1,75.915,3.0,23.838,26.469,25.608,5.0,SOFT,False,235.0,262.0,285.0,296.0,24.2,41.5,43.0,1008.0,2.9,0.0,1,0
2024,7,FORMULA 1 MSC CRUISES GRAN PREMIO DEL MADE IN ITALY E DELL'EMILIA-ROMAGNA 2024,PIA,McLaren,Q1,75.94,2.0,23.824,26.36,25.756,2.0,SOFT,True,233.0,262.0,286.0,297.0,24.2,41.5,43.0,1008.0,2.9,0.0,1,0
2024,7,FORMULA 1 MSC CRUISES GRAN PREMIO DEL MADE IN ITALY E DELL'EMILIA-ROMAGNA 2024,GAS,Alpine,Q1,76.015,15.0,24.093,26.261,25.661,2.0,SOFT,True,228.0,258.0,283.0,292.0,24.2,41.5,43.0,1008.0,2.9,0.0,1,0
2024,7,FORMULA 1 MSC CRUISES GRAN PREMIO DEL MADE IN ITALY E DELL'EMILIA-ROMAGNA 2024,SAI,Ferrari,Q1,76.015,5.0,24.014,26.368,25.633,5.0,MEDIUM,True,225.0,259.0,283.0,295.0,24.2,41.5,43.0,1008.0,2.9,0.0,1,0
2024,7,FORMULA 1 MSC CRUISES GRAN PREMIO DEL MADE IN ITALY E DELL'EMILIA-ROMAGNA 2024,RIC,RB,Q1,76.06,9.0,23.884,26.495,25.681,2.0,SOFT,True,231.0,260.0,285.0,294.0,24.2,41.5,43.0,1008.0,2.9,0.0,1,0
2024,7,FORMULA 1 MSC CRUISES GRAN PREMIO DEL MADE IN ITALY E DELL'EMILIA-ROMAGNA 2024,RUS,Mercedes,Q1,76.107,6.0,23.816,26.401,25.89,2.0,SOFT,True,234.0,259.0,281.0,294.0,24.2,41.5,43.0,1008.0,2.9,0.0,1,0
2024,7,FORMULA 1 MSC CRUISES GRAN PREMIO DEL MADE IN ITALY E DELL'EMILIA-ROMAGNA 2024,OCO,Alpine,Q1,76.361,12.0,24.135,26.29,25.936,2.0,SOFT,True,228.0,259.0,283.0,292.0,24.2,41.5,43.0,1008.0,2.9,0.0,1,0
2024,7,FORMULA 1 MSC CRUISES GRAN PREMIO DEL MADE IN ITALY E DELL'EMILIA-ROMAGNA 2024,PER,Red Bull Racing,Q1,76.404,11.0,24.15,26.452,25.802,2.0,SOFT,True,227.0,261.0,287.0,298.0,24.2,41.5,43.0,1008.0,2.9,0.0,1,0
2024,7,FORMULA 1 MSC CRUISES GRAN PREMIO DEL MADE IN ITALY E DELL'EMILIA-ROMAGNA 2024,STR,Aston Martin,Q1,76.458,13.0,24.104,26.366,25.988,2.0,SOFT,True,226.0,260.0,283.0,293.0,24.2,41.5,43.0,1008.0,2.9,0.0,1,0
2024,7,FORMULA 1 MSC CRUISES GRAN PREMIO DEL MADE IN ITALY E DELL'EMILIA-ROMAGNA 2024,ALB,Williams,Q1,76.524,14.0,24.105,26.605,25.814,2.0,SOFT,True,231.0,263.0,284.0,295.0,24.2,41.5,43.0,1008.0,2.9,0.0,1,0
2024,7,FORMULA 1 MSC CRUISES GRAN PREMIO DEL MADE IN ITALY E DELL'EMILIA-ROMAGNA 2024,HAM,Mercedes,Q1,76.604,8.0,24.078,26.765,25.761,5.0,SOFT,False,227.0,258.0,282.0,293.0,24.2,41.5,43.0,1008.0,2.9,0.0,1,0
2024,7,FORMULA 1 MSC CRUISES GRAN PREMIO DEL MADE IN ITALY E DELL'EMILIA-ROMAGNA 2024,BOT,Kick Sauber,Q1,76.626,16.0,24.225,26.578,25.823,2.0,SOFT,True,226.0,257.0,283.0,295.0,24.2,41.5,43.0,1008.0,2.9,0.0,1,0
2024,7,FORMULA 1 MSC CRUISES GRAN PREMIO DEL MADE IN ITALY E DELL'EMILIA-ROMAGNA 2024,SAR,Williams,Q1,76.731,20.0,24.13,26.66,25.941,2.0,SOFT,True,230.0,262.0,287.0,298.0,24.2,41.5,43.0,1008.0,2.9,0.0,1,0
2024,7,FORMULA 1 MSC CRUISES GRAN PREMIO DEL MADE IN ITALY E DELL'EMILIA-ROMAGNA 2024,ZHO,Kick Sauber,Q1,76.834,17.0,24.202,26.649,25.983,2.0,SOFT,True,231.0,259.0,283.0,294.0,24.2,41.5,43.0,1008.0,2.9,0.0,1,0
2024,7,FORMULA 1 MSC CRUISES GRAN PREMIO DEL MADE IN ITALY E DELL'EMILIA-ROMAGNA 2024,MAG,Haas F1 Team,Q1,76.854,18.0,24.177,26.651,26.026,5.0,SOFT,False,225.0,258.0,285.0,297.0,24.2,41.5,43.0,1008.0,2.9,0.0,1,0
2024,7,FORMULA 1 MSC CRUISES GRAN PREMIO DEL MADE IN ITALY E DELL'EMILIA-ROMAGNA 2024,ALO,Aston Martin,Q1,76.917,19.0,24.191,26.563,26.163,2.0,SOFT,True,229.0,259.0,282.0,289.0,24.2,41.5,43.0,1008.0,2.9,0.0,1,0
2024,7,FORMULA 1 MSC CRUISES GRAN PREMIO DEL MADE IN ITALY E DELL'EMILIA-ROMAGNA 2024,VER,Red Bull Racing,Q2,75.176,1.0,23.593,26.118,25.465,5.0,SOFT,False,233.0,262.0,285.0,299.0,24.2,41.5,43.0,1008.0,2.9,0.0,2,0
2024,7,FORMULA 1 MSC CRUISES GRAN PREMIO DEL MADE IN ITALY E DELL'EMILIA-ROMAGNA 2024,LEC,Ferrari,Q2,75.328,4.0,23.836,25.976,25.516,2.0,SOFT,True,231.0,261.0,286.0,293.0,24.2,41.5,43.0,1008.0,2.9,0.0,2,0
2024,7,FORMULA 1 MSC CRUISES GRAN PREMIO DEL MADE IN ITALY E DELL'EMILIA-ROMAGNA 2024,TSU,RB,Q2,75.358,7.0,23.725,26.063,25.57,2.0,SOFT,True,233.0,260.0,284.0,293.0,24.2,41.5,43.0,1008.0,2.9,0.0,2,0
2024,7,FORMULA 1 MSC CRUISES GRAN PREMIO DEL MADE IN ITALY E DELL'EMILIA-ROMAGNA 2024,NOR,McLaren,Q2,75.371,3.0,23.823,26.251,25.297,5.0,SOFT,False,231.0,262.0,284.0,298.0,24.2,41.5,43.0,1008.0,2.9,0.0,2,0
2024,7,FORMULA 1 MSC CRUISES GRAN PREMIO DEL MADE IN ITALY E DELL'EMILIA-ROMAGNA 2024,PIA,McLaren,Q2,75.407,2.0,23.826,26.055,25.526,2.0,SOFT,True,235.0,263.0,287.0,296.0,24.2,41.5,43.0,1008.0,2.9,0.0,2,0
2024,7,FORMULA 1 MSC CRUISES GRAN PREMIO DEL MADE IN ITALY E DELL'EMILIA-ROMAGNA 2024,SAI,Ferrari,Q2,75.512,5.0,23.984,26.163,25.365,2.0,SOFT,True,228.0,260.0,284.0,295.0,24.2,41.5,43.0,1008.0,2.9,0.0,2,0
2024,7,FORMULA 1 MSC CRUISES GRAN PREMIO DEL MADE IN ITALY E DELL'EMILIA-ROMAGNA 2024,HUL,Haas F1 Team,Q2,75.569,10.0,23.895,26.087,25.587,2.0,SOFT,True,232.0,263.0,287.0,298.0,24.2,41.5,43.0,1008.0,2.9,0.0,2,0
2024,7,FORMULA 1 MSC CRUISES GRAN PREMIO DEL MADE IN ITALY E DELL'EMILIA-ROMAGNA 2024,RUS,Mercedes,Q2,75.671,6.0,23.919,26.101,25.651,2.0,SOFT,True,232.0,261.0,283.0,294.0,24.2,41.5,43.0,1008.0,2.9,0.0,2,0
2024,7,FORMULA 1 MSC CRUISES GRAN PREMIO DEL MADE IN ITALY E DELL'EMILIA-ROMAGNA 2024,HAM,Mercedes,Q2,75.677,8.0,23.87,26.149,25.658,2.0,SOFT,True,234.0,261.0,284.0,294.0,24.2,41.5,43.0,1008.0,2.9,0.0,2,0
2024,7,FORMULA 1 MSC CRUISES GRAN PREMIO DEL MADE IN ITALY E DELL'EMILIA-ROMAGNA 2024,RIC,RB,Q2,75.691,9.0,23.974,26.232,25.485,2.0,SOFT,True,231.0,261.0,285.0,294.0,24.2,41.5,43.0,1008.0,2.9,0.0,2,0
2024,7,FORMULA 1 MSC CRUISES GRAN PREMIO DEL MADE IN ITALY E DELL'EMILIA-ROMAGNA 2024,PER,Red Bull Racing,Q2,75.706,11.0,23.931,26.24,25.535,2.0,SOFT,True,225.0,262.0,286.0,297.0,24.2,41.5,43.0,1008.0,2.9,0.0,2,0
2024,7,FORMULA 1 MSC CRUISES GRAN PREMIO DEL MADE IN ITALY E DELL'EMILIA-ROMAGNA 2024,OCO,Alpine,Q2,75.906,12.0,24.088,26.211,25.607,2.0,SOFT,True,227.0,258.0,283.0,292.0,24.2,41.5,43.0,1008.0,2.9,0.0,2,0
2024,7,FORMULA 1 MSC CRUISES GRAN PREMIO DEL MADE IN ITALY E DELL'EMILIA-ROMAGNA 2024,STR,Aston Martin,Q2,75.992,13.0,23.951999999999998,26.2,25.84,2.0,SOFT,True,228.0,263.0,284.0,293.0,24.2,41.5,43.0,1008.0,2.9,0.0,2,0
2024,7,FORMULA 1 MSC CRUISES GRAN PREMIO DEL MADE IN ITALY E DELL'EMILIA-ROMAGNA 2024,ALB,Williams,Q2,76.2,14.0,23.97,26.489,25.741,2.0,SOFT,True,232.0,260.0,285.0,296.0,24.2,41.5,43.0,1008.0,2.9,0.0,2,0
2024,7,FORMULA 1 MSC CRUISES GRAN PREMIO DEL MADE IN ITALY E DELL'EMILIA-ROMAGNA 2024,GAS,Alpine,Q2,76.283,15.0,24.022,26.211,26.05,2.0,SOFT,True,233.0,259.0,281.0,292.0,24.2,41.5,43.0,1008.0,2.9,0.0,2,0
2024,7,FORMULA 1 MSC CRUISES GRAN PREMIO DEL MADE IN ITALY E DELL'EMILIA-ROMAGNA 2024,VER,Red Bull Racing,Q3,74.746,1.0,23.408,25.922,25.416,2.0,SOFT,True,233.0,261.0,285.0,296.0,24.2,41.5,43.0,1008.0,2.9,0.0,3,0
2024,7,FORMULA 1 MSC CRUISES GRAN PREMIO DEL MADE IN ITALY E DELL'EMILIA-ROMAGNA 2024,PIA,McLaren,Q3,74.82,2.0,23.608,25.921,25.291,2.0,SOFT,True,236.0,263.0,287.0,296.0,24.2,41.5,43.0,1008.0,2.9,0.0,3,0
2024,7,FORMULA 1 MSC CRUISES GRAN PREMIO DEL MADE IN ITALY E DELL'EMILIA-ROMAGNA 2024,NOR,McLaren,Q3,74.837,3.0,23.649,26.025,25.163,2.0,SOFT,True,232.0,260.0,286.0,296.0,24.2,41.5,43.0,1008.0,2.9,0.0,3,0
2024,7,FORMULA 1 MSC CRUISES GRAN PREMIO DEL MADE IN ITALY E DELL'EMILIA-ROMAGNA 2024,LEC,Ferrari,Q3,74.97,4.0,23.741,25.935,25.294,2.0,SOFT,True,228.0,260.0,286.0,294.0,24.2,41.5,43.0,1008.0,2.9,0.0,3,0
2024,7,FORMULA 1 MSC CRUISES GRAN PREMIO DEL MADE IN ITALY E DELL'EMILIA-ROMAGNA 2024,SAI,Ferrari,Q3,75.233,5.0,23.793,26.139,25.301,2.0,SOFT,True,234.0,260.0,286.0,294.0,24.2,41.5,43.0,1008.0,2.9,0.0,3,0
2024,7,FORMULA 1 MSC CRUISES GRAN PREMIO DEL MADE IN ITALY E DELL'EMILIA-ROMAGNA 2024,RUS,Mercedes,Q3,75.234,6.0,23.632,26.111,25.491,2.0,SOFT,True,234.0,260.0,284.0,294.0,24.2,41.5,43.0,1008.0,2.9,0.0,3,0
2024,7,FORMULA 1 MSC CRUISES GRAN PREMIO DEL MADE IN ITALY E DELL'EMILIA-ROMAGNA 2024,TSU,RB,Q3,75.465,7.0,23.785,26.191,25.489,2.0,SOFT,True,234.0,261.0,284.0,293.0,24.2,41.5,43.0,1008.0,2.9,0.0,3,0
2024,7,FORMULA 1 MSC CRUISES GRAN PREMIO DEL MADE IN ITALY E DELL'EMILIA-ROMAGNA 2024,HAM,Mercedes,Q3,75.504,8.0,23.884,26.146,25.474,2.0,SOFT,True,226.0,260.0,284.0,294.0,24.2,41.5,43.0,1008.0,2.9,0.0,3,0
2024,7,FORMULA 1 MSC CRUISES GRAN PREMIO DEL MADE IN ITALY E DELL'EMILIA-ROMAGNA 2024,RIC,RB,Q3,75.674,9.0,24.049,26.214,25.411,2.0,SOFT,True,228.0,259.0,286.0,293.0,24.2,41.5,43.0,1008.0,2.9,0.0,3,0
2024,7,FORMULA 1 MSC CRUISES GRAN PREMIO DEL MADE IN ITALY E DELL'EMILIA-ROMAGNA 2024,HUL,Haas F1 Team,Q3,75.98,10.0,24.095,26.32,25.565,2.0,SOFT,True,230.0,260.0,286.0,298.0,24.2,41.5,43.0,1008.0,2.9,0.0,3,0
2024,8,FORMULA 1 GRAND PRIX DE MONACO 2024,RUS,Mercedes,Q1,71.492,5.0,18.544,33.894,19.054,2.0,SOFT,True,221.0,207.0,271.0,281.0,21.3,44.0,61.0,1016.9,1.1,0.0,1,0
2024,8,FORMULA 1 GRAND PRIX DE MONACO 2024,PIA,McLaren,Q1,71.5,2.0,18.614,33.707,19.179,4.0,SOFT,True,224.0,206.0,268.0,280.0,21.3,44.0,61.0,1016.9,1.1,0.0,1,0
2024,8,FORMULA 1 GRAND PRIX DE MONACO 2024,HAM,Mercedes,Q1,71.528,7.0,18.689,33.784,19.055,2.0,SOFT,True,225.0,205.0,271.0,283.0,21.3,44.0,61.0,1016.9,1.1,0.0,1,0
2024,8,FORMULA 1 GRAND PRIX DE MONACO 2024,SAI,Ferrari,Q1,71.543,3.0,18.679,33.614,19.25,3.0,SOFT,True,220.0,205.0,266.0,281.0,21.3,44.0,61.0,1016.9,1.1,0.0,1,0
2024,8,FORMULA 1 GRAND PRIX DE MONACO 2024,LEC,Ferrari,Q1,71.584,1.0,18.597,33.825,19.162,9.0,SOFT,False,220.0,205.0,269.0,281.0,21.3,44.0,61.0,1016.9,1.1,0.0,1,0
2024,8,FORMULA 1 GRAND PRIX DE MONACO 2024,ALB,Williams,Q1,71.623,9.0,18.635,33.925,19.063,4.0,SOFT,True,217.0,205.0,268.0,280.0,21.3,44.0,61.0,1016.9,1.1,0.0,1,0
2024,8,FORMULA 1 GRAND PRIX DE MONACO 2024,VER,Red Bull Racing,Q1,71.711,6.0,18.612,33.97,19.129,9.0,SOFT,True,222.0,207.0,269.0,280.0,21.3,44.0,61.0,1016.9,1.1,0.0,1,0
2024,8,FORMULA 1 GRAND PRIX DE MONACO 2024,GAS,Alpine,Q1,71.714,10.0,18.649,33.684,19.381,4.0,SOFT,True,222.0,206.0,266.0,281.0,21.3,44.0,61.0,1016.9,1.1,0.0,1,0
2024,8,FORMULA 1 GRAND PRIX DE MONACO 2024,STR,Aston Martin,Q1,71.728,13.0,18.643,33.85,19.235,2.0,SOFT,True,222.0,201.0,272.0,281.0,21.3,44.0,61.0,1016.9,1.1,0.0,1,0
2024,8,FORMULA 1 GRAND PRIX DE MONACO 2024,NOR,McLaren,Q1,71.76,4.0,18.756,33.793,19.211,4.0,SOFT,False,221.0,204.0,265.0,279.0,21.3,44.0,61.0,1016.9,1.1,0.0,1,0
2024,8,FORMULA 1 GRAND PRIX DE MONACO 2024,RIC,RB,Q1,71.785,12.0,18.895,33.708,19.182,5.0,SOFT,True,221.0,206.0,266.0,278.0,21.3,44.0,61.0,1016.9,1.1,0.0,1,0
2024,8,FORMULA 1 GRAND PRIX DE MONACO 2024,MAG,Haas F1 Team,Q1,71.832,15.0,18.696,33.969,19.167,2.0,SOFT,True,220.0,202.0,272.0,283.0,21.3,44.0,61.0,1016.9,1.1,0.0,1,0
2024,8,FORMULA 1 GRAND PRIX DE MONACO 2024,TSU,RB,Q1,71.852,8.0,18.845,33.582,19.425,2.0,SOFT,True,223.0,203.0,266.0,281.0,21.3,44.0,61.0,1016.9,1.1,0.0,1,0
2024,8,FORMULA 1 GRAND PRIX DE MONACO 2024,HUL,Haas F1 Team,Q1,71.876,14.0,18.824,33.857,19.195,2.0,SOFT,True,220.0,203.0,271.0,284.0,21.3,44.0,61.0,1016.9,1.1,0.0,1,0
2024,8,FORMULA 1 GRAND PRIX DE MONACO 2024,OCO,Alpine,Q1,71.887,11.0,18.761,33.802,19.324,4.0,SOFT,True,217.0,204.0,267.0,281.0,21.3,44.0,61.0,1016.9,1.1,0.0,1,0
2024,8,FORMULA 1 GRAND PRIX DE MONACO 2024,ALO,Aston Martin,Q1,72.019,14.0,18.941,33.959,19.119,2.0,SOFT,True,222.0,203.0,273.0,281.0,21.3,44.0,61.0,1016.9,1.1,0.0,1,0
2024,8,FORMULA 1 GRAND PRIX DE MONACO 2024,SAR,Williams,Q1,72.02,15.0,18.8,34.068,19.152,5.0,SOFT,True,221.0,205.0,269.0,280.0,21.3,44.0,61.0,1016.9,1.1,0.0,1,0
2024,8,FORMULA 1 GRAND PRIX DE MONACO 2024,PER,Red Bull Racing,Q1,72.06,16.0,18.831,33.993,19.236,2.0,SOFT,True,220.0,207.0,268.0,280.0,21.3,44.0,61.0,1016.9,1.1,0.0,1,0
2024,8,FORMULA 1 GRAND PRIX DE MONACO 2024,BOT,Kick Sauber,Q1,72.512,17.0,19.1,34.008,19.404,4.0,SOFT,True,222.0,203.0,267.0,280.0,21.3,44.0,61.0,1016.9,1.1,0.0,1,0
2024,8,FORMULA 1 GRAND PRIX DE MONACO 2024,ZHO,Kick Sauber,Q1,73.028,18.0,19.387,34.172,19.469,4.0,SOFT,True,219.0,203.0,268.0,280.0,21.3,44.0,61.0,1016.9,1.1,0.0,1,0
2024,8,FORMULA 1 GRAND PRIX DE MONACO 2024,NOR,McLaren,Q2,70.732,4.0,18.432,33.415,18.885,2.0,SOFT,True,224.0,208.0,266.0,277.0,21.3,44.0,61.0,1016.9,1.1,0.0,2,0
2024,8,FORMULA 1 GRAND PRIX DE MONACO 2024,VER,Red Bull Racing,Q2,70.745,6.0,18.292,33.502,18.951,3.0,SOFT,True,223.0,210.0,269.0,281.0,21.3,44.0,61.0,1016.9,1.1,0.0,2,0
2024,8,FORMULA 1 GRAND PRIX DE MONACO 2024,PIA,McLaren,Q2,70.756,2.0,18.471,33.291,18.994,2.0,SOFT,True,224.0,210.0,266.0,277.0,21.3,44.0,61.0,1016.9,1.1,0.0,2,0
2024,8,FORMULA 1 GRAND PRIX DE MONACO 2024,LEC,Ferrari,Q2,70.825,1.0,18.48,33.44,18.905,2.0,SOFT,True,222.0,209.0,269.0,280.0,21.3,44.0,61.0,1016.9,1.1,0.0,2,0
2024,8,FORMULA 1 GRAND PRIX DE MONACO 2024,GAS,Alpine,Q2,70.896,10.0,18.481,33.453,18.962,3.0,SOFT,True,223.0,207.0,267.0,278.0,21.3,44.0,61.0,1016.9,1.1,0.0,2,0
2024,8,FORMULA 1 GRAND PRIX DE MONACO 2024,RUS,Mercedes,Q2,70.929,5.0,18.461,33.498,18.97,2.0,SOFT,True,224.0,207.0,270.0,279.0,21.3,44.0,61.0,1016.9,1.1,0.0,2,0
2024,8,FORMULA 1 GRAND PRIX DE MONACO 2024,HAM,Mercedes,Q2,71.056,7.0,18.479,33.6,18.977,5.0,SOFT,False,224.0,206.0,270.0,279.0,21.3,44.0,61.0,1016.9,1.1,0.0,2,0
2024,8,FORMULA 1 GRAND PRIX DE MONACO 2024,SAI,Ferrari,Q2,71.075,3.0,18.669,33.543,18.863,2.0,SOFT,True,218.0,208.0,268.0,279.0,21.3,44.0,61.0,1016.9,1.1,0.0,2,0
2024,8,FORMULA 1 GRAND PRIX DE MONACO 2024,TSU,RB,Q2,71.106,8.0,18.611,33.501,18.994,2.0,SOFT,True,223.0,206.0,266.0,279.0,21.3,44.0,61.0,1016.9,1.1,0.0,2,0
2024,8,FORMULA 1 GRAND PRIX DE MONACO 2024,ALB,Williams,Q2,71.216,9.0,18.594,33.684,18.938,2.0,SOFT,True,221.0,206.0,267.0,277.0,21.3,44.0,61.0,1016.9,1.1,0.0,2,0
2024,8,FORMULA 1 GRAND PRIX DE MONACO 2024,OCO,Alpine,Q2,71.285,11.0,18.701,33.539,19.045,3.0,SOFT,True,218.0,206.0,267.0,278.0,21.3,44.0,61.0,1016.9,1.1,0.0,2,0
2024,8,FORMULA 1 GRAND PRIX DE MONACO 2024,HUL,Haas F1 Team,Q2,71.44,14.0,18.67,33.631,19.139,3.0,SOFT,True,219.0,207.0,272.0,284.0,21.3,44.0,61.0,1016.9,1.1,0.0,2,0
2024,8,FORMULA 1 GRAND PRIX DE MONACO 2024,RIC,RB,Q2,71.482,12.0,18.77,33.705,19.007,2.0,SOFT,True,222.0,208.0,266.0,275.0,21.3,44.0,61.0,1016.9,1.1,0.0,2,0
2024,8,FORMULA 1 GRAND PRIX DE MONACO 2024,STR,Aston Martin,Q2,71.563,13.0,18.687,33.774,19.102,2.0,SOFT,True,218.0,205.0,270.0,280.0,21.3,44.0,61.0,1016.9,1.1,0.0,2,0
2024,8,FORMULA 1 GRAND PRIX DE MONACO 2024,MAG,Haas F1 Team,Q2,71.725,15.0,18.82,33.812,19.093,2.0,SOFT,True,218.0,204.0,271.0,284.0,21.3,44.0,61.0,1016.9,1.1,0.0,2,0
2024,8,FORMULA 1 GRAND PRIX DE MONACO 2024,LEC,Ferrari,Q3,70.27,1.0,18.386,33.174,18.71,2.0,SOFT,True,222.0,208.0,269.0,280.0,21.3,44.0,61.0,1016.9,1.1,0.0,3,0
2024,8,FORMULA 1 GRAND PRIX DE MONACO 2024,PIA,McLaren,Q3,70.424,2.0,18.303,33.38,18.741,2.0,SOFT,True,225.0,211.0,269.0,278.0,21.3,44.0,61.0,1016.9,1.1,0.0,3,0
2024,8,FORMULA 1 GRAND PRIX DE MONACO 2024,SAI,Ferrari,Q3,70.518,3.0,18.494,33.241,18.783,3.0,SOFT,True,223.0,208.0,266.0,280.0,21.3,44.0,61.0,1016.9,1.1,0.0,3,0
2024,8,FORMULA 1 GRAND PRIX DE MONACO 2024,NOR,McLaren,Q3,70.542,4.0,18.466,33.34,18.736,2.0,SOFT,True,224.0,209.0,267.0,279.0,21.3,44.0,61.0,1016.9,1.1,0.0,3,0
2024,8,FORMULA 1 GRAND PRIX DE MONACO 2024,RUS,Mercedes,Q3,70.543,5.0,18.244,33.462,18.837,2.0,SOFT,True,227.0,210.0,272.0,280.0,21.3,44.0,61.0,1016.9,1.1,0.0,3,0
2024,8,FORMULA 1 GRAND PRIX DE MONACO 2024,VER,Red Bull Racing,Q3,70.567,6.0,18.255,33.424,18.888,3.0,SOFT,True,223.0,208.0,267.0,279.0,21.3,44.0,61.0,1016.9,1.1,0.0,3,0
2024,8,FORMULA 1 GRAND PRIX DE MONACO 2024,HAM,Mercedes,Q3,70.621,7.0,18.372,33.439,18.81,2.0,SOFT,True,225.0,207.0,269.0,282.0,21.3,44.0,61.0,1016.9,1.1,0.0,3,0
2024,8,FORMULA 1 GRAND PRIX DE MONACO 2024,TSU,RB,Q3,70.858,8.0,18.595,33.47,18.793,2.0,SOFT,True,223.0,205.0,264.0,275.0,21.3,44.0,61.0,1016.9,1.1,0.0,3,0
2024,8,FORMULA 1 GRAND PRIX DE MONACO 2024,ALB,Williams,Q3,70.948,9.0,18.487,33.597,18.864,2.0,SOFT,True,220.0,207.0,266.0,273.0,21.3,44.0,61.0,1016.9,1.1,0.0,3,0
2024,8,FORMULA 1 GRAND PRIX DE MONACO 2024,GAS,Alpine,Q3,71.311,10.0,18.637,33.599,19.075,7.0,SOFT,False,223.0,206.0,266.0,280.0,21.3,44.0,61.0,1016.9,1.1,0.0,3,0
2024,9,FORMULA 1 AWS GRAND PRIX DU CANADA 2024,VER,Red Bull Racing,Q1,72.36,2.0,20.28,22.99,29.09,2.0,SOFT,True,259.0,284.0,291.0,326.0,20.7,30.85,68.0,1000.8,1.85,0.0,1,0
2024,9,FORMULA 1 AWS GRAND PRIX DU CANADA 2024,TSU,RB,Q1,72.748,8.0,20.354,23.159,29.235,4.0,SOFT,True,262.0,287.0,297.0,329.0,20.7,30.85,68.0,1000.8,1.85,0.0,1,0
2024,9,FORMULA 1 AWS GRAND PRIX DU CANADA 2024,HAM,Mercedes,Q1,72.851,7.0,20.416,23.031,29.404,8.0,SOFT,False,260.0,287.0,294.0,322.0,20.7,30.85,68.0,1000.8,1.85,0.0,1,0
2024,9,FORMULA 1 AWS GRAND PRIX DU CANADA 2024,ALB,Williams,Q1,72.896,10.0,20.435,23.07,29.391,4.0,SOFT,True,261.0,285.0,295.0,331.0,20.7,30.85,68.0,1000.8,1.85,0.0,1,0
2024,9,FORMULA 1 AWS GRAND PRIX DU CANADA 2024,PIA,McLaren,Q1,72.907,4.0,20.45,23.27,29.187,4.0,SOFT,True,261.0,284.0,295.0,326.0,20.7,30.85,68.0,1000.8,1.85,0.0,1,0
2024,9,FORMULA 1 AWS GRAND PRIX DU CANADA 2024,NOR,McLaren,Q1,72.959,3.0,20.421,23.177,29.361,2.0,SOFT,True,261.0,284.0,296.0,324.0,20.7,30.85,68.0,1000.8,1.85,0.0,1,0
2024,9,FORMULA 1 AWS GRAND PRIX DU CANADA 2024,RUS,Mercedes,Q1,73.013,1.0,20.453,23.034,29.526,8.0,SOFT,False,261.0,285.0,297.0,323.0,20.7,30.85,68.0,1000.8,1.85,0.0,1,0
2024,9,FORMULA 1 AWS GRAND PRIX DU CANADA 2024,SAI,Ferrari,Q1,73.038,12.0,20.432,23.14,29.466,2.0,SOFT,True,261.0,286.0,295.0,327.0,20.7,30.85,68.0,1000.8,1.85,0.0,1,0
2024,9,FORMULA 1 AWS GRAND PRIX DU CANADA 2024,SAR,Williams,Q1,73.063,13.0,20.61,23.018,29.435,5.0,SOFT,True,260.0,286.0,294.0,329.0,20.7,30.85,68.0,1000.8,1.85,0.0,1,0
2024,9,FORMULA 1 AWS GRAND PRIX DU CANADA 2024,STR,Aston Martin,Q1,73.088,9.0,20.446,23.156,29.486,2.0,SOFT,True,260.0,284.0,296.0,327.0,20.7,30.85,68.0,1000.8,1.85,0.0,1,0
2024,9,FORMULA 1 AWS GRAND PRIX DU CANADA 2024,LEC,Ferrari,Q1,73.107,11.0,20.529,23.223,29.355,2.0,SOFT,True,261.0,284.0,295.0,324.0,20.7,30.85,68.0,1000.8,1.85,0.0,1,0
2024,9,FORMULA 1 AWS GRAND PRIX DU CANADA 2024,ALO,Aston Martin,Q1,73.117,6.0,20.448,23.226,29.443,2.0,SOFT,True,262.0,285.0,296.0,330.0,20.7,30.85,68.0,1000.8,1.85,0.0,1,0
2024,9,FORMULA 1 AWS GRAND PRIX DU CANADA 2024,MAG,Haas F1 Team,Q1,73.217,14.0,20.51,23.274,29.433,4.0,SOFT,True,261.0,285.0,294.0,327.0,20.7,30.85,68.0,1000.8,1.85,0.0,1,0
2024,9,FORMULA 1 AWS GRAND PRIX DU CANADA 2024,RIC,RB,Q1,73.24,5.0,20.525,23.173,29.542,4.0,SOFT,True,261.0,285.0,296.0,330.0,20.7,30.85,68.0,1000.8,1.85,0.0,1,0
2024,9,FORMULA 1 AWS GRAND PRIX DU CANADA 2024,GAS,Alpine,Q1,73.289,15.0,20.453,23.32,29.516,3.0,SOFT,True,259.0,282.0,294.0,323.0,20.7,30.85,68.0,1000.8,1.85,0.0,1,0
2024,9,FORMULA 1 AWS GRAND PRIX DU CANADA 2024,PER,Red Bull Racing,Q1,73.326,16.0,20.678,23.3,29.348,2.0,SOFT,True,260.0,285.0,297.0,328.0,20.7,30.85,68.0,1000.8,1.85,0.0,1,0
2024,9,FORMULA 1 AWS GRAND PRIX DU CANADA 2024,BOT,Kick Sauber,Q1,73.366,17.0,20.605,23.377,29.384,4.0,SOFT,False,262.0,286.0,295.0,328.0,20.7,30.85,68.0,1000.8,1.85,0.0,1,0
2024,9,FORMULA 1 AWS GRAND PRIX DU CANADA 2024,OCO,Alpine,Q1,73.435,18.0,20.755,23.231,29.449,2.0,SOFT,True,260.0,282.0,294.0,322.0,20.7,30.85,68.0,1000.8,1.85,0.0,1,0
2024,9,FORMULA 1 AWS GRAND PRIX DU CANADA 2024,HUL,Haas F1 Team,Q1,73.978,19.0,20.713,23.428,29.837,4.0,SOFT,True,260.0,283.0,297.0,322.0,20.7,30.85,68.0,1000.8,1.85,0.0,1,0
2024,9,FORMULA 1 AWS GRAND PRIX DU CANADA 2024,ZHO,Kick Sauber,Q1,74.292,20.0,20.934,23.588,29.77,4.0,SOFT,True,260.0,286.0,295.0,322.0,20.7,30.85,68.0,1000.8,1.85,0.0,1,0
2024,9,FORMULA 1 AWS GRAND PRIX DU CANADA 2024,RUS,Mercedes,Q2,71.742,1.0,20.057,22.714,28.971,2.0,SOFT,True,263.0,285.0,297.0,326.0,20.7,30.85,68.0,1000.8,1.85,0.0,2,0
2024,9,FORMULA 1 AWS GRAND PRIX DU CANADA 2024,HAM,Mercedes,Q2,71.979,7.0,20.121,22.642,29.216,2.0,SOFT,True,262.0,285.0,295.0,320.0,20.7,30.85,68.0,1000.8,1.85,0.0,2,0
2024,9,FORMULA 1 AWS GRAND PRIX DU CANADA 2024,NOR,McLaren,Q2,72.201,3.0,20.227,22.877,29.097,5.0,SOFT,False,260.0,284.0,295.0,325.0,20.7,30.85,68.0,1000.8,1.85,0.0,2,0
2024,9,FORMULA 1 AWS GRAND PRIX DU CANADA 2024,TSU,RB,Q2,72.303,8.0,20.234,22.943,29.126,2.0,SOFT,True,261.0,286.0,299.0,332.0,20.7,30.85,68.0,1000.8,1.85,0.0,2,0
2024,9,FORMULA 1 AWS GRAND PRIX DU CANADA 2024,PIA,McLaren,Q2,72.462,4.0,20.408,22.935,29.119,2.0,SOFT,True,260.0,284.0,296.0,325.0,20.7,30.85,68.0,1000.8,1.85,0.0,2,0
2024,9,FORMULA 1 AWS GRAND PRIX DU CANADA 2024,ALB,Williams,Q2,72.485,10.0,20.239,22.967,29.279,4.0,SOFT,True,261.0,287.0,295.0,329.0,20.7,30.85,68.0,1000.8,1.85,0.0,2,0
2024,9,FORMULA 1 AWS GRAND PRIX DU CANADA 2024,VER,Red Bull Racing,Q2,72.549,2.0,20.191,22.902,29.456,2.0,SOFT,True,260.0,285.0,294.0,324.0,20.7,30.85,68.0,1000.8,1.85,0.0,2,0
2024,9,FORMULA 1 AWS GRAND PRIX DU CANADA 2024,RIC,RB,Q2,72.572,5.0,20.338,23.037,29.197,2.0,SOFT,True,261.0,284.0,297.0,330.0,20.7,30.85,68.0,1000.8,1.85,0.0,2,0
2024,9,FORMULA 1 AWS GRAND PRIX DU CANADA 2024,ALO,Aston Martin,Q2,72.635,6.0,20.292,23.079,29.264,2.0,SOFT,True,262.0,285.0,294.0,329.0,20.7,30.85,68.0,1000.8,1.85,0.0,2,0
2024,9,FORMULA 1 AWS GRAND PRIX DU CANADA 2024,STR,Aston Martin,Q2,72.659,9.0,20.258,23.002,29.399,2.0,SOFT,True,261.0,285.0,295.0,330.0,20.7,30.85,68.0,1000.8,1.85,0.0,2,0
2024,9,FORMULA 1 AWS GRAND PRIX DU CANADA 2024,LEC,Ferrari,Q2,72.691,11.0,20.471,23.037,29.183,6.0,SOFT,False,261.0,286.0,295.0,324.0,20.7,30.85,68.0,1000.8,1.85,0.0,2,0
2024,9,FORMULA 1 AWS GRAND PRIX DU CANADA 2024,SAI,Ferrari,Q2,72.728,12.0,20.377,22.965,29.386,6.0,SOFT,False,260.0,284.0,294.0,325.0,20.7,30.85,68.0,1000.8,1.85,0.0,2,0
2024,9,FORMULA 1 AWS GRAND PRIX DU CANADA 2024,SAR,Williams,Q2,72.736,13.0,20.479,22.99,29.267,4.0,SOFT,True,261.0,287.0,296.0,329.0,20.7,30.85,68.0,1000.8,1.85,0.0,2,0
2024,9,FORMULA 1 AWS GRAND PRIX DU CANADA 2024,MAG,Haas F1 Team,Q2,72.916,14.0,20.431,23.164,29.321,4.0,SOFT,True,261.0,284.0,297.0,327.0,20.7,30.85,68.0,1000.8,1.85,0.0,2,0
2024,9,FORMULA 1 AWS GRAND PRIX DU CANADA 2024,GAS,Alpine,Q2,72.94,15.0,20.445,23.1,29.395,3.0,SOFT,True,258.0,284.0,293.0,321.0,20.7,30.85,68.0,1000.8,1.85,0.0,2,0
2024,9,FORMULA 1 AWS GRAND PRIX DU CANADA 2024,RUS,Mercedes,Q3,72.0,1.0,20.123,22.726,29.151,5.0,SOFT,False,264.0,284.0,294.0,330.0,20.7,30.85,68.0,1000.8,1.85,0.0,3,0
2024,9,FORMULA 1 AWS GRAND PRIX DU CANADA 2024,VER,Red Bull Racing,Q3,72.0,2.0,19.987,22.915,29.098,2.0,SOFT,True,261.0,284.0,295.0,326.0,20.7,30.85,68.0,1000.8,1.85,0.0,3,0
2024,9,FORMULA 1 AWS GRAND PRIX DU CANADA 2024,NOR,McLaren,Q3,72.021,3.0,20.149,22.776,29.096,2.0,SOFT,True,259.0,283.0,293.0,321.0,20.7,30.85,68.0,1000.8,1.85,0.0,3,0
2024,9,FORMULA 1 AWS GRAND PRIX DU CANADA 2024,PIA,McLaren,Q3,72.103,4.0,20.255,22.792,29.056,3.0,SOFT,True,260.0,284.0,292.0,322.0,20.7,30.85,68.0,1000.8,1.85,0.0,3,0
2024,9,FORMULA 1 AWS GRAND PRIX DU CANADA 2024,RIC,RB,Q3,72.178,5.0,20.115,22.932,29.131,2.0,SOFT,True,262.0,286.0,296.0,329.0,20.7,30.85,68.0,1000.8,1.85,0.0,3,0
2024,9,FORMULA 1 AWS GRAND PRIX DU CANADA 2024,ALO,Aston Martin,Q3,72.228,6.0,20.108,22.972,29.148,2.0,SOFT,True,262.0,284.0,294.0,328.0,20.7,30.85,68.0,1000.8,1.85,0.0,3,0
2024,9,FORMULA 1 AWS GRAND PRIX DU CANADA 2024,HAM,Mercedes,Q3,72.28,7.0,20.121,22.745,29.414,5.0,SOFT,False,263.0,285.0,291.0,324.0,20.7,30.85,68.0,1000.8,1.85,0.0,3,0
2024,9,FORMULA 1 AWS GRAND PRIX DU CANADA 2024,TSU,RB,Q3,72.414,8.0,20.402,22.88,29.132,2.0,SOFT,True,261.0,286.0,296.0,328.0,20.7,30.85,68.0,1000.8,1.85,0.0,3,0
2024,9,FORMULA 1 AWS GRAND PRIX DU CANADA 2024,STR,Aston Martin,Q3,72.701,9.0,20.379,22.963,29.359,2.0,SOFT,True,260.0,284.0,298.0,333.0,20.7,30.85,68.0,1000.8,1.85,0.0,3,0
2024,9,FORMULA 1 AWS GRAND PRIX DU CANADA 2024,ALB,Williams,Q3,72.796,10.0,20.352,23.082,29.362,3.0,SOFT,True,261.0,285.0,295.0,327.0,20.7,30.85,68.0,1000.8,1.85,0.0,3,0
2024,10,FORMULA 1 ARAMCO GRAN PREMIO DE ESPAÑA 2024,HAM,Mercedes,Q1,72.143,3.0,21.516,28.691,21.936,2.0,SOFT,True,291.0,308.0,294.0,323.0,24.1,36.25,68.0,1003.7,1.4,0.0,1,0
2024,10,FORMULA 1 ARAMCO GRAN PREMIO DE ESPAÑA 2024,LEC,Ferrari,Q1,72.257,5.0,21.603,28.864,21.79,2.0,SOFT,True,291.0,309.0,290.0,324.0,24.1,36.25,68.0,1003.7,1.4,0.0,1,0
2024,10,FORMULA 1 ARAMCO GRAN PREMIO DE ESPAÑA 2024,VER,Red Bull Racing,Q1,72.306,2.0,21.68,28.887,21.739,2.0,SOFT,True,290.0,309.0,291.0,320.0,24.1,36.25,68.0,1003.7,1.4,0.0,1,0
2024,10,FORMULA 1 ARAMCO GRAN PREMIO DE ESPAÑA 2024,NOR,McLaren,Q1,72.386,1.0,21.579,28.941,21.866,2.0,SOFT,True,289.0,303.0,289.0,323.0,24.1,36.25,68.0,1003.7,1.4,0.0,1,0
2024,10,FORMULA 1 ARAMCO GRAN PREMIO DE ESPAÑA 2024,SAI,Ferrari,Q1,72.403,6.0,21.43,29.024,21.949,2.0,SOFT,True,290.0,308.0,287.0,327.0,24.1,36.25,68.0,1003.7,1.4,0.0,1,0
2024,10,FORMULA 1 ARAMCO GRAN PREMIO DE ESPAÑA 2024,RUS,Mercedes,Q1,72.456,4.0,21.673000000000002,28.959,21.824,2.0,SOFT,True,289.0,303.0,291.0,324.0,24.1,36.25,68.0,1003.7,1.4,0.0,1,0
2024,10,FORMULA 1 ARAMCO GRAN PREMIO DE ESPAÑA 2024,PIA,McLaren,Q1,72.46,10.0,21.69,28.937,21.833,2.0,SOFT,True,288.0,306.0,288.0,320.0,24.1,36.25,68.0,1003.7,1.4,0.0,1,0
2024,10,FORMULA 1 ARAMCO GRAN PREMIO DE ESPAÑA 2024,PER,Red Bull Racing,Q1,72.477,8.0,21.724,28.979,21.774,2.0,SOFT,True,289.0,310.0,293.0,320.0,24.1,36.25,68.0,1003.7,1.4,0.0,1,0
2024,10,FORMULA 1 ARAMCO GRAN PREMIO DE ESPAÑA 2024,ALO,Aston Martin,Q1,72.505,11.0,21.701999999999998,28.887,21.916,2.0,SOFT,True,289.0,303.0,286.0,325.0,24.1,36.25,68.0,1003.7,1.4,0.0,1,0
2024,10,FORMULA 1 ARAMCO GRAN PREMIO DE ESPAÑA 2024,GAS,Alpine,Q1,72.651,7.0,21.672,29.162,21.817,2.0,SOFT,True,289.0,306.0,290.0,322.0,24.1,36.25,68.0,1003.7,1.4,0.0,1,0
2024,10,FORMULA 1 ARAMCO GRAN PREMIO DE ESPAÑA 2024,OCO,Alpine,Q1,72.691,9.0,21.688,29.033,21.97,2.0,SOFT,True,288.0,306.0,292.0,320.0,24.1,36.25,68.0,1003.7,1.4,0.0,1,0
2024,10,FORMULA 1 ARAMCO GRAN PREMIO DE ESPAÑA 2024,HUL,Haas F1 Team,Q1,72.708,13.0,21.682,29.108,21.918,2.0,SOFT,True,289.0,311.0,293.0,329.0,24.1,36.25,68.0,1003.7,1.4,0.0,1,0
2024,10,FORMULA 1 ARAMCO GRAN PREMIO DE ESPAÑA 2024,BOT,Kick Sauber,Q1,72.758,12.0,21.71,29.139,21.909,2.0,SOFT,True,288.0,303.0,290.0,322.0,24.1,36.25,68.0,1003.7,1.4,0.0,1,0
2024,10,FORMULA 1 ARAMCO GRAN PREMIO DE ESPAÑA 2024,ZHO,Kick Sauber,Q1,72.88,15.0,21.69,29.149,22.041,2.0,SOFT,True,291.0,306.0,291.0,326.0,24.1,36.25,68.0,1003.7,1.4,0.0,1,0
2024,10,FORMULA 1 ARAMCO GRAN PREMIO DE ESPAÑA 2024,STR,Aston Martin,Q1,72.881,14.0,21.636,29.159,22.086,2.0,SOFT,True,286.0,302.0,287.0,326.0,24.1,36.25,68.0,1003.7,1.4,0.0,1,0
2024,10,FORMULA 1 ARAMCO GRAN PREMIO DE ESPAÑA 2024,MAG,Haas F1 Team,Q1,72.937,16.0,21.754,29.17,22.013,2.0,SOFT,True,290.0,309.0,291.0,325.0,24.1,36.25,68.0,1003.7,1.4,0.0,1,0
2024,10,FORMULA 1 ARAMCO GRAN PREMIO DE ESPAÑA 2024,TSU,RB,Q1,72.985,17.0,21.665,29.21,22.11,2.0,SOFT,True,290.0,309.0,291.0,326.0,24.1,36.25,68.0,1003.7,1.4,0.0,1,0
2024,10,FORMULA 1 ARAMCO GRAN PREMIO DE ESPAÑA 2024,RIC,RB,Q1,73.075,18.0,21.725,29.203,22.147,2.0,SOFT,True,290.0,310.0,290.0,324.0,24.1,36.25,68.0,1003.7,1.4,0.0,1,0
2024,10,FORMULA 1 ARAMCO GRAN PREMIO DE ESPAÑA 2024,ALB,Williams,Q1,73.153,19.0,21.819,29.193,22.141,2.0,SOFT,True,288.0,303.0,281.0,321.0,24.1,36.25,68.0,1003.7,1.4,0.0,1,0
2024,10,FORMULA 1 ARAMCO GRAN PREMIO DE ESPAÑA 2024,SAR,Williams,Q1,73.509,20.0,21.853,29.41,22.246,2.0,SOFT,True,284.0,304.0,286.0,325.0,24.1,36.25,68.0,1003.7,1.4,0.0,1,0
2024,10,FORMULA 1 ARAMCO GRAN PREMIO DE ESPAÑA 2024,VER,Red Bull Racing,Q2,71.653,2.0,21.52,28.553,21.58,2.0,SOFT,True,290.0,311.0,291.0,324.0,24.1,36.25,68.0,1003.7,1.4,0.0,2,0
2024,10,FORMULA 1 ARAMCO GRAN PREMIO DE ESPAÑA 2024,HAM,Mercedes,Q2,71.792,3.0,21.456,28.677,21.659,2.0,SOFT,True,291.0,308.0,289.0,322.0,24.1,36.25,68.0,1003.7,1.4,0.0,2,0
2024,10,FORMULA 1 ARAMCO GRAN PREMIO DE ESPAÑA 2024,RUS,Mercedes,Q2,71.812,4.0,21.342,28.713,21.757,2.0,SOFT,True,288.0,307.0,295.0,328.0,24.1,36.25,68.0,1003.7,1.4,0.0,2,0
2024,10,FORMULA 1 ARAMCO GRAN PREMIO DE ESPAÑA 2024,NOR,McLaren,Q2,71.872,1.0,21.455,28.691,21.726,2.0,SOFT,True,290.0,307.0,286.0,325.0,24.1,36.25,68.0,1003.7,1.4,0.0,2,0
2024,10,FORMULA 1 ARAMCO GRAN PREMIO DE ESPAÑA 2024,SAI,Ferrari,Q2,71.874,6.0,21.408,28.667,21.799,2.0,SOFT,True,291.0,309.0,287.0,326.0,24.1,36.25,68.0,1003.7,1.4,0.0,2,0
2024,10,FORMULA 1 ARAMCO GRAN PREMIO DE ESPAÑA 2024,PIA,McLaren,Q2,72.011,10.0,21.533,28.694,21.784,2.0,SOFT,True,286.0,303.0,289.0,322.0,24.1,36.25,68.0,1003.7,1.4,0.0,2,0
2024,10,FORMULA 1 ARAMCO GRAN PREMIO DE ESPAÑA 2024,LEC,Ferrari,Q2,72.038,5.0,21.455,28.879,21.704,2.0,SOFT,True,291.0,309.0,291.0,327.0,24.1,36.25,68.0,1003.7,1.4,0.0,2,0
2024,10,FORMULA 1 ARAMCO GRAN PREMIO DE ESPAÑA 2024,PER,Red Bull Racing,Q2,72.054,8.0,21.535,28.794,21.725,2.0,SOFT,True,290.0,312.0,293.0,324.0,24.1,36.25,68.0,1003.7,1.4,0.0,2,0
2024,10,FORMULA 1 ARAMCO GRAN PREMIO DE ESPAÑA 2024,GAS,Alpine,Q2,72.079,7.0,21.613,28.791,21.675,2.0,SOFT,True,289.0,307.0,291.0,322.0,24.1,36.25,68.0,1003.7,1.4,0.0,2,0
2024,10,FORMULA 1 ARAMCO GRAN PREMIO DE ESPAÑA 2024,OCO,Alpine,Q2,72.109,9.0,21.608,28.803,21.698,2.0,SOFT,True,289.0,307.0,291.0,322.0,24.1,36.25,68.0,1003.7,1.4,0.0,2,0
2024,10,FORMULA 1 ARAMCO GRAN PREMIO DE ESPAÑA 2024,ALO,Aston Martin,Q2,72.128,11.0,21.583,28.79,21.755,2.0,SOFT,True,288.0,303.0,289.0,325.0,24.1,36.25,68.0,1003.7,1.4,0.0,2,0
2024,10,FORMULA 1 ARAMCO GRAN PREMIO DE ESPAÑA 2024,BOT,Kick Sauber,Q2,72.227,12.0,21.658,28.843,21.726,2.0,SOFT,True,290.0,306.0,292.0,324.0,24.1,36.25,68.0,1003.7,1.4,0.0,2,0
2024,10,FORMULA 1 ARAMCO GRAN PREMIO DE ESPAÑA 2024,HUL,Haas F1 Team,Q2,72.31,13.0,21.555,28.975,21.78,2.0,SOFT,True,291.0,311.0,293.0,327.0,24.1,36.25,68.0,1003.7,1.4,0.0,2,0
2024,10,FORMULA 1 ARAMCO GRAN PREMIO DE ESPAÑA 2024,STR,Aston Martin,Q2,72.372,14.0,21.638,28.86,21.874,2.0,SOFT,True,287.0,305.0,287.0,323.0,24.1,36.25,68.0,1003.7,1.4,0.0,2,0
2024,10,FORMULA 1 ARAMCO GRAN PREMIO DE ESPAÑA 2024,ZHO,Kick Sauber,Q2,72.738,15.0,21.686,29.004,22.048,2.0,SOFT,True,291.0,307.0,292.0,326.0,24.1,36.25,68.0,1003.7,1.4,0.0,2,0
2024,10,FORMULA 1 ARAMCO GRAN PREMIO DE ESPAÑA 2024,NOR,McLaren,Q3,71.383,1.0,21.383,28.402,21.598,2.0,SOFT,True,287.0,306.0,288.0,323.0,24.1,36.25,68.0,1003.7,1.4,0.0,3,0
2024,10,FORMULA 1 ARAMCO GRAN PREMIO DE ESPAÑA 2024,VER,Red Bull Racing,Q3,71.403,2.0,21.369,28.541,21.493,2.0,SOFT,True,289.0,310.0,295.0,328.0,24.1,36.25,68.0,1003.7,1.4,0.0,3,0
2024,10,FORMULA 1 ARAMCO GRAN PREMIO DE ESPAÑA 2024,HAM,Mercedes,Q3,71.701,3.0,21.459,28.543,21.699,2.0,SOFT,True,293.0,311.0,294.0,327.0,24.1,36.25,68.0,1003.7,1.4,0.0,3,0
2024,10,FORMULA 1 ARAMCO GRAN PREMIO DE ESPAÑA 2024,RUS,Mercedes,Q3,71.703,4.0,21.36,28.659,21.684,2.0,SOFT,True,290.0,310.0,293.0,328.0,24.1,36.25,68.0,1003.7,1.4,0.0,3,0
2024,10,FORMULA 1 ARAMCO GRAN PREMIO DE ESPAÑA 2024,LEC,Ferrari,Q3,71.731,5.0,21.39,28.672,21.669,2.0,SOFT,True,291.0,310.0,289.0,327.0,24.1,36.25,68.0,1003.7,1.4,0.0,3,0
2024,10,FORMULA 1 ARAMCO GRAN PREMIO DE ESPAÑA 2024,SAI,Ferrari,Q3,71.736,6.0,21.421,28.625,21.69,2.0,SOFT,True,288.0,308.0,289.0,324.0,24.1,36.25,68.0,1003.7,1.4,0.0,3,0
2024,10,FORMULA 1 ARAMCO GRAN PREMIO DE ESPAÑA 2024,GAS,Alpine,Q3,71.857,7.0,21.547,28.677,21.633,2.0,SOFT,True,288.0,306.0,290.0,324.0,24.1,36.25,68.0,1003.7,1.4,0.0,3,0
2024,10,FORMULA 1 ARAMCO GRAN PREMIO DE ESPAÑA 2024,PER,Red Bull Racing,Q3,72.061,8.0,21.494,28.79,21.777,2.0,SOFT,True,289.0,310.0,289.0,322.0,24.1,36.25,68.0,1003.7,1.4,0.0,3,0
2024,10,FORMULA 1 ARAMCO GRAN PREMIO DE ESPAÑA 2024,OCO,Alpine,Q3,72.125,9.0,21.619,28.765,21.741,2.0,SOFT,True,289.0,307.0,291.0,322.0,24.1,36.25,68.0,1003.7,1.4,0.0,3,0
2024,10,FORMULA 1 ARAMCO GRAN PREMIO DE ESPAÑA 2024,PIA,McLaren,Q3,72.542,10.0,21.646,28.922,21.974,4.0,SOFT,False,289.0,303.0,289.0,321.0,24.1,36.25,68.0,1003.7,1.4,0.0,3,0
2024,11,FORMULA 1 QATAR AIRWAYS AUSTRIAN GRAND PRIX 2024,SAI,Ferrari,Q1,65.263,4.0,16.37,29.178,19.715,2.0,SOFT,True,322.0,244.0,286.0,316.0,31.3,46.1,38.0,938.5,1.3,0.0,1,0
2024,11,FORMULA 1 QATAR AIRWAYS AUSTRIAN GRAND PRIX 2024,PIA,McLaren,Q1,65.311,7.0,16.405,29.143,19.763,2.0,SOFT,True,319.0,245.0,283.0,314.0,31.3,46.1,38.0,938.5,1.3,0.0,1,0
2024,11,FORMULA 1 QATAR AIRWAYS AUSTRIAN GRAND PRIX 2024,VER,Red Bull Racing,Q1,65.336,1.0,16.421,29.316,19.599,5.0,SOFT,False,322.0,244.0,285.0,316.0,31.3,46.1,38.0,938.5,1.3,0.0,1,0
2024,11,FORMULA 1 QATAR AIRWAYS AUSTRIAN GRAND PRIX 2024,NOR,McLaren,Q1,65.45,2.0,16.356,29.369,19.725,2.0,SOFT,True,322.0,243.0,281.0,315.0,31.3,46.1,38.0,938.5,1.3,0.0,1,0
2024,11,FORMULA 1 QATAR AIRWAYS AUSTRIAN GRAND PRIX 2024,MAG,Haas F1 Team,Q1,65.508,12.0,16.41,29.233,19.865,2.0,SOFT,True,323.0,242.0,285.0,320.0,31.3,46.1,38.0,938.5,1.3,0.0,1,0
2024,11,FORMULA 1 QATAR AIRWAYS AUSTRIAN GRAND PRIX 2024,LEC,Ferrari,Q1,65.509,6.0,16.498,29.378,19.633,2.0,SOFT,True,321.0,247.0,284.0,317.0,31.3,46.1,38.0,938.5,1.3,0.0,1,0
2024,11,FORMULA 1 QATAR AIRWAYS AUSTRIAN GRAND PRIX 2024,HAM,Mercedes,Q1,65.541,5.0,16.543,29.188,19.81,2.0,SOFT,True,319.0,245.0,284.0,318.0,31.3,46.1,38.0,938.5,1.3,0.0,1,0
2024,11,FORMULA 1 QATAR AIRWAYS AUSTRIAN GRAND PRIX 2024,TSU,RB,Q1,65.563,14.0,16.424,29.262,19.877,2.0,SOFT,True,321.0,241.0,285.0,317.0,31.3,46.1,38.0,938.5,1.3,0.0,1,0
2024,11,FORMULA 1 QATAR AIRWAYS AUSTRIAN GRAND PRIX 2024,RIC,RB,Q1,65.569,11.0,16.405,29.314,19.85,2.0,SOFT,True,323.0,247.0,287.0,318.0,31.3,46.1,38.0,938.5,1.3,0.0,1,0
2024,11,FORMULA 1 QATAR AIRWAYS AUSTRIAN GRAND PRIX 2024,OCO,Alpine,Q1,65.574,10.0,16.489,29.376,19.709,2.0,SOFT,True,318.0,244.0,283.0,315.0,31.3,46.1,38.0,938.5,1.3,0.0,1,0
2024,11,FORMULA 1 QATAR AIRWAYS AUSTRIAN GRAND PRIX 2024,RUS,Mercedes,Q1,65.585,3.0,16.529,29.439,19.617,4.0,SOFT,False,319.0,246.0,285.0,317.0,31.3,46.1,38.0,938.5,1.3,0.0,1,0
2024,11,FORMULA 1 QATAR AIRWAYS AUSTRIAN GRAND PRIX 2024,PER,Red Bull Racing,Q1,65.587,8.0,16.542,29.354,19.691,2.0,SOFT,True,322.0,242.0,286.0,318.0,31.3,46.1,38.0,938.5,1.3,0.0,1,0
2024,11,FORMULA 1 QATAR AIRWAYS AUSTRIAN GRAND PRIX 2024,HUL,Haas F1 Team,Q1,65.596,9.0,16.528,29.263,19.805,2.0,SOFT,True,323.0,245.0,286.0,319.0,31.3,46.1,38.0,938.5,1.3,0.0,1,0
2024,11,FORMULA 1 QATAR AIRWAYS AUSTRIAN GRAND PRIX 2024,GAS,Alpine,Q1,65.598,13.0,16.512,29.34,19.746,2.0,SOFT,True,319.0,243.0,284.0,314.0,31.3,46.1,38.0,938.5,1.3,0.0,1,0
2024,11,FORMULA 1 QATAR AIRWAYS AUSTRIAN GRAND PRIX 2024,ALO,Aston Martin,Q1,65.656,15.0,16.595,29.417,19.644,2.0,SOFT,True,320.0,244.0,283.0,316.0,31.3,46.1,38.0,938.5,1.3,0.0,1,0
2024,11,FORMULA 1 QATAR AIRWAYS AUSTRIAN GRAND PRIX 2024,ALB,Williams,Q1,65.736,16.0,16.442,29.406,19.888,2.0,SOFT,True,322.0,244.0,284.0,318.0,31.3,46.1,38.0,938.5,1.3,0.0,1,0
2024,11,FORMULA 1 QATAR AIRWAYS AUSTRIAN GRAND PRIX 2024,STR,Aston Martin,Q1,65.819,17.0,16.526,29.453,19.84,2.0,SOFT,True,324.0,241.0,284.0,318.0,31.3,46.1,38.0,938.5,1.3,0.0,1,0
2024,11,FORMULA 1 QATAR AIRWAYS AUSTRIAN GRAND PRIX 2024,BOT,Kick Sauber,Q1,65.847,18.0,16.535,29.337,19.975,2.0,SOFT,True,321.0,241.0,286.0,317.0,31.3,46.1,38.0,938.5,1.3,0.0,1,0
2024,11,FORMULA 1 QATAR AIRWAYS AUSTRIAN GRAND PRIX 2024,SAR,Williams,Q1,65.856,19.0,16.495,29.357,20.004,2.0,SOFT,True,322.0,244.0,283.0,318.0,31.3,46.1,38.0,938.5,1.3,0.0,1,0
2024,11,FORMULA 1 QATAR AIRWAYS AUSTRIAN GRAND PRIX 2024,ZHO,Kick Sauber,Q1,66.061,20.0,16.58,29.38,20.101,2.0,SOFT,True,321.0,243.0,276.0,318.0,31.3,46.1,38.0,938.5,1.3,0.0,1,0
2024,11,FORMULA 1 QATAR AIRWAYS AUSTRIAN GRAND PRIX 2024,VER,Red Bull Racing,Q2,64.469,1.0,16.262,28.852,19.355,2.0,SOFT,True,322.0,249.0,288.0,318.0,31.3,46.1,38.0,938.5,1.3,0.0,2,0
2024,11,FORMULA 1 QATAR AIRWAYS AUSTRIAN GRAND PRIX 2024,RUS,Mercedes,Q2,65.016,3.0,16.393,29.06,19.563,2.0,SOFT,True,320.0,245.0,285.0,318.0,31.3,46.1,38.0,938.5,1.3,0.0,2,0
2024,11,FORMULA 1 QATAR AIRWAYS AUSTRIAN GRAND PRIX 2024,SAI,Ferrari,Q2,65.016,4.0,16.388,29.07,19.558,2.0,SOFT,True,320.0,247.0,283.0,316.0,31.3,46.1,38.0,938.5,1.3,0.0,2,0
2024,11,FORMULA 1 QATAR AIRWAYS AUSTRIAN GRAND PRIX 2024,HAM,Mercedes,Q2,65.053,5.0,16.342,29.033,19.678,2.0,SOFT,True,318.0,245.0,285.0,317.0,31.3,46.1,38.0,938.5,1.3,0.0,2,0
2024,11,FORMULA 1 QATAR AIRWAYS AUSTRIAN GRAND PRIX 2024,PIA,McLaren,Q2,65.07,7.0,16.387,29.065,19.618,2.0,SOFT,True,319.0,247.0,285.0,315.0,31.3,46.1,38.0,938.5,1.3,0.0,2,0
2024,11,FORMULA 1 QATAR AIRWAYS AUSTRIAN GRAND PRIX 2024,NOR,McLaren,Q2,65.103,2.0,16.388,29.194,19.521,2.0,SOFT,True,319.0,247.0,284.0,315.0,31.3,46.1,38.0,938.5,1.3,0.0,2,0
2024,11,FORMULA 1 QATAR AIRWAYS AUSTRIAN GRAND PRIX 2024,LEC,Ferrari,Q2,65.104,6.0,16.369,29.135,19.6,4.0,SOFT,False,320.0,247.0,286.0,315.0,31.3,46.1,38.0,938.5,1.3,0.0,2,0
2024,11,FORMULA 1 QATAR AIRWAYS AUSTRIAN GRAND PRIX 2024,PER,Red Bull Racing,Q2,65.144,8.0,16.493,29.054,19.597,2.0,SOFT,True,321.0,246.0,284.0,318.0,31.3,46.1,38.0,938.5,1.3,0.0,2,0
2024,11,FORMULA 1 QATAR AIRWAYS AUSTRIAN GRAND PRIX 2024,HUL,Haas F1 Team,Q2,65.262,9.0,16.391,29.065,19.806,2.0,SOFT,True,322.0,247.0,285.0,318.0,31.3,46.1,38.0,938.5,1.3,0.0,2,0
2024,11,FORMULA 1 QATAR AIRWAYS AUSTRIAN GRAND PRIX 2024,OCO,Alpine,Q2,65.274,10.0,16.429,29.141,19.704,2.0,SOFT,True,316.0,247.0,282.0,317.0,31.3,46.1,38.0,938.5,1.3,0.0,2,0
2024,11,FORMULA 1 QATAR AIRWAYS AUSTRIAN GRAND PRIX 2024,RIC,RB,Q2,65.289,11.0,16.405,29.193,19.691,2.0,SOFT,True,323.0,245.0,287.0,319.0,31.3,46.1,38.0,938.5,1.3,0.0,2,0
2024,11,FORMULA 1 QATAR AIRWAYS AUSTRIAN GRAND PRIX 2024,GAS,Alpine,Q2,65.335,13.0,16.452,29.146,19.737,2.0,SOFT,True,318.0,236.0,284.0,314.0,31.3,46.1,38.0,938.5,1.3,0.0,2,0
2024,11,FORMULA 1 QATAR AIRWAYS AUSTRIAN GRAND PRIX 2024,MAG,Haas F1 Team,Q2,65.347,12.0,16.384,29.173,19.79,2.0,SOFT,True,323.0,240.0,284.0,318.0,31.3,46.1,38.0,938.5,1.3,0.0,2,0
2024,11,FORMULA 1 QATAR AIRWAYS AUSTRIAN GRAND PRIX 2024,TSU,RB,Q2,65.412,14.0,16.422,29.245,19.745,2.0,SOFT,True,322.0,245.0,286.0,316.0,31.3,46.1,38.0,938.5,1.3,0.0,2,0
2024,11,FORMULA 1 QATAR AIRWAYS AUSTRIAN GRAND PRIX 2024,ALO,Aston Martin,Q2,65.639,15.0,16.505,29.362,19.772,2.0,SOFT,True,321.0,243.0,282.0,315.0,31.3,46.1,38.0,938.5,1.3,0.0,2,0
2024,11,FORMULA 1 QATAR AIRWAYS AUSTRIAN GRAND PRIX 2024,VER,Red Bull Racing,Q3,64.314,1.0,16.254,28.791,19.269,2.0,SOFT,True,323.0,249.0,288.0,319.0,31.3,46.1,38.0,938.5,1.3,0.0,3,0
2024,11,FORMULA 1 QATAR AIRWAYS AUSTRIAN GRAND PRIX 2024,NOR,McLaren,Q3,64.718,2.0,16.377,28.847,19.494,2.0,SOFT,True,318.0,248.0,283.0,316.0,31.3,46.1,38.0,938.5,1.3,0.0,3,0
2024,11,FORMULA 1 QATAR AIRWAYS AUSTRIAN GRAND PRIX 2024,PIA,McLaren,Q3,64.786,7.0,16.422,28.924,19.44,2.0,SOFT,True,318.0,249.0,285.0,315.0,31.3,46.1,38.0,938.5,1.3,0.0,3,0
2024,11,FORMULA 1 QATAR AIRWAYS AUSTRIAN GRAND PRIX 2024,RUS,Mercedes,Q3,64.84,3.0,16.403,28.882,19.555,2.0,SOFT,True,321.0,247.0,286.0,318.0,31.3,46.1,38.0,938.5,1.3,0.0,3,0
2024,11,FORMULA 1 QATAR AIRWAYS AUSTRIAN GRAND PRIX 2024,SAI,Ferrari,Q3,64.851,4.0,16.385,28.89,19.576,2.0,SOFT,True,320.0,250.0,285.0,317.0,31.3,46.1,38.0,938.5,1.3,0.0,3,0
2024,11,FORMULA 1 QATAR AIRWAYS AUSTRIAN GRAND PRIX 2024,HAM,Mercedes,Q3,64.903,5.0,16.338,29.033,19.532,2.0,SOFT,True,320.0,245.0,284.0,317.0,31.3,46.1,38.0,938.5,1.3,0.0,3,0
2024,11,FORMULA 1 QATAR AIRWAYS AUSTRIAN GRAND PRIX 2024,LEC,Ferrari,Q3,65.044,6.0,16.361,29.044,19.639,4.0,SOFT,False,321.0,245.0,286.0,317.0,31.3,46.1,38.0,938.5,1.3,0.0,3,0
2024,11,FORMULA 1 QATAR AIRWAYS AUSTRIAN GRAND PRIX 2024,PER,Red Bull Racing,Q3,65.202,8.0,16.454,29.153,19.595,5.0,SOFT,False,320.0,241.0,286.0,316.0,31.3,46.1,38.0,938.5,1.3,0.0,3,0
2024,11,FORMULA 1 QATAR AIRWAYS AUSTRIAN GRAND PRIX 2024,HUL,Haas F1 Team,Q3,65.385,9.0,16.42,29.144,19.821,2.0,SOFT,True,322.0,244.0,285.0,319.0,31.3,46.1,38.0,938.5,1.3,0.0,3,0
2024,11,FORMULA 1 QATAR AIRWAYS AUSTRIAN GRAND PRIX 2024,OCO,Alpine,Q3,65.883,10.0,16.555,29.44,19.888,5.0,SOFT,False,318.0,241.0,284.0,315.0,31.3,46.1,38.0,938.5,1.3,0.0,3,0
2024,12,FORMULA 1 QATAR AIRWAYS BRITISH GRAND PRIX 2024,HAM,Mercedes,Q1,89.547,2.0,28.925,35.67,24.951999999999998,4.0,SOFT,True,292.0,262.0,243.0,300.0,13.8,21.3,74.0,987.4,1.6,0.0,1,0
2024,12,FORMULA 1 QATAR AIRWAYS BRITISH GRAND PRIX 2024,RUS,Mercedes,Q1,90.106,1.0,28.97,36.277,24.859,4.0,SOFT,True,291.0,262.0,251.0,300.0,13.8,21.3,74.0,987.4,1.6,0.0,1,0
2024,12,FORMULA 1 QATAR AIRWAYS BRITISH GRAND PRIX 2024,LEC,Ferrari,Q1,90.496,11.0,29.112,36.265,25.119,4.0,SOFT,True,291.0,261.0,239.0,296.0,13.8,21.3,74.0,987.4,1.6,0.0,1,0
2024,12,FORMULA 1 QATAR AIRWAYS BRITISH GRAND PRIX 2024,SAI,Ferrari,Q1,90.557,7.0,29.127,36.345,25.085,4.0,SOFT,True,288.0,262.0,245.0,299.0,13.8,21.3,74.0,987.4,1.6,0.0,1,0
2024,12,FORMULA 1 QATAR AIRWAYS BRITISH GRAND PRIX 2024,PIA,McLaren,Q1,90.895,5.0,29.2,36.417,25.278,2.0,SOFT,True,286.0,260.0,246.0,292.0,13.8,21.3,74.0,987.4,1.6,0.0,1,0
2024,12,FORMULA 1 QATAR AIRWAYS BRITISH GRAND PRIX 2024,TSU,RB,Q1,90.994,13.0,28.754,36.798,25.442,4.0,SOFT,True,295.0,260.0,244.0,303.0,13.8,21.3,74.0,987.4,1.6,0.0,1,0
2024,12,FORMULA 1 QATAR AIRWAYS BRITISH GRAND PRIX 2024,ALB,Williams,Q1,91.135,9.0,29.294,36.646,25.195,3.0,SOFT,True,294.0,257.0,236.0,304.0,13.8,21.3,74.0,987.4,1.6,0.0,1,0
2024,12,FORMULA 1 QATAR AIRWAYS BRITISH GRAND PRIX 2024,ZHO,Kick Sauber,Q1,91.19,14.0,29.035,36.652,25.503,5.0,SOFT,True,290.0,258.0,238.0,297.0,13.8,21.3,74.0,987.4,1.6,0.0,1,0
2024,12,FORMULA 1 QATAR AIRWAYS BRITISH GRAND PRIX 2024,ALO,Aston Martin,Q1,91.264,10.0,29.224,36.835,25.205,4.0,SOFT,True,292.0,260.0,249.0,303.0,13.8,21.3,74.0,987.4,1.6,0.0,1,0
2024,12,FORMULA 1 QATAR AIRWAYS BRITISH GRAND PRIX 2024,RIC,RB,Q1,91.291,15.0,29.133,37.045,25.113,4.0,SOFT,True,294.0,260.0,248.0,302.0,13.8,21.3,74.0,987.4,1.6,0.0,1,0
2024,12,FORMULA 1 QATAR AIRWAYS BRITISH GRAND PRIX 2024,VER,Red Bull Racing,Q1,91.342,4.0,29.053,36.706,25.583,4.0,SOFT,True,294.0,259.0,203.0,300.0,13.8,21.3,74.0,987.4,1.6,0.0,1,0
2024,12,FORMULA 1 QATAR AIRWAYS BRITISH GRAND PRIX 2024,STR,Aston Martin,Q1,91.41,8.0,29.063,37.15,25.197,4.0,SOFT,True,286.0,256.0,249.0,295.0,13.8,21.3,74.0,987.4,1.6,0.0,1,0
2024,12,FORMULA 1 QATAR AIRWAYS BRITISH GRAND PRIX 2024,NOR,McLaren,Q1,91.596,3.0,29.155,37.04,25.401,2.0,SOFT,True,283.0,259.0,244.0,296.0,13.8,21.3,74.0,987.4,1.6,0.0,1,0
2024,12,FORMULA 1 QATAR AIRWAYS BRITISH GRAND PRIX 2024,SAR,Williams,Q1,91.608,12.0,29.3,36.866,25.442,3.0,SOFT,True,286.0,256.0,241.0,296.0,13.8,21.3,74.0,987.4,1.6,0.0,1,0
2024,12,FORMULA 1 QATAR AIRWAYS BRITISH GRAND PRIX 2024,HUL,Haas F1 Team,Q1,91.929,6.0,29.532,37.039,25.358,2.0,SOFT,True,295.0,256.0,248.0,302.0,13.8,21.3,74.0,987.4,1.6,0.0,1,0
2024,12,FORMULA 1 QATAR AIRWAYS BRITISH GRAND PRIX 2024,BOT,Kick Sauber,Q1,92.431,16.0,29.149,37.552,25.73,2.0,SOFT,True,290.0,256.0,248.0,294.0,13.8,21.3,74.0,987.4,1.6,0.0,1,0
2024,12,FORMULA 1 QATAR AIRWAYS BRITISH GRAND PRIX 2024,MAG,Haas F1 Team,Q1,92.905,17.0,29.587,37.446,25.872,2.0,SOFT,True,294.0,257.0,229.0,293.0,13.8,21.3,74.0,987.4,1.6,0.0,1,0
2024,12,FORMULA 1 QATAR AIRWAYS BRITISH GRAND PRIX 2024,OCO,Alpine,Q1,94.557,18.0,30.569,38.201,25.787,3.0,SOFT,True,287.0,253.0,244.0,295.0,13.8,21.3,74.0,987.4,1.6,0.0,1,0
2024,12,FORMULA 1 QATAR AIRWAYS BRITISH GRAND PRIX 2024,PER,Red Bull Racing,Q1,98.348,19.0,31.119,39.482,27.747,2.0,INTERMEDIATE,True,294.0,246.0,222.0,297.0,13.8,21.3,74.0,987.4,1.6,0.0,1,0
2024,12,FORMULA 1 QATAR AIRWAYS BRITISH GRAND PRIX 2024,GAS,Alpine,Q1,99.804,20.0,31.617,40.506,27.681,2.0,INTERMEDIATE,True,284.0,241.0,229.0,292.0,13.8,21.3,74.0,987.4,1.6,0.0,1,0
2024,12,FORMULA 1 QATAR AIRWAYS BRITISH GRAND PRIX 2024,NOR,McLaren,Q2,86.559,3.0,28.113,34.813,23.633,3.0,SOFT,True,309.0,267.0,252.0,320.0,13.8,21.3,74.0,987.4,1.6,0.0,2,0
2024,12,FORMULA 1 QATAR AIRWAYS BRITISH GRAND PRIX 2024,RUS,Mercedes,Q2,86.723,1.0,28.267,35.016,23.44,4.0,SOFT,True,312.0,266.0,253.0,321.0,13.8,21.3,74.0,987.4,1.6,0.0,2,0
2024,12,FORMULA 1 QATAR AIRWAYS BRITISH GRAND PRIX 2024,ALO,Aston Martin,Q2,86.73,10.0,28.136,34.915,23.679,3.0,SOFT,False,314.0,265.0,252.0,323.0,13.8,21.3,74.0,987.4,1.6,0.0,2,0
2024,12,FORMULA 1 QATAR AIRWAYS BRITISH GRAND PRIX 2024,PIA,McLaren,Q2,86.733,5.0,28.178,34.913,23.642,5.0,SOFT,True,308.0,266.0,253.0,320.0,13.8,21.3,74.0,987.4,1.6,0.0,2,0
2024,12,FORMULA 1 QATAR AIRWAYS BRITISH GRAND PRIX 2024,HAM,Mercedes,Q2,86.77,2.0,28.224,34.921,23.625,2.0,SOFT,True,311.0,266.0,250.0,320.0,13.8,21.3,74.0,987.4,1.6,0.0,2,0
2024,12,FORMULA 1 QATAR AIRWAYS BRITISH GRAND PRIX 2024,VER,Red Bull Racing,Q2,86.796,4.0,28.138,35.077,23.581,2.0,SOFT,True,313.0,262.0,252.0,320.0,13.8,21.3,74.0,987.4,1.6,0.0,2,0
2024,12,FORMULA 1 QATAR AIRWAYS BRITISH GRAND PRIX 2024,SAI,Ferrari,Q2,86.843,7.0,28.107,35.04,23.696,2.0,SOFT,True,313.0,263.0,253.0,323.0,13.8,21.3,74.0,987.4,1.6,0.0,2,0
2024,12,FORMULA 1 QATAR AIRWAYS BRITISH GRAND PRIX 2024,HUL,Haas F1 Team,Q2,86.847,6.0,28.059,35.073,23.715,2.0,SOFT,True,314.0,262.0,253.0,322.0,13.8,21.3,74.0,987.4,1.6,0.0,2,0
2024,12,FORMULA 1 QATAR AIRWAYS BRITISH GRAND PRIX 2024,ALB,Williams,Q2,86.933,9.0,28.306,34.874,23.753,2.0,SOFT,True,312.0,263.0,252.0,324.0,13.8,21.3,74.0,987.4,1.6,0.0,2,0
2024,12,FORMULA 1 QATAR AIRWAYS BRITISH GRAND PRIX 2024,STR,Aston Martin,Q2,86.938,8.0,28.158,35.029,23.751,3.0,SOFT,False,313.0,266.0,252.0,324.0,13.8,21.3,74.0,987.4,1.6,0.0,2,0
2024,12,FORMULA 1 QATAR AIRWAYS BRITISH GRAND PRIX 2024,LEC,Ferrari,Q2,87.097,11.0,28.117,35.16,23.82,2.0,SOFT,True,312.0,254.0,254.0,321.0,13.8,21.3,74.0,987.4,1.6,0.0,2,0
2024,12,FORMULA 1 QATAR AIRWAYS BRITISH GRAND PRIX 2024,SAR,Williams,Q2,87.175,12.0,28.251,35.129,23.795,3.0,SOFT,False,311.0,263.0,251.0,322.0,13.8,21.3,74.0,987.4,1.6,0.0,2,0
2024,12,FORMULA 1 QATAR AIRWAYS BRITISH GRAND PRIX 2024,TSU,RB,Q2,87.269,13.0,28.115,35.163,23.991,2.0,SOFT,True,314.0,265.0,252.0,323.0,13.8,21.3,74.0,987.4,1.6,0.0,2,0
2024,12,FORMULA 1 QATAR AIRWAYS BRITISH GRAND PRIX 2024,ZHO,Kick Sauber,Q2,87.867,14.0,28.252,35.594,24.021,2.0,SOFT,True,309.0,263.0,251.0,320.0,13.8,21.3,74.0,987.4,1.6,0.0,2,0
2024,12,FORMULA 1 QATAR AIRWAYS BRITISH GRAND PRIX 2024,RIC,RB,Q2,87.949,15.0,28.418,35.594,23.937,4.0,SOFT,False,315.0,264.0,251.0,324.0,13.8,21.3,74.0,987.4,1.6,0.0,2,0
2024,12,FORMULA 1 QATAR AIRWAYS BRITISH GRAND PRIX 2024,RUS,Mercedes,Q3,85.819,1.0,28.016,34.508,23.295,2.0,SOFT,True,314.0,269.0,252.0,323.0,13.8,21.3,74.0,987.4,1.6,0.0,3,0
2024,12,FORMULA 1 QATAR AIRWAYS BRITISH GRAND PRIX 2024,HAM,Mercedes,Q3,85.99,2.0,27.99,34.618,23.382,2.0,SOFT,True,312.0,269.0,249.0,322.0,13.8,21.3,74.0,987.4,1.6,0.0,3,0
2024,12,FORMULA 1 QATAR AIRWAYS BRITISH GRAND PRIX 2024,NOR,McLaren,Q3,86.03,3.0,28.025,34.567,23.438,2.0,SOFT,True,307.0,268.0,254.0,317.0,13.8,21.3,74.0,987.4,1.6,0.0,3,0
2024,12,FORMULA 1 QATAR AIRWAYS BRITISH GRAND PRIX 2024,VER,Red Bull Racing,Q3,86.203,4.0,28.136,34.587,23.48,2.0,SOFT,True,313.0,264.0,252.0,322.0,13.8,21.3,74.0,987.4,1.6,0.0,3,0
2024,12,FORMULA 1 QATAR AIRWAYS BRITISH GRAND PRIX 2024,PIA,McLaren,Q3,86.237,5.0,28.043,34.701,23.493,2.0,SOFT,True,309.0,270.0,254.0,321.0,13.8,21.3,74.0,987.4,1.6,0.0,3,0
2024,12,FORMULA 1 QATAR AIRWAYS BRITISH GRAND PRIX 2024,HUL,Haas F1 Team,Q3,86.338,6.0,27.886,34.783,23.669,2.0,SOFT,True,315.0,261.0,253.0,324.0,13.8,21.3,74.0,987.4,1.6,0.0,3,0
2024,12,FORMULA 1 QATAR AIRWAYS BRITISH GRAND PRIX 2024,SAI,Ferrari,Q3,86.509,7.0,28.009,34.891,23.609,2.0,SOFT,True,313.0,265.0,254.0,321.0,13.8,21.3,74.0,987.4,1.6,0.0,3,0
2024,12,FORMULA 1 QATAR AIRWAYS BRITISH GRAND PRIX 2024,STR,Aston Martin,Q3,86.585,8.0,27.892,34.941,23.752,2.0,SOFT,True,312.0,257.0,252.0,324.0,13.8,21.3,74.0,987.4,1.6,0.0,3,0
2024,12,FORMULA 1 QATAR AIRWAYS BRITISH GRAND PRIX 2024,ALB,Williams,Q3,86.64,9.0,28.004,34.999,23.637,2.0,SOFT,True,313.0,266.0,253.0,324.0,13.8,21.3,74.0,987.4,1.6,0.0,3,0
2024,12,FORMULA 1 QATAR AIRWAYS BRITISH GRAND PRIX 2024,ALO,Aston Martin,Q3,86.917,10.0,28.248,35.038,23.631,6.0,SOFT,False,314.0,266.0,252.0,323.0,13.8,21.3,74.0,987.4,1.6,0.0,3,0
2024,13,FORMULA 1 HUNGARIAN GRAND PRIX 2024,RIC,RB,Q1,77.05,9.0,28.273,27.199,21.578,2.0,SOFT,True,282.0,253.0,252.0,289.0,24.3,30.1,61.0,983.9,0.9,1.0,1,1
2024,13,FORMULA 1 HUNGARIAN GRAND PRIX 2024,HAM,Mercedes,Q1,77.087,5.0,28.005,27.259,21.823,2.0,SOFT,True,279.0,253.0,256.0,308.0,24.3,30.1,61.0,983.9,0.9,1.0,1,1
2024,13,FORMULA 1 HUNGARIAN GRAND PRIX 2024,VER,Red Bull Racing,Q1,77.087,3.0,28.383,27.004,21.7,8.0,SOFT,False,279.0,256.0,252.0,286.0,24.3,30.1,61.0,983.9,0.9,1.0,1,1
2024,13,FORMULA 1 HUNGARIAN GRAND PRIX 2024,SAI,Ferrari,Q1,77.244,4.0,28.074,27.322,21.848,2.0,SOFT,True,282.0,251.0,258.0,307.0,24.3,30.1,61.0,983.9,0.9,1.0,1,1
2024,13,FORMULA 1 HUNGARIAN GRAND PRIX 2024,ALB,Williams,Q1,77.28,13.0,28.331,27.247,21.701999999999998,4.0,SOFT,True,279.0,252.0,252.0,290.0,24.3,30.1,61.0,983.9,0.9,1.0,1,1
2024,13,FORMULA 1 HUNGARIAN GRAND PRIX 2024,HUL,Haas F1 Team,Q1,77.362,11.0,28.018,27.53,21.814,2.0,SOFT,True,288.0,253.0,255.0,298.0,24.3,30.1,61.0,983.9,0.9,1.0,1,1
2024,13,FORMULA 1 HUNGARIAN GRAND PRIX 2024,STR,Aston Martin,Q1,77.405,8.0,28.383,27.309,21.713,2.0,SOFT,True,282.0,252.0,253.0,291.0,24.3,30.1,61.0,983.9,0.9,1.0,1,1
2024,13,FORMULA 1 HUNGARIAN GRAND PRIX 2024,TSU,RB,Q1,77.436,10.0,28.439,27.36,21.637,2.0,SOFT,True,283.0,250.0,254.0,287.0,24.3,30.1,61.0,983.9,0.9,1.0,1,1
2024,13,FORMULA 1 HUNGARIAN GRAND PRIX 2024,LEC,Ferrari,Q1,77.437,6.0,28.382,27.269,21.786,9.0,SOFT,False,283.0,253.0,253.0,291.0,24.3,30.1,61.0,983.9,0.9,1.0,1,1
2024,13,FORMULA 1 HUNGARIAN GRAND PRIX 2024,BOT,Kick Sauber,Q1,77.487,12.0,28.265,27.415,21.807,7.0,SOFT,False,281.0,250.0,253.0,290.0,24.3,30.1,61.0,983.9,0.9,1.0,1,1
2024,13,FORMULA 1 HUNGARIAN GRAND PRIX 2024,PIA,McLaren,Q1,77.504,2.0,28.281,27.489,21.734,2.0,SOFT,True,278.0,251.0,255.0,304.0,24.3,30.1,61.0,983.9,0.9,1.0,1,1
2024,13,FORMULA 1 HUNGARIAN GRAND PRIX 2024,ALO,Aston Martin,Q1,77.624,7.0,28.17,27.572,21.882,4.0,SOFT,True,284.0,253.0,258.0,306.0,24.3,30.1,61.0,983.9,0.9,1.0,1,1
2024,13,FORMULA 1 HUNGARIAN GRAND PRIX 2024,NOR,McLaren,Q1,77.755,1.0,28.341,27.434,21.98,2.0,SOFT,True,280.0,252.0,255.0,305.0,24.3,30.1,61.0,983.9,0.9,1.0,1,1
2024,13,FORMULA 1 HUNGARIAN GRAND PRIX 2024,SAR,Williams,Q1,77.77,14.0,28.328,27.567,21.875,2.0,SOFT,True,282.0,249.0,259.0,305.0,24.3,30.1,61.0,983.9,0.9,1.0,1,1
2024,13,FORMULA 1 HUNGARIAN GRAND PRIX 2024,MAG,Haas F1 Team,Q1,77.851,15.0,28.372,27.458,22.021,2.0,SOFT,True,287.0,250.0,255.0,299.0,24.3,30.1,61.0,983.9,0.9,1.0,1,1
2024,13,FORMULA 1 HUNGARIAN GRAND PRIX 2024,PER,Red Bull Racing,Q1,77.886,16.0,28.356,27.665,21.865,2.0,SOFT,True,285.0,251.0,259.0,306.0,24.3,30.1,61.0,983.9,0.9,1.0,1,1
2024,13,FORMULA 1 HUNGARIAN GRAND PRIX 2024,RUS,Mercedes,Q1,77.968,17.0,28.628,27.659,21.681,3.0,SOFT,True,276.0,251.0,253.0,288.0,24.3,30.1,61.0,983.9,0.9,1.0,1,1
2024,13,FORMULA 1 HUNGARIAN GRAND PRIX 2024,ZHO,Kick Sauber,Q1,78.037,18.0,28.502,27.538,21.997,5.0,SOFT,True,279.0,251.0,252.0,289.0,24.3,30.1,61.0,983.9,0.9,1.0,1,1
2024,13,FORMULA 1 HUNGARIAN GRAND PRIX 2024,OCO,Alpine,Q1,78.049,19.0,28.484,27.536,22.029,2.0,SOFT,True,282.0,251.0,259.0,308.0,24.3,30.1,61.0,983.9,0.9,1.0,1,1
2024,13,FORMULA 1 HUNGARIAN GRAND PRIX 2024,GAS,Alpine,Q1,78.166,20.0,28.551,27.766,21.849,2.0,SOFT,True,280.0,247.0,258.0,305.0,24.3,30.1,61.0,983.9,0.9,1.0,1,1
2024,13,FORMULA 1 HUNGARIAN GRAND PRIX 2024,NOR,McLaren,Q2,75.54,1.0,27.632,26.61,21.298,2.0,SOFT,True,280.0,256.0,259.0,305.0,24.3,30.1,61.0,983.9,0.9,1.0,2,1
2024,13,FORMULA 1 HUNGARIAN GRAND PRIX 2024,VER,Red Bull Racing,Q2,75.77,3.0,27.592,26.78,21.398,2.0,SOFT,True,280.0,257.0,260.0,303.0,24.3,30.1,61.0,983.9,0.9,1.0,2,1
2024,13,FORMULA 1 HUNGARIAN GRAND PRIX 2024,PIA,McLaren,Q2,75.785,2.0,27.713,26.672,21.4,3.0,SOFT,False,279.0,256.0,259.0,302.0,24.3,30.1,61.0,983.9,0.9,1.0,2,1
2024,13,FORMULA 1 HUNGARIAN GRAND PRIX 2024,SAI,Ferrari,Q2,75.885,4.0,27.59,26.832,21.463,2.0,SOFT,True,282.0,257.0,258.0,307.0,24.3,30.1,61.0,983.9,0.9,1.0,2,1
2024,13,FORMULA 1 HUNGARIAN GRAND PRIX 2024,LEC,Ferrari,Q2,75.891,6.0,27.649,26.742,21.5,2.0,SOFT,True,284.0,255.0,259.0,307.0,24.3,30.1,61.0,983.9,0.9,1.0,2,1
2024,13,FORMULA 1 HUNGARIAN GRAND PRIX 2024,STR,Aston Martin,Q2,76.075,8.0,27.598,27.077,21.4,2.0,SOFT,True,283.0,255.0,260.0,308.0,24.3,30.1,61.0,983.9,0.9,1.0,2,1
2024,13,FORMULA 1 HUNGARIAN GRAND PRIX 2024,ALO,Aston Martin,Q2,76.117,7.0,27.599,27.042,21.476,2.0,SOFT,True,279.0,252.0,260.0,307.0,24.3,30.1,61.0,983.9,0.9,1.0,2,1
2024,13,FORMULA 1 HUNGARIAN GRAND PRIX 2024,TSU,RB,Q2,76.121,10.0,27.784,26.95,21.387,2.0,SOFT,True,280.0,254.0,258.0,303.0,24.3,30.1,61.0,983.9,0.9,1.0,2,1
2024,13,FORMULA 1 HUNGARIAN GRAND PRIX 2024,RIC,RB,Q2,76.202,9.0,27.714,26.877,21.611,2.0,SOFT,True,282.0,254.0,259.0,302.0,24.3,30.1,61.0,983.9,0.9,1.0,2,1
2024,13,FORMULA 1 HUNGARIAN GRAND PRIX 2024,HAM,Mercedes,Q2,76.307,5.0,27.793,27.083,21.431,2.0,SOFT,True,280.0,257.0,257.0,305.0,24.3,30.1,61.0,983.9,0.9,1.0,2,1
2024,13,FORMULA 1 HUNGARIAN GRAND PRIX 2024,HUL,Haas F1 Team,Q2,76.317,11.0,27.588,27.092,21.637,4.0,SOFT,False,288.0,256.0,261.0,312.0,24.3,30.1,61.0,983.9,0.9,1.0,2,1
2024,13,FORMULA 1 HUNGARIAN GRAND PRIX 2024,BOT,Kick Sauber,Q2,76.384,12.0,27.708,27.176,21.5,2.0,SOFT,True,282.0,253.0,259.0,309.0,24.3,30.1,61.0,983.9,0.9,1.0,2,1
2024,13,FORMULA 1 HUNGARIAN GRAND PRIX 2024,ALB,Williams,Q2,76.429,13.0,27.791,27.077,21.561,2.0,SOFT,True,282.0,254.0,258.0,305.0,24.3,30.1,61.0,983.9,0.9,1.0,2,1
2024,13,FORMULA 1 HUNGARIAN GRAND PRIX 2024,SAR,Williams,Q2,76.543,14.0,27.857,27.055,21.631,2.0,SOFT,True,281.0,253.0,256.0,306.0,24.3,30.1,61.0,983.9,0.9,1.0,2,1
2024,13,FORMULA 1 HUNGARIAN GRAND PRIX 2024,MAG,Haas F1 Team,Q2,76.548,15.0,27.663,27.292,21.593,3.0,SOFT,False,287.0,255.0,260.0,315.0,24.3,30.1,61.0,983.9,0.9,1.0,2,1
2024,13,FORMULA 1 HUNGARIAN GRAND PRIX 2024,NOR,McLaren,Q3,75.227,1.0,27.606,26.382,21.239,2.0,SOFT,True,279.0,257.0,259.0,304.0,24.3,30.1,61.0,983.9,0.9,1.0,3,1
2024,13,FORMULA 1 HUNGARIAN GRAND PRIX 2024,PIA,McLaren,Q3,75.249,2.0,27.553,26.472,21.224,2.0,SOFT,True,277.0,257.0,258.0,300.0,24.3,30.1,61.0,983.9,0.9,1.0,3,1
2024,13,FORMULA 1 HUNGARIAN GRAND PRIX 2024,VER,Red Bull Racing,Q3,75.273,3.0,27.461,26.524,21.288,2.0,SOFT,True,280.0,258.0,256.0,305.0,24.3,30.1,61.0,983.9,0.9,1.0,3,1
2024,13,FORMULA 1 HUNGARIAN GRAND PRIX 2024,SAI,Ferrari,Q3,75.696,4.0,27.465,26.871,21.36,2.0,SOFT,True,284.0,256.0,258.0,306.0,24.3,30.1,61.0,983.9,0.9,1.0,3,1
2024,13,FORMULA 1 HUNGARIAN GRAND PRIX 2024,HAM,Mercedes,Q3,75.854,5.0,27.572,26.809,21.473,2.0,SOFT,True,281.0,256.0,257.0,307.0,24.3,30.1,61.0,983.9,0.9,1.0,3,1
2024,13,FORMULA 1 HUNGARIAN GRAND PRIX 2024,LEC,Ferrari,Q3,75.905,6.0,27.644,26.815,21.446,2.0,SOFT,True,283.0,255.0,260.0,306.0,24.3,30.1,61.0,983.9,0.9,1.0,3,1
2024,13,FORMULA 1 HUNGARIAN GRAND PRIX 2024,ALO,Aston Martin,Q3,76.043,7.0,27.629,26.933,21.481,3.0,SOFT,False,279.0,256.0,260.0,306.0,24.3,30.1,61.0,983.9,0.9,1.0,3,1
2024,13,FORMULA 1 HUNGARIAN GRAND PRIX 2024,STR,Aston Martin,Q3,76.244,8.0,27.63,26.955,21.659,2.0,SOFT,True,282.0,255.0,259.0,309.0,24.3,30.1,61.0,983.9,0.9,1.0,3,1
2024,13,FORMULA 1 HUNGARIAN GRAND PRIX 2024,RIC,RB,Q3,76.447,9.0,27.808,27.05,21.589,4.0,SOFT,False,282.0,254.0,255.0,302.0,24.3,30.1,61.0,983.9,0.9,1.0,3,1
2024,13,FORMULA 1 HUNGARIAN GRAND PRIX 2024,TSU,RB,Q3,76.477,10.0,27.913,27.088,21.476,5.0,SOFT,False,279.0,252.0,258.0,301.0,24.3,30.1,61.0,983.9,0.9,1.0,3,1
2024,14,FORMULA 1 ROLEX BELGIAN GRAND PRIX 2024,PIA,McLaren,Q1,114.835,6.0,32.205,52.44,30.19,2.0,INTERMEDIATE,True,315.0,190.0,212.0,307.0,18.0,22.1,93.0,966.6,1.1,0.0,1,0
2024,14,FORMULA 1 ROLEX BELGIAN GRAND PRIX 2024,GAS,Alpine,Q1,114.911,12.0,32.482,51.88,30.549,4.0,INTERMEDIATE,True,310.0,188.0,212.0,303.0,18.0,22.1,93.0,966.6,1.1,0.0,1,0
2024,14,FORMULA 1 ROLEX BELGIAN GRAND PRIX 2024,VER,Red Bull Racing,Q1,114.938,1.0,32.217,52.289,30.432,5.0,INTERMEDIATE,True,309.0,184.0,214.0,304.0,18.0,22.1,93.0,966.6,1.1,0.0,1,0
2024,14,FORMULA 1 ROLEX BELGIAN GRAND PRIX 2024,PER,Red Bull Racing,Q1,115.139,3.0,32.722,51.994,30.423,2.0,INTERMEDIATE,True,314.0,187.0,216.0,300.0,18.0,22.1,93.0,966.6,1.1,0.0,1,0
2024,14,FORMULA 1 ROLEX BELGIAN GRAND PRIX 2024,SAI,Ferrari,Q1,115.169,8.0,32.279,52.596,30.294,2.0,INTERMEDIATE,True,318.0,185.0,212.0,305.0,18.0,22.1,93.0,966.6,1.1,0.0,1,0
2024,14,FORMULA 1 ROLEX BELGIAN GRAND PRIX 2024,LEC,Ferrari,Q1,115.349,2.0,32.28,52.34,30.729,2.0,INTERMEDIATE,True,314.0,189.0,213.0,302.0,18.0,22.1,93.0,966.6,1.1,0.0,1,0
2024,14,FORMULA 1 ROLEX BELGIAN GRAND PRIX 2024,RUS,Mercedes,Q1,115.353,7.0,32.325,52.391,30.637,2.0,INTERMEDIATE,True,316.0,186.0,216.0,305.0,18.0,22.1,93.0,966.6,1.1,0.0,1,0
2024,14,FORMULA 1 ROLEX BELGIAN GRAND PRIX 2024,OCO,Alpine,Q1,115.417,10.0,32.087,52.893,30.437,4.0,INTERMEDIATE,True,320.0,183.0,215.0,309.0,18.0,22.1,93.0,966.6,1.1,0.0,1,0
2024,14,FORMULA 1 ROLEX BELGIAN GRAND PRIX 2024,RIC,RB,Q1,115.451,13.0,32.475,52.638,30.338,2.0,INTERMEDIATE,True,315.0,187.0,215.0,305.0,18.0,22.1,93.0,966.6,1.1,0.0,1,0
2024,14,FORMULA 1 ROLEX BELGIAN GRAND PRIX 2024,ALO,Aston Martin,Q1,115.489,9.0,32.372,52.486,30.631,4.0,INTERMEDIATE,True,312.0,187.0,208.0,303.0,18.0,22.1,93.0,966.6,1.1,0.0,1,0
2024,14,FORMULA 1 ROLEX BELGIAN GRAND PRIX 2024,BOT,Kick Sauber,Q1,115.531,14.0,32.388,52.768,30.375,3.0,INTERMEDIATE,True,315.0,187.0,216.0,303.0,18.0,22.1,93.0,966.6,1.1,0.0,1,0
2024,14,FORMULA 1 ROLEX BELGIAN GRAND PRIX 2024,NOR,McLaren,Q1,115.582,5.0,32.656,52.559,30.367,4.0,INTERMEDIATE,True,305.0,182.0,212.0,304.0,18.0,22.1,93.0,966.6,1.1,0.0,1,0
2024,14,FORMULA 1 ROLEX BELGIAN GRAND PRIX 2024,HAM,Mercedes,Q1,115.692,4.0,32.398,52.722,30.572,5.0,INTERMEDIATE,True,313.0,185.0,212.0,304.0,18.0,22.1,93.0,966.6,1.1,0.0,1,0
2024,14,FORMULA 1 ROLEX BELGIAN GRAND PRIX 2024,ALB,Williams,Q1,115.722,11.0,32.149,53.07,30.503,4.0,INTERMEDIATE,True,318.0,179.0,212.0,308.0,18.0,22.1,93.0,966.6,1.1,0.0,1,0
2024,14,FORMULA 1 ROLEX BELGIAN GRAND PRIX 2024,STR,Aston Martin,Q1,116.072,15.0,32.766,52.732,30.574,4.0,INTERMEDIATE,True,310.0,185.0,214.0,297.0,18.0,22.1,93.0,966.6,1.1,0.0,1,0
2024,14,FORMULA 1 ROLEX BELGIAN GRAND PRIX 2024,HUL,Haas F1 Team,Q1,116.308,16.0,32.263,53.554,30.491,2.0,INTERMEDIATE,True,318.0,183.0,213.0,307.0,18.0,22.1,93.0,966.6,1.1,0.0,1,0
2024,14,FORMULA 1 ROLEX BELGIAN GRAND PRIX 2024,MAG,Haas F1 Team,Q1,116.5,17.0,32.431,53.468,30.601,4.0,INTERMEDIATE,True,316.0,176.0,213.0,307.0,18.0,22.1,93.0,966.6,1.1,0.0,1,0
2024,14,FORMULA 1 ROLEX BELGIAN GRAND PRIX 2024,TSU,RB,Q1,116.593,18.0,33.296,52.875,30.422,2.0,INTERMEDIATE,True,315.0,190.0,216.0,297.0,18.0,22.1,93.0,966.6,1.1,0.0,1,0
2024,14,FORMULA 1 ROLEX BELGIAN GRAND PRIX 2024,SAR,Williams,Q1,117.23,19.0,32.713,53.725,30.792,2.0,INTERMEDIATE,True,314.0,186.0,212.0,299.0,18.0,22.1,93.0,966.6,1.1,0.0,1,0
2024,14,FORMULA 1 ROLEX BELGIAN GRAND PRIX 2024,ZHO,Kick Sauber,Q1,117.775,20.0,32.484,54.494,30.797,5.0,INTERMEDIATE,True,315.0,179.0,215.0,301.0,18.0,22.1,93.0,966.6,1.1,0.0,1,0
2024,14,FORMULA 1 ROLEX BELGIAN GRAND PRIX 2024,VER,Red Bull Racing,Q2,113.837,1.0,32.029,51.28,30.528,4.0,INTERMEDIATE,True,316.0,181.0,212.0,307.0,18.0,22.1,93.0,966.6,1.1,0.0,2,0
2024,14,FORMULA 1 ROLEX BELGIAN GRAND PRIX 2024,HAM,Mercedes,Q2,114.037,4.0,32.214,51.202,30.621,4.0,INTERMEDIATE,True,316.0,188.0,214.0,303.0,18.0,22.1,93.0,966.6,1.1,0.0,2,0
2024,14,FORMULA 1 ROLEX BELGIAN GRAND PRIX 2024,RUS,Mercedes,Q2,114.095,7.0,32.099,51.334,30.662,4.0,INTERMEDIATE,True,317.0,187.0,214.0,306.0,18.0,22.1,93.0,966.6,1.1,0.0,2,0
2024,14,FORMULA 1 ROLEX BELGIAN GRAND PRIX 2024,SAI,Ferrari,Q2,114.112,8.0,32.141,51.513,30.458,4.0,INTERMEDIATE,True,317.0,185.0,208.0,306.0,18.0,22.1,93.0,966.6,1.1,0.0,2,0
2024,14,FORMULA 1 ROLEX BELGIAN GRAND PRIX 2024,PIA,McLaren,Q2,114.136,6.0,32.33,51.467,30.339,2.0,INTERMEDIATE,True,315.0,182.0,216.0,298.0,18.0,22.1,93.0,966.6,1.1,0.0,2,0
2024,14,FORMULA 1 ROLEX BELGIAN GRAND PRIX 2024,LEC,Ferrari,Q2,114.193,2.0,32.351,51.176,30.666,4.0,INTERMEDIATE,True,315.0,189.0,209.0,306.0,18.0,22.1,93.0,966.6,1.1,0.0,2,0
2024,14,FORMULA 1 ROLEX BELGIAN GRAND PRIX 2024,ALO,Aston Martin,Q2,114.258,9.0,32.29,51.425,30.543,2.0,INTERMEDIATE,True,314.0,187.0,212.0,306.0,18.0,22.1,93.0,966.6,1.1,0.0,2,0
2024,14,FORMULA 1 ROLEX BELGIAN GRAND PRIX 2024,NOR,McLaren,Q2,114.358,5.0,32.239,51.723,30.396,4.0,INTERMEDIATE,True,318.0,188.0,212.0,301.0,18.0,22.1,93.0,966.6,1.1,0.0,2,0
2024,14,FORMULA 1 ROLEX BELGIAN GRAND PRIX 2024,OCO,Alpine,Q2,114.46,10.0,31.905,51.947,30.608,2.0,INTERMEDIATE,True,322.0,186.0,213.0,311.0,18.0,22.1,93.0,966.6,1.1,0.0,2,0
2024,14,FORMULA 1 ROLEX BELGIAN GRAND PRIX 2024,PER,Red Bull Racing,Q2,114.47,3.0,32.372,51.369,30.729,2.0,INTERMEDIATE,True,315.0,188.0,213.0,303.0,18.0,22.1,93.0,966.6,1.1,0.0,2,0
2024,14,FORMULA 1 ROLEX BELGIAN GRAND PRIX 2024,ALB,Williams,Q2,114.473,11.0,32.171,51.859,30.443,2.0,INTERMEDIATE,True,319.0,181.0,213.0,307.0,18.0,22.1,93.0,966.6,1.1,0.0,2,0
2024,14,FORMULA 1 ROLEX BELGIAN GRAND PRIX 2024,GAS,Alpine,Q2,114.635,12.0,32.278,51.707,30.65,2.0,INTERMEDIATE,True,317.0,187.0,211.0,307.0,18.0,22.1,93.0,966.6,1.1,0.0,2,0
2024,14,FORMULA 1 ROLEX BELGIAN GRAND PRIX 2024,RIC,RB,Q2,114.682,13.0,32.178,52.088,30.416,2.0,INTERMEDIATE,True,314.0,190.0,214.0,305.0,18.0,22.1,93.0,966.6,1.1,0.0,2,0
2024,14,FORMULA 1 ROLEX BELGIAN GRAND PRIX 2024,BOT,Kick Sauber,Q2,114.764,14.0,32.241,51.752,30.771,3.0,INTERMEDIATE,True,316.0,183.0,215.0,297.0,18.0,22.1,93.0,966.6,1.1,0.0,2,0
2024,14,FORMULA 1 ROLEX BELGIAN GRAND PRIX 2024,STR,Aston Martin,Q2,115.716,15.0,32.647,52.417,30.652,2.0,INTERMEDIATE,True,312.0,187.0,212.0,302.0,18.0,22.1,93.0,966.6,1.1,0.0,2,0
2024,14,FORMULA 1 ROLEX BELGIAN GRAND PRIX 2024,VER,Red Bull Racing,Q3,113.159,1.0,31.998,50.837,30.324,2.0,INTERMEDIATE,True,317.0,184.0,214.0,307.0,18.0,22.1,93.0,966.6,1.1,0.0,3,0
2024,14,FORMULA 1 ROLEX BELGIAN GRAND PRIX 2024,LEC,Ferrari,Q3,113.754,2.0,32.04,51.286,30.428,2.0,INTERMEDIATE,True,317.0,185.0,212.0,307.0,18.0,22.1,93.0,966.6,1.1,0.0,3,0
2024,14,FORMULA 1 ROLEX BELGIAN GRAND PRIX 2024,PER,Red Bull Racing,Q3,113.765,3.0,32.216,51.068,30.481,5.0,INTERMEDIATE,False,316.0,185.0,215.0,306.0,18.0,22.1,93.0,966.6,1.1,0.0,3,0
2024,14,FORMULA 1 ROLEX BELGIAN GRAND PRIX 2024,HAM,Mercedes,Q3,113.835,4.0,32.243,51.046,30.546,4.0,INTERMEDIATE,True,314.0,185.0,212.0,306.0,18.0,22.1,93.0,966.6,1.1,0.0,3,0
2024,14,FORMULA 1 ROLEX BELGIAN GRAND PRIX 2024,NOR,McLaren,Q3,113.981,5.0,32.013,51.527,30.441,4.0,INTERMEDIATE,True,317.0,183.0,211.0,308.0,18.0,22.1,93.0,966.6,1.1,0.0,3,0
2024,14,FORMULA 1 ROLEX BELGIAN GRAND PRIX 2024,PIA,McLaren,Q3,114.027,6.0,32.104,51.517,30.406,2.0,INTERMEDIATE,True,318.0,186.0,211.0,309.0,18.0,22.1,93.0,966.6,1.1,0.0,3,0
2024,14,FORMULA 1 ROLEX BELGIAN GRAND PRIX 2024,RUS,Mercedes,Q3,114.184,7.0,32.082,51.511,30.591,4.0,INTERMEDIATE,True,319.0,177.0,213.0,308.0,18.0,22.1,93.0,966.6,1.1,0.0,3,0
2024,14,FORMULA 1 ROLEX BELGIAN GRAND PRIX 2024,SAI,Ferrari,Q3,114.477,8.0,32.385,51.619,30.473,2.0,INTERMEDIATE,True,317.0,182.0,215.0,307.0,18.0,22.1,93.0,966.6,1.1,0.0,3,0
2024,14,FORMULA 1 ROLEX BELGIAN GRAND PRIX 2024,ALO,Aston Martin,Q3,114.765,9.0,32.191,51.711,30.863,6.0,INTERMEDIATE,False,313.0,183.0,211.0,305.0,18.0,22.1,93.0,966.6,1.1,0.0,3,0
2024,14,FORMULA 1 ROLEX BELGIAN GRAND PRIX 2024,OCO,Alpine,Q3,114.81,10.0,31.891,52.347,30.572,6.0,INTERMEDIATE,False,323.0,178.0,212.0,311.0,18.0,22.1,93.0,966.6,1.1,0.0,3,0
2024,15,FORMULA 1 HEINEKEN DUTCH GRAND PRIX 2024,PER,Red Bull Racing,Q1,71.006,5.0,24.161,25.469,21.376,2.0,SOFT,True,293.0,282.0,329.0,335.0,24.4,30.2,67.0,1002.4,4.3,0.0,1,0
2024,15,FORMULA 1 HEINEKEN DUTCH GRAND PRIX 2024,RUS,Mercedes,Q1,71.049,4.0,24.38,25.199,21.47,2.0,SOFT,True,290.0,283.0,325.0,334.0,24.4,30.2,67.0,1002.4,4.3,0.0,1,0
2024,15,FORMULA 1 HEINEKEN DUTCH GRAND PRIX 2024,SAI,Ferrari,Q1,71.327,10.0,24.559,25.512,21.256,2.0,SOFT,True,288.0,281.0,325.0,331.0,24.4,30.2,67.0,1002.4,4.3,0.0,1,0
2024,15,FORMULA 1 HEINEKEN DUTCH GRAND PRIX 2024,LEC,Ferrari,Q1,71.37,6.0,24.309,25.641,21.42,2.0,SOFT,True,289.0,281.0,325.0,332.0,24.4,30.2,67.0,1002.4,4.3,0.0,1,0
2024,15,FORMULA 1 HEINEKEN DUTCH GRAND PRIX 2024,HAM,Mercedes,Q1,71.375,11.0,24.336,25.424,21.615,2.0,SOFT,True,287.0,281.0,322.0,333.0,24.4,30.2,67.0,1002.4,4.3,0.0,1,0
2024,15,FORMULA 1 HEINEKEN DUTCH GRAND PRIX 2024,NOR,McLaren,Q1,71.377,1.0,24.485,25.432,21.46,2.0,SOFT,True,286.0,279.0,322.0,330.0,24.4,30.2,67.0,1002.4,4.3,0.0,1,0
2024,15,FORMULA 1 HEINEKEN DUTCH GRAND PRIX 2024,VER,Red Bull Racing,Q1,71.393,2.0,24.18,25.696,21.517,2.0,SOFT,True,284.0,279.0,319.0,328.0,24.4,30.2,67.0,1002.4,4.3,0.0,1,0
2024,15,FORMULA 1 HEINEKEN DUTCH GRAND PRIX 2024,ALO,Aston Martin,Q1,71.493,7.0,24.389,25.586,21.518,2.0,SOFT,True,287.0,280.0,323.0,332.0,24.4,30.2,67.0,1002.4,4.3,0.0,1,0
2024,15,FORMULA 1 HEINEKEN DUTCH GRAND PRIX 2024,ALB,Williams,Q1,71.503,10.0,24.483,25.612,21.408,2.0,SOFT,True,285.0,280.0,323.0,327.0,24.4,30.2,67.0,1002.4,4.3,0.0,1,0
2024,15,FORMULA 1 HEINEKEN DUTCH GRAND PRIX 2024,STR,Aston Martin,Q1,71.518,8.0,24.215,25.718,21.585,2.0,SOFT,True,287.0,282.0,322.0,329.0,24.4,30.2,67.0,1002.4,4.3,0.0,1,0
2024,15,FORMULA 1 HEINEKEN DUTCH GRAND PRIX 2024,PIA,McLaren,Q1,71.541,3.0,24.683,25.277,21.581,2.0,SOFT,True,289.0,280.0,322.0,332.0,24.4,30.2,67.0,1002.4,4.3,0.0,1,0
2024,15,FORMULA 1 HEINEKEN DUTCH GRAND PRIX 2024,TSU,RB,Q1,71.603,12.0,24.519,25.578,21.506,2.0,SOFT,True,286.0,280.0,320.0,327.0,24.4,30.2,67.0,1002.4,4.3,0.0,1,0
2024,15,FORMULA 1 HEINEKEN DUTCH GRAND PRIX 2024,MAG,Haas F1 Team,Q1,71.63,14.0,24.581,25.601,21.448,2.0,SOFT,True,292.0,280.0,326.0,332.0,24.4,30.2,67.0,1002.4,4.3,0.0,1,0
2024,15,FORMULA 1 HEINEKEN DUTCH GRAND PRIX 2024,GAS,Alpine,Q1,71.718,9.0,24.411,25.664,21.643,2.0,SOFT,True,288.0,278.0,325.0,332.0,24.4,30.2,67.0,1002.4,4.3,0.0,1,0
2024,15,FORMULA 1 HEINEKEN DUTCH GRAND PRIX 2024,HUL,Haas F1 Team,Q1,71.832,13.0,24.612,25.61,21.61,2.0,SOFT,True,290.0,280.0,324.0,331.0,24.4,30.2,67.0,1002.4,4.3,0.0,1,0
2024,15,FORMULA 1 HEINEKEN DUTCH GRAND PRIX 2024,RIC,RB,Q1,71.943,15.0,24.704,25.532,21.707,2.0,SOFT,True,286.0,280.0,323.0,328.0,24.4,30.2,67.0,1002.4,4.3,0.0,1,0
2024,15,FORMULA 1 HEINEKEN DUTCH GRAND PRIX 2024,OCO,Alpine,Q1,71.995,16.0,24.526,25.826999999999998,21.642,2.0,SOFT,True,289.0,277.0,324.0,330.0,24.4,30.2,67.0,1002.4,4.3,0.0,1,0
2024,15,FORMULA 1 HEINEKEN DUTCH GRAND PRIX 2024,BOT,Kick Sauber,Q1,72.168,17.0,24.63,25.768,21.77,2.0,SOFT,True,284.0,280.0,325.0,327.0,24.4,30.2,67.0,1002.4,4.3,0.0,1,0
2024,15,FORMULA 1 HEINEKEN DUTCH GRAND PRIX 2024,ZHO,Kick Sauber,Q1,73.261,18.0,25.036,26.304,21.921,2.0,SOFT,True,284.0,278.0,319.0,325.0,24.4,30.2,67.0,1002.4,4.3,0.0,1,0
2024,15,FORMULA 1 HEINEKEN DUTCH GRAND PRIX 2024,NOR,McLaren,Q2,70.496,1.0,24.135,25.104,21.257,2.0,SOFT,True,287.0,284.0,321.0,329.0,24.4,30.2,67.0,1002.4,4.3,0.0,2,0
2024,15,FORMULA 1 HEINEKEN DUTCH GRAND PRIX 2024,PIA,McLaren,Q2,70.505,3.0,24.229,25.04,21.236,2.0,SOFT,True,288.0,283.0,322.0,328.0,24.4,30.2,67.0,1002.4,4.3,0.0,2,0
2024,15,FORMULA 1 HEINEKEN DUTCH GRAND PRIX 2024,RUS,Mercedes,Q2,70.552,4.0,24.22,25.103,21.229,2.0,SOFT,True,289.0,284.0,323.0,331.0,24.4,30.2,67.0,1002.4,4.3,0.0,2,0
2024,15,FORMULA 1 HEINEKEN DUTCH GRAND PRIX 2024,STR,Aston Martin,Q2,70.661,8.0,23.951,25.175,21.535,2.0,SOFT,True,288.0,280.0,322.0,332.0,24.4,30.2,67.0,1002.4,4.3,0.0,2,0
2024,15,FORMULA 1 HEINEKEN DUTCH GRAND PRIX 2024,PER,Red Bull Racing,Q2,70.678,5.0,24.138,25.21,21.33,2.0,SOFT,True,294.0,284.0,328.0,334.0,24.4,30.2,67.0,1002.4,4.3,0.0,2,0
2024,15,FORMULA 1 HEINEKEN DUTCH GRAND PRIX 2024,LEC,Ferrari,Q2,70.689,6.0,24.188,25.261,21.24,2.0,SOFT,True,289.0,282.0,320.0,333.0,24.4,30.2,67.0,1002.4,4.3,0.0,2,0
2024,15,FORMULA 1 HEINEKEN DUTCH GRAND PRIX 2024,ALB,Williams,Q2,70.768,10.0,24.303,25.18,21.285,2.0,SOFT,True,286.0,279.0,319.0,326.0,24.4,30.2,67.0,1002.4,4.3,0.0,2,0
2024,15,FORMULA 1 HEINEKEN DUTCH GRAND PRIX 2024,VER,Red Bull Racing,Q2,70.811,2.0,24.155,25.334,21.322,2.0,SOFT,True,287.0,281.0,321.0,329.0,24.4,30.2,67.0,1002.4,4.3,0.0,2,0
2024,15,FORMULA 1 HEINEKEN DUTCH GRAND PRIX 2024,GAS,Alpine,Q2,70.815,9.0,24.143,25.254,21.418,2.0,SOFT,True,290.0,282.0,324.0,331.0,24.4,30.2,67.0,1002.4,4.3,0.0,2,0
2024,15,FORMULA 1 HEINEKEN DUTCH GRAND PRIX 2024,ALO,Aston Martin,Q2,70.845,7.0,24.25,25.256,21.339,2.0,SOFT,True,290.0,281.0,322.0,333.0,24.4,30.2,67.0,1002.4,4.3,0.0,2,0
2024,15,FORMULA 1 HEINEKEN DUTCH GRAND PRIX 2024,SAI,Ferrari,Q2,70.914,10.0,24.349,25.341,21.224,2.0,SOFT,True,291.0,281.0,324.0,330.0,24.4,30.2,67.0,1002.4,4.3,0.0,2,0
2024,15,FORMULA 1 HEINEKEN DUTCH GRAND PRIX 2024,HAM,Mercedes,Q2,70.948,11.0,24.258,25.23,21.46,2.0,SOFT,True,288.0,281.0,322.0,334.0,24.4,30.2,67.0,1002.4,4.3,0.0,2,0
2024,15,FORMULA 1 HEINEKEN DUTCH GRAND PRIX 2024,TSU,RB,Q2,70.955,12.0,24.246,25.241,21.468,2.0,SOFT,True,287.0,279.0,320.0,328.0,24.4,30.2,67.0,1002.4,4.3,0.0,2,0
2024,15,FORMULA 1 HEINEKEN DUTCH GRAND PRIX 2024,HUL,Haas F1 Team,Q2,71.215,13.0,24.55,25.263,21.402,2.0,SOFT,True,290.0,283.0,324.0,332.0,24.4,30.2,67.0,1002.4,4.3,0.0,2,0
2024,15,FORMULA 1 HEINEKEN DUTCH GRAND PRIX 2024,MAG,Haas F1 Team,Q2,71.295,14.0,24.318,25.603,21.374,2.0,SOFT,True,291.0,282.0,323.0,331.0,24.4,30.2,67.0,1002.4,4.3,0.0,2,0
2024,15,FORMULA 1 HEINEKEN DUTCH GRAND PRIX 2024,NOR,McLaren,Q3,69.673,1.0,23.824,24.819,21.03,2.0,SOFT,True,288.0,285.0,322.0,329.0,24.4,30.2,67.0,1002.4,4.3,0.0,3,0
2024,15,FORMULA 1 HEINEKEN DUTCH GRAND PRIX 2024,VER,Red Bull Racing,Q3,70.029,2.0,24.073,24.731,21.225,2.0,SOFT,True,287.0,281.0,322.0,329.0,24.4,30.2,67.0,1002.4,4.3,0.0,3,0
2024,15,FORMULA 1 HEINEKEN DUTCH GRAND PRIX 2024,PIA,McLaren,Q3,70.172,3.0,24.017,24.983,21.172,2.0,SOFT,True,287.0,283.0,318.0,332.0,24.4,30.2,67.0,1002.4,4.3,0.0,3,0
2024,15,FORMULA 1 HEINEKEN DUTCH GRAND PRIX 2024,RUS,Mercedes,Q3,70.244,4.0,24.044,25.038,21.162,2.0,SOFT,True,289.0,283.0,322.0,334.0,24.4,30.2,67.0,1002.4,4.3,0.0,3,0
2024,15,FORMULA 1 HEINEKEN DUTCH GRAND PRIX 2024,PER,Red Bull Racing,Q3,70.416,5.0,24.065,25.042,21.309,2.0,SOFT,True,291.0,287.0,326.0,334.0,24.4,30.2,67.0,1002.4,4.3,0.0,3,0
2024,15,FORMULA 1 HEINEKEN DUTCH GRAND PRIX 2024,LEC,Ferrari,Q3,70.582,6.0,24.16,25.201,21.221,2.0,SOFT,True,287.0,282.0,322.0,329.0,24.4,30.2,67.0,1002.4,4.3,0.0,3,0
2024,15,FORMULA 1 HEINEKEN DUTCH GRAND PRIX 2024,ALO,Aston Martin,Q3,70.633,7.0,24.315,25.123,21.195,2.0,SOFT,True,287.0,283.0,322.0,327.0,24.4,30.2,67.0,1002.4,4.3,0.0,3,0
2024,15,FORMULA 1 HEINEKEN DUTCH GRAND PRIX 2024,ALB,Williams,Q3,70.653,10.0,24.158,25.185,21.31,2.0,SOFT,True,284.0,281.0,318.0,326.0,24.4,30.2,67.0,1002.4,4.3,0.0,3,0
2024,15,FORMULA 1 HEINEKEN DUTCH GRAND PRIX 2024,STR,Aston Martin,Q3,70.857,8.0,24.217,25.128,21.512,2.0,SOFT,True,285.0,282.0,320.0,328.0,24.4,30.2,67.0,1002.4,4.3,0.0,3,0
2024,15,FORMULA 1 HEINEKEN DUTCH GRAND PRIX 2024,GAS,Alpine,Q3,70.977,9.0,24.543,25.054,21.38,2.0,SOFT,True,287.0,283.0,322.0,330.0,24.4,30.2,67.0,1002.4,4.3,0.0,3,0
2024,16,FORMULA 1 PIRELLI GRAN PREMIO D’ITALIA 2024,NOR,McLaren,Q1,79.911,1.0,26.484,26.898,26.529,2.0,SOFT,True,325.0,337.0,307.0,346.0,33.5,49.0,37.0,995.9,1.3,0.0,1,0
2024,16,FORMULA 1 PIRELLI GRAN PREMIO D’ITALIA 2024,LEC,Ferrari,Q1,80.074,4.0,26.468,26.967,26.639,2.0,SOFT,True,327.0,340.0,314.0,350.0,33.5,49.0,37.0,995.9,1.3,0.0,1,0
2024,16,FORMULA 1 PIRELLI GRAN PREMIO D’ITALIA 2024,PIA,McLaren,Q1,80.076,2.0,26.529,26.915,26.632,6.0,SOFT,False,324.0,338.0,314.0,346.0,33.5,49.0,37.0,995.9,1.3,0.0,1,0
2024,16,FORMULA 1 PIRELLI GRAN PREMIO D’ITALIA 2024,SAI,Ferrari,Q1,80.149,5.0,26.403,27.034,26.712,5.0,SOFT,False,328.0,338.0,315.0,349.0,33.5,49.0,37.0,995.9,1.3,0.0,1,0
2024,16,FORMULA 1 PIRELLI GRAN PREMIO D’ITALIA 2024,RUS,Mercedes,Q1,80.169,3.0,26.437,27.055,26.677,5.0,SOFT,False,323.0,339.0,315.0,348.0,33.5,49.0,37.0,995.9,1.3,0.0,1,0
2024,16,FORMULA 1 PIRELLI GRAN PREMIO D’ITALIA 2024,VER,Red Bull Racing,Q1,80.226,7.0,26.605,26.993,26.628,2.0,SOFT,True,324.0,335.0,315.0,342.0,33.5,49.0,37.0,995.9,1.3,0.0,1,0
2024,16,FORMULA 1 PIRELLI GRAN PREMIO D’ITALIA 2024,HAM,Mercedes,Q1,80.477,6.0,26.633,27.078,26.766,2.0,SOFT,True,326.0,334.0,314.0,344.0,33.5,49.0,37.0,995.9,1.3,0.0,1,0
2024,16,FORMULA 1 PIRELLI GRAN PREMIO D’ITALIA 2024,ALB,Williams,Q1,80.542,9.0,26.502,27.271,26.769,2.0,SOFT,True,322.0,334.0,310.0,345.0,33.5,49.0,37.0,995.9,1.3,0.0,1,0
2024,16,FORMULA 1 PIRELLI GRAN PREMIO D’ITALIA 2024,PER,Red Bull Racing,Q1,80.598,8.0,26.693,27.181,26.724,2.0,SOFT,True,325.0,340.0,315.0,344.0,33.5,49.0,37.0,995.9,1.3,0.0,1,0
2024,16,FORMULA 1 PIRELLI GRAN PREMIO D’ITALIA 2024,ALO,Aston Martin,Q1,80.617,11.0,26.537,27.143,26.937,2.0,SOFT,True,325.0,338.0,309.0,349.0,33.5,49.0,37.0,995.9,1.3,0.0,1,0
2024,16,FORMULA 1 PIRELLI GRAN PREMIO D’ITALIA 2024,GAS,Alpine,Q1,80.748,14.0,26.473,27.364,26.911,5.0,SOFT,False,328.0,340.0,317.0,348.0,33.5,49.0,37.0,995.9,1.3,0.0,1,0
2024,16,FORMULA 1 PIRELLI GRAN PREMIO D’ITALIA 2024,OCO,Alpine,Q1,80.764,15.0,26.504,27.264,26.996,5.0,SOFT,False,328.0,341.0,316.0,348.0,33.5,49.0,37.0,995.9,1.3,0.0,1,0
2024,16,FORMULA 1 PIRELLI GRAN PREMIO D’ITALIA 2024,HUL,Haas F1 Team,Q1,80.781,10.0,26.513,27.363,26.905,2.0,SOFT,True,328.0,341.0,311.0,351.0,33.5,49.0,37.0,995.9,1.3,0.0,1,0
2024,16,FORMULA 1 PIRELLI GRAN PREMIO D’ITALIA 2024,MAG,Haas F1 Team,Q1,80.856,13.0,26.784,27.203,26.869,2.0,SOFT,True,326.0,341.0,315.0,350.0,33.5,49.0,37.0,995.9,1.3,0.0,1,0
2024,16,FORMULA 1 PIRELLI GRAN PREMIO D’ITALIA 2024,RIC,RB,Q1,80.901,12.0,26.52,27.427,26.954,2.0,SOFT,True,326.0,341.0,315.0,351.0,33.5,49.0,37.0,995.9,1.3,0.0,1,0
2024,16,FORMULA 1 PIRELLI GRAN PREMIO D’ITALIA 2024,TSU,RB,Q1,80.945,16.0,26.572,27.406,26.967,2.0,SOFT,True,325.0,339.0,314.0,348.0,33.5,49.0,37.0,995.9,1.3,0.0,1,0
2024,16,FORMULA 1 PIRELLI GRAN PREMIO D’ITALIA 2024,STR,Aston Martin,Q1,81.013,17.0,26.648,27.18,27.185,2.0,SOFT,True,322.0,336.0,307.0,345.0,33.5,49.0,37.0,995.9,1.3,0.0,1,0
2024,16,FORMULA 1 PIRELLI GRAN PREMIO D’ITALIA 2024,COL,Williams,Q1,81.061,18.0,26.613,27.42,27.028,2.0,SOFT,True,325.0,338.0,314.0,348.0,33.5,49.0,37.0,995.9,1.3,0.0,1,0
2024,16,FORMULA 1 PIRELLI GRAN PREMIO D’ITALIA 2024,BOT,Kick Sauber,Q1,81.101,19.0,26.706,27.446,26.949,2.0,SOFT,True,328.0,341.0,311.0,352.0,33.5,49.0,37.0,995.9,1.3,0.0,1,0
2024,16,FORMULA 1 PIRELLI GRAN PREMIO D’ITALIA 2024,ZHO,Kick Sauber,Q1,81.445,20.0,26.5,27.485,27.46,2.0,SOFT,True,327.0,344.0,316.0,352.0,33.5,49.0,37.0,995.9,1.3,0.0,1,0
2024,16,FORMULA 1 PIRELLI GRAN PREMIO D’ITALIA 2024,HAM,Mercedes,Q2,79.641,6.0,26.407,26.855,26.379,2.0,SOFT,True,326.0,340.0,316.0,348.0,33.5,49.0,37.0,995.9,1.3,0.0,2,0
2024,16,FORMULA 1 PIRELLI GRAN PREMIO D’ITALIA 2024,VER,Red Bull Racing,Q2,79.662,7.0,26.389,26.656,26.617,5.0,SOFT,False,326.0,338.0,317.0,347.0,33.5,49.0,37.0,995.9,1.3,0.0,2,0
2024,16,FORMULA 1 PIRELLI GRAN PREMIO D’ITALIA 2024,NOR,McLaren,Q2,79.727,1.0,26.395,26.865,26.467,2.0,SOFT,True,325.0,337.0,314.0,349.0,33.5,49.0,37.0,995.9,1.3,0.0,2,0
2024,16,FORMULA 1 PIRELLI GRAN PREMIO D’ITALIA 2024,SAI,Ferrari,Q2,79.799,5.0,26.348,26.942,26.509,2.0,SOFT,True,326.0,337.0,314.0,348.0,33.5,49.0,37.0,995.9,1.3,0.0,2,0
2024,16,FORMULA 1 PIRELLI GRAN PREMIO D’ITALIA 2024,PIA,McLaren,Q2,79.808,2.0,26.434,26.822,26.552,2.0,SOFT,True,325.0,337.0,314.0,346.0,33.5,49.0,37.0,995.9,1.3,0.0,2,0
2024,16,FORMULA 1 PIRELLI GRAN PREMIO D’ITALIA 2024,RUS,Mercedes,Q2,79.877,3.0,26.463,26.881,26.533,2.0,SOFT,True,325.0,337.0,316.0,345.0,33.5,49.0,37.0,995.9,1.3,0.0,2,0
2024,16,FORMULA 1 PIRELLI GRAN PREMIO D’ITALIA 2024,LEC,Ferrari,Q2,80.007,4.0,26.475,26.921,26.611,2.0,SOFT,True,329.0,338.0,317.0,348.0,33.5,49.0,37.0,995.9,1.3,0.0,2,0
2024,16,FORMULA 1 PIRELLI GRAN PREMIO D’ITALIA 2024,PER,Red Bull Racing,Q2,80.216,8.0,26.498,27.034,26.684,2.0,SOFT,True,326.0,338.0,314.0,346.0,33.5,49.0,37.0,995.9,1.3,0.0,2,0
2024,16,FORMULA 1 PIRELLI GRAN PREMIO D’ITALIA 2024,ALB,Williams,Q2,80.314,9.0,26.436,27.071,26.807,2.0,SOFT,True,322.0,338.0,314.0,348.0,33.5,49.0,37.0,995.9,1.3,0.0,2,0
2024,16,FORMULA 1 PIRELLI GRAN PREMIO D’ITALIA 2024,HUL,Haas F1 Team,Q2,80.411,10.0,26.341,27.16,26.91,2.0,SOFT,True,328.0,341.0,316.0,349.0,33.5,49.0,37.0,995.9,1.3,0.0,2,0
2024,16,FORMULA 1 PIRELLI GRAN PREMIO D’ITALIA 2024,ALO,Aston Martin,Q2,80.421,11.0,26.463,27.131,26.826999999999998,2.0,SOFT,True,322.0,337.0,310.0,353.0,33.5,49.0,37.0,995.9,1.3,0.0,2,0
2024,16,FORMULA 1 PIRELLI GRAN PREMIO D’ITALIA 2024,RIC,RB,Q2,80.479,12.0,26.363,27.141,26.975,2.0,SOFT,True,327.0,342.0,313.0,353.0,33.5,49.0,37.0,995.9,1.3,0.0,2,0
2024,16,FORMULA 1 PIRELLI GRAN PREMIO D’ITALIA 2024,MAG,Haas F1 Team,Q2,80.698,13.0,26.466,27.107,27.125,5.0,SOFT,False,328.0,341.0,313.0,350.0,33.5,49.0,37.0,995.9,1.3,0.0,2,0
2024,16,FORMULA 1 PIRELLI GRAN PREMIO D’ITALIA 2024,GAS,Alpine,Q2,80.738,14.0,26.563,27.263,26.912,5.0,SOFT,False,325.0,337.0,316.0,346.0,33.5,49.0,37.0,995.9,1.3,0.0,2,0
2024,16,FORMULA 1 PIRELLI GRAN PREMIO D’ITALIA 2024,OCO,Alpine,Q2,80.766,15.0,26.436,27.418,26.912,3.0,SOFT,True,327.0,341.0,316.0,351.0,33.5,49.0,37.0,995.9,1.3,0.0,2,0
2024,16,FORMULA 1 PIRELLI GRAN PREMIO D’ITALIA 2024,NOR,McLaren,Q3,79.327,1.0,26.492,26.579,26.256,2.0,SOFT,True,324.0,338.0,315.0,346.0,33.5,49.0,37.0,995.9,1.3,0.0,3,0
2024,16,FORMULA 1 PIRELLI GRAN PREMIO D’ITALIA 2024,PIA,McLaren,Q3,79.436,2.0,26.407,26.643,26.386,2.0,SOFT,True,323.0,337.0,315.0,345.0,33.5,49.0,37.0,995.9,1.3,0.0,3,0
2024,16,FORMULA 1 PIRELLI GRAN PREMIO D’ITALIA 2024,RUS,Mercedes,Q3,79.44,3.0,26.296,26.844,26.3,2.0,SOFT,True,324.0,337.0,315.0,347.0,33.5,49.0,37.0,995.9,1.3,0.0,3,0
2024,16,FORMULA 1 PIRELLI GRAN PREMIO D’ITALIA 2024,LEC,Ferrari,Q3,79.461,4.0,26.373,26.732,26.356,2.0,SOFT,True,327.0,341.0,318.0,350.0,33.5,49.0,37.0,995.9,1.3,0.0,3,0
2024,16,FORMULA 1 PIRELLI GRAN PREMIO D’ITALIA 2024,SAI,Ferrari,Q3,79.467,5.0,26.223,26.823,26.421,2.0,SOFT,True,328.0,341.0,313.0,350.0,33.5,49.0,37.0,995.9,1.3,0.0,3,0
2024,16,FORMULA 1 PIRELLI GRAN PREMIO D’ITALIA 2024,HAM,Mercedes,Q3,79.513,6.0,26.428,26.672,26.413,2.0,SOFT,True,325.0,338.0,316.0,348.0,33.5,49.0,37.0,995.9,1.3,0.0,3,0
2024,16,FORMULA 1 PIRELLI GRAN PREMIO D’ITALIA 2024,VER,Red Bull Racing,Q3,80.022,7.0,26.392,26.947,26.683,2.0,SOFT,True,325.0,338.0,315.0,344.0,33.5,49.0,37.0,995.9,1.3,0.0,3,0
2024,16,FORMULA 1 PIRELLI GRAN PREMIO D’ITALIA 2024,PER,Red Bull Racing,Q3,80.062,8.0,26.488,27.042,26.532,5.0,SOFT,False,324.0,337.0,313.0,346.0,33.5,49.0,37.0,995.9,1.3,0.0,3,0
2024,16,FORMULA 1 PIRELLI GRAN PREMIO D’ITALIA 2024,ALB,Williams,Q3,80.299,9.0,26.395,27.12,26.784,2.0,SOFT,True,324.0,339.0,314.0,347.0,33.5,49.0,37.0,995.9,1.3,0.0,3,0
2024,16,FORMULA 1 PIRELLI GRAN PREMIO D’ITALIA 2024,HUL,Haas F1 Team,Q3,80.339,10.0,26.479,27.074,26.786,2.0,SOFT,True,328.0,339.0,317.0,347.0,33.5,49.0,37.0,995.9,1.3,0.0,3,0
2024,17,FORMULA 1 QATAR AIRWAYS AZERBAIJAN GRAND PRIX 2024,LEC,Ferrari,Q1,102.775,1.0,36.162,41.601,25.012,5.0,SOFT,True,221.0,233.0,337.0,317.0,27.1,37.2,37.0,1016.1,1.3,0.0,1,0
2024,17,FORMULA 1 QATAR AIRWAYS AZERBAIJAN GRAND PRIX 2024,ALB,Williams,Q1,102.899,10.0,36.462,41.46,24.977,2.0,SOFT,True,222.0,237.0,338.0,319.0,27.1,37.2,37.0,1016.1,1.3,0.0,1,0
2024,17,FORMULA 1 QATAR AIRWAYS AZERBAIJAN GRAND PRIX 2024,PIA,McLaren,Q1,103.033,2.0,36.483,41.591,24.959,7.0,SOFT,False,209.0,233.0,336.0,318.0,27.1,37.2,37.0,1016.1,1.3,0.0,1,0
2024,17,FORMULA 1 QATAR AIRWAYS AZERBAIJAN GRAND PRIX 2024,GAS,Alpine,Q1,103.088,15.0,36.375,41.823,24.89,2.0,SOFT,True,214.0,229.0,340.0,319.0,27.1,37.2,37.0,1016.1,1.3,0.0,1,0
2024,17,FORMULA 1 QATAR AIRWAYS AZERBAIJAN GRAND PRIX 2024,HAM,Mercedes,Q1,103.089,7.0,36.621,41.693,24.775,5.0,SOFT,True,218.0,234.0,340.0,321.0,27.1,37.2,37.0,1016.1,1.3,0.0,1,0
2024,17,FORMULA 1 QATAR AIRWAYS AZERBAIJAN GRAND PRIX 2024,VER,Red Bull Racing,Q1,103.097,6.0,36.405,41.657,25.035,7.0,SOFT,False,218.0,237.0,339.0,317.0,27.1,37.2,37.0,1016.1,1.3,0.0,1,0
2024,17,FORMULA 1 QATAR AIRWAYS AZERBAIJAN GRAND PRIX 2024,HUL,Haas F1 Team,Q1,103.101,13.0,36.399,41.822,24.88,2.0,SOFT,True,224.0,225.0,341.0,322.0,27.1,37.2,37.0,1016.1,1.3,0.0,1,0
2024,17,FORMULA 1 QATAR AIRWAYS AZERBAIJAN GRAND PRIX 2024,COL,Williams,Q1,103.138,9.0,36.569,41.708,24.861,2.0,SOFT,True,213.0,231.0,342.0,323.0,27.1,37.2,37.0,1016.1,1.3,0.0,1,0
2024,17,FORMULA 1 QATAR AIRWAYS AZERBAIJAN GRAND PRIX 2024,RUS,Mercedes,Q1,103.139,5.0,36.765,41.581,24.793,2.0,SOFT,True,222.0,230.0,339.0,323.0,27.1,37.2,37.0,1016.1,1.3,0.0,1,0
2024,17,FORMULA 1 QATAR AIRWAYS AZERBAIJAN GRAND PRIX 2024,PER,Red Bull Racing,Q1,103.213,4.0,36.37,41.596,25.247,5.0,SOFT,True,217.0,234.0,339.0,316.0,27.1,37.2,37.0,1016.1,1.3,0.0,1,0
2024,17,FORMULA 1 QATAR AIRWAYS AZERBAIJAN GRAND PRIX 2024,TSU,RB,Q1,103.337,12.0,36.874,41.578,24.885,2.0,SOFT,True,213.0,229.0,342.0,319.0,27.1,37.2,37.0,1016.1,1.3,0.0,1,0
2024,17,FORMULA 1 QATAR AIRWAYS AZERBAIJAN GRAND PRIX 2024,SAI,Ferrari,Q1,103.357,3.0,36.573,41.782,25.002,8.0,SOFT,True,218.0,228.0,338.0,318.0,27.1,37.2,37.0,1016.1,1.3,0.0,1,0
2024,17,FORMULA 1 QATAR AIRWAYS AZERBAIJAN GRAND PRIX 2024,STR,Aston Martin,Q1,103.37,14.0,36.507,41.892,24.971,2.0,SOFT,True,219.0,229.0,339.0,320.0,27.1,37.2,37.0,1016.1,1.3,0.0,1,0
2024,17,FORMULA 1 QATAR AIRWAYS AZERBAIJAN GRAND PRIX 2024,BEA,Haas F1 Team,Q1,103.471,11.0,36.473,42.02,24.978,2.0,SOFT,True,218.0,225.0,337.0,319.0,27.1,37.2,37.0,1016.1,1.3,0.0,1,0
2024,17,FORMULA 1 QATAR AIRWAYS AZERBAIJAN GRAND PRIX 2024,ALO,Aston Martin,Q1,103.472,8.0,36.643,42.094,24.735,2.0,SOFT,True,207.0,223.0,342.0,323.0,27.1,37.2,37.0,1016.1,1.3,0.0,1,0
2024,17,FORMULA 1 QATAR AIRWAYS AZERBAIJAN GRAND PRIX 2024,RIC,RB,Q1,103.547,15.0,36.969,41.617,24.961,2.0,SOFT,True,215.0,227.0,338.0,319.0,27.1,37.2,37.0,1016.1,1.3,0.0,1,0
2024,17,FORMULA 1 QATAR AIRWAYS AZERBAIJAN GRAND PRIX 2024,NOR,McLaren,Q1,103.609,16.0,36.68,41.881,25.048,4.0,SOFT,True,210.0,232.0,339.0,319.0,27.1,37.2,37.0,1016.1,1.3,0.0,1,0
2024,17,FORMULA 1 QATAR AIRWAYS AZERBAIJAN GRAND PRIX 2024,BOT,Kick Sauber,Q1,103.618,17.0,36.474,42.32,24.824,2.0,SOFT,True,226.0,211.0,346.0,320.0,27.1,37.2,37.0,1016.1,1.3,0.0,1,0
2024,17,FORMULA 1 QATAR AIRWAYS AZERBAIJAN GRAND PRIX 2024,ZHO,Kick Sauber,Q1,104.246,18.0,36.851,42.428,24.967,4.0,SOFT,True,207.0,232.0,338.0,318.0,27.1,37.2,37.0,1016.1,1.3,0.0,1,0
2024,17,FORMULA 1 QATAR AIRWAYS AZERBAIJAN GRAND PRIX 2024,OCO,Alpine,Q1,104.504,19.0,37.116,42.214,25.174,2.0,SOFT,True,214.0,233.0,340.0,319.0,27.1,37.2,37.0,1016.1,1.3,0.0,1,0
2024,17,FORMULA 1 QATAR AIRWAYS AZERBAIJAN GRAND PRIX 2024,VER,Red Bull Racing,Q2,102.042,6.0,36.049,41.212,24.781,2.0,SOFT,True,216.0,241.0,342.0,320.0,27.1,37.2,37.0,1016.1,1.3,0.0,2,0
2024,17,FORMULA 1 QATAR AIRWAYS AZERBAIJAN GRAND PRIX 2024,LEC,Ferrari,Q2,102.056,1.0,35.913,40.978,25.165,2.0,SOFT,True,224.0,239.0,336.0,315.0,27.1,37.2,37.0,1016.1,1.3,0.0,2,0
2024,17,FORMULA 1 QATAR AIRWAYS AZERBAIJAN GRAND PRIX 2024,PER,Red Bull Racing,Q2,102.263,4.0,35.904,41.332,25.027,2.0,SOFT,True,231.0,232.0,340.0,317.0,27.1,37.2,37.0,1016.1,1.3,0.0,2,0
2024,17,FORMULA 1 QATAR AIRWAYS AZERBAIJAN GRAND PRIX 2024,RUS,Mercedes,Q2,102.329,5.0,36.152,41.451,24.726,2.0,SOFT,True,207.0,240.0,341.0,322.0,27.1,37.2,37.0,1016.1,1.3,0.0,2,0
2024,17,FORMULA 1 QATAR AIRWAYS AZERBAIJAN GRAND PRIX 2024,ALO,Aston Martin,Q2,102.426,8.0,36.194,41.708,24.524,2.0,SOFT,True,212.0,230.0,345.0,324.0,27.1,37.2,37.0,1016.1,1.3,0.0,2,0
2024,17,FORMULA 1 QATAR AIRWAYS AZERBAIJAN GRAND PRIX 2024,COL,Williams,Q2,102.473,9.0,36.224,41.483,24.766,2.0,SOFT,True,212.0,228.0,339.0,320.0,27.1,37.2,37.0,1016.1,1.3,0.0,2,0
2024,17,FORMULA 1 QATAR AIRWAYS AZERBAIJAN GRAND PRIX 2024,SAI,Ferrari,Q2,102.503,3.0,36.085,41.242,25.176,2.0,SOFT,True,227.0,231.0,334.0,314.0,27.1,37.2,37.0,1016.1,1.3,0.0,2,0
2024,17,FORMULA 1 QATAR AIRWAYS AZERBAIJAN GRAND PRIX 2024,PIA,McLaren,Q2,102.598,2.0,36.232,41.563,24.803,2.0,SOFT,True,211.0,228.0,336.0,319.0,27.1,37.2,37.0,1016.1,1.3,0.0,2,0
2024,17,FORMULA 1 QATAR AIRWAYS AZERBAIJAN GRAND PRIX 2024,HAM,Mercedes,Q2,102.765,7.0,36.512,41.602,24.651,2.0,SOFT,True,217.0,240.0,343.0,324.0,27.1,37.2,37.0,1016.1,1.3,0.0,2,0
2024,17,FORMULA 1 QATAR AIRWAYS AZERBAIJAN GRAND PRIX 2024,ALB,Williams,Q2,102.84,10.0,36.338,41.412,25.09,2.0,SOFT,True,212.0,244.0,337.0,319.0,27.1,37.2,37.0,1016.1,1.3,0.0,2,0
2024,17,FORMULA 1 QATAR AIRWAYS AZERBAIJAN GRAND PRIX 2024,BEA,Haas F1 Team,Q2,102.968,11.0,36.032,41.93,25.006,2.0,SOFT,True,225.0,227.0,337.0,318.0,27.1,37.2,37.0,1016.1,1.3,0.0,2,0
2024,17,FORMULA 1 QATAR AIRWAYS AZERBAIJAN GRAND PRIX 2024,TSU,RB,Q2,103.035,12.0,36.51,41.668,24.857,2.0,SOFT,True,212.0,230.0,341.0,318.0,27.1,37.2,37.0,1016.1,1.3,0.0,2,0
2024,17,FORMULA 1 QATAR AIRWAYS AZERBAIJAN GRAND PRIX 2024,GAS,Alpine,Q2,103.179,15.0,36.266,41.849,25.064,2.0,SOFT,True,212.0,228.0,337.0,315.0,27.1,37.2,37.0,1016.1,1.3,0.0,2,0
2024,17,FORMULA 1 QATAR AIRWAYS AZERBAIJAN GRAND PRIX 2024,HUL,Haas F1 Team,Q2,103.191,13.0,36.337,42.005,24.849,2.0,SOFT,True,220.0,233.0,343.0,320.0,27.1,37.2,37.0,1016.1,1.3,0.0,2,0
2024,17,FORMULA 1 QATAR AIRWAYS AZERBAIJAN GRAND PRIX 2024,STR,Aston Martin,Q2,103.404,14.0,36.487,41.946,24.971,2.0,SOFT,True,214.0,236.0,341.0,318.0,27.1,37.2,37.0,1016.1,1.3,0.0,2,0
2024,17,FORMULA 1 QATAR AIRWAYS AZERBAIJAN GRAND PRIX 2024,LEC,Ferrari,Q3,101.365,1.0,35.702,40.813,24.85,2.0,SOFT,True,220.0,236.0,338.0,317.0,27.1,37.2,37.0,1016.1,1.3,0.0,3,0
2024,17,FORMULA 1 QATAR AIRWAYS AZERBAIJAN GRAND PRIX 2024,PIA,McLaren,Q3,101.686,2.0,35.782,40.972,24.932,2.0,SOFT,True,217.0,231.0,336.0,319.0,27.1,37.2,37.0,1016.1,1.3,0.0,3,0
2024,17,FORMULA 1 QATAR AIRWAYS AZERBAIJAN GRAND PRIX 2024,SAI,Ferrari,Q3,101.805,3.0,35.716,41.181,24.908,2.0,SOFT,True,222.0,230.0,336.0,316.0,27.1,37.2,37.0,1016.1,1.3,0.0,3,0
2024,17,FORMULA 1 QATAR AIRWAYS AZERBAIJAN GRAND PRIX 2024,PER,Red Bull Racing,Q3,101.813,4.0,35.649,41.198,24.966,2.0,SOFT,True,231.0,232.0,340.0,316.0,27.1,37.2,37.0,1016.1,1.3,0.0,3,0
2024,17,FORMULA 1 QATAR AIRWAYS AZERBAIJAN GRAND PRIX 2024,RUS,Mercedes,Q3,101.874,5.0,36.074,41.052,24.748,2.0,SOFT,True,223.0,237.0,339.0,322.0,27.1,37.2,37.0,1016.1,1.3,0.0,3,0
2024,17,FORMULA 1 QATAR AIRWAYS AZERBAIJAN GRAND PRIX 2024,VER,Red Bull Racing,Q3,102.023,6.0,35.948,41.149,24.926,2.0,SOFT,True,224.0,234.0,338.0,318.0,27.1,37.2,37.0,1016.1,1.3,0.0,3,0
2024,17,FORMULA 1 QATAR AIRWAYS AZERBAIJAN GRAND PRIX 2024,HAM,Mercedes,Q3,102.289,7.0,36.174,41.422,24.693,2.0,SOFT,True,220.0,237.0,341.0,323.0,27.1,37.2,37.0,1016.1,1.3,0.0,3,0
2024,17,FORMULA 1 QATAR AIRWAYS AZERBAIJAN GRAND PRIX 2024,ALO,Aston Martin,Q3,102.369,8.0,36.064,41.611,24.694,2.0,SOFT,True,219.0,235.0,343.0,322.0,27.1,37.2,37.0,1016.1,1.3,0.0,3,0
2024,17,FORMULA 1 QATAR AIRWAYS AZERBAIJAN GRAND PRIX 2024,COL,Williams,Q3,102.53,9.0,36.158,41.455,24.917,2.0,SOFT,True,215.0,235.0,337.0,320.0,27.1,37.2,37.0,1016.1,1.3,0.0,3,0
2024,17,FORMULA 1 QATAR AIRWAYS AZERBAIJAN GRAND PRIX 2024,ALB,Williams,Q3,102.859,10.0,36.554,41.353,24.951999999999998,5.0,SOFT,False,220.0,237.0,339.0,321.0,27.1,37.2,37.0,1016.1,1.3,0.0,3,0
2024,18,FORMULA 1 SINGAPORE AIRLINES SINGAPORE GRAND PRIX 2024,NOR,McLaren,Q1,90.002,1.0,26.735,37.824,25.443,5.0,SOFT,False,310.0,278.0,259.0,303.0,29.4,32.0,79.0,1007.5,1.3,0.0,1,0
2024,18,FORMULA 1 SINGAPORE AIRLINES SINGAPORE GRAND PRIX 2024,VER,Red Bull Racing,Q1,90.157,2.0,26.763,37.949,25.445,2.0,SOFT,True,313.0,278.0,262.0,303.0,29.4,32.0,79.0,1007.5,1.3,0.0,1,0
2024,18,FORMULA 1 SINGAPORE AIRLINES SINGAPORE GRAND PRIX 2024,PIA,McLaren,Q1,90.258,5.0,26.756,37.919,25.583,5.0,SOFT,False,310.0,278.0,258.0,302.0,29.4,32.0,79.0,1007.5,1.3,0.0,1,0
2024,18,FORMULA 1 SINGAPORE AIRLINES SINGAPORE GRAND PRIX 2024,HAM,Mercedes,Q1,90.393,3.0,26.883,37.977,25.533,2.0,SOFT,True,312.0,278.0,258.0,304.0,29.4,32.0,79.0,1007.5,1.3,0.0,1,0
2024,18,FORMULA 1 SINGAPORE AIRLINES SINGAPORE GRAND PRIX 2024,PER,Red Bull Racing,Q1,90.624,13.0,26.822,38.312,25.49,2.0,SOFT,True,315.0,279.0,258.0,303.0,29.4,32.0,79.0,1007.5,1.3,0.0,1,0
2024,18,FORMULA 1 SINGAPORE AIRLINES SINGAPORE GRAND PRIX 2024,SAI,Ferrari,Q1,90.67,10.0,26.898,38.15,25.622,2.0,SOFT,True,312.0,279.0,261.0,303.0,29.4,32.0,79.0,1007.5,1.3,0.0,1,0
2024,18,FORMULA 1 SINGAPORE AIRLINES SINGAPORE GRAND PRIX 2024,ALB,Williams,Q1,90.679,11.0,26.876,38.082,25.721,2.0,SOFT,True,307.0,276.0,256.0,300.0,29.4,32.0,79.0,1007.5,1.3,0.0,1,0
2024,18,FORMULA 1 SINGAPORE AIRLINES SINGAPORE GRAND PRIX 2024,ALO,Aston Martin,Q1,90.684,7.0,26.847,38.21,25.627,2.0,SOFT,True,313.0,280.0,257.0,303.0,29.4,32.0,79.0,1007.5,1.3,0.0,1,0
2024,18,FORMULA 1 SINGAPORE AIRLINES SINGAPORE GRAND PRIX 2024,COL,Williams,Q1,90.704,12.0,26.964,37.939,25.801,2.0,SOFT,True,310.0,276.0,255.0,301.0,29.4,32.0,79.0,1007.5,1.3,0.0,1,0
2024,18,FORMULA 1 SINGAPORE AIRLINES SINGAPORE GRAND PRIX 2024,TSU,RB,Q1,90.716,8.0,26.826,38.192,25.698,2.0,SOFT,True,308.0,275.0,257.0,298.0,29.4,32.0,79.0,1007.5,1.3,0.0,1,0
2024,18,FORMULA 1 SINGAPORE AIRLINES SINGAPORE GRAND PRIX 2024,HUL,Haas F1 Team,Q1,90.724,6.0,27.045,38.184,25.495,2.0,SOFT,True,313.0,281.0,260.0,305.0,29.4,32.0,79.0,1007.5,1.3,0.0,1,0
2024,18,FORMULA 1 SINGAPORE AIRLINES SINGAPORE GRAND PRIX 2024,LEC,Ferrari,Q1,90.786,9.0,26.876,38.229,25.681,5.0,SOFT,True,312.0,280.0,260.0,301.0,29.4,32.0,79.0,1007.5,1.3,0.0,1,0
2024,18,FORMULA 1 SINGAPORE AIRLINES SINGAPORE GRAND PRIX 2024,RUS,Mercedes,Q1,90.811,4.0,27.002,38.212,25.597,2.0,SOFT,True,313.0,279.0,257.0,303.0,29.4,32.0,79.0,1007.5,1.3,0.0,1,0
2024,18,FORMULA 1 SINGAPORE AIRLINES SINGAPORE GRAND PRIX 2024,MAG,Haas F1 Team,Q1,90.829,14.0,26.885,38.292,25.652,2.0,SOFT,True,315.0,281.0,259.0,304.0,29.4,32.0,79.0,1007.5,1.3,0.0,1,0
2024,18,FORMULA 1 SINGAPORE AIRLINES SINGAPORE GRAND PRIX 2024,OCO,Alpine,Q1,90.958,15.0,27.057,38.356,25.545,2.0,SOFT,True,312.0,278.0,260.0,303.0,29.4,32.0,79.0,1007.5,1.3,0.0,1,0
2024,18,FORMULA 1 SINGAPORE AIRLINES SINGAPORE GRAND PRIX 2024,RIC,RB,Q1,91.085,16.0,27.079,38.308,25.698,2.0,SOFT,True,308.0,277.0,257.0,298.0,29.4,32.0,79.0,1007.5,1.3,0.0,1,0
2024,18,FORMULA 1 SINGAPORE AIRLINES SINGAPORE GRAND PRIX 2024,STR,Aston Martin,Q1,91.094,17.0,26.873,38.53,25.691,2.0,SOFT,True,315.0,279.0,254.0,304.0,29.4,32.0,79.0,1007.5,1.3,0.0,1,0
2024,18,FORMULA 1 SINGAPORE AIRLINES SINGAPORE GRAND PRIX 2024,GAS,Alpine,Q1,91.312,18.0,27.088,38.568,25.656,2.0,SOFT,True,312.0,278.0,254.0,302.0,29.4,32.0,79.0,1007.5,1.3,0.0,1,0
2024,18,FORMULA 1 SINGAPORE AIRLINES SINGAPORE GRAND PRIX 2024,BOT,Kick Sauber,Q1,91.572,19.0,27.189,38.4,25.983,2.0,SOFT,True,311.0,278.0,255.0,302.0,29.4,32.0,79.0,1007.5,1.3,0.0,1,0
2024,18,FORMULA 1 SINGAPORE AIRLINES SINGAPORE GRAND PRIX 2024,ZHO,Kick Sauber,Q1,92.054,20.0,27.236,38.783,26.035,2.0,SOFT,True,310.0,279.0,250.0,300.0,29.4,32.0,79.0,1007.5,1.3,0.0,1,0
2024,18,FORMULA 1 SINGAPORE AIRLINES SINGAPORE GRAND PRIX 2024,PIA,McLaren,Q2,89.64,5.0,26.603,37.753,25.284,2.0,SOFT,True,312.0,278.0,260.0,302.0,29.4,32.0,79.0,1007.5,1.3,0.0,2,0
2024,18,FORMULA 1 SINGAPORE AIRLINES SINGAPORE GRAND PRIX 2024,VER,Red Bull Racing,Q2,89.68,2.0,26.615,37.663,25.402,2.0,SOFT,True,310.0,277.0,258.0,302.0,29.4,32.0,79.0,1007.5,1.3,0.0,2,0
2024,18,FORMULA 1 SINGAPORE AIRLINES SINGAPORE GRAND PRIX 2024,LEC,Ferrari,Q2,89.747,9.0,26.533,37.759,25.455,2.0,SOFT,True,312.0,279.0,262.0,301.0,29.4,32.0,79.0,1007.5,1.3,0.0,2,0
2024,18,FORMULA 1 SINGAPORE AIRLINES SINGAPORE GRAND PRIX 2024,HAM,Mercedes,Q2,89.929,3.0,26.742,37.797,25.39,2.0,SOFT,True,312.0,278.0,256.0,303.0,29.4,32.0,79.0,1007.5,1.3,0.0,2,0
2024,18,FORMULA 1 SINGAPORE AIRLINES SINGAPORE GRAND PRIX 2024,NOR,McLaren,Q2,90.007,1.0,26.586,37.678,25.743,2.0,SOFT,True,312.0,279.0,257.0,303.0,29.4,32.0,79.0,1007.5,1.3,0.0,2,0
2024,18,FORMULA 1 SINGAPORE AIRLINES SINGAPORE GRAND PRIX 2024,SAI,Ferrari,Q2,90.108,10.0,26.75,37.866,25.492,2.0,SOFT,True,313.0,279.0,260.0,301.0,29.4,32.0,79.0,1007.5,1.3,0.0,2,0
2024,18,FORMULA 1 SINGAPORE AIRLINES SINGAPORE GRAND PRIX 2024,HUL,Haas F1 Team,Q2,90.15,6.0,26.802,38.048,25.3,2.0,SOFT,True,315.0,280.0,261.0,304.0,29.4,32.0,79.0,1007.5,1.3,0.0,2,0
2024,18,FORMULA 1 SINGAPORE AIRLINES SINGAPORE GRAND PRIX 2024,RUS,Mercedes,Q2,90.153,4.0,26.826999999999998,37.956,25.37,2.0,SOFT,True,313.0,279.0,258.0,304.0,29.4,32.0,79.0,1007.5,1.3,0.0,2,0
2024,18,FORMULA 1 SINGAPORE AIRLINES SINGAPORE GRAND PRIX 2024,TSU,RB,Q2,90.289,8.0,26.769,37.897,25.623,2.0,SOFT,True,309.0,277.0,257.0,298.0,29.4,32.0,79.0,1007.5,1.3,0.0,2,0
2024,18,FORMULA 1 SINGAPORE AIRLINES SINGAPORE GRAND PRIX 2024,ALO,Aston Martin,Q2,90.45,7.0,26.704,38.2,25.546,2.0,SOFT,True,314.0,279.0,258.0,303.0,29.4,32.0,79.0,1007.5,1.3,0.0,2,0
2024,18,FORMULA 1 SINGAPORE AIRLINES SINGAPORE GRAND PRIX 2024,ALB,Williams,Q2,90.474,11.0,26.839,38.06,25.575,2.0,SOFT,True,311.0,277.0,255.0,303.0,29.4,32.0,79.0,1007.5,1.3,0.0,2,0
2024,18,FORMULA 1 SINGAPORE AIRLINES SINGAPORE GRAND PRIX 2024,COL,Williams,Q2,90.481,12.0,26.841,37.984,25.656,2.0,SOFT,True,311.0,277.0,253.0,302.0,29.4,32.0,79.0,1007.5,1.3,0.0,2,0
2024,18,FORMULA 1 SINGAPORE AIRLINES SINGAPORE GRAND PRIX 2024,PER,Red Bull Racing,Q2,90.579,13.0,26.936,38.154,25.489,2.0,SOFT,True,313.0,279.0,259.0,304.0,29.4,32.0,79.0,1007.5,1.3,0.0,2,0
2024,18,FORMULA 1 SINGAPORE AIRLINES SINGAPORE GRAND PRIX 2024,MAG,Haas F1 Team,Q2,90.653,14.0,26.889,38.268,25.496,2.0,SOFT,True,314.0,280.0,261.0,304.0,29.4,32.0,79.0,1007.5,1.3,0.0,2,0
2024,18,FORMULA 1 SINGAPORE AIRLINES SINGAPORE GRAND PRIX 2024,OCO,Alpine,Q2,90.769,15.0,26.993,38.296,25.48,2.0,SOFT,True,313.0,279.0,258.0,302.0,29.4,32.0,79.0,1007.5,1.3,0.0,2,0
2024,18,FORMULA 1 SINGAPORE AIRLINES SINGAPORE GRAND PRIX 2024,NOR,McLaren,Q3,89.525,1.0,26.599,37.63,25.296,2.0,SOFT,True,312.0,279.0,261.0,304.0,29.4,32.0,79.0,1007.5,1.3,0.0,3,0
2024,18,FORMULA 1 SINGAPORE AIRLINES SINGAPORE GRAND PRIX 2024,VER,Red Bull Racing,Q3,89.728,2.0,26.641,37.726,25.361,2.0,SOFT,True,312.0,278.0,260.0,303.0,29.4,32.0,79.0,1007.5,1.3,0.0,3,0
2024,18,FORMULA 1 SINGAPORE AIRLINES SINGAPORE GRAND PRIX 2024,HAM,Mercedes,Q3,89.841,3.0,26.626,37.987,25.228,2.0,SOFT,True,313.0,279.0,257.0,305.0,29.4,32.0,79.0,1007.5,1.3,0.0,3,0
2024,18,FORMULA 1 SINGAPORE AIRLINES SINGAPORE GRAND PRIX 2024,RUS,Mercedes,Q3,89.867,4.0,26.727,37.913,25.227,2.0,SOFT,True,314.0,280.0,261.0,304.0,29.4,32.0,79.0,1007.5,1.3,0.0,3,0
2024,18,FORMULA 1 SINGAPORE AIRLINES SINGAPORE GRAND PRIX 2024,PIA,McLaren,Q3,89.953,5.0,26.641,37.652,25.66,2.0,SOFT,True,310.0,278.0,261.0,302.0,29.4,32.0,79.0,1007.5,1.3,0.0,3,0
2024,18,FORMULA 1 SINGAPORE AIRLINES SINGAPORE GRAND PRIX 2024,HUL,Haas F1 Team,Q3,90.115,6.0,26.742,37.939,25.434,2.0,SOFT,True,314.0,280.0,261.0,304.0,29.4,32.0,79.0,1007.5,1.3,0.0,3,0
2024,18,FORMULA 1 SINGAPORE AIRLINES SINGAPORE GRAND PRIX 2024,LEC,Ferrari,Q3,90.119,9.0,26.829,37.871,25.419,2.0,SOFT,True,310.0,279.0,261.0,302.0,29.4,32.0,79.0,1007.5,1.3,0.0,3,0
2024,18,FORMULA 1 SINGAPORE AIRLINES SINGAPORE GRAND PRIX 2024,ALO,Aston Martin,Q3,90.214,7.0,26.647,38.13,25.437,2.0,SOFT,True,313.0,279.0,258.0,304.0,29.4,32.0,79.0,1007.5,1.3,0.0,3,0
2024,18,FORMULA 1 SINGAPORE AIRLINES SINGAPORE GRAND PRIX 2024,TSU,RB,Q3,90.354,8.0,26.881,37.937,25.536,2.0,SOFT,True,309.0,277.0,257.0,300.0,29.4,32.0,79.0,1007.5,1.3,0.0,3,0
