Year,Round,Circuit,Driver,Team,AirTemp_C,TrackTemp_C,Humidity_pct,Pressure_hPa,WindSpeed_ms,Rainfall,Wet,GridPosition,quali_session_reached,q1_laptime_s,q1_sector1_s,q1_sector2_s,q1_sector3_s,q1_speedi1,q1_speedi2,q1_speedfl,q1_speedst,q1_tyrelife,q1_compound,q1_freshtyre,q2_laptime_s,q2_sector1_s,q2_sector2_s,q2_sector3_s,q2_speedi1,q2_speedi2,q2_speedfl,q2_speedst,q2_tyrelife,q2_compound,q2_freshtyre,q3_laptime_s,q3_sector1_s,q3_sector2_s,q3_sector3_s,q3_speedi1,q3_speedi2,q3_speedfl,q3_speedst,q3_tyrelife,q3_compound,q3_freshtyre
2022,1,BAHRAIN GRAND PRIX,ALB,Williams,19.4,25.4,56.0,1013.7,0.5,0.0,0,14.0,2,92.726,29.64,39.785,23.301,240.0,272.0,288.0,314.0,2.0,SOFT,True,92.664,29.564,39.897,23.203,240.0,271.0,287.0,313.0,2.0,SOFT,True,,,,,,,,,,,
2022,1,BAHRAIN GRAND PRIX,ALO,Alpine,19.4,25.4,56.0,1013.7,0.5,0.0,0,8.0,3,92.346,29.571,39.609,23.166,241.0,268.0,287.0,318.0,2.0,SOFT,True,91.621,29.306,39.305,23.01,241.0,268.0,286.0,318.0,2.0,SOFT,True,92.195,29.47,39.551,23.174,239.0,268.0,287.0,320.0,2.0,SOFT,True
2022,1,BAHRAIN GRAND PRIX,BOT,Kick Sauber,19.4,25.4,56.0,1013.7,0.5,0.0,0,6.0,3,91.919,29.391,39.5,23.028,240.0,268.0,287.0,313.0,2.0,SOFT,True,91.717,29.402,39.454,22.861,240.0,268.0,285.0,315.0,2.0,SOFT,True,91.56,29.203,39.296,23.061,239.0,269.0,286.0,314.0,2.0,SOFT,True
2022,1,BAHRAIN GRAND PRIX,GAS,Racing Bulls,19.4,25.4,56.0,1013.7,0.5,0.0,0,10.0,3,92.096,29.597,39.481,23.018,238.0,268.0,287.0,315.0,2.0,SOFT,True,91.635,29.253,39.335,23.047,239.0,269.0,279.0,314.0,2.0,SOFT,True,92.338,29.392,39.815,23.131,239.0,269.0,276.0,315.0,2.0,SOFT,True
2022,1,BAHRAIN GRAND PRIX,HAM,Mercedes,19.4,25.4,56.0,1013.7,0.5,0.0,0,5.0,3,92.285,29.549,39.74,22.996,238.0,266.0,286.0,314.0,2.0,SOFT,True,91.048,29.1,39.038,22.91,240.0,268.0,285.0,314.0,2.0,SOFT,True,91.238,29.384,38.965,22.889,239.0,268.0,285.0,312.0,2.0,SOFT,True
2022,1,BAHRAIN GRAND PRIX,HUL,Aston Martin,19.4,25.4,56.0,1013.7,0.5,0.0,0,17.0,1,92.777,29.833,39.76,23.184,238.0,264.0,279.0,310.0,2.0,SOFT,True,,,,,,,,,,,,,,,,,,,,,,
2022,1,BAHRAIN GRAND PRIX,LAT,Williams,19.4,25.4,56.0,1013.7,0.5,0.0,0,20.0,1,93.634,29.81,40.495,23.329,240.0,270.0,289.0,319.0,2.0,SOFT,True,,,,,,,,,,,,,,,,,,,,,,
2022,1,BAHRAIN GRAND PRIX,LEC,Ferrari,19.4,25.4,56.0,1013.7,0.5,0.0,0,1.0,3,91.471,29.367,39.067,23.037,241.0,269.0,286.0,314.0,2.0,SOFT,True,90.932,29.355,38.85,22.727,242.0,271.0,286.0,312.0,2.0,SOFT,True,90.558,29.115,38.702,22.741,241.0,270.0,288.0,316.0,2.0,SOFT,True
2022,1,BAHRAIN GRAND PRIX,MAG,Haas F1 Team,19.4,25.4,56.0,1013.7,0.5,0.0,0,7.0,3,91.955,29.58,39.379,22.996,240.0,270.0,288.0,318.0,2.0,SOFT,True,91.461,29.391,39.191,22.879,241.0,271.0,287.0,316.0,2.0,SOFT,True,91.808,29.31,39.456,23.042,241.0,270.0,278.0,318.0,2.0,SOFT,True
2022,1,BAHRAIN GRAND PRIX,MSC,Haas F1 Team,19.4,25.4,56.0,1013.7,0.5,0.0,0,12.0,2,92.38,29.642,39.743,22.995,239.0,271.0,289.0,318.0,2.0,SOFT,True,91.998,29.538,39.43,23.03,241.0,271.0,287.0,317.0,2.0,SOFT,True,,,,,,,,,,,
2022,1,BAHRAIN GRAND PRIX,NOR,McLaren,19.4,25.4,56.0,1013.7,0.5,0.0,0,13.0,2,92.239,29.632,39.514,23.093,237.0,267.0,285.0,315.0,2.0,SOFT,True,92.008,29.544,39.355,23.109,237.0,267.0,283.0,313.0,2.0,SOFT,True,,,,,,,,,,,
2022,1,BAHRAIN GRAND PRIX,OCO,Alpine,19.4,25.4,56.0,1013.7,0.5,0.0,0,11.0,2,92.041,29.538,39.431,23.072,239.0,269.0,286.0,317.0,2.0,SOFT,True,91.782,29.407,39.294,23.081,240.0,269.0,287.0,320.0,2.0,SOFT,True,,,,,,,,,,,
2022,1,BAHRAIN GRAND PRIX,PER,Red Bull Racing,19.4,25.4,56.0,1013.7,0.5,0.0,0,4.0,3,92.311,29.807,39.462,23.042,236.0,269.0,289.0,320.0,5.0,SOFT,False,91.008,29.165,39.097,22.746,241.0,270.0,289.0,322.0,2.0,SOFT,True,90.921,29.18,38.894,22.847,239.0,269.0,288.0,322.0,2.0,SOFT,True
2022,1,BAHRAIN GRAND PRIX,RIC,McLaren,19.4,25.4,56.0,1013.7,0.5,0.0,0,18.0,1,92.945,29.763,39.862,23.32,237.0,266.0,282.0,311.0,2.0,SOFT,True,,,,,,,,,,,,,,,,,,,,,,
2022,1,BAHRAIN GRAND PRIX,RUS,Mercedes,19.4,25.4,56.0,1013.7,0.5,0.0,0,9.0,3,92.269,29.652,39.53,23.087,237.0,266.0,282.0,309.0,4.0,SOFT,True,91.252,29.197,39.104,22.951,239.0,265.0,284.0,313.0,2.0,SOFT,True,92.216,30.002,39.362,22.852,238.0,267.0,284.0,309.0,2.0,SOFT,True
2022,1,BAHRAIN GRAND PRIX,SAI,Ferrari,19.4,25.4,56.0,1013.7,0.5,0.0,0,3.0,3,91.567,29.394,39.218,22.955,240.0,268.0,287.0,315.0,2.0,SOFT,True,90.787,29.089,38.885,22.813,240.0,269.0,287.0,315.0,2.0,SOFT,True,90.687,29.036,38.842,22.809,240.0,270.0,284.0,315.0,2.0,SOFT,True
2022,1,BAHRAIN GRAND PRIX,STR,Aston Martin,19.4,25.4,56.0,1013.7,0.5,0.0,0,19.0,1,93.032,29.906,39.844,23.282,238.0,267.0,284.0,311.0,2.0,SOFT,True,,,,,,,,,,,,,,,,,,,,,,
2022,1,BAHRAIN GRAND PRIX,TSU,Racing Bulls,19.4,25.4,56.0,1013.7,0.5,0.0,0,16.0,1,92.75,29.724,39.811,23.215,235.0,267.0,286.0,318.0,2.0,SOFT,True,,,,,,,,,,,,,,,,,,,,,,
2022,1,BAHRAIN GRAND PRIX,VER,Red Bull Racing,19.4,25.4,56.0,1013.7,0.5,0.0,0,2.0,3,91.785,29.422,39.518,22.845,237.0,270.0,288.0,321.0,4.0,SOFT,True,90.757,29.028,38.834,22.895,239.0,271.0,288.0,322.0,2.0,SOFT,True,90.681,28.97,38.832,22.879,239.0,271.0,289.0,322.0,2.0,SOFT,True
2022,1,BAHRAIN GRAND PRIX,ZHO,Kick Sauber,19.4,25.4,56.0,1013.7,0.5,0.0,0,15.0,2,92.493,29.501,39.796,23.196,240.0,268.0,288.0,314.0,2.0,SOFT,True,92.387,29.493,39.829,23.065,241.0,268.0,286.0,315.0,2.0,SOFT,True,,,,,,,,,,,
2022,2,SAUDI ARABIAN GRAND PRIX,ALB,Williams,23.4,25.3,59.0,1014.5,3.0,0.0,0,17.0,1,90.492,33.167,28.975,28.35,288.0,323.0,304.0,326.0,4.0,SOFT,True,,,,,,,,,,,,,,,,,,,,,,
2022,2,SAUDI ARABIAN GRAND PRIX,ALO,Alpine,23.4,25.3,59.0,1014.5,3.0,0.0,0,7.0,3,89.978,32.853,28.843,28.282,286.0,317.0,301.0,323.0,6.0,SOFT,True,89.295,32.668,28.716,27.911,282.0,315.0,299.0,326.0,6.0,SOFT,False,89.147,32.724,28.581,27.842,285.0,319.0,303.0,328.0,2.0,SOFT,True
2022,2,SAUDI ARABIAN GRAND PRIX,BOT,Kick Sauber,23.4,25.3,59.0,1014.5,3.0,0.0,0,8.0,3,89.683,32.829,28.765,28.089,286.0,322.0,303.0,325.0,6.0,SOFT,True,89.404,32.795,28.654,27.955,283.0,324.0,299.0,328.0,3.0,SOFT,True,89.183,32.544,28.572,28.067,285.0,321.0,297.0,326.0,6.0,SOFT,True
2022,2,SAUDI ARABIAN GRAND PRIX,GAS,Racing Bulls,23.4,25.3,59.0,1014.5,3.0,0.0,0,9.0,3,89.891,32.896,28.787,28.208,284.0,322.0,301.0,326.0,4.0,SOFT,False,89.418,32.722,28.574,28.122,284.0,323.0,295.0,326.0,4.0,SOFT,False,89.254,32.698,28.586,27.97,285.0,323.0,302.0,328.0,5.0,SOFT,False
2022,2,SAUDI ARABIAN GRAND PRIX,HAM,Mercedes,23.4,25.3,59.0,1014.5,3.0,0.0,0,16.0,1,90.343,33.085,28.967,28.291,285.0,317.0,299.0,324.0,6.0,SOFT,True,,,,,,,,,,,,,,,,,,,,,,
2022,2,SAUDI ARABIAN GRAND PRIX,HUL,Aston Martin,23.4,25.3,59.0,1014.5,3.0,0.0,0,18.0,1,90.543,33.201,28.915,28.427,287.0,318.0,302.0,325.0,2.0,SOFT,True,,,,,,,,,,,,,,,,,,,,,,
2022,2,SAUDI ARABIAN GRAND PRIX,LAT,Williams,23.4,25.3,59.0,1014.5,3.0,0.0,0,19.0,1,91.817,33.926,29.247,28.644,282.0,321.0,301.0,325.0,2.0,SOFT,True,,,,,,,,,,,,,,,,,,,,,,
2022,2,SAUDI ARABIAN GRAND PRIX,LEC,Ferrari,23.4,25.3,59.0,1014.5,3.0,0.0,0,2.0,3,89.039,32.57,28.486,27.983,285.0,320.0,297.0,325.0,5.0,SOFT,False,88.78,32.565,28.448,27.767,282.0,322.0,300.0,326.0,4.0,SOFT,False,88.225,32.134,28.347,27.744,287.0,320.0,300.0,325.0,3.0,SOFT,True
2022,2,SAUDI ARABIAN GRAND PRIX,MAG,Haas F1 Team,23.4,25.3,59.0,1014.5,3.0,0.0,0,10.0,3,89.831,32.879,28.858,28.094,283.0,323.0,303.0,329.0,4.0,SOFT,True,89.546,32.821,28.703,28.022,280.0,324.0,298.0,329.0,5.0,SOFT,False,89.588,32.765,28.706,28.117,284.0,325.0,299.0,330.0,7.0,SOFT,False
2022,2,SAUDI ARABIAN GRAND PRIX,MSC,Haas F1 Team,23.4,25.3,59.0,1014.5,3.0,0.0,0,14.0,2,90.167,32.896,29.035,28.236,283.0,320.0,300.0,326.0,3.0,SOFT,True,89.92,32.914,28.765,28.241,283.0,322.0,300.0,327.0,6.0,SOFT,False,,,,,,,,,,,
2022,2,SAUDI ARABIAN GRAND PRIX,NOR,McLaren,23.4,25.3,59.0,1014.5,3.0,0.0,0,11.0,2,89.957,32.832,28.797,28.328,283.0,315.0,287.0,320.0,4.0,SOFT,True,89.651,32.721,28.669,28.261,283.0,318.0,296.0,323.0,3.0,SOFT,False,,,,,,,,,,,
2022,2,SAUDI ARABIAN GRAND PRIX,OCO,Alpine,23.4,25.3,59.0,1014.5,3.0,0.0,0,5.0,3,90.093,32.894,28.85,28.349,286.0,319.0,301.0,324.0,6.0,SOFT,True,89.584,32.836,28.677,28.071,284.0,319.0,299.0,326.0,3.0,SOFT,True,89.068,32.566,28.589,27.913,288.0,320.0,302.0,326.0,9.0,SOFT,False
2022,2,SAUDI ARABIAN GRAND PRIX,PER,Red Bull Racing,23.4,25.3,59.0,1014.5,3.0,0.0,0,1.0,3,89.705,32.881,28.752,28.072,288.0,327.0,307.0,332.0,6.0,SOFT,False,88.924,32.69,28.48,27.754,289.0,330.0,305.0,333.0,2.0,SOFT,True,88.2,32.299,28.323,27.578,290.0,329.0,308.0,335.0,2.0,SOFT,True
2022,2,SAUDI ARABIAN GRAND PRIX,RIC,McLaren,23.4,25.3,59.0,1014.5,3.0,0.0,0,12.0,2,90.009,32.741,28.833,28.435,284.0,315.0,291.0,321.0,4.0,SOFT,True,89.773,32.78,28.776,28.217,282.0,314.0,289.0,321.0,4.0,SOFT,False,,,,,,,,,,,
2022,2,SAUDI ARABIAN GRAND PRIX,RUS,Mercedes,23.4,25.3,59.0,1014.5,3.0,0.0,0,6.0,3,89.68,32.646,28.768,28.266,287.0,319.0,296.0,324.0,2.0,SOFT,True,89.618,32.607,28.672,28.339,287.0,315.0,299.0,323.0,6.0,MEDIUM,False,89.104,32.501,28.548,28.055,286.0,313.0,296.0,322.0,3.0,SOFT,True
2022,2,SAUDI ARABIAN GRAND PRIX,SAI,Ferrari,23.4,25.3,59.0,1014.5,3.0,0.0,0,3.0,3,88.855,32.426,28.519,27.91,286.0,320.0,296.0,325.0,5.0,SOFT,False,73.67,,33.035,31.369,255.0,296.0,290.0,294.0,2.0,SOFT,False,88.402,32.289,28.482,27.631,288.0,320.0,301.0,327.0,7.0,SOFT,False
2022,2,SAUDI ARABIAN GRAND PRIX,STR,Aston Martin,23.4,25.3,59.0,1014.5,3.0,0.0,0,15.0,2,90.256,33.048,28.884,28.324,288.0,320.0,303.0,326.0,2.0,SOFT,True,91.009,33.294,29.201,28.514,285.0,322.0,302.0,325.0,8.0,SOFT,False,,,,,,,,,,,
2022,2,SAUDI ARABIAN GRAND PRIX,VER,Red Bull Racing,23.4,25.3,59.0,1014.5,3.0,0.0,0,4.0,3,88.928,32.634,28.414,27.88,288.0,326.0,308.0,331.0,6.0,SOFT,False,88.945,32.681,28.347,27.917,288.0,328.0,306.0,332.0,3.0,SOFT,True,88.461,32.314,28.335,27.812,290.0,326.0,302.0,334.0,3.0,SOFT,True
2022,2,SAUDI ARABIAN GRAND PRIX,ZHO,Kick Sauber,23.4,25.3,59.0,1014.5,3.0,0.0,0,13.0,2,89.978,32.985,28.735,28.258,285.0,322.0,298.0,326.0,6.0,SOFT,True,89.819,33.028,28.714,28.077,284.0,323.0,298.0,327.0,5.0,SOFT,False,,,,,,,,,,,
2022,3,AUSTRALIAN GRAND PRIX,ALB,Williams,23.2,29.1,57.0,1017.4,1.1,0.0,0,16.0,1,80.135,27.401,18.067,34.667,283.0,300.0,300.0,315.0,2.0,SOFT,True,,,,,,,,,,,,,,,,,,,,,,
2022,3,AUSTRALIAN GRAND PRIX,ALO,Alpine,23.2,29.1,57.0,1017.4,1.1,0.0,0,10.0,3,79.192,27.193,17.86,34.139,283.0,305.0,301.0,320.0,4.0,SOFT,True,78.815,27.015,17.78,34.02,284.0,307.0,303.0,322.0,2.0,SOFT,True,100.649,38.302,23.009,39.338,255.0,267.0,305.0,209.0,1.0,SOFT,True
2022,3,AUSTRALIAN GRAND PRIX,BOT,Kick Sauber,23.2,29.1,57.0,1017.4,1.1,0.0,0,12.0,2,79.251,27.193,18.019,34.039,283.0,304.0,300.0,314.0,4.0,SOFT,True,79.41,27.318,17.996,34.096,282.0,307.0,301.0,316.0,2.0,SOFT,True,,,,,,,,,,,
2022,3,AUSTRALIAN GRAND PRIX,GAS,Racing Bulls,23.2,29.1,57.0,1017.4,1.1,0.0,0,11.0,2,79.58,27.419,18.049,34.112,279.0,298.0,295.0,313.0,7.0,SOFT,False,79.226,27.317,18.086,33.823,278.0,298.0,300.0,316.0,5.0,SOFT,False,,,,,,,,,,,
2022,3,AUSTRALIAN GRAND PRIX,HAM,Mercedes,23.2,29.1,57.0,1017.4,1.1,0.0,0,5.0,3,79.401,27.163,18.116,34.122,278.0,292.0,295.0,312.0,5.0,SOFT,True,79.106,27.237,18.059,33.81,279.0,295.0,297.0,315.0,3.0,SOFT,True,78.825,26.975,18.0,33.85,280.0,294.0,297.0,313.0,5.0,SOFT,True
2022,3,AUSTRALIAN GRAND PRIX,LAT,Williams,23.2,29.1,57.0,1017.4,1.1,0.0,0,19.0,1,81.372,27.719,18.192,35.461,281.0,301.0,302.0,317.0,4.0,SOFT,True,,,,,,,,,,,,,,,,,,,,,,
2022,3,AUSTRALIAN GRAND PRIX,LEC,Ferrari,23.2,29.1,57.0,1017.4,1.1,0.0,0,1.0,3,78.881,27.152,17.935,33.794,283.0,301.0,298.0,310.0,4.0,SOFT,True,78.606,26.915,17.978,33.713,283.0,299.0,298.0,312.0,3.0,SOFT,True,77.868,26.74,17.786,33.342,284.0,302.0,301.0,312.0,3.0,SOFT,True
2022,3,AUSTRALIAN GRAND PRIX,MAG,Haas F1 Team,23.2,29.1,57.0,1017.4,1.1,0.0,0,17.0,1,80.254,27.859,18.237,34.158,279.0,298.0,297.0,313.0,2.0,SOFT,True,,,,,,,,,,,,,,,,,,,,,,
2022,3,AUSTRALIAN GRAND PRIX,MSC,Haas F1 Team,23.2,29.1,57.0,1017.4,1.1,0.0,0,15.0,2,80.104,27.352,18.273,34.479,278.0,299.0,299.0,313.0,2.0,SOFT,True,80.465,27.358,18.258,34.849,280.0,295.0,299.0,313.0,4.0,SOFT,True,,,,,,,,,,,
2022,3,AUSTRALIAN GRAND PRIX,NOR,McLaren,23.2,29.1,57.0,1017.4,1.1,0.0,0,4.0,3,79.28,27.145,18.133,34.002,278.0,294.0,296.0,312.0,5.0,SOFT,True,79.066,27.244,17.971,33.851,279.0,297.0,296.0,319.0,2.0,SOFT,True,78.703,27.047,17.991,33.665,279.0,295.0,298.0,314.0,2.0,SOFT,True
2022,3,AUSTRALIAN GRAND PRIX,OCO,Alpine,23.2,29.1,57.0,1017.4,1.1,0.0,0,8.0,3,79.605,27.462,17.945,34.198,282.0,305.0,299.0,318.0,4.0,SOFT,True,79.136,27.193,17.929,34.014,283.0,307.0,300.0,319.0,2.0,SOFT,True,79.061,26.96,17.963,34.138,284.0,306.0,302.0,320.0,2.0,SOFT,True
2022,3,AUSTRALIAN GRAND PRIX,PER,Red Bull Racing,23.2,29.1,57.0,1017.4,1.1,0.0,0,3.0,3,78.834,27.198,17.946,33.69,283.0,304.0,302.0,322.0,6.0,SOFT,True,78.34,26.946,17.839,33.555,283.0,306.0,304.0,321.0,4.0,SOFT,True,78.24,26.845,17.76,33.635,283.0,306.0,293.0,320.0,2.0,SOFT,True
2022,3,AUSTRALIAN GRAND PRIX,RIC,McLaren,23.2,29.1,57.0,1017.4,1.1,0.0,0,7.0,3,79.665,27.451,18.194,34.02,278.0,290.0,297.0,312.0,5.0,SOFT,True,79.13,27.236,17.981,33.913,278.0,293.0,295.0,314.0,4.0,SOFT,False,79.032,27.143,18.066,33.823,278.0,291.0,293.0,312.0,5.0,SOFT,False
2022,3,AUSTRALIAN GRAND PRIX,RUS,Mercedes,23.2,29.1,57.0,1017.4,1.1,0.0,0,6.0,3,79.405,27.257,18.033,34.115,278.0,294.0,297.0,313.0,5.0,SOFT,True,79.076,27.084,18.017,33.975,280.0,293.0,298.0,315.0,4.0,SOFT,True,78.933,27.037,18.05,33.846,279.0,290.0,296.0,312.0,5.0,SOFT,True
2022,3,AUSTRALIAN GRAND PRIX,SAI,Ferrari,23.2,29.1,57.0,1017.4,1.1,0.0,0,9.0,3,78.983,27.213,18.025,33.745,281.0,296.0,298.0,310.0,6.0,SOFT,True,78.469,27.01,17.772,33.687,283.0,304.0,296.0,313.0,5.0,SOFT,True,79.408,26.942,17.844,34.622,283.0,301.0,299.0,312.0,2.0,SOFT,True
2022,3,AUSTRALIAN GRAND PRIX,STR,Aston Martin,23.2,29.1,57.0,1017.4,1.1,0.0,0,20.0,1,106.833,43.939,20.806,42.088,156.0,282.0,296.0,100.0,1.0,SOFT,True,,,,,,,,,,,,,,,,,,,,,,
2022,3,AUSTRALIAN GRAND PRIX,TSU,Racing Bulls,23.2,29.1,57.0,1017.4,1.1,0.0,0,13.0,2,79.742,27.33,18.104,34.308,278.0,302.0,298.0,316.0,2.0,SOFT,True,79.424,27.079,18.098,34.247,281.0,303.0,299.0,317.0,4.0,SOFT,True,,,,,,,,,,,
2022,3,AUSTRALIAN GRAND PRIX,VER,Red Bull Racing,23.2,29.1,57.0,1017.4,1.1,0.0,0,2.0,3,78.58,27.091,17.866,33.623,281.0,303.0,299.0,318.0,6.0,SOFT,True,78.611,27.11,17.831,33.67,282.0,303.0,302.0,317.0,2.0,SOFT,True,78.154,26.865,17.792,33.497,281.0,304.0,298.0,318.0,2.0,SOFT,True
2022,3,AUSTRALIAN GRAND PRIX,VET,Aston Martin,23.2,29.1,57.0,1017.4,1.1,0.0,0,18.0,1,81.149,27.994,18.148,35.007,279.0,299.0,299.0,313.0,2.0,SOFT,True,,,,,,,,,,,,,,,,,,,,,,
2022,3,AUSTRALIAN GRAND PRIX,ZHO,Kick Sauber,23.2,29.1,57.0,1017.4,1.1,0.0,0,14.0,2,79.91,27.625,18.204,34.081,278.0,300.0,299.0,313.0,2.0,SOFT,True,80.155,27.7,18.202,34.253,279.0,302.0,296.0,314.0,4.0,SOFT,True,,,,,,,,,,,
2022,4,GRAN PREMIO DEL MADE IN ITALY E DELL'EMILIA-ROMAGNA,ALB,Williams,12.5,14.4,84.0,997.7,1.8,0.0,0,20.0,1,123.171,59.055,32.59,31.526,192.0,239.0,271.0,241.0,1.0,SOFT,True,,,,,,,,,,,,,,,,,,,,,,
2022,4,GRAN PREMIO DEL MADE IN ITALY E DELL'EMILIA-ROMAGNA,ALO,Alpine,12.5,14.4,84.0,997.7,1.8,0.0,0,5.0,3,80.198,25.937,27.178,27.083,220.0,258.0,270.0,291.0,8.0,SOFT,True,79.595,25.764,27.126,26.705,223.0,258.0,269.0,290.0,2.0,SOFT,True,89.202,28.212,30.034,30.956,209.0,250.0,265.0,268.0,3.0,INTERMEDIATE,True
2022,4,GRAN PREMIO DEL MADE IN ITALY E DELL'EMILIA-ROMAGNA,BOT,Kick Sauber,12.5,14.4,84.0,997.7,1.8,0.0,0,8.0,3,80.419,26.21,27.281,26.928,217.0,257.0,264.0,281.0,12.0,SOFT,False,80.192,26.045,27.455,26.692,214.0,257.0,265.0,283.0,2.0,SOFT,True,90.439,28.796,30.289,31.354,201.0,245.0,258.0,252.0,7.0,INTERMEDIATE,False
2022,4,GRAN PREMIO DEL MADE IN ITALY E DELL'EMILIA-ROMAGNA,GAS,Racing Bulls,12.5,14.4,84.0,997.7,1.8,0.0,0,17.0,1,80.732,26.39,27.254,27.088,217.0,256.0,271.0,289.0,7.0,SOFT,True,,,,,,,,,,,,,,,,,,,,,,
2022,4,GRAN PREMIO DEL MADE IN ITALY E DELL'EMILIA-ROMAGNA,HAM,Mercedes,12.5,14.4,84.0,997.7,1.8,0.0,0,13.0,2,80.47,25.979,27.379,27.112,211.0,255.0,274.0,284.0,3.0,SOFT,True,81.138,26.356,27.725,27.057,214.0,256.0,272.0,284.0,2.0,SOFT,True,,,,,,,,,,,
2022,4,GRAN PREMIO DEL MADE IN ITALY E DELL'EMILIA-ROMAGNA,LAT,Williams,12.5,14.4,84.0,997.7,1.8,0.0,0,18.0,1,81.971,26.653,27.869,27.449,210.0,259.0,274.0,295.0,4.0,SOFT,True,,,,,,,,,,,,,,,,,,,,,,
2022,4,GRAN PREMIO DEL MADE IN ITALY E DELL'EMILIA-ROMAGNA,LEC,Ferrari,12.5,14.4,84.0,997.7,1.8,0.0,0,2.0,3,78.796,25.581,26.959,26.256,222.0,260.0,272.0,291.0,9.0,SOFT,False,79.584,25.953,27.189,26.442,221.0,258.0,274.0,292.0,2.0,SOFT,True,88.778,28.87,29.711,30.197,207.0,250.0,268.0,272.0,2.0,INTERMEDIATE,True
2022,4,GRAN PREMIO DEL MADE IN ITALY E DELL'EMILIA-ROMAGNA,MAG,Haas F1 Team,12.5,14.4,84.0,997.7,1.8,0.0,0,4.0,3,80.147,26.027,27.191,26.929,215.0,259.0,269.0,286.0,7.0,SOFT,True,79.902,26.054,27.081,26.767,215.0,255.0,267.0,288.0,2.0,SOFT,True,89.164,28.408,30.157,30.599,200.0,247.0,265.0,278.0,3.0,INTERMEDIATE,True
2022,4,GRAN PREMIO DEL MADE IN ITALY E DELL'EMILIA-ROMAGNA,MSC,Haas F1 Team,12.5,14.4,84.0,997.7,1.8,0.0,0,12.0,2,80.422,26.129,27.376,26.917,221.0,256.0,269.0,290.0,8.0,SOFT,True,80.916,25.96,28.152,26.804,223.0,256.0,271.0,290.0,2.0,SOFT,True,,,,,,,,,,,
2022,4,GRAN PREMIO DEL MADE IN ITALY E DELL'EMILIA-ROMAGNA,NOR,McLaren,12.5,14.4,84.0,997.7,1.8,0.0,0,3.0,3,80.168,26.165,27.254,26.749,218.0,256.0,270.0,290.0,4.0,SOFT,True,79.294,25.742,27.08,26.472,224.0,257.0,271.0,290.0,2.0,SOFT,True,89.131,28.236,29.992,30.903,206.0,244.0,263.0,270.0,4.0,INTERMEDIATE,False
2022,4,GRAN PREMIO DEL MADE IN ITALY E DELL'EMILIA-ROMAGNA,OCO,Alpine,12.5,14.4,84.0,997.7,1.8,0.0,0,19.0,1,82.338,26.48,28.024,27.834,217.0,256.0,272.0,282.0,6.0,SOFT,False,,,,,,,,,,,,,,,,,,,,,,
2022,4,GRAN PREMIO DEL MADE IN ITALY E DELL'EMILIA-ROMAGNA,PER,Red Bull Racing,12.5,14.4,84.0,997.7,1.8,0.0,0,7.0,3,79.773,25.771,27.213,26.789,221.0,259.0,275.0,296.0,8.0,SOFT,True,79.296,25.6,27.042,26.654,222.0,259.0,274.0,294.0,2.0,SOFT,True,89.808,27.781,31.334,30.693,208.0,232.0,267.0,277.0,3.0,INTERMEDIATE,True
2022,4,GRAN PREMIO DEL MADE IN ITALY E DELL'EMILIA-ROMAGNA,RIC,McLaren,12.5,14.4,84.0,997.7,1.8,0.0,0,6.0,3,79.98,25.795,27.212,26.973,220.0,256.0,273.0,290.0,7.0,SOFT,True,80.031,26.018,27.305,26.708,219.0,256.0,268.0,290.0,2.0,SOFT,True,89.742,28.592,30.516,30.634,206.0,244.0,264.0,260.0,2.0,INTERMEDIATE,True
2022,4,GRAN PREMIO DEL MADE IN ITALY E DELL'EMILIA-ROMAGNA,RUS,Mercedes,12.5,14.4,84.0,997.7,1.8,0.0,0,11.0,2,80.383,26.019,27.482,26.882,216.0,254.0,272.0,282.0,4.0,SOFT,False,80.757,26.286,27.458,27.013,218.0,253.0,273.0,285.0,2.0,SOFT,True,,,,,,,,,,,
2022,4,GRAN PREMIO DEL MADE IN ITALY E DELL'EMILIA-ROMAGNA,SAI,Ferrari,12.5,14.4,84.0,997.7,1.8,0.0,0,10.0,2,79.305,25.882,26.917,26.506,219.0,259.0,273.0,293.0,9.0,SOFT,False,78.678,25.325,27.087,26.266,219.0,257.0,,293.0,3.0,SOFT,True,,,,,,,,,,,
2022,4,GRAN PREMIO DEL MADE IN ITALY E DELL'EMILIA-ROMAGNA,STR,Aston Martin,12.5,14.4,84.0,997.7,1.8,0.0,0,15.0,2,80.342,25.915,27.197,27.23,218.0,260.0,273.0,295.0,2.0,SOFT,True,88.119,25.81,27.564,34.745,220.0,256.0,210.0,163.0,2.0,SOFT,True,,,,,,,,,,,
2022,4,GRAN PREMIO DEL MADE IN ITALY E DELL'EMILIA-ROMAGNA,TSU,Racing Bulls,12.5,14.4,84.0,997.7,1.8,0.0,0,16.0,1,80.474,26.331,27.339,26.804,218.0,258.0,267.0,290.0,7.0,SOFT,True,,,,,,,,,,,,,,,,,,,,,,
2022,4,GRAN PREMIO DEL MADE IN ITALY E DELL'EMILIA-ROMAGNA,VER,Red Bull Racing,12.5,14.4,84.0,997.7,1.8,0.0,0,1.0,3,79.295,25.546,26.935,26.814,220.0,261.0,276.0,295.0,7.0,SOFT,True,78.793,25.472,26.85,26.471,220.0,259.0,275.0,294.0,2.0,SOFT,True,87.999,27.642,29.779,30.578,212.0,250.0,269.0,238.0,3.0,INTERMEDIATE,True
2022,4,GRAN PREMIO DEL MADE IN ITALY E DELL'EMILIA-ROMAGNA,VET,Aston Martin,12.5,14.4,84.0,997.7,1.8,0.0,0,9.0,3,80.364,26.115,27.322,26.927,220.0,259.0,273.0,296.0,2.0,SOFT,True,79.957,25.833,27.325,26.799,219.0,259.0,274.0,295.0,2.0,SOFT,True,91.062,28.933,30.824,31.305,199.0,249.0,267.0,235.0,2.0,INTERMEDIATE,True
2022,4,GRAN PREMIO DEL MADE IN ITALY E DELL'EMILIA-ROMAGNA,ZHO,Kick Sauber,12.5,14.4,84.0,997.7,1.8,0.0,0,14.0,2,79.73,25.729,27.408,26.593,218.0,256.0,270.0,287.0,8.0,SOFT,True,81.434,26.529,27.888,27.017,215.0,257.0,273.0,291.0,2.0,SOFT,True,,,,,,,,,,,
2022,5,MIAMI GRAND PRIX,ALB,Williams,33.2,50.8,40.0,1008.5,1.6,0.0,0,18.0,1,91.266,30.641,34.81,25.815,221.0,190.0,288.0,327.0,2.0,SOFT,True,,,,,,,,,,,,,,,,,,,,,,
2022,5,MIAMI GRAND PRIX,ALO,Alpine,33.2,50.8,40.0,1008.5,1.6,0.0,0,11.0,2,90.407,30.005,34.413,25.989,220.0,191.0,285.0,326.0,2.0,SOFT,True,90.16,29.773,34.616,25.771,220.0,189.0,285.0,326.0,2.0,SOFT,True,,,,,,,,,,,
2022,5,MIAMI GRAND PRIX,BOT,Kick Sauber,33.2,50.8,40.0,1008.5,1.6,0.0,0,5.0,3,90.845,29.962,35.002,25.881,225.0,191.0,285.0,317.0,2.0,SOFT,True,89.751,29.993,34.216,25.542,223.0,192.0,286.0,324.0,2.0,SOFT,True,89.475,29.833,34.074,25.568,223.0,194.0,286.0,324.0,2.0,SOFT,True
2022,5,MIAMI GRAND PRIX,GAS,Racing Bulls,33.2,50.8,40.0,1008.5,1.6,0.0,0,7.0,3,90.779,30.515,34.617,25.647,223.0,191.0,286.0,327.0,2.0,SOFT,True,90.128,30.145,34.201,25.782,221.0,192.0,284.0,327.0,2.0,SOFT,True,89.69,29.907,34.246,25.537,221.0,191.0,285.0,326.0,2.0,SOFT,True
2022,5,MIAMI GRAND PRIX,HAM,Mercedes,33.2,50.8,40.0,1008.5,1.6,0.0,0,6.0,3,90.388,29.957,34.59,25.841,222.0,190.0,283.0,323.0,2.0,SOFT,True,89.797,29.869,34.463,25.465,220.0,192.0,282.0,327.0,5.0,SOFT,False,89.625,29.687,34.29,25.648,221.0,191.0,285.0,324.0,2.0,SOFT,True
2022,5,MIAMI GRAND PRIX,LAT,Williams,33.2,50.8,40.0,1008.5,1.6,0.0,0,19.0,1,91.325,30.651,34.834,25.84,217.0,190.0,284.0,324.0,4.0,SOFT,True,,,,,,,,,,,,,,,,,,,,,,
2022,5,MIAMI GRAND PRIX,LEC,Ferrari,33.2,50.8,40.0,1008.5,1.6,0.0,0,1.0,3,89.474,29.711,34.296,25.467,219.0,192.0,286.0,325.0,5.0,SOFT,False,89.13,29.504,34.19,25.436,224.0,192.0,285.0,323.0,2.0,SOFT,True,88.796,29.441,33.831,25.524,222.0,194.0,284.0,323.0,2.0,SOFT,True
2022,5,MIAMI GRAND PRIX,MAG,Haas F1 Team,33.2,50.8,40.0,1008.5,1.6,0.0,0,16.0,1,90.975,30.523,34.919,25.533,218.0,189.0,287.0,326.0,9.0,SOFT,True,,,,,,,,,,,,,,,,,,,,,,
2022,5,MIAMI GRAND PRIX,MSC,Haas F1 Team,33.2,50.8,40.0,1008.5,1.6,0.0,0,15.0,2,90.645,29.972,34.802,25.871,221.0,190.0,284.0,323.0,2.0,SOFT,True,90.423,30.044,34.532,25.847,222.0,191.0,283.0,324.0,6.0,SOFT,False,,,,,,,,,,,
2022,5,MIAMI GRAND PRIX,NOR,McLaren,33.2,50.8,40.0,1008.5,1.6,0.0,0,8.0,3,90.761,30.354,34.416,25.991,223.0,190.0,281.0,322.0,5.0,SOFT,True,89.634,29.709,34.057,25.868,220.0,191.0,281.0,320.0,2.0,SOFT,True,89.75,29.704,34.235,25.811,222.0,190.0,280.0,322.0,2.0,SOFT,True
2022,5,MIAMI GRAND PRIX,PER,Red Bull Racing,33.2,50.8,40.0,1008.5,1.6,0.0,0,4.0,3,90.055,30.172,34.353,25.53,222.0,192.0,288.0,334.0,8.0,SOFT,False,89.673,29.673,34.232,25.768,219.0,191.0,286.0,332.0,2.0,SOFT,True,89.036,29.635,34.012,25.389,223.0,192.0,287.0,332.0,2.0,SOFT,True
2022,5,MIAMI GRAND PRIX,RIC,McLaren,33.2,50.8,40.0,1008.5,1.6,0.0,0,14.0,2,90.583,30.101,34.549,25.933,221.0,191.0,284.0,322.0,5.0,SOFT,True,90.31,29.834,34.501,25.975,220.0,191.0,281.0,314.0,2.0,SOFT,True,,,,,,,,,,,
2022,5,MIAMI GRAND PRIX,RUS,Mercedes,33.2,50.8,40.0,1008.5,1.6,0.0,0,12.0,2,90.49,30.07,34.572,25.848,221.0,191.0,285.0,322.0,7.0,SOFT,True,90.173,29.799,34.559,25.815,221.0,190.0,286.0,322.0,3.0,SOFT,True,,,,,,,,,,,
2022,5,MIAMI GRAND PRIX,SAI,Ferrari,33.2,50.8,40.0,1008.5,1.6,0.0,0,2.0,3,90.079,29.808,34.584,25.687,223.0,190.0,286.0,321.0,5.0,SOFT,False,89.729,29.568,34.423,25.738,224.0,191.0,283.0,322.0,12.0,SOFT,False,88.986,29.278,34.017,25.691,223.0,192.0,285.0,322.0,2.0,SOFT,True
2022,5,MIAMI GRAND PRIX,STR,Aston Martin,33.2,50.8,40.0,1008.5,1.6,0.0,0,10.0,3,90.441,30.165,34.479,25.797,220.0,191.0,287.0,324.0,2.0,SOFT,True,89.996,30.112,34.357,25.527,222.0,192.0,288.0,325.0,2.0,SOFT,True,90.676,30.438,34.552,25.686,220.0,190.0,288.0,323.0,2.0,SOFT,True
2022,5,MIAMI GRAND PRIX,TSU,Racing Bulls,33.2,50.8,40.0,1008.5,1.6,0.0,0,9.0,3,90.485,30.135,34.645,25.705,222.0,191.0,286.0,327.0,2.0,SOFT,True,90.031,29.977,34.385,25.669,222.0,190.0,284.0,325.0,2.0,SOFT,True,89.932,29.975,34.286,25.671,220.0,191.0,285.0,327.0,2.0,SOFT,True
2022,5,MIAMI GRAND PRIX,VER,Red Bull Racing,33.2,50.8,40.0,1008.5,1.6,0.0,0,3.0,3,89.836,30.186,34.142,25.508,222.0,192.0,287.0,331.0,5.0,SOFT,True,89.202,29.738,33.955,25.509,222.0,192.0,287.0,332.0,2.0,SOFT,True,88.991,29.546,33.977,25.468,223.0,192.0,287.0,334.0,2.0,SOFT,True
2022,5,MIAMI GRAND PRIX,VET,Aston Martin,33.2,50.8,40.0,1008.5,1.6,0.0,0,13.0,2,90.677,30.776,34.324,25.577,224.0,192.0,286.0,325.0,2.0,SOFT,True,90.214,30.193,34.403,25.618,224.0,190.0,286.0,324.0,2.0,SOFT,True,,,,,,,,,,,
2022,5,MIAMI GRAND PRIX,ZHO,Kick Sauber,33.2,50.8,40.0,1008.5,1.6,0.0,0,17.0,1,91.02,30.468,34.531,26.021,219.0,190.0,281.0,326.0,4.0,SOFT,True,,,,,,,,,,,,,,,,,,,,,,
2022,6,GRAN PREMIO DE ESPAÑA,ALB,Williams,34.7,47.2,18.0,1003.4,3.0,0.0,0,19.0,1,81.645,22.57,30.748,28.327,283.0,293.0,285.0,322.0,2.0,SOFT,True,,,,,,,,,,,,,,,,,,,,,,
2022,6,GRAN PREMIO DE ESPAÑA,ALO,Alpine,34.7,47.2,18.0,1003.4,3.0,0.0,0,17.0,1,81.043,22.413,30.54,28.09,284.0,295.0,282.0,317.0,2.0,SOFT,True,,,,,,,,,,,,,,,,,,,,,,
2022,6,GRAN PREMIO DE ESPAÑA,BOT,Kick Sauber,34.7,47.2,18.0,1003.4,3.0,0.0,0,7.0,3,80.355,22.345,30.127,27.883,286.0,302.0,283.0,318.0,2.0,SOFT,True,80.053,22.198,30.082,27.773,286.0,303.0,285.0,321.0,2.0,SOFT,True,79.608,22.245,29.92,27.443,285.0,304.0,284.0,318.0,2.0,SOFT,True
2022,6,GRAN PREMIO DE ESPAÑA,GAS,Racing Bulls,34.7,47.2,18.0,1003.4,3.0,0.0,0,14.0,2,80.719,22.304,30.346,28.069,285.0,303.0,283.0,322.0,2.0,SOFT,True,80.861,22.422,30.404,28.035,287.0,304.0,283.0,320.0,2.0,SOFT,True,,,,,,,,,,,
2022,6,GRAN PREMIO DE ESPAÑA,HAM,Mercedes,34.7,47.2,18.0,1003.4,3.0,0.0,0,6.0,3,80.252,22.161,29.9,28.191,289.0,307.0,282.0,320.0,2.0,SOFT,True,79.794,22.115,29.723,27.956,288.0,307.0,283.0,319.0,2.0,SOFT,True,79.512,22.095,29.596,27.821,287.0,306.0,280.0,318.0,2.0,SOFT,True
2022,6,GRAN PREMIO DE ESPAÑA,LAT,Williams,34.7,47.2,18.0,1003.4,3.0,0.0,0,20.0,1,81.915,22.517,30.812,28.586,284.0,294.0,283.0,321.0,2.0,SOFT,True,,,,,,,,,,,,,,,,,,,,,,
2022,6,GRAN PREMIO DE ESPAÑA,LEC,Ferrari,34.7,47.2,18.0,1003.4,3.0,0.0,0,1.0,3,79.861,22.333,29.923,27.605,285.0,305.0,286.0,319.0,2.0,SOFT,True,79.969,22.19,29.954,27.825,287.0,307.0,287.0,321.0,5.0,SOFT,False,78.75,22.004,29.41,27.336,285.0,306.0,282.0,316.0,2.0,SOFT,True
2022,6,GRAN PREMIO DE ESPAÑA,MAG,Haas F1 Team,34.7,47.2,18.0,1003.4,3.0,0.0,0,8.0,3,80.227,22.452,30.061,27.714,288.0,302.0,286.0,320.0,2.0,SOFT,True,79.81,22.239,29.988,27.583,289.0,304.0,285.0,320.0,2.0,SOFT,True,79.682,22.115,30.006,27.561,288.0,300.0,278.0,322.0,2.0,SOFT,True
2022,6,GRAN PREMIO DE ESPAÑA,MSC,Haas F1 Team,34.7,47.2,18.0,1003.4,3.0,0.0,0,10.0,3,80.683,22.365,30.43,27.888,284.0,303.0,286.0,321.0,2.0,SOFT,True,80.436,22.304,30.092,28.04,286.0,310.0,288.0,324.0,2.0,SOFT,True,80.368,22.275,30.205,27.888,286.0,306.0,286.0,321.0,2.0,SOFT,True
2022,6,GRAN PREMIO DE ESPAÑA,NOR,McLaren,34.7,47.2,18.0,1003.4,3.0,0.0,0,11.0,2,80.838,22.384,30.304,28.15,281.0,296.0,278.0,317.0,2.0,SOFT,True,79.977,22.218,29.991,27.768,281.0,299.0,278.0,315.0,2.0,SOFT,True,,,,,,,,,,,
2022,6,GRAN PREMIO DE ESPAÑA,OCO,Alpine,34.7,47.2,18.0,1003.4,3.0,0.0,0,12.0,2,80.88,22.376,30.36,28.144,287.0,302.0,283.0,318.0,2.0,SOFT,True,80.638,22.353,30.389,27.896,282.0,302.0,282.0,316.0,2.0,SOFT,True,,,,,,,,,,,
2022,6,GRAN PREMIO DE ESPAÑA,PER,Red Bull Racing,34.7,47.2,18.0,1003.4,3.0,0.0,0,5.0,3,80.447,22.395,30.118,27.934,288.0,305.0,283.0,316.0,2.0,SOFT,True,79.83,22.048,29.954,27.828,289.0,307.0,286.0,323.0,2.0,SOFT,True,79.42,22.194,29.761,27.465,289.0,306.0,285.0,320.0,2.0,SOFT,True
2022,6,GRAN PREMIO DE ESPAÑA,RIC,McLaren,34.7,47.2,18.0,1003.4,3.0,0.0,0,9.0,3,80.549,22.251,30.259,28.039,280.0,302.0,278.0,319.0,2.0,SOFT,True,80.287,22.243,30.158,27.886,281.0,302.0,277.0,316.0,2.0,SOFT,True,80.297,22.19,30.24,27.867,281.0,303.0,276.0,316.0,2.0,SOFT,True
2022,6,GRAN PREMIO DE ESPAÑA,RUS,Mercedes,34.7,47.2,18.0,1003.4,3.0,0.0,0,4.0,3,80.218,22.15,30.12,27.948,286.0,291.0,282.0,321.0,2.0,SOFT,True,79.47,21.995,29.776,27.699,286.0,295.0,284.0,321.0,2.0,SOFT,True,79.393,21.936,29.735,27.722,283.0,301.0,281.0,322.0,2.0,SOFT,True
2022,6,GRAN PREMIO DE ESPAÑA,SAI,Ferrari,34.7,47.2,18.0,1003.4,3.0,0.0,0,3.0,3,79.892,22.329,29.826,27.737,285.0,304.0,285.0,315.0,2.0,SOFT,True,79.453,22.08,29.819,27.554,288.0,305.0,285.0,320.0,2.0,SOFT,True,79.166,22.189,29.583,27.394,284.0,307.0,284.0,316.0,2.0,SOFT,True
2022,6,GRAN PREMIO DE ESPAÑA,STR,Aston Martin,34.7,47.2,18.0,1003.4,3.0,0.0,0,18.0,1,81.418,22.611,30.41,28.397,287.0,298.0,277.0,318.0,2.0,SOFT,True,,,,,,,,,,,,,,,,,,,,,,
2022,6,GRAN PREMIO DE ESPAÑA,TSU,Racing Bulls,34.7,47.2,18.0,1003.4,3.0,0.0,0,13.0,2,80.707,22.277,30.409,28.021,289.0,305.0,285.0,322.0,2.0,SOFT,True,80.639,22.262,30.393,27.984,290.0,304.0,283.0,319.0,2.0,SOFT,True,,,,,,,,,,,
2022,6,GRAN PREMIO DE ESPAÑA,VER,Red Bull Racing,34.7,47.2,18.0,1003.4,3.0,0.0,0,2.0,3,80.091,22.163,30.047,27.881,287.0,304.0,281.0,321.0,2.0,SOFT,True,79.219,22.068,29.662,27.489,290.0,306.0,283.0,318.0,2.0,SOFT,True,79.073,21.978,29.684,27.411,290.0,302.0,285.0,318.0,2.0,SOFT,True
2022,6,GRAN PREMIO DE ESPAÑA,VET,Aston Martin,34.7,47.2,18.0,1003.4,3.0,0.0,0,16.0,1,80.954,22.433,30.324,28.197,285.0,294.0,279.0,318.0,2.0,SOFT,True,,,,,,,,,,,,,,,,,,,,,,
2022,6,GRAN PREMIO DE ESPAÑA,ZHO,Kick Sauber,34.7,47.2,18.0,1003.4,3.0,0.0,0,15.0,2,80.476,22.376,30.23,27.87,286.0,303.0,283.0,320.0,2.0,SOFT,True,81.094,22.578,30.503,28.013,286.0,302.0,282.0,317.0,5.0,SOFT,False,,,,,,,,,,,
2022,7,GRAND PRIX DE MONACO,ALB,Williams,26.6,47.8,45.0,1003.5,0.8,0.0,0,16.0,1,73.611,19.518,34.728,19.365,210.0,197.0,269.0,284.0,2.0,SOFT,True,,,,,,,,,,,,,,,,,,,,,,
2022,7,GRAND PRIX DE MONACO,ALO,Alpine,26.6,47.8,45.0,1003.5,0.8,0.0,0,7.0,3,73.394,19.563,34.527,19.304,215.0,197.0,267.0,277.0,5.0,SOFT,True,72.688,19.318,34.309,19.061,215.0,199.0,268.0,276.0,2.0,SOFT,True,72.247,19.08,34.086,19.081,216.0,202.0,268.0,277.0,2.0,SOFT,True
2022,7,GRAND PRIX DE MONACO,BOT,Kick Sauber,26.6,47.8,45.0,1003.5,0.8,0.0,0,12.0,2,73.541,19.845,34.459,19.237,219.0,198.0,269.0,278.0,2.0,SOFT,True,72.909,19.31,34.445,19.154,216.0,200.0,269.0,280.0,2.0,SOFT,True,,,,,,,,,,,
2022,7,GRAND PRIX DE MONACO,GAS,Racing Bulls,26.6,47.8,45.0,1003.5,0.8,0.0,0,17.0,1,73.66,19.71,34.553,19.397,216.0,198.0,269.0,283.0,5.0,SOFT,True,,,,,,,,,,,,,,,,,,,,,,
2022,7,GRAND PRIX DE MONACO,HAM,Mercedes,26.6,47.8,45.0,1003.5,0.8,0.0,0,8.0,3,73.444,19.504,34.49,19.45,216.0,200.0,269.0,280.0,7.0,SOFT,True,72.595,19.272,34.231,19.092,217.0,202.0,271.0,281.0,4.0,SOFT,True,72.56,19.142,34.23,19.188,217.0,202.0,271.0,280.0,7.0,SOFT,False
2022,7,GRAND PRIX DE MONACO,LAT,Williams,26.6,47.8,45.0,1003.5,0.8,0.0,0,19.0,1,74.403,19.904,35.01,19.489,209.0,196.0,271.0,285.0,2.0,SOFT,True,,,,,,,,,,,,,,,,,,,,,,
2022,7,GRAND PRIX DE MONACO,LEC,Ferrari,26.6,47.8,45.0,1003.5,0.8,0.0,0,1.0,3,72.569,19.174,34.06,19.335,218.0,202.0,265.0,281.0,6.0,SOFT,True,71.864,18.907,33.928,19.029,221.0,204.0,268.0,283.0,5.0,SOFT,True,71.376,18.872,33.738,18.766,220.0,205.0,268.0,279.0,2.0,SOFT,True
2022,7,GRAND PRIX DE MONACO,MAG,Haas F1 Team,26.6,47.8,45.0,1003.5,0.8,0.0,0,13.0,2,73.069,19.506,34.316,19.247,215.0,202.0,272.0,281.0,3.0,SOFT,True,72.921,19.406,34.037,19.478,217.0,204.0,272.0,282.0,3.0,SOFT,True,,,,,,,,,,,
2022,7,GRAND PRIX DE MONACO,MSC,Haas F1 Team,26.6,47.8,45.0,1003.5,0.8,0.0,0,15.0,2,73.469,19.545,34.554,19.37,217.0,199.0,271.0,282.0,3.0,SOFT,True,73.081,19.297,34.393,19.391,207.0,199.0,273.0,284.0,3.0,SOFT,True,,,,,,,,,,,
2022,7,GRAND PRIX DE MONACO,NOR,McLaren,26.6,47.8,45.0,1003.5,0.8,0.0,0,5.0,3,72.927,19.542,34.275,19.11,209.0,201.0,269.0,282.0,2.0,SOFT,True,72.266,19.188,34.131,18.947,215.0,203.0,270.0,281.0,2.0,SOFT,True,71.849,19.126,33.77,18.953,218.0,205.0,269.0,280.0,2.0,SOFT,True
2022,7,GRAND PRIX DE MONACO,OCO,Alpine,26.6,47.8,45.0,1003.5,0.8,0.0,0,10.0,3,72.848,19.37,34.193,19.285,214.0,198.0,270.0,281.0,2.0,SOFT,True,72.528,19.294,34.084,19.15,213.0,200.0,270.0,280.0,2.0,SOFT,True,73.047,19.371,34.168,19.508,214.0,197.0,268.0,279.0,5.0,SOFT,False
2022,7,GRAND PRIX DE MONACO,PER,Red Bull Racing,26.6,47.8,45.0,1003.5,0.8,0.0,0,3.0,3,73.004,19.28,34.519,19.205,216.0,201.0,268.0,280.0,8.0,SOFT,True,71.954,18.967,34.045,18.942,215.0,201.0,269.0,280.0,3.0,SOFT,False,71.629,18.909,33.891,18.829,218.0,203.0,272.0,282.0,2.0,SOFT,True
2022,7,GRAND PRIX DE MONACO,RIC,McLaren,26.6,47.8,45.0,1003.5,0.8,0.0,0,14.0,2,73.338,19.446,34.675,19.217,212.0,202.0,271.0,283.0,2.0,SOFT,True,72.964,19.447,34.357,19.16,213.0,203.0,271.0,282.0,4.0,SOFT,True,,,,,,,,,,,
2022,7,GRAND PRIX DE MONACO,RUS,Mercedes,26.6,47.8,45.0,1003.5,0.8,0.0,0,6.0,3,72.787,19.321,34.159,19.307,213.0,206.0,271.0,281.0,3.0,SOFT,True,72.617,19.221,34.207,19.189,214.0,207.0,270.0,280.0,2.0,SOFT,True,72.112,18.981,34.016,19.115,218.0,207.0,269.0,277.0,2.0,SOFT,True
2022,7,GRAND PRIX DE MONACO,SAI,Ferrari,26.6,47.8,45.0,1003.5,0.8,0.0,0,2.0,3,72.616,19.392,34.106,19.118,217.0,204.0,270.0,282.0,6.0,SOFT,True,72.074,19.212,33.899,18.963,210.0,205.0,270.0,281.0,2.0,SOFT,True,71.601,18.964,33.738,18.899,220.0,208.0,271.0,281.0,2.0,SOFT,True
2022,7,GRAND PRIX DE MONACO,STR,Aston Martin,26.6,47.8,45.0,1003.5,0.8,0.0,0,18.0,1,73.678,19.612,34.571,19.495,208.0,198.0,269.0,283.0,2.0,SOFT,True,,,,,,,,,,,,,,,,,,,,,,
2022,7,GRAND PRIX DE MONACO,TSU,Racing Bulls,26.6,47.8,45.0,1003.5,0.8,0.0,0,11.0,2,73.11,19.491,34.17,19.449,215.0,198.0,270.0,283.0,2.0,SOFT,True,72.797,19.342,34.213,19.242,213.0,200.0,270.0,281.0,2.0,SOFT,True,,,,,,,,,,,
2022,7,GRAND PRIX DE MONACO,VER,Red Bull Racing,26.6,47.8,45.0,1003.5,0.8,0.0,0,4.0,3,72.993,19.346,34.344,19.303,213.0,199.0,268.0,281.0,6.0,SOFT,True,72.117,19.099,33.995,19.023,216.0,201.0,270.0,283.0,2.0,SOFT,True,71.666,18.987,33.827,18.852,214.0,201.0,272.0,282.0,2.0,SOFT,True
2022,7,GRAND PRIX DE MONACO,VET,Aston Martin,26.6,47.8,45.0,1003.5,0.8,0.0,0,9.0,3,73.313,19.537,34.331,19.445,208.0,201.0,270.0,282.0,6.0,SOFT,False,72.613,19.337,34.096,19.18,210.0,202.0,271.0,282.0,3.0,SOFT,True,72.732,19.487,34.085,19.16,214.0,199.0,271.0,282.0,3.0,SOFT,True
2022,7,GRAND PRIX DE MONACO,ZHO,Kick Sauber,26.6,47.8,45.0,1003.5,0.8,0.0,0,20.0,1,75.606,20.382,35.354,19.87,212.0,195.0,268.0,279.0,4.0,SOFT,True,,,,,,,,,,,,,,,,,,,,,,
2022,8,GRAND PRIX DE MONACO,ALB,Williams,24.9,34.6,69.0,1015.5,0.8,0.0,0,17.0,1,104.719,36.929,42.325,25.465,210.0,237.0,336.0,318.0,4.0,SOFT,True,,,,,,,,,,,,,,,,,,,,,,
2022,8,GRAND PRIX DE MONACO,ALO,Alpine,24.9,34.6,69.0,1015.5,0.8,0.0,0,10.0,3,104.083,36.825,42.307,24.951,211.0,220.0,344.0,322.0,4.0,SOFT,True,103.36,36.543,41.979,24.838,208.0,224.0,342.0,323.0,3.0,SOFT,False,103.173,36.435,41.836,24.902,213.0,232.0,340.0,322.0,2.0,SOFT,True
2022,8,GRAND PRIX DE MONACO,BOT,Kick Sauber,24.9,34.6,69.0,1015.5,0.8,0.0,0,15.0,2,104.478,36.843,42.457,25.178,213.0,220.0,334.0,316.0,3.0,SOFT,False,104.444,36.838,42.121,25.485,225.0,223.0,322.0,311.0,2.0,SOFT,True,,,,,,,,,,,
2022,8,GRAND PRIX DE MONACO,GAS,Racing Bulls,24.9,34.6,69.0,1015.5,0.8,0.0,0,6.0,3,103.268,36.274,41.756,25.238,225.0,237.0,336.0,313.0,2.0,SOFT,True,103.129,36.236,41.517,25.376,228.0,236.0,332.0,311.0,3.0,SOFT,False,102.845,36.121,41.377,25.347,231.0,232.0,332.0,310.0,5.0,SOFT,False
2022,8,GRAND PRIX DE MONACO,HAM,Mercedes,24.9,34.6,69.0,1015.5,0.8,0.0,0,7.0,3,103.939,36.69,41.599,25.65,228.0,236.0,325.0,305.0,5.0,SOFT,False,103.182,36.332,41.491,25.359,226.0,240.0,332.0,311.0,3.0,SOFT,True,102.924,36.169,41.41,25.345,221.0,232.0,330.0,309.0,2.0,SOFT,True
2022,8,GRAND PRIX DE MONACO,LAT,Williams,24.9,34.6,69.0,1015.5,0.8,0.0,0,18.0,1,105.367,37.112,42.996,25.259,201.0,217.0,337.0,320.0,4.0,SOFT,True,,,,,,,,,,,,,,,,,,,,,,
2022,8,GRAND PRIX DE MONACO,LEC,Ferrari,24.9,34.6,69.0,1015.5,0.8,0.0,0,1.0,3,102.865,36.164,41.658,25.043,231.0,229.0,337.0,319.0,4.0,SOFT,True,102.046,35.799,41.232,25.015,236.0,235.0,335.0,317.0,5.0,SOFT,True,101.359,35.615,40.67,25.074,236.0,245.0,332.0,315.0,2.0,SOFT,True
2022,8,GRAND PRIX DE MONACO,MAG,Haas F1 Team,24.9,34.6,69.0,1015.5,0.8,0.0,0,16.0,1,104.643,36.927,42.413,25.303,219.0,205.0,338.0,317.0,2.0,SOFT,True,,,,,,,,,,,,,,,,,,,,,,
2022,8,GRAND PRIX DE MONACO,MSC,Haas F1 Team,24.9,34.6,69.0,1015.5,0.8,0.0,0,20.0,1,105.775,37.205,43.183,25.387,224.0,210.0,332.0,315.0,2.0,SOFT,True,,,,,,,,,,,,,,,,,,,,,,
2022,8,GRAND PRIX DE MONACO,NOR,McLaren,24.9,34.6,69.0,1015.5,0.8,0.0,0,11.0,2,104.237,36.749,42.008,25.48,225.0,239.0,326.0,310.0,4.0,SOFT,True,103.398,36.236,41.485,25.677,225.0,230.0,319.0,306.0,2.0,SOFT,True,,,,,,,,,,,
2022,8,GRAND PRIX DE MONACO,OCO,Alpine,24.9,34.6,69.0,1015.5,0.8,0.0,0,13.0,2,103.903,36.675,42.25,24.978,215.0,224.0,342.0,323.0,4.0,SOFT,True,103.585,36.517,42.068,25.0,218.0,227.0,340.0,321.0,4.0,SOFT,False,,,,,,,,,,,
2022,8,GRAND PRIX DE MONACO,PER,Red Bull Racing,24.9,34.6,69.0,1015.5,0.8,0.0,0,2.0,3,102.733,36.251,41.364,25.118,224.0,231.0,337.0,316.0,5.0,SOFT,True,101.955,35.937,41.032,24.986,234.0,238.0,340.0,317.0,5.0,SOFT,True,101.641,35.642,40.997,25.002,237.0,239.0,336.0,315.0,2.0,SOFT,True
2022,8,GRAND PRIX DE MONACO,RIC,McLaren,24.9,34.6,69.0,1015.5,0.8,0.0,0,12.0,2,104.437,36.769,42.167,25.501,220.0,229.0,328.0,310.0,4.0,SOFT,True,103.574,36.305,41.734,25.535,221.0,230.0,323.0,309.0,4.0,SOFT,True,,,,,,,,,,,
2022,8,GRAND PRIX DE MONACO,RUS,Mercedes,24.9,34.6,69.0,1015.5,0.8,0.0,0,5.0,3,103.754,36.609,41.819,25.326,209.0,236.0,331.0,309.0,5.0,SOFT,False,103.281,36.419,41.585,25.277,214.0,235.0,333.0,310.0,6.0,SOFT,False,102.712,36.098,41.363,25.251,213.0,238.0,332.0,309.0,2.0,SOFT,True
2022,8,GRAND PRIX DE MONACO,SAI,Ferrari,24.9,34.6,69.0,1015.5,0.8,0.0,0,4.0,3,102.957,36.293,41.602,25.062,230.0,229.0,335.0,317.0,4.0,SOFT,True,102.088,35.88,41.182,25.026,230.0,232.0,333.0,316.0,2.0,SOFT,True,101.814,35.729,41.057,25.028,226.0,236.0,330.0,314.0,2.0,SOFT,True
2022,8,GRAND PRIX DE MONACO,STR,Aston Martin,24.9,34.6,69.0,1015.5,0.8,0.0,0,19.0,1,105.371,37.332,42.718,25.321,216.0,227.0,332.0,316.0,2.0,SOFT,True,,,,,,,,,,,,,,,,,,,,,,
2022,8,GRAND PRIX DE MONACO,TSU,Racing Bulls,24.9,34.6,69.0,1015.5,0.8,0.0,0,8.0,3,103.595,36.47,41.845,25.28,213.0,228.0,337.0,314.0,2.0,SOFT,True,103.376,36.245,41.789,25.342,216.0,236.0,336.0,314.0,4.0,SOFT,False,103.056,36.205,41.519,25.332,222.0,237.0,333.0,312.0,2.0,SOFT,True
2022,8,GRAND PRIX DE MONACO,VER,Red Bull Racing,24.9,34.6,69.0,1015.5,0.8,0.0,0,3.0,3,102.722,36.097,41.521,25.104,225.0,231.0,336.0,315.0,5.0,SOFT,False,102.227,36.071,41.125,25.031,232.0,236.0,338.0,317.0,2.0,SOFT,True,101.706,35.781,41.042,24.883,224.0,235.0,342.0,320.0,2.0,SOFT,True
2022,8,GRAND PRIX DE MONACO,VET,Aston Martin,24.9,34.6,69.0,1015.5,0.8,0.0,0,9.0,3,103.279,36.509,41.889,24.881,208.0,230.0,342.0,323.0,2.0,SOFT,True,103.268,36.43,41.679,25.159,211.0,229.0,332.0,318.0,5.0,SOFT,False,103.091,36.392,41.604,25.095,214.0,221.0,329.0,318.0,2.0,SOFT,True
2022,8,GRAND PRIX DE MONACO,ZHO,Kick Sauber,24.9,34.6,69.0,1015.5,0.8,0.0,0,14.0,2,103.777,36.564,41.94,25.273,229.0,233.0,335.0,314.0,4.0,SOFT,True,103.79,36.48,41.949,25.361,227.0,230.0,331.0,315.0,2.0,SOFT,True,,,,,,,,,,,
2022,9,GRAND PRIX DU CANADA,ALB,Williams,13.3,18.2,81.0,1007.0,1.7,1.0,1,12.0,2,94.047,27.401,30.376,36.27,199.0,269.0,270.0,300.0,9.0,WET,True,86.858,25.449,28.015,33.394,211.0,279.0,278.0,309.0,6.0,INTERMEDIATE,True,,,,,,,,,,,
2022,9,GRAND PRIX DU CANADA,ALO,Alpine,13.3,18.2,81.0,1007.0,1.7,1.0,1,2.0,3,92.277,26.846,29.872,35.559,209.0,268.0,268.0,295.0,10.0,WET,True,84.848,24.514,27.399,32.935,231.0,273.0,275.0,302.0,5.0,INTERMEDIATE,True,81.944,23.464,26.288,32.192,246.0,275.0,275.0,303.0,3.0,INTERMEDIATE,True
2022,9,GRAND PRIX DU CANADA,BOT,Kick Sauber,13.3,18.2,81.0,1007.0,1.7,1.0,1,11.0,2,93.689,27.437,30.05,36.202,207.0,267.0,267.0,295.0,9.0,WET,True,86.788,25.442,27.654,33.692,225.0,269.0,272.0,297.0,6.0,INTERMEDIATE,True,,,,,,,,,,,
2022,9,GRAND PRIX DU CANADA,GAS,Racing Bulls,13.3,18.2,81.0,1007.0,1.7,1.0,1,16.0,1,94.492,27.408,30.742,36.342,203.0,263.0,266.0,296.0,3.0,WET,True,,,,,,,,,,,,,,,,,,,,,,
2022,9,GRAND PRIX DU CANADA,HAM,Mercedes,13.3,18.2,81.0,1007.0,1.7,1.0,1,4.0,3,93.841,27.101,30.301,36.439,199.0,269.0,270.0,300.0,17.0,WET,False,85.543,24.589,27.612,33.342,228.0,276.0,275.0,306.0,6.0,INTERMEDIATE,True,82.891,23.547,26.303,33.041,247.0,275.0,275.0,293.0,3.0,INTERMEDIATE,True
2022,9,GRAND PRIX DU CANADA,LAT,Williams,13.3,18.2,81.0,1007.0,1.7,1.0,1,19.0,1,95.66,28.092,31.003,36.565,184.0,270.0,264.0,306.0,10.0,WET,True,,,,,,,,,,,,,,,,,,,,,,
2022,9,GRAND PRIX DU CANADA,LEC,Ferrari,13.3,18.2,81.0,1007.0,1.7,1.0,1,15.0,1,93.008,26.783,30.379,35.846,211.0,269.0,264.0,298.0,9.0,WET,True,,,,,,,,,,,,,,,,,,,,,,
2022,9,GRAND PRIX DU CANADA,MAG,Haas F1 Team,13.3,18.2,81.0,1007.0,1.7,1.0,1,5.0,3,92.957,27.269,29.785,35.903,209.0,266.0,264.0,293.0,11.0,WET,True,86.254,24.717,27.853,33.684,233.0,273.0,268.0,303.0,6.0,INTERMEDIATE,True,82.96,23.812,26.585,32.563,245.0,273.0,276.0,299.0,2.0,INTERMEDIATE,True
2022,9,GRAND PRIX DU CANADA,MSC,Haas F1 Team,13.3,18.2,81.0,1007.0,1.7,1.0,1,6.0,3,93.707,27.189,30.35,36.168,204.0,263.0,265.0,293.0,8.0,WET,True,85.684,24.761,27.616,33.307,230.0,272.0,267.0,292.0,6.0,INTERMEDIATE,True,83.356,24.148,26.5,32.708,238.0,274.0,270.0,302.0,4.0,INTERMEDIATE,True
2022,9,GRAND PRIX DU CANADA,NOR,McLaren,13.3,18.2,81.0,1007.0,1.7,1.0,1,14.0,2,94.066,27.64,30.186,36.24,209.0,264.0,265.0,290.0,9.0,WET,True,101.141,30.559,35.086,35.496,192.0,260.0,269.0,295.0,1.0,INTERMEDIATE,True,,,,,,,,,,,
2022,9,GRAND PRIX DU CANADA,OCO,Alpine,13.3,18.2,81.0,1007.0,1.7,1.0,1,7.0,3,93.012,26.931,30.134,35.947,213.0,268.0,268.0,296.0,9.0,WET,True,86.135,24.724,27.716,33.695,230.0,273.0,275.0,302.0,6.0,INTERMEDIATE,True,83.529,23.855,26.667,33.007,249.0,273.0,273.0,300.0,3.0,INTERMEDIATE,True
2022,9,GRAND PRIX DU CANADA,PER,Red Bull Racing,13.3,18.2,81.0,1007.0,1.7,1.0,1,13.0,2,93.929,27.689,30.517,35.723,213.0,264.0,267.0,299.0,10.0,WET,True,93.127,27.049,29.57,36.508,214.0,270.0,266.0,302.0,2.0,INTERMEDIATE,True,,,,,,,,,,,
2022,9,GRAND PRIX DU CANADA,RIC,McLaren,13.3,18.2,81.0,1007.0,1.7,1.0,1,9.0,3,93.636,27.328,30.111,36.197,190.0,265.0,262.0,291.0,10.0,WET,True,86.375,24.475,27.842,34.058,234.0,270.0,265.0,295.0,6.0,INTERMEDIATE,True,83.749,23.609,26.834,33.306,242.0,271.0,268.0,295.0,2.0,INTERMEDIATE,True
2022,9,GRAND PRIX DU CANADA,RUS,Mercedes,13.3,18.2,81.0,1007.0,1.7,1.0,1,8.0,3,93.16,26.811,29.968,36.381,210.0,265.0,265.0,292.0,19.0,WET,False,84.95,24.302,27.154,33.494,238.0,270.0,272.0,296.0,6.0,INTERMEDIATE,True,83.557,23.985,26.718,32.854,240.0,268.0,272.0,297.0,3.0,INTERMEDIATE,True
2022,9,GRAND PRIX DU CANADA,SAI,Ferrari,13.3,18.2,81.0,1007.0,1.7,1.0,1,3.0,3,92.781,26.94,29.974,35.867,206.0,266.0,261.0,296.0,6.0,WET,True,85.197,25.146,27.024,33.027,230.0,275.0,275.0,303.0,6.0,INTERMEDIATE,True,82.096,23.149,26.092,32.855,251.0,276.0,272.0,302.0,4.0,INTERMEDIATE,True
2022,9,GRAND PRIX DU CANADA,STR,Aston Martin,13.3,18.2,81.0,1007.0,1.7,1.0,1,18.0,1,95.532,27.833,30.977,36.722,194.0,266.0,267.0,296.0,3.0,WET,True,,,,,,,,,,,,,,,,,,,,,,
2022,9,GRAND PRIX DU CANADA,TSU,Racing Bulls,13.3,18.2,81.0,1007.0,1.7,1.0,1,20.0,1,96.575,28.055,31.422,37.098,194.0,267.0,266.0,294.0,3.0,WET,True,,,,,,,,,,,,,,,,,,,,,,
2022,9,GRAND PRIX DU CANADA,VER,Red Bull Racing,13.3,18.2,81.0,1007.0,1.7,1.0,1,1.0,3,92.219,26.937,29.604,35.678,206.0,270.0,267.0,299.0,14.0,WET,False,83.746,24.157,26.844,32.745,239.0,277.0,278.0,305.0,9.0,WET,True,81.299,23.22,25.951,32.128,247.0,276.0,277.0,305.0,4.0,INTERMEDIATE,True
2022,9,GRAND PRIX DU CANADA,VET,Aston Martin,13.3,18.2,81.0,1007.0,1.7,1.0,1,17.0,1,94.512,27.469,30.436,36.607,203.0,267.0,265.0,297.0,4.0,WET,True,,,,,,,,,,,,,,,,,,,,,,
2022,9,GRAND PRIX DU CANADA,ZHO,Kick Sauber,13.3,18.2,81.0,1007.0,1.7,1.0,1,10.0,3,93.692,27.034,29.825,36.833,206.0,266.0,266.0,294.0,10.0,WET,True,86.116,24.82,27.534,33.762,221.0,269.0,272.0,295.0,6.0,INTERMEDIATE,True,84.03,23.535,27.325,33.17,246.0,270.0,271.0,299.0,3.0,INTERMEDIATE,True
2022,10,BRITISH GRAND PRIX,ALB,Williams,14.4,20.3,89.0,999.7,2.7,1.0,1,16.0,1,102.078,32.277,41.487,28.314,296.0,244.0,227.0,298.0,4.0,INTERMEDIATE,True,,,,,,,,,,,,,,,,,,,,,,
2022,10,BRITISH GRAND PRIX,ALO,Alpine,14.4,20.3,89.0,999.7,2.7,1.0,1,7.0,3,101.598,31.736,41.284,28.578,286.0,242.0,225.0,293.0,7.0,INTERMEDIATE,True,102.209,32.1,41.42,28.689,293.0,238.0,220.0,293.0,4.0,INTERMEDIATE,True,102.116,31.9,41.404,28.812,290.0,239.0,219.0,282.0,8.0,INTERMEDIATE,False
2022,10,BRITISH GRAND PRIX,BOT,Kick Sauber,14.4,20.3,89.0,999.7,2.7,1.0,1,12.0,2,101.396,31.667,41.471,28.258,294.0,243.0,230.0,294.0,10.0,INTERMEDIATE,True,104.232,32.505,42.688,29.039,293.0,235.0,220.0,293.0,3.0,INTERMEDIATE,True,,,,,,,,,,,
2022,10,BRITISH GRAND PRIX,GAS,Racing Bulls,14.4,20.3,89.0,999.7,2.7,1.0,1,11.0,2,101.68,31.892,41.283,28.505,288.0,239.0,224.0,290.0,9.0,INTERMEDIATE,True,103.702,32.395,42.369,28.938,288.0,238.0,223.0,289.0,3.0,INTERMEDIATE,True,,,,,,,,,,,
2022,10,BRITISH GRAND PRIX,HAM,Mercedes,14.4,20.3,89.0,999.7,2.7,1.0,1,5.0,3,100.428,31.47,40.747,28.211,294.0,245.0,222.0,298.0,10.0,INTERMEDIATE,True,101.062,31.869,40.952,28.241,288.0,242.0,218.0,291.0,3.0,INTERMEDIATE,True,101.995,32.369,41.106,28.52,289.0,242.0,219.0,292.0,7.0,INTERMEDIATE,True
2022,10,BRITISH GRAND PRIX,LAT,Williams,14.4,20.3,89.0,999.7,2.7,1.0,1,10.0,3,101.998,32.157,41.413,28.428,294.0,242.0,223.0,296.0,3.0,INTERMEDIATE,True,103.273,32.397,42.094,28.782,296.0,238.0,219.0,296.0,4.0,INTERMEDIATE,True,112.556,34.752,44.642,33.162,291.0,212.0,,180.0,4.0,INTERMEDIATE,True
2022,10,BRITISH GRAND PRIX,LEC,Ferrari,14.4,20.3,89.0,999.7,2.7,1.0,1,3.0,3,99.846,31.399,40.38,28.067,293.0,243.0,230.0,295.0,10.0,INTERMEDIATE,True,101.247,31.624,41.027,28.596,292.0,239.0,220.0,287.0,3.0,INTERMEDIATE,True,101.298,32.088,40.712,28.498,289.0,236.0,222.0,289.0,6.0,INTERMEDIATE,True
2022,10,BRITISH GRAND PRIX,MAG,Haas F1 Team,14.4,20.3,89.0,999.7,2.7,1.0,1,17.0,1,102.159,32.243,41.401,28.515,291.0,243.0,231.0,290.0,3.0,INTERMEDIATE,True,,,,,,,,,,,,,,,,,,,,,,
2022,10,BRITISH GRAND PRIX,MSC,Haas F1 Team,14.4,20.3,89.0,999.7,2.7,1.0,1,19.0,1,102.708,32.201,41.857,28.65,290.0,240.0,226.0,289.0,3.0,INTERMEDIATE,True,,,,,,,,,,,,,,,,,,,,,,
2022,10,BRITISH GRAND PRIX,NOR,McLaren,14.4,20.3,89.0,999.7,2.7,1.0,1,6.0,3,101.515,31.806,41.189,28.52,290.0,231.0,225.0,290.0,8.0,INTERMEDIATE,True,101.821,31.913,41.402,28.506,290.0,240.0,222.0,291.0,3.0,INTERMEDIATE,True,102.084,32.3,41.285,28.499,287.0,238.0,223.0,288.0,6.0,INTERMEDIATE,True
2022,10,BRITISH GRAND PRIX,OCO,Alpine,14.4,20.3,89.0,999.7,2.7,1.0,1,15.0,2,101.73,31.879,41.366,28.485,293.0,239.0,226.0,295.0,7.0,INTERMEDIATE,True,105.19,32.985,43.17,29.035,281.0,224.0,222.0,284.0,5.0,INTERMEDIATE,True,,,,,,,,,,,
2022,10,BRITISH GRAND PRIX,PER,Red Bull Racing,14.4,20.3,89.0,999.7,2.7,1.0,1,4.0,3,100.521,32.117,40.548,27.856,294.0,241.0,229.0,297.0,9.0,INTERMEDIATE,True,102.513,32.624,41.467,28.422,294.0,241.0,221.0,298.0,2.0,INTERMEDIATE,True,101.616,32.269,40.95,28.397,295.0,237.0,218.0,296.0,7.0,INTERMEDIATE,True
2022,10,BRITISH GRAND PRIX,RIC,McLaren,14.4,20.3,89.0,999.7,2.7,1.0,1,14.0,2,101.933,31.939,41.455,28.539,284.0,242.0,225.0,286.0,3.0,INTERMEDIATE,True,104.355,32.78,42.638,28.937,281.0,236.0,219.0,287.0,3.0,INTERMEDIATE,True,,,,,,,,,,,
2022,10,BRITISH GRAND PRIX,RUS,Mercedes,14.4,20.3,89.0,999.7,2.7,1.0,1,8.0,3,100.028,31.365,40.655,28.008,294.0,243.0,229.0,294.0,10.0,INTERMEDIATE,True,101.725,31.696,41.388,28.641,292.0,241.0,224.0,291.0,3.0,INTERMEDIATE,True,102.161,32.238,41.164,28.759,290.0,235.0,216.0,293.0,7.0,INTERMEDIATE,True
2022,10,BRITISH GRAND PRIX,SAI,Ferrari,14.4,20.3,89.0,999.7,2.7,1.0,1,1.0,3,100.19,31.472,40.544,28.174,295.0,244.0,232.0,297.0,10.0,INTERMEDIATE,True,101.602,31.869,41.084,28.649,293.0,233.0,226.0,291.0,4.0,INTERMEDIATE,True,100.983,32.09,40.617,28.276,294.0,236.0,231.0,282.0,7.0,INTERMEDIATE,True
2022,10,BRITISH GRAND PRIX,STR,Aston Martin,14.4,20.3,89.0,999.7,2.7,1.0,1,20.0,1,103.43,32.708,42.224,28.498,289.0,237.0,226.0,292.0,2.0,INTERMEDIATE,True,,,,,,,,,,,,,,,,,,,,,,
2022,10,BRITISH GRAND PRIX,TSU,Racing Bulls,14.4,20.3,89.0,999.7,2.7,1.0,1,13.0,2,101.893,32.062,41.511,28.32,292.0,243.0,227.0,294.0,9.0,INTERMEDIATE,True,104.311,32.21,42.617,29.484,293.0,236.0,220.0,294.0,3.0,INTERMEDIATE,True,,,,,,,,,,,
2022,10,BRITISH GRAND PRIX,VER,Red Bull Racing,14.4,20.3,89.0,999.7,2.7,1.0,1,2.0,3,99.129,31.307,40.26,27.562,294.0,246.0,230.0,296.0,9.0,INTERMEDIATE,True,100.655,31.547,40.882,28.226,295.0,242.0,226.0,295.0,3.0,INTERMEDIATE,True,101.055,31.748,40.979,28.328,294.0,234.0,223.0,294.0,6.0,INTERMEDIATE,True
2022,10,BRITISH GRAND PRIX,VET,Aston Martin,14.4,20.3,89.0,999.7,2.7,1.0,1,18.0,1,102.666,32.02,41.838,28.808,291.0,241.0,227.0,294.0,6.0,INTERMEDIATE,True,,,,,,,,,,,,,,,,,,,,,,
2022,10,BRITISH GRAND PRIX,ZHO,Kick Sauber,14.4,20.3,89.0,999.7,2.7,1.0,1,9.0,3,100.791,32.167,40.837,27.787,293.0,244.0,235.0,293.0,10.0,INTERMEDIATE,True,102.64,32.449,42.001,28.19,290.0,238.0,230.0,285.0,3.0,INTERMEDIATE,True,102.719,32.125,42.06,28.534,290.0,236.0,225.0,285.0,7.0,INTERMEDIATE,True
2022,11,AUSTRIAN GRAND PRIX,ALB,Williams,19.1,36.2,34.0,946.4,1.3,0.0,0,11.0,2,66.511,16.775,29.449,20.287,316.0,244.0,282.0,319.0,2.0,SOFT,True,66.23,16.669,29.384,20.177,315.0,247.0,283.0,316.0,2.0,SOFT,True,,,,,,,,,,,
2022,11,AUSTRIAN GRAND PRIX,ALO,Alpine,19.1,36.2,34.0,946.4,1.3,0.0,0,8.0,3,66.016,16.704,29.243,20.069,311.0,245.0,283.0,318.0,2.0,SOFT,True,66.082,16.696,29.383,20.003,310.0,247.0,280.0,313.0,2.0,SOFT,True,66.103,16.783,29.261,20.059,309.0,247.0,280.0,313.0,2.0,SOFT,True
2022,11,AUSTRIAN GRAND PRIX,BOT,Kick Sauber,19.1,36.2,34.0,946.4,1.3,0.0,0,12.0,2,66.442,16.879,29.482,20.081,311.0,244.0,283.0,315.0,2.0,SOFT,True,66.319,16.882,29.379,20.058,309.0,242.0,280.0,311.0,2.0,SOFT,True,,,,,,,,,,,
2022,11,AUSTRIAN GRAND PRIX,GAS,Racing Bulls,19.1,36.2,34.0,946.4,1.3,0.0,0,10.0,2,66.589,16.758,29.76,20.071,314.0,238.0,283.0,317.0,2.0,SOFT,True,66.16,16.763,29.436,19.961,314.0,244.0,280.0,314.0,2.0,SOFT,True,,,,,,,,,,,
2022,11,AUSTRIAN GRAND PRIX,HAM,Mercedes,19.1,36.2,34.0,946.4,1.3,0.0,0,9.0,3,66.079,16.633,29.436,20.01,311.0,243.0,280.0,316.0,4.0,SOFT,True,65.475,16.502,29.213,19.76,312.0,245.0,278.0,314.0,4.0,SOFT,True,73.151,16.528,32.654,23.969,309.0,214.0,283.0,303.0,2.0,SOFT,True
2022,11,AUSTRIAN GRAND PRIX,LAT,Williams,19.1,36.2,34.0,946.4,1.3,0.0,0,19.0,1,67.003,16.657,29.916,20.43,315.0,237.0,283.0,319.0,2.0,SOFT,True,,,,,,,,,,,,,,,,,,,,,,
2022,11,AUSTRIAN GRAND PRIX,LEC,Ferrari,19.1,36.2,34.0,946.4,1.3,0.0,0,2.0,3,65.419,16.698,29.069,19.652,315.0,245.0,285.0,316.0,2.0,SOFT,True,65.287,16.611,28.991,19.685,312.0,245.0,285.0,313.0,2.0,SOFT,True,65.013,16.548000000000002,28.92,19.545,313.0,249.0,283.0,315.0,3.0,SOFT,False
2022,11,AUSTRIAN GRAND PRIX,MAG,Haas F1 Team,19.1,36.2,34.0,946.4,1.3,0.0,0,6.0,3,66.366,16.862,29.303,20.201,314.0,243.0,281.0,319.0,2.0,SOFT,True,65.894,16.566,29.152,20.176,316.0,245.0,279.0,315.0,2.0,SOFT,True,65.879,16.737,29.133,20.009,312.0,245.0,280.0,314.0,3.0,SOFT,False
2022,11,AUSTRIAN GRAND PRIX,MSC,Haas F1 Team,19.1,36.2,34.0,946.4,1.3,0.0,0,7.0,3,66.405,16.677,29.444,20.284,313.0,242.0,282.0,318.0,5.0,SOFT,True,66.151,16.747,29.295,20.109,315.0,245.0,278.0,315.0,2.0,SOFT,True,66.011,16.686,29.091,20.234,315.0,237.0,280.0,316.0,3.0,SOFT,False
2022,11,AUSTRIAN GRAND PRIX,NOR,McLaren,19.1,36.2,34.0,946.4,1.3,0.0,0,15.0,2,66.33,16.768,29.38,20.182,311.0,242.0,282.0,314.0,2.0,SOFT,True,66.625,16.798000000000002,29.594,20.233,311.0,229.0,283.0,313.0,2.0,SOFT,True,,,,,,,,,,,
2022,11,AUSTRIAN GRAND PRIX,OCO,Alpine,19.1,36.2,34.0,946.4,1.3,0.0,0,5.0,3,66.468,16.813,29.395,20.26,308.0,244.0,282.0,313.0,4.0,SOFT,True,65.993,16.727,29.238,20.028,308.0,246.0,281.0,310.0,2.0,SOFT,True,65.726,16.664,29.188,19.874,311.0,248.0,282.0,313.0,3.0,SOFT,False
2022,11,AUSTRIAN GRAND PRIX,PER,Red Bull Racing,19.1,36.2,34.0,946.4,1.3,0.0,0,13.0,3,66.143,16.667,29.332,20.144,314.0,243.0,282.0,318.0,5.0,SOFT,True,65.805,16.596,29.318,19.891,318.0,239.0,283.0,318.0,2.0,SOFT,True,65.404,16.455,29.113,19.836,318.0,249.0,282.0,320.0,2.0,SOFT,True
2022,11,AUSTRIAN GRAND PRIX,RIC,McLaren,19.1,36.2,34.0,946.4,1.3,0.0,0,16.0,1,66.613,16.81,29.553,20.25,310.0,245.0,283.0,317.0,2.0,SOFT,True,,,,,,,,,,,,,,,,,,,,,,
2022,11,AUSTRIAN GRAND PRIX,RUS,Mercedes,19.1,36.2,34.0,946.4,1.3,0.0,0,4.0,3,66.235,16.718,29.521,19.996,310.0,243.0,280.0,316.0,4.0,SOFT,True,65.697,16.57,29.442,19.685,312.0,242.0,284.0,313.0,3.0,SOFT,True,65.431,16.55,29.199,19.682,309.0,246.0,284.0,312.0,4.0,SOFT,True
2022,11,AUSTRIAN GRAND PRIX,SAI,Ferrari,19.1,36.2,34.0,946.4,1.3,0.0,0,3.0,3,65.66,16.596,29.162,19.902,317.0,245.0,281.0,317.0,2.0,SOFT,True,65.576,16.65,28.994,19.932,311.0,248.0,280.0,313.0,2.0,SOFT,True,65.066,16.519,28.891,19.656,315.0,250.0,281.0,317.0,3.0,SOFT,False
2022,11,AUSTRIAN GRAND PRIX,STR,Aston Martin,19.1,36.2,34.0,946.4,1.3,0.0,0,17.0,1,66.847,17.055,29.54,20.252,306.0,242.0,279.0,315.0,5.0,SOFT,True,,,,,,,,,,,,,,,,,,,,,,
2022,11,AUSTRIAN GRAND PRIX,TSU,Racing Bulls,19.1,36.2,34.0,946.4,1.3,0.0,0,14.0,2,66.463,16.73,29.639,20.094,311.0,241.0,283.0,315.0,2.0,SOFT,True,66.851,16.794,29.721,20.336,309.0,243.0,279.0,312.0,5.0,SOFT,False,,,,,,,,,,,
2022,11,AUSTRIAN GRAND PRIX,VER,Red Bull Racing,19.1,36.2,34.0,946.4,1.3,0.0,0,1.0,3,65.852,16.543,29.356,19.953,316.0,242.0,283.0,316.0,5.0,SOFT,True,65.374,16.595,29.039,19.74,316.0,243.0,283.0,316.0,2.0,SOFT,True,64.984,16.478,28.959,19.547,316.0,247.0,285.0,316.0,2.0,SOFT,True
2022,11,AUSTRIAN GRAND PRIX,VET,Aston Martin,19.1,36.2,34.0,946.4,1.3,0.0,0,20.0,1,66.652,16.938,29.523,20.191,307.0,242.0,282.0,316.0,5.0,SOFT,True,,,,,,,,,,,,,,,,,,,,,,
2022,11,AUSTRIAN GRAND PRIX,ZHO,Kick Sauber,19.1,36.2,34.0,946.4,1.3,0.0,0,18.0,1,66.901,16.916,29.631,20.354,310.0,241.0,279.0,315.0,2.0,SOFT,True,,,,,,,,,,,,,,,,,,,,,,
2022,12,GRAND PRIX DE FRANCE,ALB,Williams,30.6,54.8,45.0,967.7,1.8,0.0,0,15.0,2,93.423,23.429,28.26,41.734,119.0,279.0,299.0,332.0,2.0,SOFT,True,93.307,23.361,28.451,41.495,117.0,279.0,298.0,333.0,2.0,SOFT,True,,,,,,,,,,,
2022,12,GRAND PRIX DE FRANCE,ALO,Alpine,30.6,54.8,45.0,967.7,1.8,0.0,0,7.0,3,92.819,23.247,28.27,41.302,119.0,277.0,302.0,331.0,2.0,SOFT,True,92.631,23.025,28.494,41.112,119.0,278.0,299.0,331.0,2.0,SOFT,True,92.552,23.157,28.41,40.985,118.0,278.0,299.0,330.0,2.0,SOFT,True
2022,12,GRAND PRIX DE FRANCE,BOT,Kick Sauber,30.6,54.8,45.0,967.7,1.8,0.0,0,13.0,2,93.034,23.434,28.317,41.283,115.0,277.0,297.0,327.0,2.0,SOFT,True,93.052,23.417,28.46,41.175,116.0,279.0,298.0,329.0,2.0,SOFT,True,,,,,,,,,,,
2022,12,GRAND PRIX DE FRANCE,GAS,Racing Bulls,30.6,54.8,45.0,967.7,1.8,0.0,0,16.0,1,93.439,23.458,28.47,41.511,113.0,278.0,299.0,329.0,4.0,SOFT,True,,,,,,,,,,,,,,,,,,,,,,
2022,12,GRAND PRIX DE FRANCE,HAM,Mercedes,30.6,54.8,45.0,967.7,1.8,0.0,0,4.0,3,93.041,23.338,28.349,41.354,120.0,279.0,302.0,329.0,2.0,SOFT,True,92.274,22.905,28.335,41.034,120.0,280.0,297.0,328.0,2.0,SOFT,True,91.765,22.686,28.224,40.855,123.0,278.0,297.0,328.0,2.0,SOFT,True
2022,12,GRAND PRIX DE FRANCE,LAT,Williams,30.6,54.8,45.0,967.7,1.8,0.0,0,20.0,1,93.794,23.32,28.604,41.87,120.0,279.0,301.0,333.0,2.0,SOFT,True,,,,,,,,,,,,,,,,,,,,,,
2022,12,GRAND PRIX DE FRANCE,LEC,Ferrari,30.6,54.8,45.0,967.7,1.8,0.0,0,1.0,3,91.727,22.971,28.083,40.673,121.0,279.0,301.0,330.0,2.0,SOFT,True,91.216,22.75,27.988,40.478,122.0,281.0,298.0,333.0,2.0,SOFT,True,90.872,22.66,27.96,40.252,119.0,280.0,299.0,330.0,2.0,SOFT,True
2022,12,GRAND PRIX DE FRANCE,MAG,Haas F1 Team,30.6,54.8,45.0,967.7,1.8,0.0,0,10.0,2,92.756,23.126,28.387,41.243,117.0,278.0,300.0,334.0,2.0,SOFT,True,92.649,23.105,28.432,41.112,118.0,276.0,301.0,332.0,2.0,SOFT,True,,,,,,,,,,,
2022,12,GRAND PRIX DE FRANCE,MSC,Haas F1 Team,30.6,54.8,45.0,967.7,1.8,0.0,0,19.0,1,93.114,23.272,28.433,41.409,121.0,278.0,300.0,334.0,2.0,SOFT,True,,,,,,,,,,,,,,,,,,,,,,
2022,12,GRAND PRIX DE FRANCE,NOR,McLaren,30.6,54.8,45.0,967.7,1.8,0.0,0,5.0,3,92.672,23.032,28.474,41.166,118.0,277.0,297.0,330.0,2.0,SOFT,True,92.777,23.057,28.441,41.279,113.0,280.0,295.0,330.0,2.0,SOFT,True,92.032,22.994,28.272,40.766,119.0,277.0,296.0,328.0,2.0,SOFT,True
2022,12,GRAND PRIX DE FRANCE,OCO,Alpine,30.6,54.8,45.0,967.7,1.8,0.0,0,12.0,2,93.346,23.673,28.347,41.326,120.0,278.0,298.0,329.0,2.0,SOFT,True,93.048,23.306,28.541,41.201,115.0,278.0,299.0,329.0,2.0,SOFT,True,,,,,,,,,,,
2022,12,GRAND PRIX DE FRANCE,PER,Red Bull Racing,30.6,54.8,45.0,967.7,1.8,0.0,0,3.0,3,92.354,23.278,28.043,41.033,113.0,283.0,301.0,337.0,2.0,SOFT,True,92.12,22.999,28.075,41.046,115.0,283.0,302.0,339.0,2.0,SOFT,True,91.335,22.794,27.969,40.572,113.0,283.0,302.0,337.0,2.0,SOFT,True
2022,12,GRAND PRIX DE FRANCE,RIC,McLaren,30.6,54.8,45.0,967.7,1.8,0.0,0,11.0,2,93.404,23.468,28.382,41.554,117.0,277.0,297.0,330.0,2.0,SOFT,True,92.922,23.191,28.507,41.224,107.0,277.0,297.0,331.0,2.0,SOFT,True,,,,,,,,,,,
2022,12,GRAND PRIX DE FRANCE,RUS,Mercedes,30.6,54.8,45.0,967.7,1.8,0.0,0,6.0,3,93.109,23.403,28.394,41.312,117.0,279.0,297.0,332.0,2.0,SOFT,True,92.633,23.245,28.36,41.028,113.0,281.0,298.0,331.0,2.0,SOFT,True,92.131,22.926,28.224,40.981,120.0,279.0,298.0,330.0,2.0,SOFT,True
2022,12,GRAND PRIX DE FRANCE,SAI,Ferrari,30.6,54.8,45.0,967.7,1.8,0.0,0,9.0,2,92.297,23.074,28.27,40.953,120.0,279.0,301.0,331.0,2.0,SOFT,True,91.081,22.699,27.963,40.419,120.0,278.0,301.0,330.0,2.0,SOFT,True,,,,,,,,,,,
2022,12,GRAND PRIX DE FRANCE,STR,Aston Martin,30.6,54.8,45.0,967.7,1.8,0.0,0,17.0,1,93.439,23.263,28.614,41.562,114.0,278.0,294.0,329.0,2.0,SOFT,True,,,,,,,,,,,,,,,,,,,,,,
2022,12,GRAND PRIX DE FRANCE,TSU,Racing Bulls,30.6,54.8,45.0,967.7,1.8,0.0,0,8.0,3,93.394,23.615,28.486,41.293,115.0,279.0,299.0,330.0,4.0,SOFT,True,92.836,23.451,28.274,41.111,118.0,280.0,299.0,332.0,2.0,SOFT,True,92.78,23.336,28.354,41.09,119.0,279.0,299.0,331.0,2.0,SOFT,True
2022,12,GRAND PRIX DE FRANCE,VER,Red Bull Racing,30.6,54.8,45.0,967.7,1.8,0.0,0,2.0,3,91.891,22.984,28.008,40.899,118.0,282.0,304.0,339.0,2.0,SOFT,True,91.99,22.867,28.134,40.989,118.0,283.0,304.0,339.0,2.0,SOFT,True,91.176,22.821,27.878,40.477,123.0,283.0,303.0,338.0,2.0,SOFT,True
2022,12,GRAND PRIX DE FRANCE,VET,Aston Martin,30.6,54.8,45.0,967.7,1.8,0.0,0,14.0,2,93.285,23.273,28.554,41.458,113.0,278.0,295.0,329.0,2.0,SOFT,True,93.276,23.302,28.471,41.503,113.0,280.0,295.0,329.0,2.0,SOFT,True,,,,,,,,,,,
2022,12,GRAND PRIX DE FRANCE,ZHO,Kick Sauber,30.6,54.8,45.0,967.7,1.8,0.0,0,18.0,1,93.674,23.687,28.617,41.37,117.0,276.0,294.0,326.0,2.0,SOFT,True,,,,,,,,,,,,,,,,,,,,,,
2022,13,HUNGARIAN GRAND PRIX,ALB,Williams,22.2,30.3,70.0,984.4,3.0,0.0,0,17.0,1,79.256,28.29,28.442,22.524,283.0,249.0,258.0,310.0,4.0,SOFT,True,,,,,,,,,,,,,,,,,,,,,,
2022,13,HUNGARIAN GRAND PRIX,ALO,Alpine,22.2,30.3,70.0,984.4,3.0,0.0,0,6.0,3,78.716,28.666,27.849,22.201,280.0,250.0,255.0,300.0,2.0,SOFT,True,77.904,28.353,27.603,21.948,279.0,250.0,255.0,298.0,2.0,SOFT,True,78.078,28.365,27.754,21.959,279.0,251.0,253.0,298.0,2.0,SOFT,True
2022,13,HUNGARIAN GRAND PRIX,BOT,Kick Sauber,22.2,30.3,70.0,984.4,3.0,0.0,0,8.0,3,78.935,28.4,28.306,22.229,277.0,247.0,257.0,299.0,2.0,SOFT,True,78.445,28.518,27.927,22.0,276.0,248.0,254.0,296.0,2.0,SOFT,True,78.157,28.359,27.812,21.986,277.0,249.0,254.0,298.0,2.0,SOFT,True
2022,13,HUNGARIAN GRAND PRIX,GAS,Racing Bulls,22.2,30.3,70.0,984.4,3.0,0.0,0,19.0,1,79.116,28.592,28.17,22.354,279.0,245.0,255.0,300.0,2.0,SOFT,True,,,,,,,,,,,,,,,,,,,,,,
2022,13,HUNGARIAN GRAND PRIX,HAM,Mercedes,22.2,30.3,70.0,984.4,3.0,0.0,0,7.0,3,78.374,28.271,28.052,22.051,280.0,249.0,256.0,301.0,2.0,SOFT,True,78.035,28.334,27.822,21.879,279.0,250.0,255.0,299.0,2.0,SOFT,True,78.142,28.278,27.776,22.088,278.0,249.0,256.0,301.0,5.0,SOFT,False
2022,13,HUNGARIAN GRAND PRIX,LAT,Williams,22.2,30.3,70.0,984.4,3.0,0.0,0,20.0,1,79.57,28.54,28.585,22.445,283.0,246.0,256.0,304.0,2.0,SOFT,True,,,,,,,,,,,,,,,,,,,,,,
2022,13,HUNGARIAN GRAND PRIX,LEC,Ferrari,22.2,30.3,70.0,984.4,3.0,0.0,0,3.0,3,78.806,28.56,28.075,22.171,279.0,249.0,255.0,300.0,4.0,SOFT,True,77.768,28.343,27.67,21.755,280.0,250.0,255.0,296.0,2.0,SOFT,True,77.567,28.191,27.553,21.823,282.0,249.0,256.0,300.0,2.0,SOFT,True
2022,13,HUNGARIAN GRAND PRIX,MAG,Haas F1 Team,22.2,30.3,70.0,984.4,3.0,0.0,0,13.0,2,78.993,28.448,28.194,22.351,279.0,248.0,257.0,302.0,4.0,SOFT,True,78.825,28.423,28.341,22.061,279.0,246.0,256.0,300.0,2.0,SOFT,True,,,,,,,,,,,
2022,13,HUNGARIAN GRAND PRIX,MSC,Haas F1 Team,22.2,30.3,70.0,984.4,3.0,0.0,0,15.0,2,79.164,28.59,28.379,22.195,278.0,244.0,255.0,301.0,2.0,SOFT,True,79.202,28.726,28.398,22.078,278.0,243.0,254.0,300.0,4.0,SOFT,True,,,,,,,,,,,
2022,13,HUNGARIAN GRAND PRIX,NOR,McLaren,22.2,30.3,70.0,984.4,3.0,0.0,0,4.0,3,78.653,28.585,27.971,22.097,277.0,246.0,255.0,303.0,2.0,SOFT,True,78.121,28.423,27.842,21.856,277.0,247.0,255.0,300.0,2.0,SOFT,True,77.769,28.219,27.637,21.913,277.0,249.0,255.0,299.0,2.0,SOFT,True
2022,13,HUNGARIAN GRAND PRIX,OCO,Alpine,22.2,30.3,70.0,984.4,3.0,0.0,0,5.0,3,78.866,28.518,28.131,22.217,279.0,250.0,257.0,300.0,2.0,SOFT,True,78.216,28.458,27.837,21.921,279.0,252.0,255.0,297.0,2.0,SOFT,True,78.018,28.339,27.792,21.887,278.0,255.0,255.0,296.0,2.0,SOFT,True
2022,13,HUNGARIAN GRAND PRIX,PER,Red Bull Racing,22.2,30.3,70.0,984.4,3.0,0.0,0,11.0,2,79.118,28.597,28.147,22.374,281.0,247.0,255.0,304.0,4.0,SOFT,True,78.516,28.385,28.061,22.07,280.0,248.0,255.0,298.0,2.0,SOFT,True,,,,,,,,,,,
2022,13,HUNGARIAN GRAND PRIX,RIC,McLaren,22.2,30.3,70.0,984.4,3.0,0.0,0,9.0,3,78.775,28.29,28.125,22.36,281.0,246.0,257.0,303.0,2.0,SOFT,True,78.198,28.356,27.838,22.004,280.0,248.0,254.0,298.0,2.0,SOFT,True,78.379,28.442,27.942,21.995,280.0,248.0,254.0,299.0,2.0,SOFT,True
2022,13,HUNGARIAN GRAND PRIX,RUS,Mercedes,22.2,30.3,70.0,984.4,3.0,0.0,0,1.0,3,78.407,28.4,27.936,22.071,279.0,250.0,258.0,301.0,2.0,SOFT,True,78.154,28.37,27.849,21.935,278.0,248.0,257.0,299.0,2.0,SOFT,True,77.377,28.038,27.428,21.911,278.0,253.0,256.0,301.0,2.0,SOFT,True
2022,13,HUNGARIAN GRAND PRIX,SAI,Ferrari,22.2,30.3,70.0,984.4,3.0,0.0,0,2.0,3,78.434,28.43,27.838,22.166,278.0,253.0,256.0,298.0,7.0,SOFT,False,77.946,28.45,27.721,21.775,280.0,251.0,255.0,296.0,2.0,SOFT,True,77.421,28.012,27.592,21.817,280.0,252.0,256.0,299.0,2.0,SOFT,True
2022,13,HUNGARIAN GRAND PRIX,STR,Aston Martin,22.2,30.3,70.0,984.4,3.0,0.0,0,14.0,2,79.205,28.493,28.237,22.475,279.0,248.0,254.0,300.0,5.0,SOFT,True,79.137,28.529,28.363,22.245,278.0,245.0,254.0,299.0,2.0,SOFT,True,,,,,,,,,,,
2022,13,HUNGARIAN GRAND PRIX,TSU,Racing Bulls,22.2,30.3,70.0,984.4,3.0,0.0,0,16.0,1,79.24,28.731,28.215,22.294,280.0,249.0,256.0,301.0,2.0,SOFT,True,,,,,,,,,,,,,,,,,,,,,,
2022,13,HUNGARIAN GRAND PRIX,VER,Red Bull Racing,22.2,30.3,70.0,984.4,3.0,0.0,0,10.0,3,78.509,28.485,27.983,22.041,279.0,251.0,255.0,300.0,6.0,SOFT,True,77.703,28.265,27.626,21.812,279.0,252.0,255.0,300.0,2.0,SOFT,True,78.823,29.375,27.509,21.939,280.0,251.0,255.0,298.0,2.0,SOFT,True
2022,13,HUNGARIAN GRAND PRIX,VET,Aston Martin,22.2,30.3,70.0,984.4,3.0,0.0,0,18.0,1,79.273,28.498,28.376,22.399,281.0,247.0,253.0,299.0,2.0,SOFT,True,,,,,,,,,,,,,,,,,,,,,,
2022,13,HUNGARIAN GRAND PRIX,ZHO,Kick Sauber,22.2,30.3,70.0,984.4,3.0,0.0,0,12.0,2,78.973,28.574,28.123,22.276,275.0,247.0,254.0,296.0,2.0,SOFT,True,78.573,28.695,27.796,22.082,276.0,249.0,251.0,297.0,2.0,SOFT,True,,,,,,,,,,,
2022,14,BELGIAN GRAND PRIX,ALB,Williams,15.1,20.7,85.0,969.0,1.2,0.0,0,9.0,3,105.672,30.799,45.726,29.147,334.0,202.0,221.0,311.0,2.0,SOFT,True,105.675,30.52,45.804,29.351,338.0,202.0,221.0,314.0,2.0,SOFT,True,105.837,30.995,45.612,29.23,331.0,200.0,222.0,312.0,2.0,SOFT,True
2022,14,BELGIAN GRAND PRIX,ALO,Alpine,15.1,20.7,85.0,969.0,1.2,0.0,0,6.0,3,106.075,31.222,45.541,29.312,328.0,206.0,220.0,308.0,2.0,SOFT,True,105.552,30.996,45.23,29.326,330.0,206.0,220.0,311.0,2.0,SOFT,True,105.368,30.798,45.248,29.322,332.0,199.0,220.0,312.0,2.0,SOFT,True
2022,14,BELGIAN GRAND PRIX,BOT,Kick Sauber,15.1,20.7,85.0,969.0,1.2,0.0,0,20.0,1,107.866,32.379,46.176,29.311,332.0,202.0,219.0,308.0,2.0,SOFT,True,,,,,,,,,,,,,,,,,,,,,,
2022,14,BELGIAN GRAND PRIX,GAS,Racing Bulls,15.1,20.7,85.0,969.0,1.2,0.0,0,12.0,2,106.183,30.991,45.9,29.292,333.0,199.0,224.0,308.0,2.0,SOFT,True,105.827,30.954,45.583,29.29,334.0,203.0,224.0,309.0,2.0,SOFT,True,,,,,,,,,,,
2022,14,BELGIAN GRAND PRIX,HAM,Mercedes,15.1,20.7,85.0,969.0,1.2,0.0,0,7.0,3,105.736,30.976,45.311,29.449,332.0,196.0,221.0,305.0,2.0,SOFT,True,105.42,30.924,44.954,29.542,332.0,207.0,222.0,306.0,2.0,SOFT,True,105.503,31.015,45.075,29.413,332.0,202.0,222.0,306.0,2.0,SOFT,True
2022,14,BELGIAN GRAND PRIX,LAT,Williams,15.1,20.7,85.0,969.0,1.2,0.0,0,17.0,1,106.401,31.226,45.799,29.376,330.0,203.0,221.0,306.0,2.0,SOFT,True,,,,,,,,,,,,,,,,,,,,,,
2022,14,BELGIAN GRAND PRIX,LEC,Ferrari,15.1,20.7,85.0,969.0,1.2,0.0,0,4.0,3,105.572,31.105,45.267,29.2,329.0,206.0,221.0,306.0,2.0,SOFT,True,104.551,30.93,44.55,29.071,332.0,205.0,221.0,309.0,2.0,SOFT,True,104.553,30.92,44.548,29.085,331.0,206.0,214.0,308.0,5.0,SOFT,False
2022,14,BELGIAN GRAND PRIX,MAG,Haas F1 Team,15.1,20.7,85.0,969.0,1.2,0.0,0,18.0,1,106.557,31.134,45.704,29.719,328.0,203.0,218.0,305.0,2.0,SOFT,True,,,,,,,,,,,,,,,,,,,,,,
2022,14,BELGIAN GRAND PRIX,MSC,Haas F1 Team,15.1,20.7,85.0,969.0,1.2,0.0,0,15.0,2,106.342,31.13,45.584,29.628,329.0,206.0,214.0,306.0,2.0,SOFT,True,107.718,31.432,46.703,29.583,330.0,203.0,217.0,305.0,5.0,SOFT,False,,,,,,,,,,,
2022,14,BELGIAN GRAND PRIX,NOR,McLaren,15.1,20.7,85.0,969.0,1.2,0.0,0,10.0,3,105.745,31.093,45.537,29.115,331.0,204.0,222.0,311.0,2.0,SOFT,True,105.603,30.951,45.514,29.138,333.0,204.0,221.0,311.0,2.0,SOFT,True,106.178,30.966,45.94,29.272,333.0,200.0,220.0,311.0,5.0,SOFT,False
2022,14,BELGIAN GRAND PRIX,OCO,Alpine,15.1,20.7,85.0,969.0,1.2,0.0,0,5.0,3,106.039,31.071,45.604,29.364,329.0,205.0,222.0,309.0,2.0,SOFT,True,105.475,31.008,45.191,29.276,329.0,203.0,222.0,309.0,2.0,SOFT,True,105.18,30.836,45.166,29.178,334.0,204.0,222.0,312.0,2.0,SOFT,True
2022,14,BELGIAN GRAND PRIX,PER,Red Bull Racing,15.1,20.7,85.0,969.0,1.2,0.0,0,3.0,3,105.377,30.972,45.161,29.244,337.0,195.0,223.0,308.0,2.0,SOFT,True,104.794,30.884,44.852,29.058,339.0,203.0,223.0,310.0,2.0,SOFT,True,104.462,30.687,44.668,29.107,337.0,204.0,224.0,309.0,2.0,SOFT,True
2022,14,BELGIAN GRAND PRIX,RIC,McLaren,15.1,20.7,85.0,969.0,1.2,0.0,0,11.0,2,106.033,31.074,45.63,29.329,329.0,203.0,222.0,306.0,2.0,SOFT,True,105.767,30.927,45.454,29.386,332.0,205.0,222.0,310.0,2.0,SOFT,True,,,,,,,,,,,
2022,14,BELGIAN GRAND PRIX,RUS,Mercedes,15.1,20.7,85.0,969.0,1.2,0.0,0,8.0,3,105.65,31.152,45.117,29.381,330.0,206.0,222.0,305.0,2.0,SOFT,True,105.461,31.22,44.875,29.366,333.0,208.0,223.0,305.0,2.0,SOFT,True,105.776,31.174,45.207,29.395,332.0,205.0,222.0,305.0,2.0,SOFT,True
2022,14,BELGIAN GRAND PRIX,SAI,Ferrari,15.1,20.7,85.0,969.0,1.2,0.0,0,2.0,3,105.05,31.033,44.856,29.161,331.0,209.0,221.0,307.0,2.0,SOFT,True,105.418,30.907,45.186,29.325,334.0,204.0,221.0,310.0,5.0,SOFT,False,104.297,30.59,44.577,29.13,342.0,205.0,222.0,313.0,2.0,SOFT,True
2022,14,BELGIAN GRAND PRIX,STR,Aston Martin,15.1,20.7,85.0,969.0,1.2,0.0,0,14.0,2,106.256,31.381,45.47,29.405,328.0,202.0,221.0,307.0,2.0,SOFT,True,106.611,31.253,45.841,29.517,328.0,200.0,222.0,309.0,2.0,SOFT,True,,,,,,,,,,,
2022,14,BELGIAN GRAND PRIX,TSU,Racing Bulls,15.1,20.7,85.0,969.0,1.2,0.0,0,19.0,1,106.692,31.339,45.878,29.475,334.0,204.0,222.0,307.0,2.0,SOFT,True,,,,,,,,,,,,,,,,,,,,,,
2022,14,BELGIAN GRAND PRIX,VER,Red Bull Racing,15.1,20.7,85.0,969.0,1.2,0.0,0,1.0,3,104.581,30.736,44.857,28.988,339.0,202.0,223.0,309.0,2.0,SOFT,True,104.723,30.708,44.926,29.089,337.0,205.0,222.0,309.0,5.0,SOFT,False,103.665,30.536,44.22,28.909,339.0,204.0,224.0,310.0,2.0,SOFT,True
2022,14,BELGIAN GRAND PRIX,VET,Aston Martin,15.1,20.7,85.0,969.0,1.2,0.0,0,16.0,1,106.344,31.182,45.84,29.322,327.0,205.0,223.0,308.0,2.0,SOFT,True,,,,,,,,,,,,,,,,,,,,,,
2022,14,BELGIAN GRAND PRIX,ZHO,Kick Sauber,15.1,20.7,85.0,969.0,1.2,0.0,0,13.0,2,106.178,31.04,45.941,29.197,337.0,204.0,216.0,309.0,2.0,SOFT,True,106.085,31.142,45.61,29.333,336.0,202.0,216.0,310.0,2.0,SOFT,True,,,,,,,,,,,
2022,15,DUTCH GRAND PRIX,ALB,Williams,27.0,39.05,30.0,1010.0,1.2,0.0,0,15.0,2,71.695,24.606,25.238,21.851,281.0,287.0,314.0,322.0,2.0,SOFT,True,71.802,24.66,25.274,21.868,282.0,286.0,316.0,322.0,2.0,SOFT,True,,,,,,,,,,,
2022,15,DUTCH GRAND PRIX,ALO,Alpine,27.0,39.05,30.0,1010.0,1.2,0.0,0,13.0,2,71.667,24.684,24.984,21.999,281.0,284.0,315.0,320.0,2.0,SOFT,True,71.613,24.716,24.952,21.945,280.0,286.0,312.0,318.0,2.0,SOFT,True,,,,,,,,,,,
2022,15,DUTCH GRAND PRIX,BOT,Kick Sauber,27.0,39.05,30.0,1010.0,1.2,0.0,0,16.0,1,71.961,24.856,25.106,21.999,278.0,283.0,312.0,317.0,2.0,SOFT,True,,,,,,,,,,,,,,,,,,,,,,
2022,15,DUTCH GRAND PRIX,GAS,Racing Bulls,27.0,39.05,30.0,1010.0,1.2,0.0,0,11.0,2,71.705,24.635,25.064,22.006,279.0,281.0,309.0,323.0,2.0,SOFT,True,71.512,24.701,25.003,21.808,279.0,280.0,312.0,323.0,2.0,SOFT,True,,,,,,,,,,,
2022,15,DUTCH GRAND PRIX,HAM,Mercedes,27.0,39.05,30.0,1010.0,1.2,0.0,0,4.0,3,71.331,24.5,24.879,21.952,276.0,283.0,310.0,317.0,5.0,SOFT,False,71.075,24.528,24.699,21.848,278.0,281.0,314.0,315.0,2.0,SOFT,True,70.648,24.328,24.574,21.746,276.0,281.0,310.0,317.0,2.0,SOFT,True
2022,15,DUTCH GRAND PRIX,LAT,Williams,27.0,39.05,30.0,1010.0,1.2,0.0,0,20.0,1,73.353,25.08,25.871,22.402,279.0,283.0,311.0,321.0,2.0,SOFT,True,,,,,,,,,,,,,,,,,,,,,,
2022,15,DUTCH GRAND PRIX,LEC,Ferrari,27.0,39.05,30.0,1010.0,1.2,0.0,0,2.0,3,71.443,24.563,25.033,21.847,283.0,285.0,313.0,320.0,5.0,SOFT,True,70.988,24.341,24.975,21.672,283.0,283.0,317.0,321.0,2.0,SOFT,True,70.363,24.155,24.747,21.461,282.0,284.0,315.0,315.0,2.0,SOFT,True
2022,15,DUTCH GRAND PRIX,MAG,Haas F1 Team,27.0,39.05,30.0,1010.0,1.2,0.0,0,18.0,1,72.041,24.742,25.265,22.034,279.0,284.0,317.0,319.0,2.0,SOFT,True,,,,,,,,,,,,,,,,,,,,,,
2022,15,DUTCH GRAND PRIX,MSC,Haas F1 Team,27.0,39.05,30.0,1010.0,1.2,0.0,0,8.0,3,71.741,24.557,25.246,21.938,280.0,283.0,316.0,320.0,2.0,SOFT,True,71.42,24.467,25.117,21.836,279.0,283.0,317.0,324.0,2.0,SOFT,True,71.442,24.629,25.062,21.751,280.0,282.0,316.0,320.0,2.0,SOFT,True
2022,15,DUTCH GRAND PRIX,NOR,McLaren,27.0,39.05,30.0,1010.0,1.2,0.0,0,7.0,3,71.556,24.375,25.086,22.095,280.0,285.0,310.0,320.0,2.0,SOFT,True,71.116,24.281,25.003,21.832,280.0,282.0,314.0,322.0,2.0,SOFT,True,71.174,24.372,25.109,21.693,279.0,282.0,313.0,317.0,2.0,SOFT,True
2022,15,DUTCH GRAND PRIX,OCO,Alpine,27.0,39.05,30.0,1010.0,1.2,0.0,0,12.0,2,71.748,24.806,24.835,22.107,280.0,284.0,314.0,320.0,2.0,SOFT,True,71.605,24.818,24.897,21.89,280.0,282.0,313.0,322.0,2.0,SOFT,True,,,,,,,,,,,
2022,15,DUTCH GRAND PRIX,PER,Red Bull Racing,27.0,39.05,30.0,1010.0,1.2,0.0,0,5.0,3,71.641,24.645,25.005,21.991,283.0,287.0,317.0,327.0,5.0,SOFT,True,71.314,24.472,24.872,21.97,285.0,286.0,318.0,326.0,4.0,SOFT,False,71.077,24.347,24.965,21.765,286.0,285.0,318.0,326.0,4.0,SOFT,False
2022,15,DUTCH GRAND PRIX,RIC,McLaren,27.0,39.05,30.0,1010.0,1.2,0.0,0,17.0,1,72.081,24.604,25.147,22.33,279.0,283.0,311.0,319.0,2.0,SOFT,True,,,,,,,,,,,,,,,,,,,,,,
2022,15,DUTCH GRAND PRIX,RUS,Mercedes,27.0,39.05,30.0,1010.0,1.2,0.0,0,6.0,3,71.561,24.617,25.011,21.933,280.0,282.0,313.0,318.0,2.0,SOFT,True,70.824,24.4,24.759,21.665,279.0,282.0,314.0,322.0,2.0,SOFT,True,71.147,24.525,24.832,21.79,277.0,282.0,312.0,318.0,5.0,SOFT,False
2022,15,DUTCH GRAND PRIX,SAI,Ferrari,27.0,39.05,30.0,1010.0,1.2,0.0,0,3.0,3,71.767,24.632,25.057,22.078,284.0,283.0,318.0,317.0,2.0,SOFT,True,70.814,24.412,24.735,21.667,283.0,284.0,316.0,323.0,2.0,SOFT,True,70.434,24.176,24.627,21.631,283.0,284.0,311.0,320.0,2.0,SOFT,True
2022,15,DUTCH GRAND PRIX,STR,Aston Martin,27.0,39.05,30.0,1010.0,1.2,0.0,0,10.0,2,71.568,24.358,25.095,22.115,281.0,282.0,312.0,317.0,2.0,SOFT,True,71.416,24.321,25.247,21.848,283.0,280.0,310.0,318.0,2.0,SOFT,True,,,,,,,,,,,
2022,15,DUTCH GRAND PRIX,TSU,Racing Bulls,27.0,39.05,30.0,1010.0,1.2,0.0,0,9.0,3,71.427,24.584,24.772,22.071,278.0,284.0,313.0,321.0,2.0,SOFT,True,71.428,24.519,24.915,21.994,280.0,282.0,311.0,323.0,2.0,SOFT,True,72.556,24.92,25.318,22.318,280.0,281.0,313.0,318.0,5.0,SOFT,False
2022,15,DUTCH GRAND PRIX,VER,Red Bull Racing,27.0,39.05,30.0,1010.0,1.2,0.0,0,1.0,3,71.317,24.455,24.776,22.086,287.0,284.0,313.0,325.0,2.0,SOFT,True,70.927,24.529,24.644,21.754,283.0,285.0,317.0,324.0,5.0,SOFT,False,70.342,24.229,24.556,21.557,285.0,286.0,321.0,327.0,2.0,SOFT,True
2022,15,DUTCH GRAND PRIX,VET,Aston Martin,27.0,39.05,30.0,1010.0,1.2,0.0,0,19.0,1,72.391,24.829,25.404,22.158,277.0,284.0,310.0,317.0,5.0,SOFT,False,,,,,,,,,,,,,,,,,,,,,,
2022,15,DUTCH GRAND PRIX,ZHO,Kick Sauber,27.0,39.05,30.0,1010.0,1.2,0.0,0,14.0,2,71.826,24.743,25.113,21.97,277.0,282.0,310.0,316.0,2.0,SOFT,True,71.704,24.606,25.144,21.954,278.0,282.0,313.0,321.0,2.0,SOFT,True,,,,,,,,,,,
2022,16,GRAN PREMIO D’ITALIA,ALO,Alpine,27.7,40.5,34.5,990.7,1.0,0.0,0,10.0,3,82.089,27.204,27.59,27.295,317.0,335.0,308.0,339.0,2.0,SOFT,True,81.861,27.213,27.506,27.142,318.0,334.0,305.0,339.0,2.0,SOFT,True,81.829,27.158,27.6,27.071,317.0,334.0,308.0,336.0,2.0,SOFT,True
2022,16,GRAN PREMIO D’ITALIA,BOT,Kick Sauber,27.7,40.5,34.5,990.7,1.0,0.0,0,12.0,2,82.254,27.136,27.772,27.346,320.0,334.0,310.0,340.0,2.0,SOFT,True,82.235,27.159,27.765,27.311,321.0,329.0,306.0,339.0,2.0,SOFT,True,,,,,,,,,,,
2022,16,GRAN PREMIO D’ITALIA,DEV,Williams,27.7,40.5,34.5,990.7,1.0,0.0,0,13.0,2,82.176,27.251,27.661,27.264,322.0,338.0,312.0,346.0,2.0,SOFT,True,82.471,27.068,27.835,27.568,323.0,335.0,310.0,345.0,2.0,SOFT,True,,,,,,,,,,,
2022,16,GRAN PREMIO D’ITALIA,GAS,Racing Bulls,27.7,40.5,34.5,990.7,1.0,0.0,0,9.0,3,82.01,27.103,27.684,27.223,317.0,332.0,307.0,342.0,2.0,SOFT,True,82.062,27.075,27.813,27.174,317.0,333.0,303.0,340.0,2.0,SOFT,True,81.91,27.191,27.588,27.131,317.0,334.0,307.0,340.0,2.0,SOFT,True
2022,16,GRAN PREMIO D’ITALIA,HAM,Mercedes,27.7,40.5,34.5,990.7,1.0,0.0,0,5.0,3,82.048,27.093,27.665,27.29,318.0,332.0,310.0,340.0,5.0,SOFT,False,81.708,27.047,27.554,27.107,320.0,332.0,309.0,340.0,2.0,SOFT,True,81.524,27.022,27.419,27.083,320.0,333.0,311.0,338.0,2.0,SOFT,True
2022,16,GRAN PREMIO D’ITALIA,LAT,Williams,27.7,40.5,34.5,990.7,1.0,0.0,0,16.0,1,82.587,27.045,27.982,27.56,321.0,337.0,310.0,344.0,4.0,SOFT,True,,,,,,,,,,,,,,,,,,,,,,
2022,16,GRAN PREMIO D’ITALIA,LEC,Ferrari,27.7,40.5,34.5,990.7,1.0,0.0,0,1.0,3,81.28,26.962,27.304,27.014,323.0,337.0,314.0,342.0,2.0,SOFT,True,81.208,27.201,27.158,26.849,322.0,333.0,309.0,337.0,6.0,SOFT,False,80.161,26.733,26.875,26.553,324.0,339.0,310.0,341.0,2.0,SOFT,True
2022,16,GRAN PREMIO D’ITALIA,MAG,Haas F1 Team,27.7,40.5,34.5,990.7,1.0,0.0,0,19.0,1,82.399,27.443,27.582,27.374,312.0,327.0,304.0,333.0,2.0,SOFT,True,,,,,,,,,,,,,,,,,,,,,,
2022,16,GRAN PREMIO D’ITALIA,MSC,Haas F1 Team,27.7,40.5,34.5,990.7,1.0,0.0,0,20.0,1,83.005,27.835,27.568,27.602,309.0,323.0,303.0,329.0,2.0,SOFT,True,,,,,,,,,,,,,,,,,,,,,,
2022,16,GRAN PREMIO D’ITALIA,NOR,McLaren,27.7,40.5,34.5,990.7,1.0,0.0,0,7.0,3,82.13,27.136,27.794,27.2,316.0,327.0,308.0,336.0,2.0,SOFT,True,81.831,27.081,27.637,27.113,316.0,332.0,307.0,340.0,2.0,SOFT,True,81.584,27.06,27.583,26.941,315.0,334.0,310.0,341.0,2.0,SOFT,True
2022,16,GRAN PREMIO D’ITALIA,OCO,Alpine,27.7,40.5,34.5,990.7,1.0,0.0,0,11.0,2,82.166,27.214,27.517,27.435,316.0,333.0,308.0,336.0,2.0,SOFT,True,82.13,27.111,27.619,27.4,318.0,333.0,306.0,341.0,2.0,SOFT,True,,,,,,,,,,,
2022,16,GRAN PREMIO D’ITALIA,PER,Red Bull Racing,27.7,40.5,34.5,990.7,1.0,0.0,0,4.0,3,81.495,27.208,27.332,26.955,315.0,337.0,309.0,343.0,5.0,SOFT,True,81.358,27.248,27.322,26.788,316.0,331.0,307.0,339.0,2.0,SOFT,True,81.206,27.256,27.179,26.771,314.0,332.0,306.0,337.0,2.0,SOFT,True
2022,16,GRAN PREMIO D’ITALIA,RIC,McLaren,27.7,40.5,34.5,990.7,1.0,0.0,0,8.0,3,82.139,27.095,27.812,27.232,318.0,328.0,309.0,341.0,2.0,SOFT,True,81.855,27.136,27.689,27.03,318.0,333.0,308.0,340.0,2.0,SOFT,True,81.925,27.21,27.669,27.046,316.0,332.0,310.0,337.0,2.0,SOFT,True
2022,16,GRAN PREMIO D’ITALIA,RUS,Mercedes,27.7,40.5,34.5,990.7,1.0,0.0,0,6.0,3,81.785,27.123,27.682,26.98,319.0,332.0,310.0,337.0,2.0,SOFT,True,81.747,27.121,27.678,26.948,321.0,331.0,310.0,340.0,2.0,SOFT,True,81.542,27.163,27.527,26.852,318.0,332.0,308.0,337.0,2.0,SOFT,True
2022,16,GRAN PREMIO D’ITALIA,SAI,Ferrari,27.7,40.5,34.5,990.7,1.0,0.0,0,3.0,3,81.348,26.963,27.447,26.938,324.0,337.0,314.0,341.0,2.0,SOFT,True,80.878,26.722,27.281,26.875,325.0,339.0,310.0,346.0,5.0,SOFT,False,80.429,26.85,27.055,26.524,320.0,334.0,311.0,337.0,2.0,SOFT,True
2022,16,GRAN PREMIO D’ITALIA,STR,Aston Martin,27.7,40.5,34.5,990.7,1.0,0.0,0,18.0,1,82.748,27.251,27.959,27.538,318.0,330.0,309.0,339.0,2.0,SOFT,True,,,,,,,,,,,,,,,,,,,,,,
2022,16,GRAN PREMIO D’ITALIA,TSU,Racing Bulls,27.7,40.5,34.5,990.7,1.0,0.0,0,15.0,1,82.02,27.156,27.549,27.315,316.0,335.0,307.0,342.0,2.0,SOFT,True,,,,,,,,,,,,,,,,,,,,,,
2022,16,GRAN PREMIO D’ITALIA,VER,Red Bull Racing,27.7,40.5,34.5,990.7,1.0,0.0,0,2.0,3,80.922,27.116,27.149,26.657,313.0,334.0,309.0,342.0,5.0,SOFT,True,81.265,27.182,27.322,26.761,316.0,332.0,307.0,338.0,8.0,SOFT,False,80.306,26.918,26.813,26.575,317.0,338.0,311.0,342.0,2.0,SOFT,True
2022,16,GRAN PREMIO D’ITALIA,VET,Aston Martin,27.7,40.5,34.5,990.7,1.0,0.0,0,17.0,1,82.636,27.233,27.765,27.638,315.0,328.0,308.0,334.0,2.0,SOFT,True,,,,,,,,,,,,,,,,,,,,,,
2022,16,GRAN PREMIO D’ITALIA,ZHO,Kick Sauber,27.7,40.5,34.5,990.7,1.0,0.0,0,14.0,2,82.003,27.068,27.652,27.283,321.0,335.0,309.0,343.0,2.0,SOFT,True,82.577,27.077,28.07,27.43,324.0,336.0,309.0,344.0,5.0,SOFT,False,,,,,,,,,,,
2022,17,SINGAPORE GRAND PRIX,ALB,Williams,26.9,27.7,81.0,1009.0,0.6,0.0,0,19.0,1,116.985,30.493,45.748,40.744,291.0,266.0,244.0,285.0,2.0,INTERMEDIATE,True,,,,,,,,,,,,,,,,,,,,,,
2022,17,SINGAPORE GRAND PRIX,ALO,Alpine,26.9,27.7,81.0,1009.0,0.6,0.0,0,5.0,3,115.36,30.624,44.786,39.95,286.0,261.0,243.0,278.0,7.0,INTERMEDIATE,True,113.127,30.067,43.442,39.618,290.0,262.0,246.0,280.0,2.0,INTERMEDIATE,True,109.966,29.388,41.723,38.855,288.0,263.0,248.0,282.0,6.0,SOFT,True
2022,17,SINGAPORE GRAND PRIX,BOT,Kick Sauber,26.9,27.7,81.0,1009.0,0.6,0.0,0,16.0,1,116.083,30.64,45.02,40.423,286.0,260.0,242.0,276.0,5.0,INTERMEDIATE,True,,,,,,,,,,,,,,,,,,,,,,
2022,17,SINGAPORE GRAND PRIX,GAS,Racing Bulls,26.9,27.7,81.0,1009.0,0.6,0.0,0,7.0,3,115.606,30.493,45.107,40.006,290.0,263.0,240.0,282.0,2.0,INTERMEDIATE,True,113.546,30.213,43.791,39.542,290.0,265.0,244.0,282.0,2.0,INTERMEDIATE,True,111.211,29.55,42.31,39.351,290.0,263.0,251.0,285.0,6.0,SOFT,True
2022,17,SINGAPORE GRAND PRIX,HAM,Mercedes,26.9,27.7,81.0,1009.0,0.6,0.0,0,3.0,3,113.161,30.268,43.664,39.229,289.0,265.0,245.0,281.0,2.0,INTERMEDIATE,True,112.691,29.913,43.546,39.232,289.0,265.0,245.0,280.0,2.0,INTERMEDIATE,True,109.466,29.169,41.186,39.111,293.0,266.0,251.0,283.0,6.0,SOFT,True
2022,17,SINGAPORE GRAND PRIX,LAT,Williams,26.9,27.7,81.0,1009.0,0.6,0.0,0,20.0,1,117.532,30.674,46.091,40.767,289.0,267.0,242.0,285.0,2.0,INTERMEDIATE,True,,,,,,,,,,,,,,,,,,,,,,
2022,17,SINGAPORE GRAND PRIX,LEC,Ferrari,26.9,27.7,81.0,1009.0,0.6,0.0,0,1.0,3,114.129,30.387,44.322,39.42,288.0,264.0,246.0,279.0,6.0,INTERMEDIATE,True,112.343,29.895,43.573,38.875,289.0,264.0,246.0,278.0,2.0,INTERMEDIATE,True,109.412,29.391,41.602,38.419,291.0,266.0,252.0,283.0,5.0,SOFT,True
2022,17,SINGAPORE GRAND PRIX,MAG,Haas F1 Team,26.9,27.7,81.0,1009.0,0.6,0.0,0,9.0,3,115.103,30.584,44.707,39.812,288.0,264.0,241.0,280.0,4.0,INTERMEDIATE,True,114.006,30.121,44.201,39.684,286.0,263.0,244.0,278.0,2.0,INTERMEDIATE,True,111.573,29.559,42.412,39.602,289.0,265.0,249.0,282.0,4.0,SOFT,True
2022,17,SINGAPORE GRAND PRIX,MSC,Haas F1 Team,26.9,27.7,81.0,1009.0,0.6,0.0,0,13.0,2,115.736,30.502,45.06,40.174,290.0,265.0,235.0,281.0,4.0,INTERMEDIATE,True,114.37,30.101,44.481,39.788,288.0,263.0,243.0,279.0,2.0,INTERMEDIATE,True,,,,,,,,,,,
2022,17,SINGAPORE GRAND PRIX,NOR,McLaren,26.9,27.7,81.0,1009.0,0.6,0.0,0,6.0,3,115.914,30.765,44.95,40.199,288.0,264.0,237.0,280.0,8.0,INTERMEDIATE,True,113.942,30.094,44.06,39.788,288.0,264.0,243.0,281.0,2.0,INTERMEDIATE,True,110.584,29.312,42.141,39.131,289.0,265.0,251.0,283.0,6.0,SOFT,True
2022,17,SINGAPORE GRAND PRIX,OCO,Alpine,26.9,27.7,81.0,1009.0,0.6,0.0,0,18.0,1,116.337,30.589,45.499,40.249,286.0,260.0,240.0,277.0,5.0,INTERMEDIATE,True,,,,,,,,,,,,,,,,,,,,,,
2022,17,SINGAPORE GRAND PRIX,PER,Red Bull Racing,26.9,27.7,81.0,1009.0,0.6,0.0,0,2.0,3,114.404,30.261,44.612,39.531,292.0,266.0,244.0,283.0,4.0,INTERMEDIATE,True,112.818,29.97,43.652,39.196,292.0,266.0,247.0,283.0,2.0,INTERMEDIATE,True,109.434,28.94,41.455,39.039,293.0,266.0,253.0,287.0,6.0,SOFT,True
2022,17,SINGAPORE GRAND PRIX,RIC,McLaren,26.9,27.7,81.0,1009.0,0.6,0.0,0,17.0,1,116.226,30.592,45.297,40.337,289.0,263.0,246.0,281.0,4.0,INTERMEDIATE,True,,,,,,,,,,,,,,,,,,,,,,
2022,17,SINGAPORE GRAND PRIX,RUS,Mercedes,26.9,27.7,81.0,1009.0,0.6,0.0,0,11.0,2,114.633,30.502,44.531,39.6,289.0,264.0,245.0,280.0,2.0,INTERMEDIATE,True,114.012,30.118,43.96,39.934,289.0,265.0,247.0,278.0,2.0,INTERMEDIATE,True,,,,,,,,,,,
2022,17,SINGAPORE GRAND PRIX,SAI,Ferrari,26.9,27.7,81.0,1009.0,0.6,0.0,0,4.0,3,114.559,30.272,44.681,39.606,291.0,264.0,245.0,281.0,5.0,INTERMEDIATE,True,113.219,29.694,43.944,39.581,291.0,266.0,248.0,281.0,2.0,INTERMEDIATE,True,109.583,28.961,41.463,39.159,290.0,265.0,250.0,284.0,6.0,SOFT,True
2022,17,SINGAPORE GRAND PRIX,STR,Aston Martin,26.9,27.7,81.0,1009.0,0.6,0.0,0,12.0,2,115.629,30.53,44.973,40.126,287.0,263.0,234.0,279.0,4.0,INTERMEDIATE,True,114.211,30.322,44.268,39.621,290.0,264.0,243.0,278.0,2.0,INTERMEDIATE,True,,,,,,,,,,,
2022,17,SINGAPORE GRAND PRIX,TSU,Racing Bulls,26.9,27.7,81.0,1009.0,0.6,0.0,0,10.0,3,115.314,30.513,44.255,40.546,291.0,264.0,240.0,281.0,2.0,INTERMEDIATE,True,113.848,30.131,43.99,39.727,288.0,264.0,244.0,281.0,2.0,INTERMEDIATE,True,111.983,29.452,42.774,39.757,290.0,265.0,250.0,283.0,3.0,SOFT,True
2022,17,SINGAPORE GRAND PRIX,VER,Red Bull Racing,26.9,27.7,81.0,1009.0,0.6,0.0,0,8.0,3,113.057,29.978,43.751,39.328,292.0,265.0,244.0,285.0,2.0,INTERMEDIATE,True,112.723,29.803,43.756,39.164,292.0,265.0,246.0,282.0,5.0,INTERMEDIATE,False,111.395,29.085,42.253,40.057,290.0,265.0,252.0,284.0,4.0,SOFT,True
2022,17,SINGAPORE GRAND PRIX,VET,Aston Martin,26.9,27.7,81.0,1009.0,0.6,0.0,0,14.0,2,115.602,30.414,45.118,40.07,290.0,264.0,241.0,279.0,7.0,INTERMEDIATE,False,114.38,30.37,44.405,39.605,289.0,265.0,241.0,278.0,7.0,INTERMEDIATE,False,,,,,,,,,,,
2022,17,SINGAPORE GRAND PRIX,ZHO,Kick Sauber,26.9,27.7,81.0,1009.0,0.6,0.0,0,15.0,2,115.375,30.57,45.174,39.631,286.0,261.0,245.0,277.0,5.0,INTERMEDIATE,True,115.518,30.536,45.211,39.771,284.0,262.0,244.0,276.0,4.0,INTERMEDIATE,True,,,,,,,,,,,
2022,18,JAPANESE GRAND PRIX,ALB,Williams,19.8,26.7,57.0,1014.7,2.7,0.0,0,16.0,1,91.311,32.089,41.037,18.185,284.0,308.0,266.0,306.0,2.0,SOFT,True,,,,,,,,,,,,,,,,,,,,,,
2022,18,JAPANESE GRAND PRIX,ALO,Alpine,19.8,26.7,57.0,1014.7,2.7,0.0,0,7.0,3,90.603,31.692,40.85,18.061,280.0,302.0,263.0,302.0,2.0,SOFT,True,90.343,31.509,40.77,18.064,281.0,301.0,264.0,301.0,2.0,SOFT,True,90.322,31.455,40.707,18.16,279.0,300.0,263.0,301.0,2.0,SOFT,True
2022,18,JAPANESE GRAND PRIX,BOT,Kick Sauber,19.8,26.7,57.0,1014.7,2.7,0.0,0,12.0,2,91.226,31.996,41.164,18.066,276.0,297.0,263.0,297.0,2.0,SOFT,True,90.709,31.723,40.981,18.005,276.0,295.0,266.0,296.0,2.0,SOFT,True,,,,,,,,,,,
2022,18,JAPANESE GRAND PRIX,GAS,Racing Bulls,19.8,26.7,57.0,1014.7,2.7,0.0,0,17.0,1,91.322,31.898,41.228,18.196,279.0,301.0,264.0,300.0,2.0,SOFT,True,,,,,,,,,,,,,,,,,,,,,,
2022,18,JAPANESE GRAND PRIX,HAM,Mercedes,19.8,26.7,57.0,1014.7,2.7,0.0,0,6.0,3,90.906,31.765,41.074,18.067,274.0,293.0,263.0,291.0,2.0,SOFT,True,90.443,31.401,40.851,18.191,276.0,296.0,262.0,294.0,2.0,SOFT,True,90.261,31.321,40.766,18.174,275.0,294.0,263.0,292.0,2.0,SOFT,True
2022,18,JAPANESE GRAND PRIX,LAT,Williams,19.8,26.7,57.0,1014.7,2.7,0.0,0,20.0,1,91.511,32.311,41.17,18.03,284.0,308.0,267.0,307.0,2.0,SOFT,True,,,,,,,,,,,,,,,,,,,,,,
2022,18,JAPANESE GRAND PRIX,LEC,Ferrari,19.8,26.7,57.0,1014.7,2.7,0.0,0,2.0,3,90.402,31.778,40.666,17.958,280.0,302.0,265.0,302.0,2.0,SOFT,True,90.486,31.643,40.759,18.084,281.0,301.0,265.0,302.0,5.0,SOFT,False,89.314,31.149,40.166,17.999,281.0,300.0,262.0,300.0,2.0,SOFT,True
2022,18,JAPANESE GRAND PRIX,MAG,Haas F1 Team,19.8,26.7,57.0,1014.7,2.7,0.0,0,18.0,1,91.352,31.765,41.227,18.36,276.0,296.0,261.0,295.0,2.0,SOFT,True,,,,,,,,,,,,,,,,,,,,,,
2022,18,JAPANESE GRAND PRIX,MSC,Haas F1 Team,19.8,26.7,57.0,1014.7,2.7,0.0,0,15.0,2,91.152,31.745,41.082,18.325,276.0,296.0,260.0,294.0,2.0,SOFT,True,91.439,31.817,41.259,18.363,276.0,295.0,263.0,292.0,2.0,SOFT,True,,,,,,,,,,,
2022,18,JAPANESE GRAND PRIX,NOR,McLaren,19.8,26.7,57.0,1014.7,2.7,0.0,0,10.0,3,90.881,31.565,40.987,18.329,278.0,298.0,262.0,296.0,2.0,SOFT,True,90.473,31.427,41.017,18.029,278.0,298.0,263.0,297.0,2.0,SOFT,True,91.003,31.535,41.317,18.151,278.0,296.0,263.0,297.0,2.0,SOFT,True
2022,18,JAPANESE GRAND PRIX,OCO,Alpine,19.8,26.7,57.0,1014.7,2.7,0.0,0,5.0,3,90.696,31.619,40.937,18.14,280.0,302.0,264.0,301.0,2.0,SOFT,True,90.357,31.501,40.798,18.058,280.0,300.0,265.0,301.0,2.0,SOFT,True,90.165,31.333,40.786,18.046,279.0,300.0,265.0,300.0,2.0,SOFT,True
2022,18,JAPANESE GRAND PRIX,PER,Red Bull Racing,19.8,26.7,57.0,1014.7,2.7,0.0,0,4.0,3,90.622,31.75,40.84,18.032,282.0,304.0,264.0,303.0,2.0,SOFT,True,89.925,31.383,40.626,17.916,282.0,303.0,266.0,303.0,2.0,SOFT,True,89.709,31.373,40.433,17.903,281.0,303.0,266.0,301.0,2.0,SOFT,True
2022,18,JAPANESE GRAND PRIX,RIC,McLaren,19.8,26.7,57.0,1014.7,2.7,0.0,0,11.0,2,90.88,31.692,40.98,18.208,278.0,300.0,263.0,294.0,2.0,SOFT,True,90.659,31.565,40.938,18.156,279.0,298.0,263.0,295.0,2.0,SOFT,True,,,,,,,,,,,
2022,18,JAPANESE GRAND PRIX,RUS,Mercedes,19.8,26.7,57.0,1014.7,2.7,0.0,0,8.0,3,90.865,31.635,41.002,18.228,275.0,294.0,263.0,291.0,2.0,SOFT,True,90.465,31.43,40.869,18.166,276.0,295.0,263.0,292.0,2.0,SOFT,True,90.389,31.474,40.73,18.185,274.0,295.0,263.0,292.0,2.0,SOFT,True
2022,18,JAPANESE GRAND PRIX,SAI,Ferrari,19.8,26.7,57.0,1014.7,2.7,0.0,0,3.0,3,90.336,31.591,40.721,18.024,282.0,302.0,265.0,303.0,2.0,SOFT,True,90.444,31.612,40.887,17.945,282.0,301.0,267.0,301.0,5.0,SOFT,False,89.361,31.127,40.275,17.959,282.0,302.0,265.0,302.0,2.0,SOFT,True
2022,18,JAPANESE GRAND PRIX,STR,Aston Martin,19.8,26.7,57.0,1014.7,2.7,0.0,0,19.0,1,91.419,31.755,41.402,18.262,276.0,296.0,261.0,295.0,2.0,SOFT,True,,,,,,,,,,,,,,,,,,,,,,
2022,18,JAPANESE GRAND PRIX,TSU,Racing Bulls,19.8,26.7,57.0,1014.7,2.7,0.0,0,13.0,2,91.13,31.883,41.042,18.205,281.0,302.0,265.0,301.0,2.0,SOFT,True,90.808,31.787,40.879,18.142,281.0,301.0,265.0,301.0,2.0,SOFT,True,,,,,,,,,,,
2022,18,JAPANESE GRAND PRIX,VER,Red Bull Racing,19.8,26.7,57.0,1014.7,2.7,0.0,0,1.0,3,90.224,31.574,40.748,17.902,282.0,304.0,266.0,302.0,2.0,SOFT,True,90.346,31.578,40.794,17.974,282.0,304.0,266.0,303.0,5.0,SOFT,False,89.304,31.116,40.406,17.782,283.0,304.0,267.0,303.0,2.0,SOFT,True
2022,18,JAPANESE GRAND PRIX,VET,Aston Martin,19.8,26.7,57.0,1014.7,2.7,0.0,0,9.0,3,91.256,31.962,41.094,18.2,276.0,296.0,263.0,295.0,2.0,SOFT,True,90.656,31.701,40.849,18.106,276.0,295.0,264.0,295.0,2.0,SOFT,True,90.554,31.655,40.741,18.158,276.0,295.0,263.0,295.0,2.0,SOFT,True
2022,18,JAPANESE GRAND PRIX,ZHO,Kick Sauber,19.8,26.7,57.0,1014.7,2.7,0.0,0,14.0,2,90.894,31.826,40.92,18.148,277.0,297.0,263.0,297.0,2.0,SOFT,True,90.953,31.803,41.044,18.106,277.0,296.0,264.0,296.0,2.0,SOFT,True,,,,,,,,,,,
2022,19,UNITED STATES GRAND PRIX,ALB,Williams,30.1,36.5,37.0,991.2,5.0,0.0,0,11.0,2,96.932,26.05,39.211,31.671,221.0,190.0,206.0,323.0,2.0,SOFT,True,96.368,25.936,38.879,31.553,217.0,191.0,208.0,324.0,2.0,SOFT,True,,,,,,,,,,,
2022,19,UNITED STATES GRAND PRIX,ALO,Alpine,30.1,36.5,37.0,991.2,5.0,0.0,0,9.0,3,96.446,26.127,38.85,31.469,226.0,190.0,209.0,320.0,2.0,SOFT,True,95.988,26.155,38.758,31.075,223.0,192.0,212.0,320.0,2.0,SOFT,True,95.876,26.055,38.558,31.263,228.0,191.0,208.0,321.0,2.0,SOFT,True
2022,19,UNITED STATES GRAND PRIX,BOT,Kick Sauber,30.1,36.5,37.0,991.2,5.0,0.0,0,10.0,3,96.746,26.209,39.084,31.453,227.0,191.0,205.0,315.0,2.0,SOFT,True,96.321,26.097,38.783,31.441,225.0,190.0,207.0,317.0,2.0,SOFT,True,96.319,26.07,38.792,31.457,227.0,190.0,208.0,318.0,2.0,SOFT,True
2022,19,UNITED STATES GRAND PRIX,GAS,Racing Bulls,30.1,36.5,37.0,991.2,5.0,0.0,0,13.0,2,96.577,26.088,39.014,31.475,222.0,185.0,207.0,317.0,2.0,SOFT,True,96.74,26.083,39.081,31.576,227.0,187.0,206.0,319.0,2.0,SOFT,True,,,,,,,,,,,
2022,19,UNITED STATES GRAND PRIX,HAM,Mercedes,30.1,36.5,37.0,991.2,5.0,0.0,0,5.0,3,95.878,25.974,38.627,31.277,236.0,191.0,206.0,316.0,5.0,SOFT,False,95.732,25.904,38.49,31.338,233.0,190.0,207.0,318.0,5.0,SOFT,False,94.947,25.722,38.09,31.135,234.0,191.0,210.0,318.0,2.0,SOFT,True
2022,19,UNITED STATES GRAND PRIX,LAT,Williams,30.1,36.5,37.0,991.2,5.0,0.0,0,20.0,1,97.244,26.088,39.149,32.007,221.0,190.0,208.0,325.0,2.0,SOFT,True,,,,,,,,,,,,,,,,,,,,,,
2022,19,UNITED STATES GRAND PRIX,LEC,Ferrari,30.1,36.5,37.0,991.2,5.0,0.0,0,2.0,3,95.795,25.999,38.617,31.179,225.0,189.0,208.0,320.0,2.0,SOFT,True,95.246,25.751,38.449,31.046,235.0,191.0,210.0,320.0,6.0,SOFT,False,94.421,25.505,38.11,30.806,239.0,192.0,206.0,320.0,2.0,SOFT,True
2022,19,UNITED STATES GRAND PRIX,MAG,Haas F1 Team,30.1,36.5,37.0,991.2,5.0,0.0,0,16.0,1,96.949,26.438,38.758,31.753,228.0,187.0,207.0,318.0,2.0,SOFT,True,,,,,,,,,,,,,,,,,,,,,,
2022,19,UNITED STATES GRAND PRIX,MSC,Haas F1 Team,30.1,36.5,37.0,991.2,5.0,0.0,0,19.0,1,97.111,26.295,39.012,31.804,221.0,188.0,204.0,318.0,5.0,SOFT,True,,,,,,,,,,,,,,,,,,,,,,
2022,19,UNITED STATES GRAND PRIX,NOR,McLaren,30.1,36.5,37.0,991.2,5.0,0.0,0,8.0,3,96.465,26.077,39.007,31.381,226.0,190.0,206.0,315.0,2.0,SOFT,True,96.341,25.939,38.839,31.563,229.0,189.0,205.0,318.0,2.0,SOFT,True,95.69,25.856,38.526,31.308,229.0,190.0,205.0,320.0,2.0,SOFT,True
2022,19,UNITED STATES GRAND PRIX,OCO,Alpine,30.1,36.5,37.0,991.2,5.0,0.0,0,18.0,1,97.068,26.144,39.279,31.645,231.0,190.0,208.0,317.0,2.0,SOFT,True,,,,,,,,,,,,,,,,,,,,,,
2022,19,UNITED STATES GRAND PRIX,PER,Red Bull Racing,30.1,36.5,37.0,991.2,5.0,0.0,0,4.0,3,96.163,26.522,38.418,31.223,222.0,188.0,209.0,323.0,2.0,SOFT,True,95.864,26.065,38.778,31.021,221.0,189.0,207.0,322.0,5.0,SOFT,False,94.645,25.664,38.094,30.887,225.0,192.0,208.0,323.0,2.0,SOFT,True
2022,19,UNITED STATES GRAND PRIX,RIC,McLaren,30.1,36.5,37.0,991.2,5.0,0.0,0,17.0,1,97.046,26.202,39.208,31.636,227.0,191.0,209.0,313.0,2.0,SOFT,True,,,,,,,,,,,,,,,,,,,,,,
2022,19,UNITED STATES GRAND PRIX,RUS,Mercedes,30.1,36.5,37.0,991.2,5.0,0.0,0,6.0,3,96.195,26.138,38.74,31.317,225.0,191.0,207.0,316.0,2.0,SOFT,True,95.692,25.967,38.64,31.085,227.0,191.0,208.0,316.0,2.0,SOFT,True,94.988,25.772,38.174,31.042,231.0,192.0,207.0,318.0,2.0,SOFT,True
2022,19,UNITED STATES GRAND PRIX,SAI,Ferrari,30.1,36.5,37.0,991.2,5.0,0.0,0,1.0,3,95.297,25.832,38.413,31.052,233.0,192.0,208.0,322.0,3.0,SOFT,True,95.59,25.866,38.497,31.227,234.0,187.0,210.0,320.0,6.0,SOFT,False,94.356,25.525,38.097,30.734,233.0,193.0,210.0,320.0,2.0,SOFT,True
2022,19,UNITED STATES GRAND PRIX,STR,Aston Martin,30.1,36.5,37.0,991.2,5.0,0.0,0,7.0,3,96.86,26.382,38.828,31.65,219.0,187.0,206.0,315.0,2.0,SOFT,True,96.032,25.924,38.584,31.524,220.0,190.0,205.0,315.0,2.0,SOFT,True,95.598,25.847,38.481,31.27,222.0,191.0,208.0,315.0,2.0,SOFT,True
2022,19,UNITED STATES GRAND PRIX,TSU,Racing Bulls,30.1,36.5,37.0,991.2,5.0,0.0,0,15.0,2,96.808,26.188,38.944,31.676,225.0,187.0,207.0,319.0,2.0,SOFT,True,96.439,26.039,38.869,31.531,225.0,187.0,209.0,320.0,2.0,SOFT,True,,,,,,,,,,,
2022,19,UNITED STATES GRAND PRIX,VER,Red Bull Racing,30.1,36.5,37.0,991.2,5.0,0.0,0,3.0,3,95.864,26.05,38.405,31.409,228.0,187.0,208.0,325.0,2.0,SOFT,True,95.294,25.78,38.437,31.077,230.0,188.0,207.0,325.0,5.0,SOFT,False,94.448,25.599,37.846,31.003,232.0,189.0,209.0,326.0,3.0,SOFT,True
2022,19,UNITED STATES GRAND PRIX,VET,Aston Martin,30.1,36.5,37.0,991.2,5.0,0.0,0,12.0,2,96.695,26.336,38.797,31.562,224.0,191.0,206.0,312.0,2.0,SOFT,True,96.398,26.222,38.712,31.464,225.0,192.0,207.0,315.0,2.0,SOFT,True,,,,,,,,,,,
2022,19,UNITED STATES GRAND PRIX,ZHO,Kick Sauber,30.1,36.5,37.0,991.2,5.0,0.0,0,14.0,2,96.656,26.073,39.055,31.528,231.0,191.0,205.0,319.0,2.0,SOFT,True,96.196,26.143,38.556,31.497,234.0,191.0,205.0,321.0,2.0,SOFT,True,,,,,,,,,,,
2022,20,GRAN PREMIO DE LA CIUDAD DE MÉXICO,ALB,Williams,25.75,48.75,36.0,782.5,1.2,0.0,0,19.0,1,80.859,27.963,31.907,20.989,313.0,290.0,249.0,348.0,3.0,SOFT,True,,,,,,,,,,,,,,,,,,,,,,
2022,20,GRAN PREMIO DE LA CIUDAD DE MÉXICO,ALO,Alpine,25.75,48.75,36.0,782.5,1.2,0.0,0,9.0,3,80.006,28.239,30.846,20.921,310.0,291.0,249.0,345.0,2.0,SOFT,True,79.272,28.093,30.596,20.583,312.0,292.0,248.0,344.0,2.0,SOFT,True,78.939,28.049,30.393,20.497,311.0,292.0,247.0,342.0,2.0,SOFT,True
2022,20,GRAN PREMIO DE LA CIUDAD DE MÉXICO,BOT,Kick Sauber,25.75,48.75,36.0,782.5,1.2,0.0,0,6.0,3,79.523,28.036,30.844,20.643,311.0,291.0,251.0,346.0,2.0,SOFT,True,78.762,27.92,30.453,20.389,311.0,292.0,250.0,344.0,2.0,SOFT,True,78.401,27.667,30.338,20.396,312.0,293.0,251.0,345.0,2.0,SOFT,True
2022,20,GRAN PREMIO DE LA CIUDAD DE MÉXICO,GAS,Racing Bulls,25.75,48.75,36.0,782.5,1.2,0.0,0,14.0,2,80.256,28.003,31.301,20.952,310.0,290.0,252.0,347.0,3.0,SOFT,True,79.672,27.929,30.971,20.772,312.0,292.0,252.0,346.0,2.0,SOFT,True,,,,,,,,,,,
2022,20,GRAN PREMIO DE LA CIUDAD DE MÉXICO,HAM,Mercedes,25.75,48.75,36.0,782.5,1.2,0.0,0,3.0,3,79.169,27.937,30.598,20.634,311.0,292.0,250.0,344.0,6.0,SOFT,False,78.552,27.732,30.442,20.378,311.0,291.0,250.0,342.0,2.0,SOFT,True,78.084,27.715,30.069,20.3,311.0,293.0,250.0,344.0,2.0,SOFT,True
2022,20,GRAN PREMIO DE LA CIUDAD DE MÉXICO,LAT,Williams,25.75,48.75,36.0,782.5,1.2,0.0,0,20.0,1,81.167,28.219,31.847,21.101,313.0,290.0,249.0,348.0,3.0,SOFT,True,,,,,,,,,,,,,,,,,,,,,,
2022,20,GRAN PREMIO DE LA CIUDAD DE MÉXICO,LEC,Ferrari,25.75,48.75,36.0,782.5,1.2,0.0,0,7.0,3,79.505,28.161,30.765,20.579,309.0,288.0,250.0,344.0,2.0,SOFT,True,79.109,27.995,30.613,20.501,310.0,288.0,249.0,346.0,9.0,SOFT,False,78.555,27.943,30.33,20.282,308.0,283.0,249.0,342.0,2.0,SOFT,True
2022,20,GRAN PREMIO DE LA CIUDAD DE MÉXICO,MAG,Haas F1 Team,25.75,48.75,36.0,782.5,1.2,0.0,0,15.0,2,80.293,27.997,31.286,21.01,311.0,289.0,249.0,348.0,2.0,SOFT,True,79.833,28.004,31.144,20.685,312.0,292.0,249.0,348.0,2.0,SOFT,True,,,,,,,,,,,
2022,20,GRAN PREMIO DE LA CIUDAD DE MÉXICO,MSC,Haas F1 Team,25.75,48.75,36.0,782.5,1.2,0.0,0,16.0,1,79.695,27.966,31.032,20.697,312.0,290.0,250.0,347.0,2.0,SOFT,True,,,,,,,,,,,,,,,,,,,,,,
2022,20,GRAN PREMIO DE LA CIUDAD DE MÉXICO,NOR,McLaren,25.75,48.75,36.0,782.5,1.2,0.0,0,8.0,3,79.857,28.05,31.144,20.663,309.0,290.0,249.0,346.0,2.0,SOFT,True,79.119,27.806,30.805,20.508,311.0,291.0,248.0,346.0,2.0,SOFT,True,78.721,27.767,30.544,20.41,310.0,294.0,247.0,347.0,2.0,SOFT,True
2022,20,GRAN PREMIO DE LA CIUDAD DE MÉXICO,OCO,Alpine,25.75,48.75,36.0,782.5,1.2,0.0,0,10.0,3,79.945,28.032,31.066,20.847,311.0,292.0,250.0,344.0,2.0,SOFT,True,79.081,27.892,30.591,20.598,312.0,291.0,249.0,344.0,2.0,SOFT,True,79.01,27.966,30.574,20.47,311.0,292.0,249.0,345.0,2.0,SOFT,True
2022,20,GRAN PREMIO DE LA CIUDAD DE MÉXICO,PER,Red Bull Racing,25.75,48.75,36.0,782.5,1.2,0.0,0,4.0,3,79.706,27.972,30.957,20.777,312.0,285.0,252.0,346.0,5.0,SOFT,False,78.615,27.757,30.414,20.444,312.0,294.0,253.0,347.0,2.0,SOFT,True,78.128,27.585,30.283,20.26,313.0,296.0,253.0,348.0,2.0,SOFT,True
2022,20,GRAN PREMIO DE LA CIUDAD DE MÉXICO,RIC,McLaren,25.75,48.75,36.0,782.5,1.2,0.0,0,11.0,2,80.279,28.215,31.213,20.851,311.0,288.0,249.0,345.0,3.0,SOFT,True,79.325,27.867,30.954,20.504,312.0,291.0,249.0,345.0,2.0,SOFT,True,,,,,,,,,,,
2022,20,GRAN PREMIO DE LA CIUDAD DE MÉXICO,RUS,Mercedes,25.75,48.75,36.0,782.5,1.2,0.0,0,2.0,3,79.583,28.153,30.783,20.647,310.0,293.0,251.0,344.0,6.0,SOFT,False,78.565,27.835,30.394,20.336,312.0,293.0,252.0,344.0,2.0,SOFT,True,78.079,27.718,30.138,20.223,313.0,295.0,252.0,345.0,2.0,SOFT,True
2022,20,GRAN PREMIO DE LA CIUDAD DE MÉXICO,SAI,Ferrari,25.75,48.75,36.0,782.5,1.2,0.0,0,5.0,3,79.566,28.102,30.795,20.669,311.0,290.0,249.0,346.0,3.0,SOFT,True,78.56,27.875,30.452,20.233,311.0,291.0,250.0,344.0,2.0,SOFT,True,78.351,27.662,30.479,20.21,312.0,291.0,250.0,345.0,2.0,SOFT,True
2022,20,GRAN PREMIO DE LA CIUDAD DE MÉXICO,STR,Aston Martin,25.75,48.75,36.0,782.5,1.2,0.0,0,18.0,1,80.52,28.298,31.189,21.033,310.0,290.0,249.0,343.0,3.0,SOFT,True,,,,,,,,,,,,,,,,,,,,,,
2022,20,GRAN PREMIO DE LA CIUDAD DE MÉXICO,TSU,Racing Bulls,25.75,48.75,36.0,782.5,1.2,0.0,0,13.0,2,79.907,28.12,30.969,20.818,309.0,292.0,252.0,343.0,2.0,SOFT,True,79.589,27.96,30.86,20.769,313.0,295.0,252.0,346.0,2.0,SOFT,True,,,,,,,,,,,
2022,20,GRAN PREMIO DE LA CIUDAD DE MÉXICO,VER,Red Bull Racing,25.75,48.75,36.0,782.5,1.2,0.0,0,1.0,3,79.222,28.015,30.813,20.394,313.0,293.0,252.0,349.0,3.0,SOFT,True,78.566,27.781,30.545,20.24,313.0,295.0,251.0,346.0,2.0,SOFT,True,77.775,27.49,30.244,20.041,314.0,295.0,252.0,349.0,2.0,SOFT,True
2022,20,GRAN PREMIO DE LA CIUDAD DE MÉXICO,VET,Aston Martin,25.75,48.75,36.0,782.5,1.2,0.0,0,17.0,1,80.419,28.367,31.224,20.828,308.0,289.0,250.0,343.0,3.0,SOFT,True,,,,,,,,,,,,,,,,,,,,,,
2022,20,GRAN PREMIO DE LA CIUDAD DE MÉXICO,ZHO,Kick Sauber,25.75,48.75,36.0,782.5,1.2,0.0,0,12.0,2,80.283,28.393,31.151,20.739,309.0,289.0,249.0,345.0,2.0,SOFT,True,79.476,28.119,30.864,20.493,310.0,291.0,249.0,343.0,2.0,SOFT,True,,,,,,,,,,,
2022,21,GRANDE PRÊMIO DE SÃO PAULO,ALB,Williams,19.2,27.0,94.0,924.2,1.1,0.0,0,11.0,2,74.324,18.894,37.819,17.611,309.0,235.0,308.0,301.0,5.0,SOFT,True,71.631,18.421,36.316,16.894,325.0,254.0,329.0,318.0,2.0,SOFT,True,,,,,,,,,,,
2022,21,GRANDE PRÊMIO DE SÃO PAULO,ALO,Alpine,19.2,27.0,94.0,924.2,1.1,0.0,0,7.0,3,73.542,18.944,36.962,17.636,306.0,257.0,302.0,303.0,4.0,SOFT,True,71.394,18.224,36.136,17.034,321.0,260.0,329.0,327.0,4.0,SOFT,True,72.504,18.909,36.462,17.133,320.0,257.0,322.0,297.0,2.0,SOFT,True
2022,21,GRANDE PRÊMIO DE SÃO PAULO,BOT,Kick Sauber,19.2,27.0,94.0,924.2,1.1,0.0,0,18.0,1,75.486,19.029,38.574,17.883,293.0,249.0,299.0,300.0,3.0,SOFT,True,,,,,,,,,,,,,,,,,,,,,,
2022,21,GRANDE PRÊMIO DE SÃO PAULO,GAS,Racing Bulls,19.2,27.0,94.0,924.2,1.1,0.0,0,12.0,2,74.371,19.083,37.817,17.471,310.0,258.0,308.0,298.0,7.0,SOFT,True,71.675,18.281,36.531,16.863,323.0,261.0,322.0,329.0,3.0,SOFT,True,,,,,,,,,,,
2022,21,GRANDE PRÊMIO DE SÃO PAULO,HAM,Mercedes,19.2,27.0,94.0,924.2,1.1,0.0,0,8.0,3,73.403,18.72,37.192,17.491,307.0,261.0,301.0,304.0,4.0,SOFT,True,71.539,18.328,36.173,17.038,317.0,260.0,317.0,320.0,2.0,SOFT,True,72.611,18.776,36.748,17.087,320.0,251.0,319.0,322.0,2.0,SOFT,True
2022,21,GRANDE PRÊMIO DE SÃO PAULO,LAT,Williams,19.2,27.0,94.0,924.2,1.1,0.0,0,16.0,1,75.095,18.915,38.45,17.73,310.0,242.0,308.0,308.0,6.0,SOFT,True,,,,,,,,,,,,,,,,,,,,,,
2022,21,GRANDE PRÊMIO DE SÃO PAULO,LEC,Ferrari,19.2,27.0,94.0,924.2,1.1,0.0,0,10.0,3,74.486,19.355,37.497,17.634,301.0,255.0,306.0,305.0,3.0,SOFT,True,70.95,18.381,35.591,16.978,320.0,266.0,320.0,319.0,2.0,SOFT,True,80.329,18.957,38.972,22.4,315.0,249.0,,316.0,2.0,INTERMEDIATE,True
2022,21,GRANDE PRÊMIO DE SÃO PAULO,MAG,Haas F1 Team,19.2,27.0,94.0,924.2,1.1,0.0,0,1.0,3,73.954,18.891,37.457,17.606,300.0,259.0,297.0,299.0,3.0,SOFT,True,71.41,18.166,36.152,17.092,320.0,260.0,318.0,323.0,4.0,SOFT,True,71.674,18.41,36.29,16.974,319.0,261.0,319.0,317.0,2.0,SOFT,True
2022,21,GRANDE PRÊMIO DE SÃO PAULO,MSC,Haas F1 Team,19.2,27.0,94.0,924.2,1.1,0.0,0,20.0,1,76.361,19.272,38.906,18.183,303.0,238.0,300.0,299.0,3.0,SOFT,True,,,,,,,,,,,,,,,,,,,,,,
2022,21,GRANDE PRÊMIO DE SÃO PAULO,NOR,McLaren,19.2,27.0,94.0,924.2,1.1,0.0,0,4.0,3,73.106,18.683,36.944,17.479,306.0,260.0,302.0,303.0,5.0,SOFT,True,71.377,18.274,36.066,17.037,322.0,260.0,319.0,326.0,2.0,SOFT,True,72.263,18.55,36.643,17.07,320.0,258.0,318.0,323.0,2.0,SOFT,True
2022,21,GRANDE PRÊMIO DE SÃO PAULO,OCO,Alpine,19.2,27.0,94.0,924.2,1.1,0.0,0,6.0,3,74.663,18.832,38.019,17.812,304.0,244.0,304.0,298.0,4.0,SOFT,True,71.587,18.394,36.1,17.093,322.0,259.0,321.0,326.0,2.0,SOFT,True,72.425,18.673,36.605,17.147,320.0,257.0,321.0,323.0,2.0,SOFT,True
2022,21,GRANDE PRÊMIO DE SÃO PAULO,PER,Red Bull Racing,19.2,27.0,94.0,924.2,1.1,0.0,0,9.0,3,73.613,18.919,37.356,17.338,310.0,255.0,308.0,307.0,4.0,SOFT,True,71.456,18.222,36.255,16.979,325.0,260.0,327.0,332.0,2.0,SOFT,True,75.601,18.831,39.043,17.727,330.0,231.0,324.0,299.0,2.0,SOFT,True
2022,21,GRANDE PRÊMIO DE SÃO PAULO,RIC,McLaren,19.2,27.0,94.0,924.2,1.1,0.0,0,14.0,2,74.931,18.987,38.149,17.795,302.0,251.0,302.0,304.0,5.0,SOFT,True,72.14,18.388,36.607,17.145,319.0,256.0,319.0,326.0,4.0,SOFT,True,,,,,,,,,,,
2022,21,GRANDE PRÊMIO DE SÃO PAULO,RUS,Mercedes,19.2,27.0,94.0,924.2,1.1,0.0,0,3.0,3,74.427,18.823,37.95,17.654,292.0,246.0,303.0,301.0,4.0,SOFT,True,71.318,18.293,36.092,16.933,317.0,259.0,319.0,320.0,5.0,SOFT,True,72.059,18.712,36.161,17.186,316.0,257.0,318.0,320.0,2.0,SOFT,True
2022,21,GRANDE PRÊMIO DE SÃO PAULO,SAI,Ferrari,19.2,27.0,94.0,924.2,1.1,0.0,0,5.0,3,74.68,19.082,37.905,17.693,304.0,253.0,309.0,305.0,3.0,SOFT,True,70.89,18.087,35.787,17.016,320.0,260.0,320.0,322.0,3.0,SOFT,True,72.357,18.808,36.371,17.178,316.0,255.0,317.0,318.0,2.0,SOFT,True
2022,21,GRANDE PRÊMIO DE SÃO PAULO,STR,Aston Martin,19.2,27.0,94.0,924.2,1.1,0.0,0,15.0,2,74.398,18.685,37.907,17.806,304.0,255.0,303.0,301.0,5.0,SOFT,True,72.21,18.412,36.585,17.213,316.0,259.0,317.0,321.0,4.0,SOFT,True,,,,,,,,,,,
2022,21,GRANDE PRÊMIO DE SÃO PAULO,TSU,Racing Bulls,19.2,27.0,94.0,924.2,1.1,0.0,0,19.0,1,76.264,19.316,39.221,17.727,304.0,244.0,300.0,300.0,3.0,SOFT,True,,,,,,,,,,,,,,,,,,,,,,
2022,21,GRANDE PRÊMIO DE SÃO PAULO,VER,Red Bull Racing,19.2,27.0,94.0,924.2,1.1,0.0,0,2.0,3,73.625,18.767,37.407,17.451,309.0,258.0,306.0,307.0,4.0,SOFT,True,70.881,18.093,35.772,17.016,325.0,263.0,326.0,330.0,2.0,SOFT,True,71.877,18.331,36.607,16.939,323.0,260.0,324.0,327.0,2.0,SOFT,True
2022,21,GRANDE PRÊMIO DE SÃO PAULO,VET,Aston Martin,19.2,27.0,94.0,924.2,1.1,0.0,0,13.0,2,73.597,18.781,37.311,17.505,305.0,256.0,303.0,301.0,5.0,SOFT,True,71.678,18.212,36.318,17.148,318.0,258.0,317.0,321.0,3.0,SOFT,True,,,,,,,,,,,
2022,21,GRANDE PRÊMIO DE SÃO PAULO,ZHO,Kick Sauber,19.2,27.0,94.0,924.2,1.1,0.0,0,17.0,1,75.197,19.43,38.004,17.763,303.0,255.0,299.0,295.0,3.0,SOFT,True,,,,,,,,,,,,,,,,,,,,,,
2022,22,ABU DHABI GRAND PRIX,ALB,Williams,28.8,33.4,70.0,1014.7,1.6,0.0,0,19.0,1,86.028,17.561,36.708,31.759,294.0,328.0,216.0,334.0,2.0,SOFT,True,,,,,,,,,,,,,,,,,,,,,,
2022,22,ABU DHABI GRAND PRIX,ALO,Alpine,28.8,33.4,70.0,1014.7,1.6,0.0,0,11.0,2,85.782,17.6,37.025,31.157,290.0,321.0,216.0,327.0,2.0,SOFT,True,85.096,17.321,36.722,31.053,290.0,320.0,218.0,326.0,2.0,SOFT,True,,,,,,,,,,,
2022,22,ABU DHABI GRAND PRIX,BOT,Kick Sauber,28.8,33.4,70.0,1014.7,1.6,0.0,0,18.0,1,85.892,17.808,36.913,31.171,286.0,316.0,219.0,321.0,2.0,SOFT,True,,,,,,,,,,,,,,,,,,,,,,
2022,22,ABU DHABI GRAND PRIX,GAS,Racing Bulls,28.8,33.4,70.0,1014.7,1.6,0.0,0,17.0,1,85.859,17.559,36.854,31.446,287.0,320.0,217.0,324.0,2.0,SOFT,True,,,,,,,,,,,,,,,,,,,,,,
2022,22,ABU DHABI GRAND PRIX,HAM,Mercedes,28.8,33.4,70.0,1014.7,1.6,0.0,0,5.0,3,85.594,17.621,36.872,31.101,287.0,317.0,216.0,318.0,2.0,SOFT,True,84.774,17.422,36.61,30.742,286.0,314.0,217.0,317.0,2.0,SOFT,True,84.508,17.22,36.471,30.817,287.0,315.0,220.0,318.0,2.0,SOFT,True
2022,22,ABU DHABI GRAND PRIX,LAT,Williams,28.8,33.4,70.0,1014.7,1.6,0.0,0,20.0,1,86.054,17.584,36.54,31.93,294.0,325.0,218.0,330.0,2.0,SOFT,True,,,,,,,,,,,,,,,,,,,,,,
2022,22,ABU DHABI GRAND PRIX,LEC,Ferrari,28.8,33.4,70.0,1014.7,1.6,0.0,0,3.0,3,85.211,17.487,36.603,31.121,290.0,319.0,220.0,325.0,2.0,SOFT,True,84.517,17.316,36.382,30.819,291.0,320.0,219.0,325.0,2.0,SOFT,True,84.092,17.298,36.318,30.476,291.0,318.0,220.0,323.0,2.0,SOFT,True
2022,22,ABU DHABI GRAND PRIX,MAG,Haas F1 Team,28.8,33.4,70.0,1014.7,1.6,0.0,0,16.0,1,85.834,17.637,36.876,31.321,289.0,319.0,212.0,325.0,2.0,SOFT,True,,,,,,,,,,,,,,,,,,,,,,
2022,22,ABU DHABI GRAND PRIX,MSC,Haas F1 Team,28.8,33.4,70.0,1014.7,1.6,0.0,0,13.0,2,85.711,17.79,36.727,31.194,286.0,318.0,217.0,323.0,2.0,SOFT,True,85.225,17.536,36.513,31.176,287.0,318.0,215.0,323.0,2.0,SOFT,True,,,,,,,,,,,
2022,22,ABU DHABI GRAND PRIX,NOR,McLaren,28.8,33.4,70.0,1014.7,1.6,0.0,0,7.0,3,85.387,17.614,36.738,31.035,286.0,315.0,216.0,317.0,5.0,SOFT,False,84.903,17.389,36.484,31.03,286.0,319.0,217.0,322.0,2.0,SOFT,True,84.769,17.421,36.498,30.85,286.0,319.0,217.0,321.0,2.0,SOFT,True
2022,22,ABU DHABI GRAND PRIX,OCO,Alpine,28.8,33.4,70.0,1014.7,1.6,0.0,0,8.0,3,85.735,17.65,36.882,31.203,289.0,317.0,219.0,323.0,2.0,SOFT,True,85.007,17.584,36.543,30.88,290.0,318.0,218.0,324.0,2.0,SOFT,True,84.83,17.468,36.49,30.872,289.0,318.0,219.0,323.0,2.0,SOFT,True
2022,22,ABU DHABI GRAND PRIX,PER,Red Bull Racing,28.8,33.4,70.0,1014.7,1.6,0.0,0,2.0,3,84.82,17.437,36.442,30.941,291.0,323.0,217.0,329.0,2.0,SOFT,True,84.419,17.414,36.027,30.978,291.0,326.0,219.0,331.0,2.0,SOFT,True,84.052,17.343,35.993,30.716,291.0,325.0,217.0,330.0,2.0,SOFT,True
2022,22,ABU DHABI GRAND PRIX,RIC,McLaren,28.8,33.4,70.0,1014.7,1.6,0.0,0,10.0,3,85.766,17.934,36.67,31.162,287.0,319.0,214.0,318.0,2.0,SOFT,True,85.068,17.522,36.542,31.004,288.0,318.0,217.0,318.0,2.0,SOFT,True,85.045,17.485,36.666,30.894,287.0,314.0,218.0,317.0,2.0,SOFT,True
2022,22,ABU DHABI GRAND PRIX,RUS,Mercedes,28.8,33.4,70.0,1014.7,1.6,0.0,0,6.0,3,85.545,17.584,36.713,31.248,284.0,316.0,218.0,317.0,2.0,SOFT,True,84.94,17.538,36.598,30.804,285.0,316.0,218.0,319.0,2.0,SOFT,True,84.511,17.39,36.51,30.611,286.0,319.0,220.0,322.0,2.0,SOFT,True
2022,22,ABU DHABI GRAND PRIX,SAI,Ferrari,28.8,33.4,70.0,1014.7,1.6,0.0,0,4.0,3,85.09,17.508,36.601,30.981,290.0,320.0,219.0,323.0,3.0,SOFT,True,84.521,17.372,36.345,30.804,290.0,319.0,219.0,324.0,2.0,SOFT,True,84.242,17.307,36.289,30.646,290.0,321.0,219.0,324.0,2.0,SOFT,True
2022,22,ABU DHABI GRAND PRIX,STR,Aston Martin,28.8,33.4,70.0,1014.7,1.6,0.0,0,14.0,2,85.741,17.642,36.883,31.216,285.0,313.0,217.0,314.0,2.0,SOFT,True,85.359,17.486,36.729,31.144,286.0,312.0,219.0,314.0,2.0,SOFT,True,,,,,,,,,,,
2022,22,ABU DHABI GRAND PRIX,TSU,Racing Bulls,28.8,33.4,70.0,1014.7,1.6,0.0,0,12.0,2,85.63,17.714,36.593,31.323,289.0,323.0,217.0,328.0,2.0,SOFT,True,85.219,17.466,36.639,31.114,289.0,320.0,218.0,325.0,2.0,SOFT,True,,,,,,,,,,,
2022,22,ABU DHABI GRAND PRIX,VER,Red Bull Racing,28.8,33.4,70.0,1014.7,1.6,0.0,0,1.0,3,84.754,17.354,36.456,30.944,290.0,322.0,217.0,329.0,2.0,SOFT,True,84.622,17.398,36.433,30.791,289.0,323.0,219.0,328.0,5.0,SOFT,False,83.824,17.287,36.056,30.481,290.0,323.0,220.0,327.0,2.0,SOFT,True
2022,22,ABU DHABI GRAND PRIX,VET,Aston Martin,28.8,33.4,70.0,1014.7,1.6,0.0,0,9.0,3,85.523,17.532,36.872,31.119,286.0,311.0,218.0,312.0,2.0,SOFT,True,84.974,17.391,36.511,31.072,287.0,315.0,215.0,315.0,2.0,SOFT,True,84.961,17.411,36.723,30.827,285.0,314.0,218.0,313.0,2.0,SOFT,True
2022,22,ABU DHABI GRAND PRIX,ZHO,Kick Sauber,28.8,33.4,70.0,1014.7,1.6,0.0,0,15.0,2,85.594,17.633,36.805,31.156,284.0,316.0,216.0,321.0,2.0,SOFT,True,85.408,17.58,36.711,31.117,285.0,315.0,216.0,322.0,2.0,SOFT,True,,,,,,,,,,,
2023,1,BAHRAIN GRAND PRIX,ALB,Williams,24.0,28.2,17.0,1017.7,0.6,0.0,0,15.0,2,91.461,29.25,39.224,22.987,241.0,274.0,291.0,322.0,2.0,SOFT,True,125.534,30.014,59.6,35.92,227.0,159.0,,322.0,2.0,SOFT,True,,,,,,,,,,,
2023,1,BAHRAIN GRAND PRIX,ALO,Aston Martin,24.0,28.2,17.0,1017.7,0.6,0.0,0,5.0,3,91.158,29.259,39.038,22.861,240.0,268.0,285.0,318.0,2.0,SOFT,True,90.645,29.012,38.987,22.646,241.0,267.0,287.0,320.0,2.0,SOFT,True,90.336,28.852,38.774,22.71,242.0,267.0,284.0,317.0,2.0,SOFT,True
2023,1,BAHRAIN GRAND PRIX,BOT,Kick Sauber,24.0,28.2,17.0,1017.7,0.6,0.0,0,12.0,2,91.504,29.198,39.32,22.986,240.0,268.0,282.0,316.0,2.0,SOFT,True,91.443,29.235,39.327,22.881,240.0,268.0,280.0,318.0,5.0,SOFT,False,,,,,,,,,,,
2023,1,BAHRAIN GRAND PRIX,DEV,Racing Bulls,24.0,28.2,17.0,1017.7,0.6,0.0,0,19.0,1,92.121,29.382,39.634,23.105,240.0,270.0,285.0,315.0,2.0,SOFT,True,,,,,,,,,,,,,,,,,,,,,,
2023,1,BAHRAIN GRAND PRIX,GAS,Alpine,24.0,28.2,17.0,1017.7,0.6,0.0,0,20.0,1,91.818,29.247,39.412,23.159,241.0,270.0,285.0,322.0,2.0,SOFT,True,,,,,,,,,,,,,,,,,,,,,,
2023,1,BAHRAIN GRAND PRIX,HAM,Mercedes,24.0,28.2,17.0,1017.7,0.6,0.0,0,7.0,3,91.543,29.062,39.442,23.039,244.0,271.0,286.0,321.0,2.0,SOFT,True,90.513,28.844,39.045,22.624,242.0,270.0,289.0,322.0,2.0,SOFT,True,90.384,28.939,38.829,22.616,242.0,271.0,288.0,319.0,2.0,SOFT,True
2023,1,BAHRAIN GRAND PRIX,HUL,Haas F1 Team,24.0,28.2,17.0,1017.7,0.6,0.0,0,10.0,3,91.204,29.049,39.215,22.94,241.0,270.0,284.0,318.0,2.0,SOFT,True,90.809,29.042,38.957,22.81,241.0,270.0,286.0,317.0,2.0,SOFT,True,91.055,29.132,39.069,22.854,242.0,270.0,286.0,315.0,2.0,SOFT,True
2023,1,BAHRAIN GRAND PRIX,LEC,Ferrari,24.0,28.2,17.0,1017.7,0.6,0.0,0,3.0,3,91.094,29.099,39.134,22.861,242.0,274.0,285.0,324.0,2.0,SOFT,True,90.282,28.884,38.729,22.669,243.0,272.0,290.0,325.0,2.0,SOFT,True,90.0,28.825,38.614,22.561,243.0,273.0,289.0,322.0,2.0,SOFT,True
2023,1,BAHRAIN GRAND PRIX,MAG,Haas F1 Team,24.0,28.2,17.0,1017.7,0.6,0.0,0,17.0,1,91.892,29.428,39.369,23.095,240.0,271.0,289.0,317.0,2.0,SOFT,True,,,,,,,,,,,,,,,,,,,,,,
2023,1,BAHRAIN GRAND PRIX,NOR,McLaren,24.0,28.2,17.0,1017.7,0.6,0.0,0,11.0,2,91.652,29.304,39.257,23.091,241.0,269.0,286.0,318.0,2.0,SOFT,True,91.381,29.235,39.21,22.936,240.0,267.0,286.0,320.0,2.0,SOFT,True,,,,,,,,,,,
2023,1,BAHRAIN GRAND PRIX,OCO,Alpine,24.0,28.2,17.0,1017.7,0.6,0.0,0,9.0,3,91.508,29.221,39.356,22.931,240.0,268.0,286.0,321.0,2.0,SOFT,True,90.914,29.111,39.107,22.696,241.0,269.0,287.0,320.0,2.0,SOFT,True,90.984,29.026,39.104,22.854,242.0,270.0,286.0,320.0,2.0,SOFT,False
2023,1,BAHRAIN GRAND PRIX,PER,Red Bull Racing,24.0,28.2,17.0,1017.7,0.6,0.0,0,2.0,3,91.479,29.218,39.397,22.864,240.0,270.0,288.0,324.0,3.0,SOFT,False,90.746,28.964,38.997,22.785,240.0,270.0,288.0,323.0,2.0,SOFT,True,89.846,28.723,38.537,22.586,241.0,271.0,288.0,324.0,2.0,SOFT,False
2023,1,BAHRAIN GRAND PRIX,PIA,McLaren,24.0,28.2,17.0,1017.7,0.6,0.0,0,18.0,1,92.101,29.561,39.454,23.086,241.0,268.0,285.0,316.0,2.0,SOFT,True,,,,,,,,,,,,,,,,,,,,,,
2023,1,BAHRAIN GRAND PRIX,RUS,Mercedes,24.0,28.2,17.0,1017.7,0.6,0.0,0,6.0,3,91.057,28.967,39.224,22.866,242.0,271.0,289.0,320.0,2.0,SOFT,True,90.507,28.845,39.046,22.616,243.0,270.0,290.0,320.0,2.0,SOFT,True,90.34,28.911,38.87,22.559,244.0,270.0,288.0,317.0,2.0,SOFT,True
2023,1,BAHRAIN GRAND PRIX,SAI,Ferrari,24.0,28.2,17.0,1017.7,0.6,0.0,0,4.0,3,90.993,28.887,39.206,22.9,242.0,271.0,288.0,326.0,2.0,SOFT,True,90.515,28.78,39.032,22.703,242.0,270.0,290.0,326.0,2.0,SOFT,True,90.154,28.739,38.7,22.715,243.0,270.0,288.0,323.0,2.0,SOFT,False
2023,1,BAHRAIN GRAND PRIX,SAR,Williams,24.0,28.2,17.0,1017.7,0.6,0.0,0,16.0,1,91.652,29.352,39.343,22.957,241.0,271.0,285.0,322.0,2.0,SOFT,True,,,,,,,,,,,,,,,,,,,,,,
2023,1,BAHRAIN GRAND PRIX,STR,Aston Martin,24.0,28.2,17.0,1017.7,0.6,0.0,0,8.0,3,91.184,28.966,39.39,22.828,242.0,268.0,287.0,318.0,2.0,SOFT,True,91.127,29.038,39.302,22.787,242.0,267.0,280.0,320.0,2.0,SOFT,True,90.836,29.033,39.07,22.733,243.0,266.0,285.0,317.0,2.0,SOFT,True
2023,1,BAHRAIN GRAND PRIX,TSU,Racing Bulls,24.0,28.2,17.0,1017.7,0.6,0.0,0,14.0,2,91.4,29.242,39.229,22.929,239.0,270.0,290.0,316.0,2.0,SOFT,True,92.51,29.54,39.859,23.111,238.0,268.0,287.0,320.0,5.0,SOFT,False,,,,,,,,,,,
2023,1,BAHRAIN GRAND PRIX,VER,Red Bull Racing,24.0,28.2,17.0,1017.7,0.6,0.0,0,1.0,3,91.295,29.152,39.195,22.948,240.0,270.0,288.0,322.0,3.0,SOFT,False,90.503,28.925,38.915,22.663,240.0,270.0,288.0,323.0,2.0,SOFT,True,89.708,28.736,38.514,22.458,241.0,271.0,288.0,321.0,2.0,SOFT,False
2023,1,BAHRAIN GRAND PRIX,ZHO,Kick Sauber,24.0,28.2,17.0,1017.7,0.6,0.0,0,13.0,2,91.615,29.212,39.338,23.065,239.0,269.0,286.0,317.0,2.0,SOFT,True,91.473,29.041,39.427,23.005,240.0,267.0,286.0,318.0,2.0,SOFT,True,,,,,,,,,,,
2023,2,SAUDI ARABIAN GRAND PRIX,ALB,Williams,27.0,31.7,45.0,1010.5,1.6,0.0,0,17.0,1,89.994,32.811,28.333,28.85,291.0,326.0,302.0,331.0,4.0,SOFT,True,,,,,,,,,,,,,,,,,,,,,,
2023,2,SAUDI ARABIAN GRAND PRIX,ALO,Aston Martin,27.0,31.7,45.0,1010.5,1.6,0.0,0,3.0,3,89.298,32.48,28.185,28.633,290.0,320.0,300.0,327.0,6.0,SOFT,True,88.757,32.176,28.074,28.507,292.0,320.0,300.0,326.0,2.0,SOFT,True,88.73,32.171,28.084,28.475,291.0,318.0,297.0,325.0,2.0,SOFT,True
2023,2,SAUDI ARABIAN GRAND PRIX,BOT,Kick Sauber,27.0,31.7,45.0,1010.5,1.6,0.0,0,14.0,2,89.929,32.75,28.478,28.701,289.0,321.0,299.0,328.0,4.0,SOFT,True,89.668,32.591,28.533,28.544,287.0,320.0,303.0,328.0,4.0,SOFT,True,,,,,,,,,,,
2023,2,SAUDI ARABIAN GRAND PRIX,DEV,Racing Bulls,27.0,31.7,45.0,1010.5,1.6,0.0,0,18.0,1,90.244,32.774,28.451,29.019,288.0,322.0,293.0,316.0,4.0,SOFT,True,,,,,,,,,,,,,,,,,,,,,,
2023,2,SAUDI ARABIAN GRAND PRIX,GAS,Alpine,27.0,31.7,45.0,1010.5,1.6,0.0,0,10.0,3,89.89,32.726,28.573,28.591,287.0,316.0,303.0,328.0,7.0,SOFT,True,89.411,32.392,28.446,28.573,289.0,317.0,303.0,328.0,3.0,SOFT,True,89.357,32.403,28.357,28.597,289.0,320.0,303.0,325.0,3.0,SOFT,True
2023,2,SAUDI ARABIAN GRAND PRIX,HAM,Mercedes,27.0,31.7,45.0,1010.5,1.6,0.0,0,8.0,3,89.689,32.573,28.392,28.724,289.0,322.0,301.0,327.0,4.0,SOFT,True,89.374,32.581,28.304,28.489,288.0,325.0,299.0,328.0,2.0,SOFT,True,89.223,32.468,28.203,28.552,290.0,322.0,296.0,326.0,2.0,SOFT,True
2023,2,SAUDI ARABIAN GRAND PRIX,HUL,Haas F1 Team,27.0,31.7,45.0,1010.5,1.6,0.0,0,11.0,2,89.547,32.706,28.312,28.529,291.0,328.0,304.0,333.0,4.0,SOFT,True,89.451,32.657,28.239,28.555,291.0,330.0,307.0,334.0,3.0,SOFT,True,,,,,,,,,,,
2023,2,SAUDI ARABIAN GRAND PRIX,LEC,Ferrari,27.0,31.7,45.0,1010.5,1.6,0.0,0,2.0,3,89.376,32.544,28.337,28.495,289.0,327.0,305.0,331.0,4.0,SOFT,True,88.903,32.355,28.197,28.351,289.0,325.0,298.0,329.0,4.0,SOFT,True,88.42,32.154,28.027,28.239,290.0,327.0,306.0,331.0,2.0,SOFT,True
2023,2,SAUDI ARABIAN GRAND PRIX,MAG,Haas F1 Team,27.0,31.7,45.0,1010.5,1.6,0.0,0,13.0,2,89.744,32.69,28.387,28.667,289.0,328.0,308.0,335.0,2.0,SOFT,True,89.517,32.601,28.364,28.552,289.0,328.0,302.0,332.0,3.0,SOFT,True,,,,,,,,,,,
2023,2,SAUDI ARABIAN GRAND PRIX,NOR,McLaren,27.0,31.7,45.0,1010.5,1.6,0.0,0,19.0,1,90.447,32.845,28.718,28.884,285.0,313.0,300.0,315.0,2.0,SOFT,True,,,,,,,,,,,,,,,,,,,,,,
2023,2,SAUDI ARABIAN GRAND PRIX,OCO,Alpine,27.0,31.7,45.0,1010.5,1.6,0.0,0,7.0,3,89.707,32.613,28.393,28.701,290.0,320.0,306.0,325.0,7.0,SOFT,True,89.255,32.262,28.357,28.636,289.0,320.0,304.0,326.0,3.0,SOFT,True,89.078,32.301,28.3,28.477,289.0,319.0,302.0,326.0,3.0,SOFT,True
2023,2,SAUDI ARABIAN GRAND PRIX,PER,Red Bull Racing,27.0,31.7,45.0,1010.5,1.6,0.0,0,1.0,3,89.244,32.699,28.193,28.352,292.0,329.0,308.0,334.0,6.0,SOFT,False,88.635,32.222,28.147,28.266,293.0,331.0,310.0,335.0,5.0,SOFT,False,88.265,32.139,27.982,28.144,294.0,330.0,307.0,337.0,2.0,SOFT,True
2023,2,SAUDI ARABIAN GRAND PRIX,PIA,McLaren,27.0,31.7,45.0,1010.5,1.6,0.0,0,9.0,3,89.706,32.645,28.401,28.66,290.0,320.0,301.0,319.0,4.0,SOFT,True,89.378,32.493,28.307,28.578,287.0,317.0,300.0,319.0,4.0,SOFT,True,89.243,32.426,28.272,28.545,287.0,313.0,299.0,316.0,4.0,SOFT,True
2023,2,SAUDI ARABIAN GRAND PRIX,RUS,Mercedes,27.0,31.7,45.0,1010.5,1.6,0.0,0,4.0,3,89.592,32.581,28.305,28.706,290.0,321.0,302.0,328.0,4.0,SOFT,True,89.132,32.307,28.253,28.572,290.0,323.0,301.0,327.0,2.0,SOFT,True,88.857,32.231,28.161,28.465,291.0,323.0,302.0,328.0,2.0,SOFT,True
2023,2,SAUDI ARABIAN GRAND PRIX,SAI,Ferrari,27.0,31.7,45.0,1010.5,1.6,0.0,0,5.0,3,89.411,32.645,28.294,28.472,290.0,327.0,306.0,332.0,8.0,SOFT,True,88.957,32.321,28.247,28.389,289.0,326.0,304.0,331.0,3.0,SOFT,True,88.931,32.552,28.125,28.254,290.0,323.0,302.0,329.0,3.0,SOFT,True
2023,2,SAUDI ARABIAN GRAND PRIX,SAR,Williams,27.0,31.7,45.0,1010.5,1.6,0.0,0,20.0,1,89.721,32.779,28.335,28.607,293.0,325.0,302.0,332.0,2.0,SOFT,True,,,,,,,,,,,,,,,,,,,,,,
2023,2,SAUDI ARABIAN GRAND PRIX,STR,Aston Martin,27.0,31.7,45.0,1010.5,1.6,0.0,0,6.0,3,89.335,32.276,28.39,28.669,292.0,319.0,299.0,321.0,6.0,SOFT,True,88.962,32.21,28.218,28.534,291.0,318.0,300.0,320.0,4.0,SOFT,True,88.945,32.068,28.137,28.74,293.0,317.0,295.0,317.0,4.0,SOFT,True
2023,2,SAUDI ARABIAN GRAND PRIX,TSU,Racing Bulls,27.0,31.7,45.0,1010.5,1.6,0.0,0,16.0,1,89.939,32.665,28.598,28.676,289.0,322.0,300.0,326.0,4.0,SOFT,True,,,,,,,,,,,,,,,,,,,,,,
2023,2,SAUDI ARABIAN GRAND PRIX,VER,Red Bull Racing,27.0,31.7,45.0,1010.5,1.6,0.0,0,15.0,2,88.761,32.268,28.188,28.305,293.0,331.0,311.0,337.0,2.0,SOFT,True,109.953,39.578,38.283,32.092,221.0,265.0,310.0,291.0,2.0,SOFT,True,,,,,,,,,,,
2023,2,SAUDI ARABIAN GRAND PRIX,ZHO,Kick Sauber,27.0,31.7,45.0,1010.5,1.6,0.0,0,12.0,2,89.654,32.633,28.436,28.585,289.0,322.0,298.0,328.0,4.0,SOFT,True,89.461,32.628,28.302,28.531,289.0,321.0,303.0,330.0,4.0,SOFT,True,,,,,,,,,,,
2023,3,AUSTRALIAN GRAND PRIX,ALB,Williams,15.3,22.9,52.0,1019.0,1.2,0.0,0,8.0,3,77.962,27.06,17.468,33.434,288.0,319.0,308.0,325.0,5.0,SOFT,True,77.761,26.879,17.486,33.396,286.0,320.0,306.0,324.0,3.0,SOFT,True,77.609,26.959,17.459,33.191,286.0,320.0,305.0,322.0,5.0,SOFT,True
2023,3,AUSTRALIAN GRAND PRIX,ALO,Aston Martin,15.3,22.9,52.0,1019.0,1.2,0.0,0,4.0,3,77.832,26.852,17.67,33.31,282.0,313.0,303.0,320.0,6.0,SOFT,False,77.283,26.768,17.628,32.887,284.0,310.0,303.0,320.0,4.0,SOFT,True,77.139,26.648,17.563,32.928,284.0,312.0,303.0,318.0,3.0,SOFT,True
2023,3,AUSTRALIAN GRAND PRIX,BOT,Kick Sauber,15.3,22.9,52.0,1019.0,1.2,0.0,0,19.0,1,78.714,27.133,17.961,33.62,283.0,314.0,305.0,317.0,7.0,SOFT,True,,,,,,,,,,,,,,,,,,,,,,
2023,3,AUSTRALIAN GRAND PRIX,DEV,Racing Bulls,15.3,22.9,52.0,1019.0,1.2,0.0,0,15.0,2,78.45,27.219,17.841,33.39,282.0,315.0,303.0,320.0,5.0,SOFT,True,78.335,27.215,17.843,33.277,282.0,314.0,301.0,318.0,2.0,SOFT,True,,,,,,,,,,,
2023,3,AUSTRALIAN GRAND PRIX,GAS,Alpine,15.3,22.9,52.0,1019.0,1.2,0.0,0,9.0,3,78.312,27.167,17.638,33.507,285.0,320.0,304.0,321.0,7.0,SOFT,True,77.574,26.963,17.471,33.14,285.0,326.0,306.0,323.0,7.0,SOFT,True,77.675,26.846,17.652,33.177,285.0,315.0,303.0,318.0,5.0,SOFT,True
2023,3,AUSTRALIAN GRAND PRIX,HAM,Mercedes,15.3,22.9,52.0,1019.0,1.2,0.0,0,3.0,3,77.689,27.052,17.679,32.958,285.0,316.0,305.0,323.0,8.0,SOFT,False,77.551,26.911,17.599,33.041,282.0,316.0,306.0,321.0,9.0,SOFT,True,77.104,26.748,17.519,32.837,286.0,321.0,306.0,322.0,3.0,SOFT,True
2023,3,AUSTRALIAN GRAND PRIX,HUL,Haas F1 Team,15.3,22.9,52.0,1019.0,1.2,0.0,0,10.0,3,78.029,27.245,17.563,33.221,285.0,323.0,307.0,322.0,5.0,SOFT,True,77.412,26.937,17.643,32.832,286.0,321.0,308.0,322.0,3.0,SOFT,True,77.735,26.986,17.649,33.1,286.0,323.0,308.0,320.0,3.0,SOFT,True
2023,3,AUSTRALIAN GRAND PRIX,LEC,Ferrari,15.3,22.9,52.0,1019.0,1.2,0.0,0,7.0,3,78.218,27.208,17.691,33.319,285.0,316.0,305.0,319.0,7.0,SOFT,False,77.39,26.856,17.549,32.985,284.0,319.0,306.0,323.0,3.0,SOFT,True,77.369,26.851,17.659,32.859,285.0,318.0,305.0,321.0,2.0,SOFT,True
2023,3,AUSTRALIAN GRAND PRIX,MAG,Haas F1 Team,15.3,22.9,52.0,1019.0,1.2,0.0,0,14.0,2,78.159,27.1,17.713,33.346,285.0,321.0,301.0,320.0,5.0,SOFT,True,78.129,26.959,17.743,33.427,286.0,321.0,305.0,323.0,3.0,SOFT,True,,,,,,,,,,,
2023,3,AUSTRALIAN GRAND PRIX,NOR,McLaren,15.3,22.9,52.0,1019.0,1.2,0.0,0,13.0,2,78.243,27.265,17.841,33.137,280.0,311.0,302.0,322.0,8.0,SOFT,True,78.119,27.11,17.716,33.293,280.0,312.0,302.0,322.0,6.0,SOFT,True,,,,,,,,,,,
2023,3,AUSTRALIAN GRAND PRIX,OCO,Alpine,15.3,22.9,52.0,1019.0,1.2,0.0,0,11.0,2,77.77,27.14,17.587,33.043,285.0,321.0,302.0,319.0,7.0,SOFT,True,77.768,26.987,17.678,33.103,285.0,319.0,306.0,319.0,5.0,SOFT,True,,,,,,,,,,,
2023,3,AUSTRALIAN GRAND PRIX,PER,Red Bull Racing,15.3,22.9,52.0,1019.0,1.2,0.0,0,20.0,1,100.187,35.024,19.208,45.955,267.0,282.0,309.0,205.0,1.0,SOFT,True,,,,,,,,,,,,,,,,,,,,,,
2023,3,AUSTRALIAN GRAND PRIX,PIA,McLaren,15.3,22.9,52.0,1019.0,1.2,0.0,0,16.0,1,78.517,27.289,17.865,33.363,280.0,310.0,301.0,321.0,7.0,SOFT,True,,,,,,,,,,,,,,,,,,,,,,
2023,3,AUSTRALIAN GRAND PRIX,RUS,Mercedes,15.3,22.9,52.0,1019.0,1.2,0.0,0,2.0,3,77.654,26.875,17.622,33.157,283.0,316.0,305.0,320.0,10.0,SOFT,False,77.513,26.894,17.608,33.011,283.0,314.0,306.0,319.0,9.0,SOFT,True,76.968,26.638,17.463,32.867,284.0,315.0,304.0,322.0,3.0,SOFT,True
2023,3,AUSTRALIAN GRAND PRIX,SAI,Ferrari,15.3,22.9,52.0,1019.0,1.2,0.0,0,5.0,3,77.928,27.059,17.718,33.151,284.0,317.0,307.0,319.0,9.0,SOFT,False,77.349,26.79,17.608,32.951,285.0,318.0,307.0,321.0,3.0,SOFT,True,77.27,26.959,17.553,32.758,285.0,319.0,304.0,319.0,3.0,SOFT,True
2023,3,AUSTRALIAN GRAND PRIX,SAR,Williams,15.3,22.9,52.0,1019.0,1.2,0.0,0,18.0,1,78.557,27.329,17.552,33.676,286.0,322.0,306.0,325.0,5.0,SOFT,True,,,,,,,,,,,,,,,,,,,,,,
2023,3,AUSTRALIAN GRAND PRIX,STR,Aston Martin,15.3,22.9,52.0,1019.0,1.2,0.0,0,6.0,3,77.873,27.065,17.704,33.104,280.0,315.0,303.0,322.0,8.0,SOFT,True,77.616,26.958,17.591,33.067,282.0,316.0,302.0,317.0,2.0,SOFT,True,77.308,26.846,17.601,32.861,281.0,312.0,302.0,318.0,5.0,SOFT,True
2023,3,AUSTRALIAN GRAND PRIX,TSU,Racing Bulls,15.3,22.9,52.0,1019.0,1.2,0.0,0,12.0,2,78.471,27.095,17.923000000000002,33.453,281.0,314.0,300.0,319.0,5.0,SOFT,True,78.099,26.996,17.86,33.243,282.0,314.0,300.0,319.0,3.0,SOFT,True,,,,,,,,,,,
2023,3,AUSTRALIAN GRAND PRIX,VER,Red Bull Racing,15.3,22.9,52.0,1019.0,1.2,0.0,0,1.0,3,77.384,26.94,17.462,32.982,284.0,324.0,307.0,327.0,8.0,SOFT,False,77.056,26.737,17.49,32.829,283.0,320.0,309.0,327.0,6.0,SOFT,False,76.732,26.574,17.456,32.702,284.0,321.0,306.0,325.0,2.0,SOFT,True
2023,3,AUSTRALIAN GRAND PRIX,ZHO,Kick Sauber,15.3,22.9,52.0,1019.0,1.2,0.0,0,17.0,1,78.54,27.348,17.828,33.364,283.0,316.0,302.0,319.0,5.0,SOFT,True,,,,,,,,,,,,,,,,,,,,,,
2023,4,GRAND PRIX DE MONACO,ALB,Williams,19.4,32.9,81.0,1011.7,0.8,0.0,0,13.0,2,102.171,36.102,41.041,25.028,222.0,236.0,334.0,315.0,2.0,SOFT,True,101.818,35.854,40.976,24.988,224.0,232.0,334.0,316.0,4.0,SOFT,True,,,,,,,,,,,
2023,4,GRAND PRIX DE MONACO,ALO,Aston Martin,19.4,32.9,81.0,1011.7,0.8,0.0,0,6.0,3,101.72,35.776,41.125,24.819,225.0,242.0,333.0,321.0,9.0,SOFT,False,101.37,35.673,40.763,24.934,240.0,243.0,321.0,317.0,4.0,SOFT,True,101.253,35.727,40.757,24.769,229.0,239.0,325.0,321.0,2.0,SOFT,True
2023,4,GRAND PRIX DE MONACO,BOT,Kick Sauber,19.4,32.9,81.0,1011.7,0.8,0.0,0,14.0,2,102.582,36.069,41.333,25.18,224.0,226.0,325.0,314.0,4.0,SOFT,True,102.259,35.918,41.257,25.084,223.0,233.0,331.0,314.0,2.0,SOFT,True,,,,,,,,,,,
2023,4,GRAND PRIX DE MONACO,DEV,Racing Bulls,19.4,32.9,81.0,1011.7,0.8,0.0,0,20.0,1,115.282,41.203,47.497,26.582,179.0,192.0,330.0,301.0,2.0,SOFT,True,,,,,,,,,,,,,,,,,,,,,,
2023,4,GRAND PRIX DE MONACO,GAS,Alpine,19.4,32.9,81.0,1011.7,0.8,0.0,0,19.0,1,104.853,37.311,42.427,25.115,203.0,235.0,331.0,315.0,2.0,SOFT,True,,,,,,,,,,,,,,,,,,,,,,
2023,4,GRAND PRIX DE MONACO,HAM,Mercedes,19.4,32.9,81.0,1011.7,0.8,0.0,0,5.0,3,102.113,35.922,41.179,25.012,229.0,240.0,331.0,313.0,4.0,SOFT,False,101.65,35.772,40.918,24.96,227.0,242.0,331.0,313.0,2.0,SOFT,True,101.177,35.702,40.708,24.767,218.0,239.0,335.0,317.0,2.0,SOFT,True
2023,4,GRAND PRIX DE MONACO,HUL,Haas F1 Team,19.4,32.9,81.0,1011.7,0.8,0.0,0,17.0,1,102.755,36.636,41.152,24.967,221.0,223.0,334.0,319.0,4.0,SOFT,True,,,,,,,,,,,,,,,,,,,,,,
2023,4,GRAND PRIX DE MONACO,LEC,Ferrari,19.4,32.9,81.0,1011.7,0.8,0.0,0,1.0,3,101.269,35.502,40.891,24.876,232.0,243.0,330.0,317.0,9.0,SOFT,False,101.037,35.494,40.703,24.84,234.0,240.0,329.0,317.0,4.0,SOFT,True,100.203,35.224,40.191,24.788,237.0,245.0,333.0,317.0,2.0,SOFT,True
2023,4,GRAND PRIX DE MONACO,MAG,Haas F1 Team,19.4,32.9,81.0,1011.7,0.8,0.0,0,18.0,1,103.417,36.39,41.541,25.486,216.0,235.0,328.0,315.0,4.0,SOFT,True,,,,,,,,,,,,,,,,,,,,,,
2023,4,GRAND PRIX DE MONACO,NOR,McLaren,19.4,32.9,81.0,1011.7,0.8,0.0,0,7.0,3,102.154,35.797,41.248,25.109,226.0,247.0,328.0,313.0,2.0,SOFT,True,101.485,35.689,40.768,25.028,220.0,230.0,325.0,312.0,4.0,SOFT,True,101.281,35.461,40.735,25.085,223.0,239.0,326.0,312.0,2.0,SOFT,True
2023,4,GRAND PRIX DE MONACO,OCO,Alpine,19.4,32.9,81.0,1011.7,0.8,0.0,0,12.0,2,102.622,36.097,41.492,25.033,225.0,229.0,332.0,316.0,2.0,SOFT,True,101.798,35.7,41.037,25.061,228.0,241.0,334.0,316.0,2.0,SOFT,True,,,,,,,,,,,
2023,4,GRAND PRIX DE MONACO,PER,Red Bull Racing,19.4,32.9,81.0,1011.7,0.8,0.0,0,3.0,3,101.756,35.922,41.03,24.804,224.0,239.0,338.0,319.0,8.0,SOFT,False,101.131,35.49,40.747,24.894,226.0,240.0,337.0,318.0,2.0,SOFT,True,100.495,35.177,40.554,24.764,238.0,250.0,338.0,318.0,2.0,SOFT,True
2023,4,GRAND PRIX DE MONACO,PIA,McLaren,19.4,32.9,81.0,1011.7,0.8,0.0,0,10.0,3,102.455,35.869,41.521,25.065,221.0,236.0,330.0,314.0,4.0,SOFT,True,101.636,35.636,41.075,24.925,214.0,237.0,331.0,317.0,4.0,SOFT,True,101.611,35.737,40.903,24.971,221.0,238.0,330.0,316.0,6.0,SOFT,False
2023,4,GRAND PRIX DE MONACO,RUS,Mercedes,19.4,32.9,81.0,1011.7,0.8,0.0,0,11.0,2,102.073,35.887,41.096,25.09,223.0,244.0,330.0,312.0,6.0,SOFT,False,101.654,35.794,40.933,24.927,228.0,240.0,331.0,313.0,2.0,SOFT,True,,,,,,,,,,,
2023,4,GRAND PRIX DE MONACO,SAI,Ferrari,19.4,32.9,81.0,1011.7,0.8,0.0,0,4.0,3,102.197,36.055,41.156,24.986,222.0,234.0,331.0,316.0,4.0,SOFT,True,101.369,35.701,40.879,24.789,223.0,243.0,333.0,318.0,6.0,SOFT,True,101.016,35.512,40.689,24.815,224.0,243.0,332.0,317.0,2.0,SOFT,True
2023,4,GRAND PRIX DE MONACO,SAR,Williams,19.4,32.9,81.0,1011.7,0.8,0.0,0,15.0,2,102.242,35.885,41.532,24.825,215.0,228.0,340.0,320.0,4.0,SOFT,True,102.395,35.858,41.47,25.067,218.0,232.0,337.0,319.0,2.0,SOFT,True,,,,,,,,,,,
2023,4,GRAND PRIX DE MONACO,STR,Aston Martin,19.4,32.9,81.0,1011.7,0.8,0.0,0,9.0,3,102.524,36.241,41.358,24.925,223.0,244.0,330.0,318.0,2.0,SOFT,True,101.576,35.838,40.829,24.909,223.0,237.0,319.0,318.0,6.0,SOFT,False,101.611,35.813,40.77,25.028,229.0,242.0,318.0,315.0,4.0,SOFT,True
2023,4,GRAND PRIX DE MONACO,TSU,Racing Bulls,19.4,32.9,81.0,1011.7,0.8,0.0,0,8.0,3,102.234,36.113,41.023,25.098,220.0,236.0,333.0,316.0,4.0,SOFT,True,101.569,35.78,40.906,24.883,225.0,232.0,335.0,318.0,2.0,SOFT,True,101.581,35.717,40.835,25.029,222.0,241.0,332.0,315.0,7.0,SOFT,False
2023,4,GRAND PRIX DE MONACO,VER,Red Bull Racing,19.4,32.9,81.0,1011.7,0.8,0.0,0,2.0,3,101.398,35.752,40.891,24.755,228.0,238.0,338.0,318.0,7.0,SOFT,False,100.822,35.474,40.61,24.738,226.0,241.0,337.0,318.0,5.0,SOFT,False,100.391,35.277,40.447,24.667,226.0,241.0,339.0,319.0,2.0,SOFT,True
2023,4,GRAND PRIX DE MONACO,ZHO,Kick Sauber,19.4,32.9,81.0,1011.7,0.8,0.0,0,16.0,1,102.642,36.052,41.578,25.012,218.0,233.0,334.0,316.0,4.0,SOFT,True,,,,,,,,,,,,,,,,,,,,,,
2023,5,MIAMI GRAND PRIX,ALB,Williams,28.6,42.7,59.0,1017.4,3.5,0.0,0,11.0,2,88.234,29.568,33.497,25.169,225.0,189.0,278.0,332.0,2.0,SOFT,True,87.795,29.414,33.399,24.982,224.0,194.0,283.0,338.0,2.0,SOFT,True,,,,,,,,,,,
2023,5,MIAMI GRAND PRIX,ALO,Aston Martin,28.6,42.7,59.0,1017.4,3.5,0.0,0,2.0,3,88.179,29.676,33.59,24.913,221.0,193.0,281.0,336.0,7.0,SOFT,True,87.097,29.216,33.125,24.756,224.0,195.0,282.0,335.0,2.0,SOFT,True,87.202,29.14,33.257,24.805,222.0,196.0,281.0,338.0,5.0,SOFT,False
2023,5,MIAMI GRAND PRIX,BOT,Kick Sauber,28.6,42.7,59.0,1017.4,3.5,0.0,0,10.0,2,87.864,29.59,33.32,24.954,226.0,194.0,281.0,337.0,4.0,SOFT,True,87.564,29.166,33.347,25.051,226.0,194.0,280.0,333.0,2.0,SOFT,True,,,,,,,,,,,
2023,5,MIAMI GRAND PRIX,DEV,Racing Bulls,28.6,42.7,59.0,1017.4,3.5,0.0,0,15.0,2,88.325,29.529,33.683,25.113,223.0,194.0,281.0,332.0,2.0,SOFT,True,88.395,29.453,33.758,25.184,223.0,192.0,281.0,331.0,2.0,SOFT,True,,,,,,,,,,,
2023,5,MIAMI GRAND PRIX,GAS,Alpine,28.6,42.7,59.0,1017.4,3.5,0.0,0,5.0,3,88.061,29.456,33.226,25.379,217.0,194.0,281.0,336.0,2.0,SOFT,True,87.612,29.325,33.305,24.982,222.0,192.0,279.0,333.0,2.0,SOFT,True,87.786,29.342,33.419,25.025,221.0,191.0,281.0,334.0,5.0,SOFT,False
2023,5,MIAMI GRAND PRIX,HAM,Mercedes,28.6,42.7,59.0,1017.4,3.5,0.0,0,13.0,2,87.846,29.396,33.363,25.087,221.0,193.0,280.0,337.0,2.0,SOFT,True,87.975,29.62,33.376,24.979,221.0,193.0,283.0,337.0,2.0,SOFT,True,,,,,,,,,,,
2023,5,MIAMI GRAND PRIX,HUL,Haas F1 Team,28.6,42.7,59.0,1017.4,3.5,0.0,0,12.0,2,87.945,29.487,33.564,24.894,225.0,193.0,283.0,338.0,4.0,SOFT,True,87.903,29.653,33.348,24.902,225.0,194.0,282.0,337.0,7.0,SOFT,False,,,,,,,,,,,
2023,5,MIAMI GRAND PRIX,LEC,Ferrari,28.6,42.7,59.0,1017.4,3.5,0.0,0,7.0,3,87.713,29.504,33.323,24.886,224.0,195.0,286.0,334.0,7.0,SOFT,True,86.964,29.245,32.935,24.784,224.0,194.0,284.0,336.0,5.0,SOFT,True,87.861,29.085,33.013,25.763,226.0,195.0,278.0,332.0,2.0,SOFT,True
2023,5,MIAMI GRAND PRIX,MAG,Haas F1 Team,28.6,42.7,59.0,1017.4,3.5,0.0,0,4.0,3,87.809,29.34,33.451,25.018,224.0,191.0,283.0,336.0,3.0,SOFT,True,87.673,29.338,33.268,25.067,222.0,193.0,282.0,332.0,2.0,SOFT,True,87.767,29.339,33.453,24.975,224.0,192.0,281.0,333.0,5.0,SOFT,False
2023,5,MIAMI GRAND PRIX,NOR,McLaren,28.6,42.7,59.0,1017.4,3.5,0.0,0,16.0,1,88.394,29.471,33.652,25.271,224.0,193.0,278.0,334.0,2.0,SOFT,True,,,,,,,,,,,,,,,,,,,,,,
2023,5,MIAMI GRAND PRIX,OCO,Alpine,28.6,42.7,59.0,1017.4,3.5,0.0,0,8.0,3,87.872,29.476,33.44,24.956,222.0,193.0,280.0,339.0,2.0,SOFT,True,87.444,29.288,33.193,24.963,224.0,193.0,280.0,333.0,2.0,SOFT,True,87.935,29.363,33.504,25.068,223.0,193.0,278.0,334.0,5.0,SOFT,False
2023,5,MIAMI GRAND PRIX,PER,Red Bull Racing,28.6,42.7,59.0,1017.4,3.5,0.0,0,1.0,3,87.713,29.404,33.522,24.787,220.0,193.0,284.0,341.0,5.0,SOFT,True,87.328,29.224,33.297,24.807,223.0,193.0,282.0,342.0,2.0,SOFT,True,86.841,28.942,33.049,24.85,223.0,195.0,284.0,340.0,2.0,SOFT,True
2023,5,MIAMI GRAND PRIX,PIA,McLaren,28.6,42.7,59.0,1017.4,3.5,0.0,0,19.0,1,88.484,29.756,33.681,25.047,219.0,194.0,281.0,337.0,2.0,SOFT,True,,,,,,,,,,,,,,,,,,,,,,
2023,5,MIAMI GRAND PRIX,RUS,Mercedes,28.6,42.7,59.0,1017.4,3.5,0.0,0,6.0,3,88.086,29.468,33.48,25.138,221.0,192.0,276.0,335.0,2.0,SOFT,True,87.743,29.439,33.165,25.139,223.0,194.0,279.0,336.0,2.0,SOFT,True,87.804,29.364,33.32,25.12,218.0,194.0,280.0,336.0,5.0,SOFT,False
2023,5,MIAMI GRAND PRIX,SAI,Ferrari,28.6,42.7,59.0,1017.4,3.5,0.0,0,3.0,3,87.686,29.458,33.284,24.944,225.0,194.0,284.0,332.0,7.0,SOFT,True,87.148,29.123,33.113,24.912,225.0,195.0,282.0,332.0,2.0,SOFT,True,87.349,29.235,33.229,24.885,223.0,196.0,282.0,333.0,2.0,SOFT,True
2023,5,MIAMI GRAND PRIX,SAR,Williams,28.6,42.7,59.0,1017.4,3.5,0.0,0,20.0,1,88.577,29.832,33.759,24.986,219.0,191.0,284.0,338.0,4.0,SOFT,True,,,,,,,,,,,,,,,,,,,,,,
2023,5,MIAMI GRAND PRIX,STR,Aston Martin,28.6,42.7,59.0,1017.4,3.5,0.0,0,18.0,1,88.476,29.768,33.756,24.952,221.0,193.0,281.0,335.0,7.0,SOFT,True,,,,,,,,,,,,,,,,,,,,,,
2023,5,MIAMI GRAND PRIX,TSU,Racing Bulls,28.6,42.7,59.0,1017.4,3.5,0.0,0,17.0,1,88.429,29.609,33.691,25.129,221.0,190.0,281.0,334.0,4.0,SOFT,True,,,,,,,,,,,,,,,,,,,,,,
2023,5,MIAMI GRAND PRIX,VER,Red Bull Racing,28.6,42.7,59.0,1017.4,3.5,0.0,0,9.0,3,87.363,29.281,33.176,24.906,224.0,193.0,283.0,340.0,5.0,SOFT,True,86.814,29.073,32.956,24.785,225.0,194.0,284.0,341.0,5.0,SOFT,False,108.678,30.849,46.508,31.321,169.0,189.0,,315.0,2.0,SOFT,True
2023,5,MIAMI GRAND PRIX,ZHO,Kick Sauber,28.6,42.7,59.0,1017.4,3.5,0.0,0,14.0,2,88.18,29.565,33.461,25.154,222.0,193.0,281.0,338.0,4.0,SOFT,True,88.091,29.408,33.521,25.162,223.0,192.0,277.0,328.0,2.0,SOFT,True,,,,,,,,,,,
2023,6,GRAND PRIX DE MONACO,ALB,Williams,25.8,46.0,33.0,1016.2,0.8,0.0,0,13.0,2,72.706,18.989,34.507,19.21,218.0,202.0,271.0,283.0,2.0,SOFT,True,72.527,19.019,34.347,19.161,213.0,203.0,271.0,283.0,2.0,SOFT,True,,,,,,,,,,,
2023,6,GRAND PRIX DE MONACO,ALO,Aston Martin,25.8,46.0,33.0,1016.2,0.8,0.0,0,2.0,3,72.886,19.025,34.361,19.5,219.0,200.0,268.0,280.0,5.0,SOFT,False,72.107,18.815,34.055,19.237,221.0,203.0,268.0,281.0,4.0,SOFT,True,71.449,18.496,33.844,19.109,223.0,206.0,269.0,280.0,2.0,SOFT,True
2023,6,GRAND PRIX DE MONACO,BOT,Kick Sauber,25.8,46.0,33.0,1016.2,0.8,0.0,0,15.0,2,73.038,19.129,34.649,19.26,219.0,203.0,268.0,280.0,7.0,SOFT,True,72.625,18.914,34.446,19.265,220.0,202.0,268.0,278.0,2.0,SOFT,True,,,,,,,,,,,
2023,6,GRAND PRIX DE MONACO,DEV,Racing Bulls,25.8,46.0,33.0,1016.2,0.8,0.0,0,12.0,2,73.054,19.057,34.605,19.392,219.0,201.0,268.0,281.0,2.0,SOFT,True,72.428,18.9,34.307,19.221,220.0,203.0,270.0,280.0,2.0,SOFT,True,,,,,,,,,,,
2023,6,GRAND PRIX DE MONACO,GAS,Alpine,25.8,46.0,33.0,1016.2,0.8,0.0,0,7.0,3,73.033,19.268,34.422,19.343,220.0,197.0,266.0,281.0,2.0,SOFT,True,72.169,18.935,34.06,19.174,221.0,205.0,267.0,282.0,2.0,SOFT,True,71.933,18.841,34.003,19.089,221.0,203.0,266.0,280.0,2.0,SOFT,True
2023,6,GRAND PRIX DE MONACO,HAM,Mercedes,25.8,46.0,33.0,1016.2,0.8,0.0,0,6.0,3,72.872,19.042,34.519,19.311,217.0,201.0,271.0,283.0,3.0,SOFT,True,72.156,18.954,34.138,19.064,218.0,202.0,271.0,282.0,2.0,SOFT,True,71.725,18.757,33.929,19.039,220.0,203.0,269.0,280.0,5.0,SOFT,False
2023,6,GRAND PRIX DE MONACO,HUL,Haas F1 Team,25.8,46.0,33.0,1016.2,0.8,0.0,0,18.0,1,73.279,19.108,34.707,19.464,215.0,199.0,270.0,282.0,2.0,SOFT,True,,,,,,,,,,,,,,,,,,,,,,
2023,6,GRAND PRIX DE MONACO,LEC,Ferrari,25.8,46.0,33.0,1016.2,0.8,0.0,0,3.0,3,72.912,19.095,34.409,19.408,218.0,198.0,268.0,281.0,8.0,SOFT,False,72.103,18.883,34.153,19.067,220.0,201.0,268.0,281.0,2.0,SOFT,True,71.471,18.651,33.87,18.95,222.0,199.0,268.0,281.0,2.0,SOFT,True
2023,6,GRAND PRIX DE MONACO,MAG,Haas F1 Team,25.8,46.0,33.0,1016.2,0.8,0.0,0,17.0,1,73.27,19.14,34.574,19.556,216.0,201.0,267.0,280.0,2.0,SOFT,True,,,,,,,,,,,,,,,,,,,,,,
2023,6,GRAND PRIX DE MONACO,NOR,McLaren,25.8,46.0,33.0,1016.2,0.8,0.0,0,10.0,3,72.877,19.138,34.492,19.247,217.0,201.0,271.0,282.0,4.0,SOFT,True,72.377,18.993,34.274,19.11,216.0,203.0,272.0,282.0,2.0,SOFT,True,72.254,18.923,34.258,19.073,221.0,203.0,269.0,279.0,2.0,SOFT,True
2023,6,GRAND PRIX DE MONACO,OCO,Alpine,25.8,46.0,33.0,1016.2,0.8,0.0,0,4.0,3,72.967,19.141,34.505,19.321,211.0,201.0,268.0,282.0,6.0,SOFT,True,72.248,18.953,34.106,19.189,214.0,202.0,268.0,280.0,2.0,SOFT,True,71.553,18.728,33.903,18.922,216.0,206.0,267.0,278.0,2.0,SOFT,True
2023,6,GRAND PRIX DE MONACO,PER,Red Bull Racing,25.8,46.0,33.0,1016.2,0.8,0.0,0,20.0,1,73.85,19.475,34.813,19.562,210.0,199.0,268.0,281.0,2.0,SOFT,True,,,,,,,,,,,,,,,,,,,,,,
2023,6,GRAND PRIX DE MONACO,PIA,McLaren,25.8,46.0,33.0,1016.2,0.8,0.0,0,11.0,2,73.006,19.019,34.656,19.331,217.0,203.0,271.0,284.0,6.0,SOFT,True,72.395,18.983,34.302,19.11,219.0,203.0,272.0,282.0,2.0,SOFT,True,,,,,,,,,,,
2023,6,GRAND PRIX DE MONACO,RUS,Mercedes,25.8,46.0,33.0,1016.2,0.8,0.0,0,8.0,3,72.769,18.92,34.373,19.476,216.0,204.0,274.0,280.0,2.0,SOFT,True,72.151,18.697,34.286,19.168,220.0,206.0,269.0,278.0,2.0,SOFT,True,71.964,18.689,34.101,19.174,219.0,207.0,268.0,279.0,3.0,SOFT,True
2023,6,GRAND PRIX DE MONACO,SAI,Ferrari,25.8,46.0,33.0,1016.2,0.8,0.0,0,5.0,3,72.717,19.027,34.402,19.288,217.0,201.0,270.0,286.0,2.0,SOFT,True,72.21,18.901,34.204,19.105,219.0,203.0,270.0,282.0,5.0,SOFT,True,71.63,18.839,33.856,18.935,219.0,206.0,270.0,281.0,2.0,SOFT,True
2023,6,GRAND PRIX DE MONACO,SAR,Williams,25.8,46.0,33.0,1016.2,0.8,0.0,0,16.0,1,73.113,19.073,34.617,19.423,218.0,200.0,271.0,283.0,2.0,SOFT,True,,,,,,,,,,,,,,,,,,,,,,
2023,6,GRAND PRIX DE MONACO,STR,Aston Martin,25.8,46.0,33.0,1016.2,0.8,0.0,0,14.0,2,72.722,18.853,34.314,19.555,221.0,199.0,269.0,280.0,7.0,SOFT,True,72.623,18.871,34.172,19.58,220.0,201.0,265.0,279.0,2.0,SOFT,True,,,,,,,,,,,
2023,6,GRAND PRIX DE MONACO,TSU,Racing Bulls,25.8,46.0,33.0,1016.2,0.8,0.0,0,9.0,3,72.642,18.927,34.43,19.285,223.0,205.0,269.0,278.0,2.0,SOFT,True,72.249,18.782,34.183,19.284,223.0,207.0,270.0,279.0,3.0,SOFT,True,72.082,18.746,34.231,19.105,224.0,204.0,267.0,279.0,3.0,SOFT,True
2023,6,GRAND PRIX DE MONACO,VER,Red Bull Racing,25.8,46.0,33.0,1016.2,0.8,0.0,0,1.0,3,72.386,18.887,34.374,19.125,216.0,202.0,272.0,281.0,11.0,SOFT,False,71.908,18.84,34.111,18.957,215.0,200.0,270.0,280.0,5.0,SOFT,True,71.365,18.642,33.902,18.821,217.0,202.0,270.0,281.0,2.0,SOFT,True
2023,6,GRAND PRIX DE MONACO,ZHO,Kick Sauber,25.8,46.0,33.0,1016.2,0.8,0.0,0,19.0,1,73.523,19.07,34.772,19.681,213.0,201.0,267.0,280.0,7.0,SOFT,True,,,,,,,,,,,,,,,,,,,,,,
2023,7,GRAN PREMIO DE ESPAÑA,ALB,Williams,20.8,24.8,73.0,1000.7,2.0,0.0,0,18.0,1,74.063,22.047,29.815,22.201,281.0,294.0,296.0,325.0,2.0,SOFT,True,,,,,,,,,,,,,,,,,,,,,,
2023,7,GRAN PREMIO DE ESPAÑA,ALO,Aston Martin,20.8,24.8,73.0,1000.7,2.0,0.0,0,9.0,3,73.747,22.058,29.72,21.969,284.0,298.0,292.0,321.0,2.0,SOFT,True,73.098,21.935,29.468,21.695,284.0,302.0,293.0,321.0,2.0,SOFT,True,73.507,21.93,29.244,22.333,278.0,300.0,291.0,318.0,2.0,SOFT,True
2023,7,GRAN PREMIO DE ESPAÑA,BOT,Kick Sauber,20.8,24.8,73.0,1000.7,2.0,0.0,0,16.0,1,73.977,22.06,29.679,22.238,278.0,300.0,284.0,327.0,2.0,SOFT,True,,,,,,,,,,,,,,,,,,,,,,
2023,7,GRAN PREMIO DE ESPAÑA,DEV,Racing Bulls,20.8,24.8,73.0,1000.7,2.0,0.0,0,14.0,2,73.581,21.886,29.501,22.194,285.0,300.0,293.0,323.0,2.0,SOFT,True,74.083,22.096,29.884,22.103,286.0,304.0,292.0,319.0,5.0,SOFT,False,,,,,,,,,,,
2023,7,GRAN PREMIO DE ESPAÑA,GAS,Alpine,20.8,24.8,73.0,1000.7,2.0,0.0,0,4.0,3,73.471,21.939,29.579,21.953,290.0,305.0,297.0,328.0,2.0,SOFT,True,73.186,21.874,29.442,21.87,289.0,306.0,294.0,326.0,2.0,SOFT,True,72.816,21.748,29.211,21.857,290.0,310.0,294.0,329.0,2.0,SOFT,True
2023,7,GRAN PREMIO DE ESPAÑA,HAM,Mercedes,20.8,24.8,73.0,1000.7,2.0,0.0,0,5.0,3,72.937,21.761,29.424,21.752,284.0,305.0,293.0,328.0,2.0,SOFT,True,72.999,21.694,29.577,21.728,284.0,301.0,293.0,327.0,3.0,SOFT,True,72.818,21.805,29.154,21.859,285.0,304.0,295.0,323.0,2.0,SOFT,True
2023,7,GRAN PREMIO DE ESPAÑA,HUL,Haas F1 Team,20.8,24.8,73.0,1000.7,2.0,0.0,0,8.0,3,73.42,21.823,29.605,21.992,287.0,302.0,294.0,329.0,2.0,SOFT,True,73.283,21.823,29.565,21.895,286.0,306.0,293.0,328.0,2.0,SOFT,True,73.229,21.79,29.484,21.955,286.0,306.0,287.0,325.0,2.0,SOFT,True
2023,7,GRAN PREMIO DE ESPAÑA,LEC,Ferrari,20.8,24.8,73.0,1000.7,2.0,0.0,0,19.0,1,74.079,21.962,29.746,22.371,286.0,305.0,293.0,331.0,2.0,SOFT,True,,,,,,,,,,,,,,,,,,,,,,
2023,7,GRAN PREMIO DE ESPAÑA,MAG,Haas F1 Team,20.8,24.8,73.0,1000.7,2.0,0.0,0,17.0,1,74.042,21.968,29.732,22.342,285.0,304.0,296.0,328.0,2.0,SOFT,True,,,,,,,,,,,,,,,,,,,,,,
2023,7,GRAN PREMIO DE ESPAÑA,NOR,McLaren,20.8,24.8,73.0,1000.7,2.0,0.0,0,3.0,3,73.295,21.742,29.681,21.872,282.0,304.0,295.0,326.0,2.0,SOFT,True,72.776,21.827,29.305,21.644,283.0,304.0,294.0,318.0,2.0,SOFT,True,72.792,21.72,29.253,21.819,284.0,308.0,295.0,323.0,2.0,SOFT,True
2023,7,GRAN PREMIO DE ESPAÑA,OCO,Alpine,20.8,24.8,73.0,1000.7,2.0,0.0,0,7.0,3,73.433,21.78,29.487,22.166,289.0,306.0,293.0,328.0,2.0,SOFT,True,73.001,21.737,29.355,21.909,290.0,309.0,295.0,326.0,2.0,SOFT,True,73.083,21.74,29.285,22.058,290.0,309.0,295.0,328.0,2.0,SOFT,True
2023,7,GRAN PREMIO DE ESPAÑA,PER,Red Bull Racing,20.8,24.8,73.0,1000.7,2.0,0.0,0,11.0,2,73.874,21.896,29.578,22.4,287.0,301.0,296.0,327.0,2.0,SOFT,True,73.334,21.788,29.627,21.919,287.0,309.0,297.0,328.0,3.0,SOFT,True,,,,,,,,,,,
2023,7,GRAN PREMIO DE ESPAÑA,PIA,McLaren,20.8,24.8,73.0,1000.7,2.0,0.0,0,10.0,3,73.691,21.974,29.501,22.216,283.0,302.0,293.0,323.0,2.0,SOFT,True,73.059,21.828,29.427,21.804,286.0,307.0,295.0,323.0,2.0,SOFT,True,73.682,21.754,29.269,22.659,285.0,307.0,295.0,324.0,2.0,SOFT,True
2023,7,GRAN PREMIO DE ESPAÑA,RUS,Mercedes,20.8,24.8,73.0,1000.7,2.0,0.0,0,12.0,2,73.326,21.647,29.606,22.073,284.0,303.0,295.0,332.0,2.0,SOFT,True,73.447,21.927,29.574,21.946,281.0,302.0,295.0,321.0,2.0,SOFT,True,,,,,,,,,,,
2023,7,GRAN PREMIO DE ESPAÑA,SAI,Ferrari,20.8,24.8,73.0,1000.7,2.0,0.0,0,2.0,3,73.411,21.895,29.5,22.016,284.0,305.0,290.0,332.0,2.0,SOFT,True,72.79,21.793,29.267,21.73,286.0,307.0,291.0,326.0,2.0,SOFT,True,72.734,21.696,29.257,21.781,288.0,307.0,292.0,326.0,2.0,SOFT,True
2023,7,GRAN PREMIO DE ESPAÑA,SAR,Williams,20.8,24.8,73.0,1000.7,2.0,0.0,0,20.0,1,74.699,22.193,30.209,22.297,287.0,296.0,295.0,325.0,2.0,SOFT,True,,,,,,,,,,,,,,,,,,,,,,
2023,7,GRAN PREMIO DE ESPAÑA,STR,Aston Martin,20.8,24.8,73.0,1000.7,2.0,0.0,0,6.0,3,73.766,22.02,29.628,22.118,280.0,298.0,291.0,321.0,2.0,SOFT,True,73.082,21.831,29.345,21.906,282.0,301.0,294.0,321.0,2.0,SOFT,True,72.994,21.806,29.262,21.926,283.0,302.0,294.0,321.0,2.0,SOFT,True
2023,7,GRAN PREMIO DE ESPAÑA,TSU,Racing Bulls,20.8,24.8,73.0,1000.7,2.0,0.0,0,15.0,2,73.862,21.921,29.698,22.243,285.0,304.0,294.0,324.0,2.0,SOFT,True,73.316,21.83,29.486,22.0,286.0,306.0,293.0,326.0,4.0,SOFT,False,,,,,,,,,,,
2023,7,GRAN PREMIO DE ESPAÑA,VER,Red Bull Racing,20.8,24.8,73.0,1000.7,2.0,0.0,0,1.0,3,73.615,21.84,29.731,22.044,287.0,298.0,297.0,330.0,6.0,SOFT,False,72.76,21.731,29.234,21.795,284.0,300.0,297.0,326.0,2.0,SOFT,True,72.272,21.536,29.064,21.672,287.0,308.0,295.0,328.0,2.0,SOFT,True
2023,7,GRAN PREMIO DE ESPAÑA,ZHO,Kick Sauber,20.8,24.8,73.0,1000.7,2.0,0.0,0,13.0,2,73.677,21.945,29.684,22.048,283.0,301.0,288.0,327.0,2.0,SOFT,True,73.521,22.038,29.643,21.84,282.0,304.0,292.0,321.0,4.0,SOFT,False,,,,,,,,,,,
2023,8,GRAND PRIX DU CANADA,ALB,Williams,16.4,18.4,87.0,1004.9,2.7,0.0,0,10.0,3,81.938,23.907,26.227,31.804,251.0,280.0,284.0,314.0,4.0,INTERMEDIATE,True,78.725,22.921,24.835,30.969,258.0,279.0,296.0,338.0,4.0,SOFT,True,90.284,25.861,28.285,36.138,223.0,270.0,270.0,308.0,2.0,INTERMEDIATE,True
2023,8,GRAND PRIX DU CANADA,ALO,Aston Martin,16.4,18.4,87.0,1004.9,2.7,0.0,0,3.0,3,81.481,23.399,26.197,31.885,249.0,276.0,280.0,308.0,11.0,INTERMEDIATE,False,79.776,22.787,25.145,31.844,254.0,274.0,286.0,319.0,4.0,INTERMEDIATE,True,87.286,24.857,27.967,34.462,207.0,265.0,271.0,301.0,2.0,INTERMEDIATE,True
2023,8,GRAND PRIX DU CANADA,BOT,Kick Sauber,16.4,18.4,87.0,1004.9,2.7,0.0,0,15.0,2,82.332,23.749,26.22,32.363,242.0,274.0,277.0,306.0,12.0,INTERMEDIATE,False,81.821,23.719,26.103,31.999,247.0,272.0,285.0,320.0,2.0,INTERMEDIATE,True,,,,,,,,,,,
2023,8,GRAND PRIX DU CANADA,DEV,Racing Bulls,16.4,18.4,87.0,1004.9,2.7,0.0,0,18.0,1,83.137,24.09,26.613,32.434,245.0,275.0,280.0,310.0,3.0,INTERMEDIATE,True,,,,,,,,,,,,,,,,,,,,,,
2023,8,GRAND PRIX DU CANADA,GAS,Alpine,16.4,18.4,87.0,1004.9,2.7,0.0,0,17.0,1,82.886,23.965,26.581,32.34,243.0,272.0,277.0,303.0,7.0,INTERMEDIATE,True,,,,,,,,,,,,,,,,,,,,,,
2023,8,GRAND PRIX DU CANADA,HAM,Mercedes,16.4,18.4,87.0,1004.9,2.7,0.0,0,4.0,3,81.554,23.409,26.23,31.915,249.0,274.0,280.0,308.0,11.0,INTERMEDIATE,False,80.426,22.948,25.661,31.817,253.0,274.0,288.0,324.0,4.0,INTERMEDIATE,True,87.627,25.27,28.102,34.255,226.0,266.0,273.0,302.0,4.0,INTERMEDIATE,False
2023,8,GRAND PRIX DU CANADA,HUL,Haas F1 Team,16.4,18.4,87.0,1004.9,2.7,0.0,0,2.0,3,82.73,23.89,26.694,32.146,239.0,272.0,277.0,304.0,2.0,INTERMEDIATE,True,80.305,23.279,25.253,31.773,247.0,273.0,289.0,326.0,3.0,SOFT,True,87.102,25.017,27.578,34.507,224.0,266.0,269.0,300.0,11.0,INTERMEDIATE,False
2023,8,GRAND PRIX DU CANADA,LEC,Ferrari,16.4,18.4,87.0,1004.9,2.7,0.0,0,11.0,2,81.843,23.555,26.281,32.007,241.0,276.0,279.0,311.0,11.0,INTERMEDIATE,False,80.615,23.508,25.524,31.583,242.0,275.0,288.0,326.0,2.0,INTERMEDIATE,True,,,,,,,,,,,
2023,8,GRAND PRIX DU CANADA,MAG,Haas F1 Team,16.4,18.4,87.0,1004.9,2.7,0.0,0,14.0,2,82.351,23.842,26.222,32.287,249.0,275.0,279.0,306.0,5.0,INTERMEDIATE,False,81.678,23.794,25.968,31.916,244.0,272.0,284.0,321.0,2.0,INTERMEDIATE,True,,,,,,,,,,,
2023,8,GRAND PRIX DU CANADA,NOR,McLaren,16.4,18.4,87.0,1004.9,2.7,0.0,0,7.0,3,81.998,23.54,26.349,32.109,242.0,273.0,279.0,303.0,8.0,INTERMEDIATE,True,79.347,23.03,25.252,31.065,238.0,273.0,288.0,321.0,4.0,SOFT,True,88.046,25.251,28.182,34.613,219.0,263.0,269.0,297.0,2.0,INTERMEDIATE,True
2023,8,GRAND PRIX DU CANADA,OCO,Alpine,16.4,18.4,87.0,1004.9,2.7,0.0,0,6.0,3,82.114,23.697,26.337,32.08,249.0,272.0,273.0,305.0,9.0,INTERMEDIATE,True,80.406,23.447,25.478,31.481,245.0,265.0,285.0,317.0,3.0,SOFT,True,87.945,25.197,28.095,34.653,223.0,266.0,270.0,297.0,5.0,INTERMEDIATE,False
2023,8,GRAND PRIX DU CANADA,PER,Red Bull Racing,16.4,18.4,87.0,1004.9,2.7,0.0,0,12.0,2,82.151,23.669,26.452,32.03,243.0,274.0,280.0,307.0,10.0,INTERMEDIATE,True,80.959,23.329,25.948,31.682,247.0,273.0,290.0,327.0,2.0,INTERMEDIATE,True,,,,,,,,,,,
2023,8,GRAND PRIX DU CANADA,PIA,McLaren,16.4,18.4,87.0,1004.9,2.7,0.0,0,9.0,3,82.19,23.847,26.17,32.173,245.0,275.0,279.0,306.0,9.0,INTERMEDIATE,True,79.659,23.041,25.308,31.31,252.0,273.0,290.0,324.0,3.0,SOFT,True,91.349,26.732,28.982,35.635,215.0,263.0,269.0,299.0,2.0,INTERMEDIATE,True
2023,8,GRAND PRIX DU CANADA,RUS,Mercedes,16.4,18.4,87.0,1004.9,2.7,0.0,0,5.0,3,81.798,23.544,26.124,32.13,243.0,273.0,281.0,307.0,11.0,INTERMEDIATE,False,80.098,23.14,25.282,31.676,249.0,272.0,287.0,321.0,2.0,INTERMEDIATE,True,87.893,25.225,28.402,34.266,227.0,264.0,271.0,302.0,4.0,INTERMEDIATE,False
2023,8,GRAND PRIX DU CANADA,SAI,Ferrari,16.4,18.4,87.0,1004.9,2.7,0.0,0,8.0,3,82.248,23.731,26.371,32.146,245.0,277.0,281.0,314.0,11.0,INTERMEDIATE,False,79.856,23.098,25.135,31.623,249.0,276.0,286.0,321.0,3.0,SOFT,True,89.294,25.137,28.001,36.156,219.0,267.0,269.0,292.0,2.0,INTERMEDIATE,True
2023,8,GRAND PRIX DU CANADA,SAR,Williams,16.4,18.4,87.0,1004.9,2.7,0.0,0,19.0,1,83.337,24.182,26.858,32.297,245.0,278.0,283.0,313.0,4.0,INTERMEDIATE,True,,,,,,,,,,,,,,,,,,,,,,
2023,8,GRAND PRIX DU CANADA,STR,Aston Martin,16.4,18.4,87.0,1004.9,2.7,0.0,0,13.0,2,82.677,23.679,26.682,32.316,245.0,272.0,278.0,306.0,3.0,INTERMEDIATE,True,81.484,23.101,26.053,32.33,234.0,273.0,284.0,322.0,10.0,INTERMEDIATE,False,,,,,,,,,,,
2023,8,GRAND PRIX DU CANADA,TSU,Racing Bulls,16.4,18.4,87.0,1004.9,2.7,0.0,0,16.0,1,82.746,23.999,26.481,32.266,249.0,276.0,280.0,311.0,4.0,INTERMEDIATE,True,,,,,,,,,,,,,,,,,,,,,,
2023,8,GRAND PRIX DU CANADA,VER,Red Bull Racing,16.4,18.4,87.0,1004.9,2.7,0.0,0,1.0,3,80.851,23.196,25.97,31.685,248.0,274.0,279.0,307.0,11.0,INTERMEDIATE,False,79.092,23.171,25.126,30.795,244.0,276.0,294.0,332.0,3.0,SOFT,True,85.858,24.553,27.445,33.86,236.0,267.0,272.0,301.0,3.0,INTERMEDIATE,True
2023,8,GRAND PRIX DU CANADA,ZHO,Kick Sauber,16.4,18.4,87.0,1004.9,2.7,0.0,0,20.0,1,83.342,24.088,26.719,32.535,244.0,272.0,279.0,306.0,3.0,INTERMEDIATE,True,,,,,,,,,,,,,,,,,,,,,,
2023,9,AUSTRIAN GRAND PRIX,ALB,Williams,26.5,38.7,42.0,930.5,0.8,0.0,0,10.0,3,65.673,16.441,29.424,19.808,324.0,245.0,290.0,316.0,2.0,SOFT,True,65.387,16.346,29.358,19.683,326.0,245.0,290.0,319.0,2.0,SOFT,True,65.34,16.375,29.225,19.74,324.0,245.0,288.0,316.0,2.0,SOFT,True
2023,9,AUSTRIAN GRAND PRIX,ALO,Aston Martin,26.5,38.7,42.0,930.5,0.8,0.0,0,7.0,3,65.655,16.571,29.267,19.817,318.0,246.0,284.0,313.0,6.0,SOFT,False,65.055,16.505,29.008,19.542,320.0,247.0,285.0,313.0,2.0,SOFT,True,64.911,16.399,28.919,19.593,320.0,246.0,285.0,314.0,2.0,SOFT,True
2023,9,AUSTRIAN GRAND PRIX,BOT,Kick Sauber,26.5,38.7,42.0,930.5,0.8,0.0,0,14.0,2,65.763,16.6,29.336,19.827,323.0,244.0,287.0,317.0,2.0,SOFT,True,65.513,16.518,29.179,19.816,323.0,246.0,286.0,317.0,2.0,SOFT,True,,,,,,,,,,,
2023,9,AUSTRIAN GRAND PRIX,DEV,Racing Bulls,26.5,38.7,42.0,930.5,0.8,0.0,0,20.0,1,65.974,16.775,29.322,19.877,317.0,246.0,284.0,313.0,2.0,SOFT,True,,,,,,,,,,,,,,,,,,,,,,
2023,9,AUSTRIAN GRAND PRIX,GAS,Alpine,26.5,38.7,42.0,930.5,0.8,0.0,0,9.0,3,65.515,16.566,29.123,19.826,323.0,248.0,285.0,316.0,2.0,SOFT,True,65.084,16.398,29.028,19.658,322.0,249.0,286.0,315.0,2.0,SOFT,True,65.17,16.508,29.067,19.595,321.0,248.0,286.0,313.0,2.0,SOFT,True
2023,9,AUSTRIAN GRAND PRIX,HAM,Mercedes,26.5,38.7,42.0,930.5,0.8,0.0,0,5.0,3,65.673,16.464,29.338,19.871,320.0,246.0,285.0,314.0,2.0,SOFT,True,65.188,16.343,29.089,19.756,321.0,246.0,284.0,315.0,2.0,SOFT,True,64.819,16.312,28.975,19.532,321.0,247.0,286.0,314.0,2.0,SOFT,True
2023,9,AUSTRIAN GRAND PRIX,HUL,Haas F1 Team,26.5,38.7,42.0,930.5,0.8,0.0,0,8.0,3,65.74,16.481,29.238,20.021,323.0,244.0,288.0,318.0,5.0,SOFT,True,65.301,16.404,29.035,19.862,324.0,245.0,286.0,316.0,2.0,SOFT,True,65.09,16.392,28.94,19.758,323.0,245.0,285.0,315.0,2.0,SOFT,True
2023,9,AUSTRIAN GRAND PRIX,LEC,Ferrari,26.5,38.7,42.0,930.5,0.8,0.0,0,2.0,3,65.577,16.622,29.08,19.875,321.0,245.0,287.0,317.0,2.0,SOFT,True,65.087,16.409,28.922,19.756,323.0,247.0,285.0,318.0,2.0,SOFT,True,64.439,16.336,28.686,19.417,324.0,247.0,288.0,318.0,2.0,SOFT,True
2023,9,AUSTRIAN GRAND PRIX,MAG,Haas F1 Team,26.5,38.7,42.0,930.5,0.8,0.0,0,19.0,1,65.793,16.725,29.227,19.841,319.0,242.0,284.0,315.0,2.0,SOFT,True,,,,,,,,,,,,,,,,,,,,,,
2023,9,AUSTRIAN GRAND PRIX,NOR,McLaren,26.5,38.7,42.0,930.5,0.8,0.0,0,4.0,3,65.179,16.427,29.056,19.696,322.0,247.0,286.0,316.0,2.0,SOFT,True,65.038,16.462,29.024,19.552,323.0,249.0,287.0,315.0,2.0,SOFT,True,64.658,16.358,28.808,19.492,323.0,248.0,285.0,315.0,2.0,SOFT,True
2023,9,AUSTRIAN GRAND PRIX,OCO,Alpine,26.5,38.7,42.0,930.5,0.8,0.0,0,12.0,2,65.729,16.681,29.296,19.752,320.0,247.0,286.0,315.0,2.0,SOFT,True,65.295,16.475,29.124,19.696,322.0,248.0,284.0,314.0,2.0,SOFT,True,,,,,,,,,,,
2023,9,AUSTRIAN GRAND PRIX,PER,Red Bull Racing,26.5,38.7,42.0,930.5,0.8,0.0,0,15.0,2,65.177,16.505,29.113,19.559,325.0,244.0,288.0,319.0,2.0,SOFT,True,64.99,16.438,28.839,19.713,325.0,242.0,290.0,318.0,2.0,SOFT,True,,,,,,,,,,,
2023,9,AUSTRIAN GRAND PRIX,PIA,McLaren,26.5,38.7,42.0,930.5,0.8,0.0,0,13.0,2,65.683,16.62,29.286,19.777,319.0,247.0,285.0,313.0,2.0,SOFT,True,65.213,16.519,29.081,19.613,321.0,247.0,285.0,314.0,2.0,SOFT,True,,,,,,,,,,,
2023,9,AUSTRIAN GRAND PRIX,RUS,Mercedes,26.5,38.7,42.0,930.5,0.8,0.0,0,11.0,2,65.686,16.544,29.222,19.92,322.0,246.0,286.0,316.0,2.0,SOFT,True,65.408,16.515,29.097,19.796,321.0,245.0,287.0,315.0,2.0,SOFT,True,,,,,,,,,,,
2023,9,AUSTRIAN GRAND PRIX,SAI,Ferrari,26.5,38.7,42.0,930.5,0.8,0.0,0,3.0,3,65.339,16.435,29.083,19.821,322.0,245.0,286.0,317.0,2.0,SOFT,True,64.975,16.387,28.85,19.738,325.0,245.0,288.0,318.0,2.0,SOFT,True,64.581,16.304,28.785,19.492,323.0,247.0,286.0,317.0,2.0,SOFT,True
2023,9,AUSTRIAN GRAND PRIX,SAR,Williams,26.5,38.7,42.0,930.5,0.8,0.0,0,18.0,1,65.948,16.463,29.383,20.102,327.0,245.0,289.0,319.0,2.0,SOFT,True,,,,,,,,,,,,,,,,,,,,,,
2023,9,AUSTRIAN GRAND PRIX,STR,Aston Martin,26.5,38.7,42.0,930.5,0.8,0.0,0,6.0,3,65.71,16.628,29.38,19.702,320.0,245.0,285.0,314.0,5.0,SOFT,True,65.121,16.416,29.081,19.624,322.0,246.0,286.0,315.0,2.0,SOFT,True,64.893,16.388,28.969,19.536,322.0,246.0,285.0,315.0,2.0,SOFT,True
2023,9,AUSTRIAN GRAND PRIX,TSU,Racing Bulls,26.5,38.7,42.0,930.5,0.8,0.0,0,16.0,1,65.784,16.6,29.332,19.852,318.0,245.0,282.0,313.0,2.0,SOFT,True,,,,,,,,,,,,,,,,,,,,,,
2023,9,AUSTRIAN GRAND PRIX,VER,Red Bull Racing,26.5,38.7,42.0,930.5,0.8,0.0,0,1.0,3,65.116,16.44,29.07,19.606,323.0,247.0,288.0,317.0,6.0,SOFT,False,64.951,16.474,28.943,19.534,323.0,247.0,287.0,319.0,5.0,SOFT,True,64.391,16.3,28.732,19.359,324.0,249.0,290.0,317.0,2.0,SOFT,True
2023,9,AUSTRIAN GRAND PRIX,ZHO,Kick Sauber,26.5,38.7,42.0,930.5,0.8,0.0,0,17.0,1,65.818,16.687,29.239,19.892,323.0,245.0,284.0,316.0,2.0,SOFT,True,,,,,,,,,,,,,,,,,,,,,,
2023,10,BRITISH GRAND PRIX,ALB,Williams,20.9,21.9,80.0,999.5,2.7,0.0,0,8.0,3,89.466,28.009,36.176,25.281,304.0,260.0,252.0,305.0,2.0,SOFT,True,88.067,27.851,35.687,24.529,305.0,265.0,252.0,308.0,3.0,SOFT,False,87.53,27.562,35.6,24.368,323.0,268.0,251.0,325.0,2.0,SOFT,True
2023,10,BRITISH GRAND PRIX,ALO,Aston Martin,20.9,21.9,80.0,999.5,2.7,0.0,0,9.0,3,89.949,28.234,35.996,25.719,301.0,263.0,247.0,304.0,8.0,SOFT,False,88.368,28.016,35.589,24.763,303.0,265.0,246.0,308.0,2.0,SOFT,True,87.659,27.635,35.706,24.318,319.0,269.0,247.0,327.0,2.0,SOFT,True
2023,10,BRITISH GRAND PRIX,BOT,Kick Sauber,20.9,21.9,80.0,999.5,2.7,0.0,0,15.0,1,89.798,28.13,36.328,25.34,303.0,261.0,252.0,298.0,2.0,SOFT,True,,,,,,,,,,,,,,,,,,,,,,
2023,10,BRITISH GRAND PRIX,DEV,Racing Bulls,20.9,21.9,80.0,999.5,2.7,0.0,0,18.0,1,90.513,28.276,36.33,25.907,306.0,260.0,250.0,303.0,2.0,SOFT,True,,,,,,,,,,,,,,,,,,,,,,
2023,10,BRITISH GRAND PRIX,GAS,Alpine,20.9,21.9,80.0,999.5,2.7,0.0,0,10.0,3,89.533,28.141,36.035,25.357,305.0,259.0,251.0,301.0,2.0,SOFT,True,88.751,27.973,35.781,24.997,302.0,261.0,251.0,299.0,2.0,SOFT,True,87.689,27.668,35.7,24.321,323.0,266.0,252.0,322.0,2.0,SOFT,True
2023,10,BRITISH GRAND PRIX,HAM,Mercedes,20.9,21.9,80.0,999.5,2.7,0.0,0,7.0,3,89.415,28.211,35.897,25.307,305.0,263.0,249.0,305.0,2.0,SOFT,True,88.545,27.964,35.706,24.875,303.0,264.0,246.0,301.0,2.0,SOFT,True,87.211,27.61,35.407,24.194,319.0,269.0,248.0,322.0,2.0,SOFT,True
2023,10,BRITISH GRAND PRIX,HUL,Haas F1 Team,20.9,21.9,80.0,999.5,2.7,0.0,0,11.0,2,89.603,28.066,36.106,25.431,303.0,261.0,251.0,298.0,2.0,SOFT,True,88.896,28.066,35.877,24.953,303.0,262.0,251.0,300.0,2.0,SOFT,True,,,,,,,,,,,
2023,10,BRITISH GRAND PRIX,LEC,Ferrari,20.9,21.9,80.0,999.5,2.7,0.0,0,4.0,3,89.143,28.093,35.845,25.205,307.0,258.0,251.0,305.0,2.0,SOFT,True,88.361,27.992,35.624,24.745,303.0,265.0,252.0,306.0,5.0,SOFT,False,87.136,27.461,35.384,24.291,324.0,267.0,254.0,325.0,2.0,SOFT,True
2023,10,BRITISH GRAND PRIX,MAG,Haas F1 Team,20.9,21.9,80.0,999.5,2.7,0.0,0,19.0,1,92.378,28.284,37.058,27.036,303.0,257.0,247.0,297.0,4.0,SOFT,True,,,,,,,,,,,,,,,,,,,,,,
2023,10,BRITISH GRAND PRIX,NOR,McLaren,20.9,21.9,80.0,999.5,2.7,0.0,0,2.0,3,88.917,27.983,35.844,25.09,304.0,264.0,253.0,301.0,4.0,SOFT,False,88.042,27.845,35.694,24.503,300.0,265.0,252.0,299.0,2.0,SOFT,True,86.961,27.544,35.312,24.105,317.0,271.0,252.0,320.0,2.0,SOFT,True
2023,10,BRITISH GRAND PRIX,OCO,Alpine,20.9,21.9,80.0,999.5,2.7,0.0,0,13.0,2,89.7,28.219,35.998,25.483,305.0,260.0,251.0,303.0,2.0,SOFT,True,88.956,28.239,35.843,24.874,308.0,264.0,251.0,304.0,2.0,SOFT,True,,,,,,,,,,,
2023,10,BRITISH GRAND PRIX,PER,Red Bull Racing,20.9,21.9,80.0,999.5,2.7,0.0,0,15.0,1,89.968,28.318,36.097,25.553,304.0,262.0,248.0,300.0,3.0,SOFT,False,,,,,,,,,,,,,,,,,,,,,,
2023,10,BRITISH GRAND PRIX,PIA,McLaren,20.9,21.9,80.0,999.5,2.7,0.0,0,3.0,3,89.874,28.273,36.095,25.506,299.0,264.0,251.0,297.0,4.0,SOFT,False,87.845,27.913,35.539,24.393,299.0,268.0,254.0,300.0,2.0,SOFT,True,87.092,27.634,35.35,24.108,317.0,270.0,254.0,319.0,2.0,SOFT,True
2023,10,BRITISH GRAND PRIX,RUS,Mercedes,20.9,21.9,80.0,999.5,2.7,0.0,0,6.0,3,89.412,28.064,35.968,25.38,303.0,262.0,247.0,302.0,2.0,SOFT,True,88.782,27.928,35.958,24.896,303.0,264.0,248.0,303.0,2.0,SOFT,True,87.155,27.573,35.41,24.172,319.0,268.0,251.0,322.0,2.0,SOFT,True
2023,10,BRITISH GRAND PRIX,SAI,Ferrari,20.9,21.9,80.0,999.5,2.7,0.0,0,5.0,3,89.865,28.178,36.224,25.463,311.0,263.0,253.0,310.0,2.0,SOFT,True,88.265,27.879,35.746,24.64,308.0,266.0,253.0,304.0,2.0,SOFT,True,87.148,27.592,35.38,24.176,324.0,268.0,254.0,326.0,2.0,SOFT,True
2023,10,BRITISH GRAND PRIX,SAR,Williams,20.9,21.9,80.0,999.5,2.7,0.0,0,14.0,2,89.873,28.041,36.16,25.672,305.0,263.0,250.0,306.0,2.0,SOFT,True,89.031,27.917,36.089,25.025,306.0,263.0,252.0,308.0,4.0,SOFT,False,,,,,,,,,,,
2023,10,BRITISH GRAND PRIX,STR,Aston Martin,20.9,21.9,80.0,999.5,2.7,0.0,0,12.0,2,89.448,28.036,35.764,25.648,303.0,265.0,248.0,308.0,2.0,SOFT,True,88.935,28.07,35.839,25.026,303.0,266.0,246.0,307.0,4.0,SOFT,False,,,,,,,,,,,
2023,10,BRITISH GRAND PRIX,TSU,Racing Bulls,20.9,21.9,80.0,999.5,2.7,0.0,0,16.0,1,90.025,28.269,36.027,25.729,305.0,263.0,248.0,302.0,2.0,SOFT,True,,,,,,,,,,,,,,,,,,,,,,
2023,10,BRITISH GRAND PRIX,VER,Red Bull Racing,20.9,21.9,80.0,999.5,2.7,0.0,0,1.0,3,89.428,28.129,35.691,25.608,305.0,263.0,246.0,302.0,10.0,SOFT,False,87.702,27.82,35.298,24.584,305.0,267.0,252.0,303.0,2.0,SOFT,True,86.72,27.482,35.234,24.004,326.0,270.0,252.0,326.0,2.0,SOFT,True
2023,10,BRITISH GRAND PRIX,ZHO,Kick Sauber,20.9,21.9,80.0,999.5,2.7,0.0,0,17.0,1,90.123,28.282,36.365,25.476,301.0,261.0,252.0,294.0,2.0,SOFT,True,,,,,,,,,,,,,,,,,,,,,,
2023,11,HUNGARIAN GRAND PRIX,ALB,Williams,26.3,43.8,35.0,987.4,2.2,0.0,0,16.0,1,78.917,28.395,27.989,22.533,280.0,247.0,257.0,301.0,2.0,HARD,True,,,,,,,,,,,,,,,,,,,,,,
2023,11,HUNGARIAN GRAND PRIX,ALO,Aston Martin,26.3,43.8,35.0,987.4,2.2,0.0,0,8.0,3,78.58,28.305,28.105,22.17,282.0,249.0,257.0,306.0,2.0,HARD,True,77.701,28.129,27.68,21.892,283.0,252.0,258.0,304.0,2.0,MEDIUM,True,77.035,27.921,27.279,21.835,282.0,254.0,258.0,303.0,2.0,SOFT,True
2023,11,HUNGARIAN GRAND PRIX,BOT,Kick Sauber,26.3,43.8,35.0,987.4,2.2,0.0,0,7.0,3,78.775,28.541,27.867,22.367,281.0,250.0,257.0,303.0,4.0,HARD,True,77.563,28.135,27.5,21.928,282.0,253.0,259.0,305.0,2.0,MEDIUM,True,77.034,27.967,27.305,21.762,281.0,251.0,259.0,304.0,2.0,SOFT,True
2023,11,HUNGARIAN GRAND PRIX,GAS,Alpine,26.3,43.8,35.0,987.4,2.2,0.0,0,15.0,2,78.743,28.335,28.116,22.292,284.0,249.0,255.0,302.0,2.0,HARD,True,78.045,28.176,27.837,22.032,284.0,253.0,258.0,303.0,2.0,MEDIUM,True,,,,,,,,,,,
2023,11,HUNGARIAN GRAND PRIX,HAM,Mercedes,26.3,43.8,35.0,987.4,2.2,0.0,0,1.0,3,78.577,28.516,27.973,22.088,280.0,246.0,251.0,301.0,2.0,HARD,True,77.427,28.271,27.494,21.662,280.0,251.0,258.0,304.0,2.0,MEDIUM,True,76.609,27.817,27.124,21.668,279.0,252.0,256.0,302.0,2.0,SOFT,True
2023,11,HUNGARIAN GRAND PRIX,HUL,Haas F1 Team,26.3,43.8,35.0,987.4,2.2,0.0,0,10.0,3,78.695,28.439,28.065,22.191,283.0,248.0,258.0,304.0,2.0,HARD,True,77.652,28.132,27.6,21.92,282.0,253.0,259.0,304.0,2.0,MEDIUM,True,77.186,27.947,27.455,21.784,281.0,253.0,259.0,301.0,2.0,SOFT,True
2023,11,HUNGARIAN GRAND PRIX,LEC,Ferrari,26.3,43.8,35.0,987.4,2.2,0.0,0,6.0,3,78.44,28.192,28.006,22.242,283.0,246.0,257.0,305.0,2.0,HARD,True,77.58,28.036,27.637,21.907,283.0,250.0,258.0,305.0,2.0,MEDIUM,True,76.992,27.863,27.278,21.851,282.0,250.0,257.0,303.0,2.0,SOFT,True
2023,11,HUNGARIAN GRAND PRIX,MAG,Haas F1 Team,26.3,43.8,35.0,987.4,2.2,0.0,0,19.0,1,79.206,28.353,28.488,22.365,281.0,245.0,258.0,303.0,2.0,HARD,True,,,,,,,,,,,,,,,,,,,,,,
2023,11,HUNGARIAN GRAND PRIX,NOR,McLaren,26.3,43.8,35.0,987.4,2.2,0.0,0,3.0,3,78.209,28.353,27.855,22.001,278.0,252.0,255.0,301.0,2.0,HARD,True,77.328,28.154,27.342,21.832,279.0,253.0,257.0,302.0,2.0,MEDIUM,True,76.694,27.878,27.123,21.693,280.0,257.0,257.0,303.0,2.0,SOFT,True
2023,11,HUNGARIAN GRAND PRIX,OCO,Alpine,26.3,43.8,35.0,987.4,2.2,0.0,0,12.0,2,78.854,28.388,28.153,22.313,283.0,250.0,257.0,303.0,2.0,HARD,True,77.841,28.036,27.72,22.085,284.0,253.0,258.0,305.0,2.0,MEDIUM,True,,,,,,,,,,,
2023,11,HUNGARIAN GRAND PRIX,PER,Red Bull Racing,26.3,43.8,35.0,987.4,2.2,0.0,0,9.0,3,78.36,28.328,27.912,22.12,280.0,250.0,257.0,303.0,2.0,HARD,True,77.675,28.318,27.583,21.774,280.0,251.0,256.0,300.0,2.0,MEDIUM,True,77.045,28.028,27.289,21.728,280.0,253.0,259.0,300.0,2.0,SOFT,True
2023,11,HUNGARIAN GRAND PRIX,PIA,McLaren,26.3,43.8,35.0,987.4,2.2,0.0,0,4.0,3,78.464,28.493,27.859,22.112,279.0,252.0,257.0,301.0,2.0,HARD,True,77.571,28.197,27.458,21.916,280.0,252.0,258.0,302.0,2.0,MEDIUM,True,76.905,28.052,27.033,21.82,279.0,256.0,258.0,303.0,2.0,SOFT,True
2023,11,HUNGARIAN GRAND PRIX,RIC,Racing Bulls,26.3,43.8,35.0,987.4,2.2,0.0,0,13.0,2,78.906,28.418,28.308,22.18,280.0,245.0,256.0,297.0,2.0,HARD,True,78.002,28.163,27.861,21.978,280.0,250.0,257.0,299.0,2.0,MEDIUM,True,,,,,,,,,,,
2023,11,HUNGARIAN GRAND PRIX,RUS,Mercedes,26.3,43.8,35.0,987.4,2.2,0.0,0,18.0,1,79.027,28.72,28.088,22.219,280.0,251.0,257.0,300.0,2.0,HARD,True,,,,,,,,,,,,,,,,,,,,,,
2023,11,HUNGARIAN GRAND PRIX,SAI,Ferrari,26.3,43.8,35.0,987.4,2.2,0.0,0,11.0,2,78.393,28.196,28.04,22.157,283.0,247.0,258.0,306.0,2.0,HARD,True,77.703,28.084,27.697,21.922,283.0,249.0,259.0,307.0,2.0,MEDIUM,True,,,,,,,,,,,
2023,11,HUNGARIAN GRAND PRIX,SAR,Williams,26.3,43.8,35.0,987.4,2.2,0.0,0,20.0,1,79.248,28.491,28.141,22.616,282.0,246.0,258.0,301.0,2.0,HARD,True,,,,,,,,,,,,,,,,,,,,,,
2023,11,HUNGARIAN GRAND PRIX,STR,Aston Martin,26.3,43.8,35.0,987.4,2.2,0.0,0,14.0,2,78.782,28.31,28.147,22.325,282.0,250.0,255.0,305.0,2.0,HARD,True,77.861,28.327,27.635,21.899,281.0,252.0,255.0,301.0,2.0,MEDIUM,True,,,,,,,,,,,
2023,11,HUNGARIAN GRAND PRIX,TSU,Racing Bulls,26.3,43.8,35.0,987.4,2.2,0.0,0,17.0,1,78.919,28.424,28.319,22.176,278.0,248.0,254.0,299.0,2.0,HARD,True,,,,,,,,,,,,,,,,,,,,,,
2023,11,HUNGARIAN GRAND PRIX,VER,Red Bull Racing,26.3,43.8,35.0,987.4,2.2,0.0,0,2.0,3,78.318,28.189,27.933,22.196,282.0,249.0,256.0,303.0,2.0,HARD,True,77.296,28.07,27.462,21.764,281.0,253.0,259.0,302.0,2.0,MEDIUM,True,76.612,27.782,27.283,21.547,280.0,254.0,258.0,304.0,2.0,SOFT,True
2023,11,HUNGARIAN GRAND PRIX,ZHO,Kick Sauber,26.3,43.8,35.0,987.4,2.2,0.0,0,5.0,3,78.143,28.249,27.817,22.077,280.0,250.0,257.0,303.0,2.0,HARD,True,77.7,28.246,27.529,21.925,279.0,251.0,256.0,304.0,2.0,MEDIUM,True,76.971,27.858,27.276,21.837,279.0,253.0,255.0,304.0,2.0,SOFT,True
2023,12,BELGIAN GRAND PRIX,ALB,Williams,19.4,23.8,89.0,961.5,1.1,0.0,0,16.0,1,120.314,33.37,55.436,31.508,313.0,172.0,204.0,296.0,2.0,INTERMEDIATE,True,,,,,,,,,,,,,,,,,,,,,,
2023,12,BELGIAN GRAND PRIX,ALO,Aston Martin,19.4,23.8,89.0,961.5,1.1,0.0,0,9.0,3,118.834,33.51,53.838,31.486,306.0,178.0,203.0,298.0,2.0,INTERMEDIATE,True,112.751,32.285,50.083,30.383,315.0,204.0,207.0,309.0,4.0,SOFT,True,107.843,31.24,47.017,29.586,331.0,204.0,211.0,307.0,2.0,SOFT,True
2023,12,BELGIAN GRAND PRIX,BOT,Kick Sauber,19.4,23.8,89.0,961.5,1.1,0.0,0,14.0,2,119.484,33.537,54.142,31.805,310.0,177.0,205.0,290.0,4.0,INTERMEDIATE,True,114.694,32.822,51.437,30.435,313.0,199.0,216.0,287.0,4.0,SOFT,True,,,,,,,,,,,
2023,12,BELGIAN GRAND PRIX,GAS,Alpine,19.4,23.8,89.0,961.5,1.1,0.0,0,12.0,2,119.511,33.218,54.573,31.72,317.0,178.0,205.0,302.0,4.0,INTERMEDIATE,True,113.671,32.293,51.282,30.096,314.0,198.0,219.0,309.0,4.0,SOFT,True,,,,,,,,,,,
2023,12,BELGIAN GRAND PRIX,HAM,Mercedes,19.4,23.8,89.0,961.5,1.1,0.0,0,4.0,3,118.563,32.912,53.738,31.913,314.0,179.0,203.0,303.0,4.0,INTERMEDIATE,True,112.345,32.222,50.077,30.046,318.0,201.0,213.0,313.0,3.0,SOFT,True,107.087,31.336,46.505,29.246,333.0,202.0,216.0,311.0,2.0,SOFT,True
2023,12,BELGIAN GRAND PRIX,HUL,Haas F1 Team,19.4,23.8,89.0,961.5,1.1,0.0,0,20.0,1,123.166,33.664,56.741,32.761,303.0,172.0,206.0,290.0,4.0,INTERMEDIATE,False,,,,,,,,,,,,,,,,,,,,,,
2023,12,BELGIAN GRAND PRIX,LEC,Ferrari,19.4,23.8,89.0,961.5,1.1,0.0,0,2.0,3,118.3,33.043,54.046,31.211,312.0,177.0,209.0,306.0,2.0,INTERMEDIATE,True,112.017,32.568,49.501,29.948,308.0,201.0,222.0,302.0,4.0,SOFT,True,106.988,31.287,46.4,29.301,336.0,200.0,223.0,308.0,2.0,SOFT,True
2023,12,BELGIAN GRAND PRIX,MAG,Haas F1 Team,19.4,23.8,89.0,961.5,1.1,0.0,0,13.0,2,120.02,33.301,55.238,31.481,304.0,175.0,211.0,299.0,2.0,INTERMEDIATE,True,114.16,32.514,51.443,30.203,315.0,195.0,221.0,291.0,3.0,SOFT,True,,,,,,,,,,,
2023,12,BELGIAN GRAND PRIX,NOR,McLaren,19.4,23.8,89.0,961.5,1.1,0.0,0,7.0,3,119.981,34.017,54.021,31.943,301.0,178.0,204.0,294.0,2.0,INTERMEDIATE,True,112.252,32.793,49.186,30.273,297.0,199.0,218.0,305.0,4.0,SOFT,True,107.669,31.617,46.417,29.635,324.0,203.0,218.0,304.0,2.0,SOFT,True
2023,12,BELGIAN GRAND PRIX,OCO,Alpine,19.4,23.8,89.0,961.5,1.1,0.0,0,15.0,2,119.634,33.062,54.711,31.861,315.0,174.0,210.0,304.0,2.0,INTERMEDIATE,True,116.372,32.641,52.23,31.501,316.0,192.0,209.0,308.0,2.0,INTERMEDIATE,True,,,,,,,,,,,
2023,12,BELGIAN GRAND PRIX,PER,Red Bull Racing,19.4,23.8,89.0,961.5,1.1,0.0,0,3.0,3,118.899,33.332,54.071,31.496,312.0,166.0,209.0,302.0,7.0,INTERMEDIATE,True,112.353,32.364,49.749,30.24,311.0,200.0,220.0,307.0,4.0,SOFT,True,107.045,31.336,46.445,29.264,340.0,202.0,223.0,306.0,2.0,SOFT,True
2023,12,BELGIAN GRAND PRIX,PIA,McLaren,19.4,23.8,89.0,961.5,1.1,0.0,0,6.0,3,118.872,34.033,52.99,31.849,302.0,180.0,206.0,296.0,4.0,INTERMEDIATE,True,111.534,32.864,48.413,30.257,309.0,205.0,218.0,302.0,4.0,SOFT,True,107.365,31.799,45.852,29.714,323.0,205.0,222.0,302.0,2.0,SOFT,True
2023,12,BELGIAN GRAND PRIX,RIC,Racing Bulls,19.4,23.8,89.0,961.5,1.1,0.0,0,19.0,1,119.483,33.288,54.976,31.219,314.0,173.0,209.0,297.0,2.0,INTERMEDIATE,True,,,,,,,,,,,,,,,,,,,,,,
2023,12,BELGIAN GRAND PRIX,RUS,Mercedes,19.4,23.8,89.0,961.5,1.1,0.0,0,8.0,3,119.035,33.323,54.127,31.585,303.0,178.0,204.0,302.0,4.0,INTERMEDIATE,True,112.605,32.243,50.273,30.089,309.0,201.0,210.0,308.0,4.0,SOFT,True,107.805,31.63,46.737,29.438,327.0,205.0,221.0,306.0,2.0,SOFT,True
2023,12,BELGIAN GRAND PRIX,SAI,Ferrari,19.4,23.8,89.0,961.5,1.1,0.0,0,5.0,3,118.688,32.938,54.127,31.623,315.0,175.0,208.0,302.0,2.0,INTERMEDIATE,True,111.711,31.99,49.925,29.796,315.0,201.0,221.0,311.0,3.0,SOFT,True,107.152,31.317,46.515,29.32,336.0,208.0,224.0,308.0,2.0,SOFT,True
2023,12,BELGIAN GRAND PRIX,SAR,Williams,19.4,23.8,89.0,961.5,1.1,0.0,0,18.0,1,121.535,33.356,56.273,31.906,317.0,173.0,197.0,293.0,5.0,INTERMEDIATE,True,,,,,,,,,,,,,,,,,,,,,,
2023,12,BELGIAN GRAND PRIX,STR,Aston Martin,19.4,23.8,89.0,961.5,1.1,0.0,0,10.0,3,119.663,33.904,54.011,31.748,305.0,178.0,201.0,290.0,2.0,INTERMEDIATE,True,112.193,32.967,49.162,30.064,310.0,199.0,215.0,302.0,3.0,SOFT,True,108.841,31.662,47.369,29.81,326.0,203.0,212.0,305.0,2.0,SOFT,True
2023,12,BELGIAN GRAND PRIX,TSU,Racing Bulls,19.4,23.8,89.0,961.5,1.1,0.0,0,11.0,2,119.044,33.161,54.712,31.171,315.0,184.0,210.0,297.0,2.0,INTERMEDIATE,True,113.148,32.404,50.88,29.864,312.0,206.0,219.0,307.0,3.0,SOFT,True,,,,,,,,,,,
2023,12,BELGIAN GRAND PRIX,VER,Red Bull Racing,19.4,23.8,89.0,961.5,1.1,0.0,0,1.0,3,118.515,33.343,53.773,31.399,311.0,180.0,208.0,299.0,8.0,INTERMEDIATE,False,112.784,32.442,50.396,29.946,316.0,202.0,221.0,306.0,4.0,SOFT,True,106.168,31.204,45.697,29.267,338.0,207.0,223.0,307.0,2.0,SOFT,True
2023,12,BELGIAN GRAND PRIX,ZHO,Kick Sauber,19.4,23.8,89.0,961.5,1.1,0.0,0,17.0,1,120.832,33.513,55.483,31.836,314.0,176.0,200.0,290.0,2.0,INTERMEDIATE,True,,,,,,,,,,,,,,,,,,,,,,
2023,13,DUTCH GRAND PRIX,ALB,Williams,18.15,23.25,78.0,1009.4,2.2,0.0,0,4.0,3,80.939,28.115,27.627,25.197,281.0,267.0,299.0,278.0,2.0,INTERMEDIATE,True,79.399,27.297,27.511,24.591,284.0,267.0,292.0,294.0,2.0,INTERMEDIATE,True,71.419,24.449,25.014,21.956,290.0,281.0,316.0,321.0,3.0,SOFT,True
2023,13,DUTCH GRAND PRIX,ALO,Aston Martin,18.15,23.25,78.0,1009.4,2.2,0.0,0,5.0,3,81.84,28.233,27.984,25.623,282.0,270.0,300.0,283.0,2.0,INTERMEDIATE,True,79.429,27.207,27.502,24.72,286.0,270.0,294.0,297.0,4.0,INTERMEDIATE,True,71.506,24.63,24.994,21.882,291.0,281.0,316.0,322.0,3.0,SOFT,True
2023,13,DUTCH GRAND PRIX,BOT,Kick Sauber,18.15,23.25,78.0,1009.4,2.2,0.0,0,19.0,1,82.26,28.629,27.829,25.802,279.0,265.0,293.0,296.0,4.0,INTERMEDIATE,True,,,,,,,,,,,,,,,,,,,,,,
2023,13,DUTCH GRAND PRIX,GAS,Alpine,18.15,23.25,78.0,1009.4,2.2,0.0,0,12.0,2,81.735,28.196,27.877,25.662,282.0,266.0,296.0,277.0,9.0,INTERMEDIATE,True,80.128,27.411,27.594,25.123,285.0,266.0,291.0,299.0,4.0,INTERMEDIATE,True,,,,,,,,,,,
2023,13,DUTCH GRAND PRIX,HAM,Mercedes,18.15,23.25,78.0,1009.4,2.2,0.0,0,13.0,2,81.919,27.986,27.912,26.021,279.0,267.0,296.0,272.0,11.0,INTERMEDIATE,True,80.151,27.416,27.366,25.369,281.0,265.0,290.0,293.0,3.0,INTERMEDIATE,True,,,,,,,,,,,
2023,13,DUTCH GRAND PRIX,HUL,Haas F1 Team,18.15,23.25,78.0,1009.4,2.2,0.0,0,15.0,2,81.891,28.393,28.006,25.492,278.0,265.0,293.0,283.0,2.0,INTERMEDIATE,True,80.25,28.046,27.465,24.739,282.0,267.0,292.0,292.0,2.0,INTERMEDIATE,True,,,,,,,,,,,
2023,13,DUTCH GRAND PRIX,LAW,Racing Bulls,18.15,23.25,78.0,1009.4,2.2,0.0,0,20.0,1,83.42,28.601,28.597,26.222,279.0,263.0,292.0,285.0,3.0,INTERMEDIATE,True,,,,,,,,,,,,,,,,,,,,,,
2023,13,DUTCH GRAND PRIX,LEC,Ferrari,18.15,23.25,78.0,1009.4,2.2,0.0,0,9.0,3,82.019,28.306,27.743,25.97,284.0,271.0,300.0,281.0,3.0,INTERMEDIATE,True,79.6,27.272,27.619,24.709,287.0,270.0,304.0,282.0,3.0,INTERMEDIATE,True,72.665,25.186,25.086,22.393,290.0,282.0,319.0,323.0,2.0,SOFT,True
2023,13,DUTCH GRAND PRIX,MAG,Haas F1 Team,18.15,23.25,78.0,1009.4,2.2,0.0,0,18.0,1,82.192,28.484,28.244,25.464,279.0,265.0,297.0,291.0,3.0,INTERMEDIATE,True,,,,,,,,,,,,,,,,,,,,,,
2023,13,DUTCH GRAND PRIX,NOR,McLaren,18.15,23.25,78.0,1009.4,2.2,0.0,0,2.0,3,81.276,28.183,27.431,25.662,281.0,267.0,291.0,281.0,2.0,INTERMEDIATE,True,79.769,27.502,27.542,24.725,282.0,269.0,291.0,294.0,10.0,INTERMEDIATE,True,71.104,24.287,24.874,21.943,286.0,279.0,313.0,319.0,2.0,SOFT,True
2023,13,DUTCH GRAND PRIX,OCO,Alpine,18.15,23.25,78.0,1009.4,2.2,0.0,0,17.0,1,82.11,28.265,28.164,25.681,282.0,267.0,298.0,268.0,10.0,INTERMEDIATE,True,,,,,,,,,,,,,,,,,,,,,,
2023,13,DUTCH GRAND PRIX,PER,Red Bull Racing,18.15,23.25,78.0,1009.4,2.2,0.0,0,7.0,3,81.972,28.342,27.9,25.73,281.0,266.0,296.0,279.0,10.0,INTERMEDIATE,True,79.856,27.615,27.39,24.851,286.0,269.0,292.0,291.0,4.0,INTERMEDIATE,True,71.88,24.895,24.996,21.989,287.0,279.0,316.0,326.0,3.0,SOFT,True
2023,13,DUTCH GRAND PRIX,PIA,McLaren,18.15,23.25,78.0,1009.4,2.2,0.0,0,8.0,3,81.231,28.658,27.302,25.271,281.0,268.0,292.0,273.0,3.0,INTERMEDIATE,True,79.392,27.469,27.098,24.825,281.0,265.0,289.0,292.0,2.0,INTERMEDIATE,True,71.938,24.657,25.047,22.234,287.0,280.0,312.0,319.0,2.0,SOFT,True
2023,13,DUTCH GRAND PRIX,RUS,Mercedes,18.15,23.25,78.0,1009.4,2.2,0.0,0,3.0,3,81.345,27.941,27.739,25.665,276.0,263.0,290.0,294.0,10.0,INTERMEDIATE,True,79.62,27.463,27.131,25.026,279.0,264.0,289.0,287.0,2.0,INTERMEDIATE,True,71.294,24.649,24.625,22.02,283.0,279.0,312.0,318.0,2.0,SOFT,True
2023,13,DUTCH GRAND PRIX,SAI,Ferrari,18.15,23.25,78.0,1009.4,2.2,0.0,0,6.0,3,81.321,28.05,27.869,25.402,285.0,271.0,300.0,293.0,3.0,INTERMEDIATE,True,79.929,27.432,27.439,25.058,287.0,271.0,290.0,301.0,3.0,INTERMEDIATE,True,71.754,24.693,25.035,22.026,291.0,281.0,317.0,326.0,2.0,SOFT,True
2023,13,DUTCH GRAND PRIX,SAR,Williams,18.15,23.25,78.0,1009.4,2.2,0.0,0,10.0,3,82.036,28.54,27.866,25.63,281.0,266.0,299.0,267.0,2.0,INTERMEDIATE,True,80.067,27.618,27.731,24.718,283.0,267.0,295.0,293.0,4.0,INTERMEDIATE,True,76.748,27.083,26.472,23.193,284.0,278.0,311.0,319.0,2.0,SOFT,True
2023,13,DUTCH GRAND PRIX,STR,Aston Martin,18.15,23.25,78.0,1009.4,2.2,0.0,0,11.0,2,81.57,28.153,27.7,25.717,280.0,268.0,297.0,287.0,3.0,INTERMEDIATE,True,80.121,27.758,27.406,24.957,283.0,266.0,292.0,296.0,3.0,INTERMEDIATE,True,,,,,,,,,,,
2023,13,DUTCH GRAND PRIX,TSU,Racing Bulls,18.15,23.25,78.0,1009.4,2.2,0.0,0,14.0,2,81.781,28.25,27.884,25.647,278.0,266.0,297.0,298.0,3.0,INTERMEDIATE,True,80.23,27.764,27.46,25.006,284.0,265.0,291.0,295.0,4.0,INTERMEDIATE,True,,,,,,,,,,,
2023,13,DUTCH GRAND PRIX,VER,Red Bull Racing,18.15,23.25,78.0,1009.4,2.2,0.0,0,1.0,3,80.965,28.088,27.654,25.223,284.0,268.0,300.0,279.0,9.0,INTERMEDIATE,True,78.856,27.112,27.092,24.652,287.0,269.0,296.0,296.0,2.0,INTERMEDIATE,True,70.567,24.324,24.504,21.739,287.0,280.0,315.0,325.0,2.0,SOFT,True
2023,13,DUTCH GRAND PRIX,ZHO,Kick Sauber,18.15,23.25,78.0,1009.4,2.2,0.0,0,16.0,1,82.067,28.282,27.771,26.014,277.0,266.0,292.0,282.0,4.0,INTERMEDIATE,True,,,,,,,,,,,,,,,,,,,,,,
2023,14,GRAN PREMIO D’ITALIA,ALB,Williams,28.2,39.3,41.0,999.0,1.2,0.0,0,6.0,3,81.661,26.97,27.57,27.121,323.0,341.0,314.0,348.0,2.0,HARD,True,81.272,26.828,27.475,26.969,321.0,337.0,311.0,346.0,2.0,MEDIUM,True,80.76,26.672,27.364,26.724,322.0,339.0,311.0,347.0,2.0,SOFT,True
2023,14,GRAN PREMIO D’ITALIA,ALO,Aston Martin,28.2,39.3,41.0,999.0,1.2,0.0,0,10.0,3,82.043,27.132,27.763,27.148,321.0,336.0,310.0,340.0,4.0,HARD,True,81.543,26.984,27.527,27.032,320.0,338.0,309.0,344.0,2.0,MEDIUM,True,81.417,26.91,27.59,26.917,319.0,335.0,311.0,344.0,2.0,SOFT,True
2023,14,GRAN PREMIO D’ITALIA,BOT,Kick Sauber,28.2,39.3,41.0,999.0,1.2,0.0,0,14.0,2,82.249,27.08,27.808,27.361,322.0,341.0,307.0,348.0,2.0,HARD,True,81.94,27.06,27.733,27.147,324.0,340.0,309.0,349.0,2.0,MEDIUM,True,,,,,,,,,,,
2023,14,GRAN PREMIO D’ITALIA,GAS,Alpine,28.2,39.3,41.0,999.0,1.2,0.0,0,17.0,1,82.545,27.119,28.047,27.379,320.0,337.0,305.0,346.0,2.0,HARD,True,,,,,,,,,,,,,,,,,,,,,,
2023,14,GRAN PREMIO D’ITALIA,HAM,Mercedes,28.2,39.3,41.0,999.0,1.2,0.0,0,8.0,3,81.977,27.281,27.676,27.02,318.0,334.0,309.0,340.0,5.0,HARD,False,81.369,27.065,27.386,26.918,319.0,333.0,309.0,337.0,2.0,MEDIUM,True,80.82,26.807,27.201,26.812,319.0,332.0,310.0,338.0,2.0,SOFT,True
2023,14,GRAN PREMIO D’ITALIA,HUL,Haas F1 Team,28.2,39.3,41.0,999.0,1.2,0.0,0,13.0,2,82.343,27.423,27.832,27.088,316.0,331.0,304.0,336.0,4.0,HARD,True,81.776,27.154,27.621,27.001,319.0,334.0,310.0,340.0,2.0,MEDIUM,True,,,,,,,,,,,
2023,14,GRAN PREMIO D’ITALIA,LAW,Racing Bulls,28.2,39.3,41.0,999.0,1.2,0.0,0,12.0,2,82.112,27.007,27.844,27.261,322.0,341.0,311.0,350.0,2.0,HARD,True,81.758,27.029,27.657,27.072,321.0,336.0,310.0,347.0,2.0,MEDIUM,True,,,,,,,,,,,
2023,14,GRAN PREMIO D’ITALIA,LEC,Ferrari,28.2,39.3,41.0,999.0,1.2,0.0,0,3.0,3,81.788,27.095,27.668,27.025,323.0,343.0,314.0,342.0,8.0,HARD,False,80.977,26.833,27.308,26.836,322.0,337.0,309.0,345.0,2.0,MEDIUM,True,80.361,26.667,27.101,26.593,321.0,335.0,313.0,344.0,2.0,SOFT,True
2023,14,GRAN PREMIO D’ITALIA,MAG,Haas F1 Team,28.2,39.3,41.0,999.0,1.2,0.0,0,19.0,1,82.592,27.384,27.829,27.379,319.0,333.0,309.0,340.0,2.0,HARD,True,,,,,,,,,,,,,,,,,,,,,,
2023,14,GRAN PREMIO D’ITALIA,NOR,McLaren,28.2,39.3,41.0,999.0,1.2,0.0,0,9.0,3,81.995,27.28,27.718,26.997,319.0,334.0,309.0,337.0,2.0,HARD,True,81.581,27.128,27.461,26.992,319.0,333.0,309.0,340.0,2.0,MEDIUM,True,80.979,26.946,27.27,26.763,319.0,334.0,312.0,339.0,2.0,SOFT,True
2023,14,GRAN PREMIO D’ITALIA,OCO,Alpine,28.2,39.3,41.0,999.0,1.2,0.0,0,18.0,1,82.548,27.296,27.859,27.393,320.0,337.0,309.0,346.0,2.0,HARD,True,,,,,,,,,,,,,,,,,,,,,,
2023,14,GRAN PREMIO D’ITALIA,PER,Red Bull Racing,28.2,39.3,41.0,999.0,1.2,0.0,0,5.0,3,81.911,27.218,27.691,27.002,321.0,334.0,308.0,342.0,5.0,HARD,True,81.24,26.933,27.578,26.729,320.0,337.0,312.0,345.0,2.0,MEDIUM,True,80.688,26.904,27.171,26.613,319.0,333.0,312.0,344.0,2.0,SOFT,True
2023,14,GRAN PREMIO D’ITALIA,PIA,McLaren,28.2,39.3,41.0,999.0,1.2,0.0,0,7.0,3,82.106,27.187,27.885,27.034,321.0,336.0,309.0,343.0,4.0,HARD,True,81.527,27.17,27.484,26.873,320.0,333.0,310.0,340.0,2.0,MEDIUM,True,80.785,26.925,27.179,26.681,320.0,334.0,313.0,340.0,2.0,SOFT,True
2023,14,GRAN PREMIO D’ITALIA,RUS,Mercedes,28.2,39.3,41.0,999.0,1.2,0.0,0,4.0,3,82.148,27.252,27.804,27.092,321.0,332.0,308.0,337.0,2.0,HARD,True,81.382,27.124,27.501,26.757,318.0,331.0,308.0,336.0,2.0,MEDIUM,True,80.671,26.889,27.159,26.623,319.0,333.0,310.0,338.0,2.0,SOFT,True
2023,14,GRAN PREMIO D’ITALIA,SAI,Ferrari,28.2,39.3,41.0,999.0,1.2,0.0,0,1.0,3,81.965,27.262,27.655,27.048,321.0,336.0,307.0,343.0,5.0,HARD,False,80.991,26.846,27.268,26.877,323.0,339.0,311.0,348.0,2.0,MEDIUM,True,80.294,26.701,26.988,26.605,323.0,338.0,308.0,347.0,2.0,SOFT,True
2023,14,GRAN PREMIO D’ITALIA,SAR,Williams,28.2,39.3,41.0,999.0,1.2,0.0,0,15.0,2,81.93,26.94,27.774,27.216,323.0,339.0,311.0,346.0,2.0,HARD,True,81.944,26.974,27.771,27.199,323.0,338.0,312.0,347.0,2.0,MEDIUM,True,,,,,,,,,,,
2023,14,GRAN PREMIO D’ITALIA,STR,Aston Martin,28.2,39.3,41.0,999.0,1.2,0.0,0,20.0,1,82.86,27.267,28.076,27.517,321.0,334.0,307.0,340.0,2.0,HARD,True,,,,,,,,,,,,,,,,,,,,,,
2023,14,GRAN PREMIO D’ITALIA,TSU,Racing Bulls,28.2,39.3,41.0,999.0,1.2,0.0,0,11.0,2,81.852,27.064,27.612,27.176,320.0,339.0,304.0,346.0,2.0,HARD,True,81.594,27.054,27.462,27.078,320.0,337.0,312.0,344.0,2.0,MEDIUM,True,,,,,,,,,,,
2023,14,GRAN PREMIO D’ITALIA,VER,Red Bull Racing,28.2,39.3,41.0,999.0,1.2,0.0,0,2.0,3,81.573,27.048,27.614,26.911,321.0,336.0,313.0,342.0,5.0,HARD,False,80.937,26.897,27.357,26.683,321.0,338.0,312.0,344.0,2.0,MEDIUM,True,80.307,26.758,27.049,26.5,319.0,334.0,312.0,341.0,2.0,SOFT,True
2023,14,GRAN PREMIO D’ITALIA,ZHO,Kick Sauber,28.2,39.3,41.0,999.0,1.2,0.0,0,16.0,1,82.39,27.051,28.024,27.315,321.0,338.0,313.0,345.0,2.0,HARD,True,,,,,,,,,,,,,,,,,,,,,,
2023,15,SINGAPORE GRAND PRIX,ALB,Williams,29.5,34.1,78.0,1009.9,1.7,0.0,0,14.0,2,92.668,27.131,39.323,26.214,312.0,280.0,257.0,302.0,2.0,SOFT,True,93.147,27.222,39.309,26.616,312.0,278.0,247.0,302.0,2.0,SOFT,True,,,,,,,,,,,
2023,15,SINGAPORE GRAND PRIX,ALO,Aston Martin,29.5,34.1,78.0,1009.9,1.7,0.0,0,7.0,3,92.584,27.149,39.243,26.192,309.0,276.0,256.0,299.0,3.0,SOFT,True,91.835,27.095,38.628,26.112,309.0,277.0,258.0,298.0,2.0,SOFT,True,91.615,26.915,38.791,25.909,309.0,277.0,260.0,301.0,2.0,SOFT,True
2023,15,SINGAPORE GRAND PRIX,BOT,Kick Sauber,29.5,34.1,78.0,1009.9,1.7,0.0,0,16.0,1,92.809,27.239,39.211,26.359,308.0,277.0,257.0,296.0,2.0,SOFT,True,,,,,,,,,,,,,,,,,,,,,,
2023,15,SINGAPORE GRAND PRIX,GAS,Alpine,29.5,34.1,78.0,1009.9,1.7,0.0,0,12.0,2,92.452,27.394,39.003,26.055,309.0,277.0,256.0,299.0,2.0,SOFT,True,92.274,27.178,39.074,26.022,307.0,277.0,257.0,299.0,2.0,SOFT,True,,,,,,,,,,,
2023,15,SINGAPORE GRAND PRIX,HAM,Mercedes,29.5,34.1,78.0,1009.9,1.7,0.0,0,5.0,3,92.651,27.175,39.144,26.332,308.0,278.0,256.0,300.0,2.0,SOFT,True,92.019,27.095,38.911,26.013,307.0,276.0,256.0,299.0,2.0,SOFT,True,91.485,26.924,38.599,25.962,309.0,277.0,258.0,300.0,2.0,SOFT,True
2023,15,SINGAPORE GRAND PRIX,HUL,Haas F1 Team,29.5,34.1,78.0,1009.9,1.7,0.0,0,9.0,3,92.1,27.024,38.815,26.261,313.0,280.0,259.0,302.0,2.0,SOFT,True,91.994,26.943,38.875,26.176,313.0,280.0,257.0,301.0,2.0,SOFT,True,91.808,26.926,38.738,26.144,312.0,279.0,256.0,302.0,2.0,SOFT,True
2023,15,SINGAPORE GRAND PRIX,LAW,Racing Bulls,29.5,34.1,78.0,1009.9,1.7,0.0,0,10.0,3,92.215,27.328,38.742,26.145,308.0,277.0,255.0,297.0,2.0,SOFT,True,92.166,27.298,38.716,26.152,307.0,276.0,256.0,297.0,2.0,SOFT,True,92.268,27.285,38.752,26.231,307.0,276.0,255.0,298.0,2.0,SOFT,True
2023,15,SINGAPORE GRAND PRIX,LEC,Ferrari,29.5,34.1,78.0,1009.9,1.7,0.0,0,3.0,3,92.406,27.052,39.068,26.286,314.0,281.0,260.0,303.0,5.0,SOFT,True,92.012,27.391,38.732,25.889,311.0,279.0,259.0,301.0,2.0,SOFT,True,91.063,26.754,38.428,25.881,313.0,279.0,259.0,303.0,2.0,SOFT,True
2023,15,SINGAPORE GRAND PRIX,MAG,Haas F1 Team,29.5,34.1,78.0,1009.9,1.7,0.0,0,6.0,3,92.242,27.064,38.972,26.206,313.0,279.0,258.0,302.0,2.0,SOFT,True,91.892,27.026,38.757,26.109,312.0,279.0,255.0,301.0,2.0,SOFT,True,91.575,26.959,38.606,26.01,311.0,279.0,259.0,302.0,2.0,SOFT,True
2023,15,SINGAPORE GRAND PRIX,NOR,McLaren,29.5,34.1,78.0,1009.9,1.7,0.0,0,4.0,3,92.483,27.087,39.334,26.062,310.0,278.0,257.0,302.0,5.0,SOFT,True,91.951,27.033,38.921,25.997,312.0,278.0,258.0,301.0,2.0,SOFT,True,91.27,26.756,38.666,25.848,310.0,278.0,260.0,301.0,2.0,SOFT,True
2023,15,SINGAPORE GRAND PRIX,OCO,Alpine,29.5,34.1,78.0,1009.9,1.7,0.0,0,8.0,3,92.369,27.191,39.004,26.174,309.0,277.0,255.0,299.0,2.0,SOFT,True,92.089,27.143,38.881,26.065,308.0,277.0,257.0,299.0,2.0,SOFT,True,91.673,26.986,38.703,25.984,309.0,277.0,258.0,300.0,2.0,SOFT,True
2023,15,SINGAPORE GRAND PRIX,PER,Red Bull Racing,29.5,34.1,78.0,1009.9,1.7,0.0,0,13.0,2,92.099,27.042,38.814,26.243,310.0,278.0,256.0,299.0,2.0,SOFT,True,92.31,27.245,38.87,26.195,309.0,278.0,255.0,300.0,2.0,SOFT,True,,,,,,,,,,,
2023,15,SINGAPORE GRAND PRIX,PIA,McLaren,29.5,34.1,78.0,1009.9,1.7,0.0,0,17.0,1,92.902,27.334,39.326,26.242,308.0,278.0,259.0,299.0,2.0,SOFT,True,,,,,,,,,,,,,,,,,,,,,,
2023,15,SINGAPORE GRAND PRIX,RUS,Mercedes,29.5,34.1,78.0,1009.9,1.7,0.0,0,2.0,3,92.331,27.218,38.946,26.167,309.0,277.0,251.0,299.0,5.0,SOFT,False,91.743,26.966,38.657,26.12,307.0,277.0,255.0,298.0,2.0,SOFT,True,91.056,26.785,38.406,25.865,308.0,277.0,259.0,300.0,2.0,SOFT,True
2023,15,SINGAPORE GRAND PRIX,SAI,Ferrari,29.5,34.1,78.0,1009.9,1.7,0.0,0,1.0,3,92.339,27.074,39.093,26.172,315.0,280.0,259.0,302.0,5.0,SOFT,True,91.439,26.836,38.497,26.106,313.0,280.0,257.0,303.0,2.0,SOFT,True,90.984,26.717,38.499,25.768,312.0,280.0,259.0,303.0,2.0,SOFT,True
2023,15,SINGAPORE GRAND PRIX,SAR,Williams,29.5,34.1,78.0,1009.9,1.7,0.0,0,18.0,1,93.252,27.263,39.523,26.466,311.0,279.0,256.0,300.0,2.0,SOFT,True,,,,,,,,,,,,,,,,,,,,,,
2023,15,SINGAPORE GRAND PRIX,STR,Aston Martin,29.5,34.1,78.0,1009.9,1.7,0.0,0,20.0,1,93.397,27.33,39.549,26.518,311.0,278.0,255.0,303.0,5.0,SOFT,True,,,,,,,,,,,,,,,,,,,,,,
2023,15,SINGAPORE GRAND PRIX,TSU,Racing Bulls,29.5,34.1,78.0,1009.9,1.7,0.0,0,15.0,2,91.991,27.177,38.747,26.067,306.0,275.0,257.0,295.0,2.0,SOFT,True,128.169,27.177,38.828,62.164,306.0,275.0,,296.0,2.0,SOFT,True,,,,,,,,,,,
2023,15,SINGAPORE GRAND PRIX,VER,Red Bull Racing,29.5,34.1,78.0,1009.9,1.7,0.0,0,11.0,2,92.398,27.144,39.064,26.19,310.0,277.0,259.0,301.0,5.0,SOFT,True,92.173,27.255,38.896,26.022,310.0,277.0,260.0,302.0,2.0,SOFT,True,,,,,,,,,,,
2023,15,SINGAPORE GRAND PRIX,ZHO,Kick Sauber,29.5,34.1,78.0,1009.9,1.7,0.0,0,19.0,1,93.258,27.319,39.339,26.6,309.0,277.0,258.0,299.0,2.0,SOFT,True,,,,,,,,,,,,,,,,,,,,,,
2023,16,JAPANESE GRAND PRIX,ALB,Williams,25.7,36.8,48.0,1009.5,3.5,0.0,0,13.0,2,90.941,31.977,40.834,18.13,283.0,310.0,267.0,308.0,2.0,SOFT,True,90.537,31.648,40.711,18.178,284.0,308.0,267.0,308.0,2.0,SOFT,True,,,,,,,,,,,
2023,16,JAPANESE GRAND PRIX,ALO,Aston Martin,25.7,36.8,48.0,1009.5,3.5,0.0,0,10.0,3,90.971,31.742,40.985,18.244,276.0,301.0,265.0,299.0,2.0,SOFT,True,90.465,31.238,41.06,18.167,277.0,304.0,264.0,301.0,2.0,SOFT,True,90.56,31.35,41.004,18.206,277.0,301.0,265.0,299.0,2.0,SOFT,True
2023,16,JAPANESE GRAND PRIX,BOT,Kick Sauber,25.7,36.8,48.0,1009.5,3.5,0.0,0,16.0,1,91.049,31.878,41.001,18.17,279.0,302.0,266.0,300.0,2.0,SOFT,True,,,,,,,,,,,,,,,,,,,,,,
2023,16,JAPANESE GRAND PRIX,GAS,Alpine,25.7,36.8,48.0,1009.5,3.5,0.0,0,12.0,2,90.843,31.651,41.105,18.087,282.0,305.0,266.0,306.0,2.0,SOFT,True,90.509,31.424,40.99,18.095,283.0,304.0,264.0,306.0,2.0,SOFT,True,,,,,,,,,,,
2023,16,JAPANESE GRAND PRIX,HAM,Mercedes,25.7,36.8,48.0,1009.5,3.5,0.0,0,7.0,3,90.811,31.639,40.897,18.275,279.0,302.0,264.0,301.0,2.0,SOFT,True,90.04,31.247,40.714,18.079,280.0,304.0,266.0,302.0,2.0,SOFT,True,89.908,31.312,40.616,17.98,279.0,303.0,266.0,301.0,2.0,SOFT,True
2023,16,JAPANESE GRAND PRIX,HUL,Haas F1 Team,25.7,36.8,48.0,1009.5,3.5,0.0,0,18.0,1,91.299,31.773,41.298,18.228,282.0,306.0,266.0,304.0,2.0,SOFT,True,,,,,,,,,,,,,,,,,,,,,,
2023,16,JAPANESE GRAND PRIX,LAW,Racing Bulls,25.7,36.8,48.0,1009.5,3.5,0.0,0,11.0,2,90.425,31.585,40.755,18.085,281.0,303.0,264.0,301.0,2.0,SOFT,True,90.508,31.481,40.98,18.047,279.0,302.0,265.0,300.0,2.0,SOFT,True,,,,,,,,,,,
2023,16,JAPANESE GRAND PRIX,LEC,Ferrari,25.7,36.8,48.0,1009.5,3.5,0.0,0,4.0,3,90.393,31.528,40.746,18.119,281.0,302.0,266.0,301.0,2.0,SOFT,True,89.94,31.43,40.461,18.049,282.0,306.0,267.0,303.0,2.0,SOFT,True,89.542,31.24,40.363,17.939,281.0,303.0,267.0,302.0,2.0,SOFT,True
2023,16,JAPANESE GRAND PRIX,MAG,Haas F1 Team,25.7,36.8,48.0,1009.5,3.5,0.0,0,15.0,2,90.976,31.771,40.947,18.258,280.0,305.0,266.0,302.0,2.0,SOFT,True,90.665,31.626,40.896,18.143,280.0,304.0,266.0,303.0,2.0,SOFT,True,,,,,,,,,,,
2023,16,JAPANESE GRAND PRIX,NOR,McLaren,25.7,36.8,48.0,1009.5,3.5,0.0,0,3.0,3,90.063,31.187,40.76,18.116,278.0,305.0,265.0,299.0,2.0,SOFT,True,90.296,31.257,40.826,18.213,279.0,305.0,266.0,299.0,2.0,SOFT,True,89.493,31.025,40.421,18.047,280.0,307.0,267.0,301.0,2.0,SOFT,True
2023,16,JAPANESE GRAND PRIX,OCO,Alpine,25.7,36.8,48.0,1009.5,3.5,0.0,0,14.0,2,90.96,31.659,40.98,18.321,283.0,307.0,266.0,306.0,2.0,SOFT,True,90.586,31.501,40.932,18.153,284.0,307.0,267.0,308.0,2.0,SOFT,True,,,,,,,,,,,
2023,16,JAPANESE GRAND PRIX,PER,Red Bull Racing,25.7,36.8,48.0,1009.5,3.5,0.0,0,5.0,3,90.652,31.468,41.065,18.119,282.0,306.0,266.0,306.0,2.0,SOFT,True,89.965,31.377,40.634,17.954,282.0,305.0,266.0,306.0,2.0,SOFT,True,89.65,31.152,40.528,17.97,282.0,304.0,266.0,305.0,2.0,SOFT,True
2023,16,JAPANESE GRAND PRIX,PIA,McLaren,25.7,36.8,48.0,1009.5,3.5,0.0,0,2.0,3,90.439,31.343,40.97,18.126,279.0,306.0,268.0,302.0,2.0,SOFT,True,90.122,31.232,40.816,18.074,279.0,307.0,268.0,302.0,2.0,SOFT,True,89.458,31.173,40.356,17.929,282.0,307.0,267.0,304.0,2.0,SOFT,True
2023,16,JAPANESE GRAND PRIX,RUS,Mercedes,25.7,36.8,48.0,1009.5,3.5,0.0,0,8.0,3,90.811,31.77,40.879,18.162,279.0,304.0,264.0,300.0,2.0,SOFT,True,90.268,31.674,40.552,18.042,279.0,304.0,264.0,302.0,2.0,SOFT,True,90.219,31.547,40.624,18.048,280.0,303.0,265.0,300.0,2.0,SOFT,True
2023,16,JAPANESE GRAND PRIX,SAI,Ferrari,25.7,36.8,48.0,1009.5,3.5,0.0,0,6.0,3,90.651,31.671,40.87,18.11,281.0,303.0,267.0,301.0,2.0,SOFT,True,90.067,31.278,40.68,18.109,282.0,305.0,267.0,304.0,2.0,SOFT,True,89.85,31.332,40.564,17.954,281.0,304.0,267.0,302.0,2.0,SOFT,True
2023,16,JAPANESE GRAND PRIX,STR,Aston Martin,25.7,36.8,48.0,1009.5,3.5,0.0,0,17.0,1,91.181,31.521,41.208,18.452,279.0,301.0,262.0,300.0,2.0,SOFT,True,,,,,,,,,,,,,,,,,,,,,,
2023,16,JAPANESE GRAND PRIX,TSU,Racing Bulls,25.7,36.8,48.0,1009.5,3.5,0.0,0,9.0,3,90.733,31.602,40.899,18.232,280.0,302.0,265.0,302.0,2.0,SOFT,True,90.204,31.454,40.706,18.044,280.0,301.0,261.0,302.0,2.0,SOFT,True,90.303,31.441,40.736,18.126,280.0,302.0,266.0,301.0,2.0,SOFT,True
2023,16,JAPANESE GRAND PRIX,VER,Red Bull Racing,25.7,36.8,48.0,1009.5,3.5,0.0,0,1.0,3,89.878,31.228,40.656,17.994,282.0,306.0,266.0,306.0,2.0,SOFT,True,89.964,31.264,40.689,18.011,282.0,304.0,266.0,305.0,5.0,SOFT,False,88.877,30.725,40.311,17.841,283.0,305.0,267.0,304.0,2.0,SOFT,True
2023,16,JAPANESE GRAND PRIX,ZHO,Kick Sauber,25.7,36.8,48.0,1009.5,3.5,0.0,0,19.0,1,91.379,31.774,41.407,18.198,278.0,301.0,268.0,299.0,2.0,SOFT,True,,,,,,,,,,,,,,,,,,,,,,
2023,17,QATAR GRAND PRIX,ALB,Williams,31.4,34.4,56.0,1006.5,3.2,0.0,0,14.0,2,86.118,31.839,29.255,25.024,242.0,288.0,280.0,321.0,4.0,SOFT,True,85.707,31.595,29.075,25.037,240.0,288.0,283.0,320.0,2.0,SOFT,True,,,,,,,,,,,
2023,17,QATAR GRAND PRIX,ALO,Aston Martin,31.4,34.4,56.0,1006.5,3.2,0.0,0,4.0,3,85.223,31.275,28.999,24.949,244.0,289.0,280.0,322.0,2.0,SOFT,True,85.241,31.524,28.95,24.767,244.0,290.0,283.0,320.0,3.0,SOFT,True,84.369,31.075,28.832,24.462,247.0,290.0,285.0,321.0,2.0,SOFT,True
2023,17,QATAR GRAND PRIX,BOT,Kick Sauber,31.4,34.4,56.0,1006.5,3.2,0.0,0,9.0,3,86.038,31.848,28.915,25.275,240.0,285.0,281.0,311.0,2.0,SOFT,True,85.297,31.569,28.702,25.026,241.0,285.0,284.0,312.0,2.0,SOFT,True,85.058,31.433,28.605,25.02,242.0,285.0,281.0,309.0,5.0,SOFT,False
2023,17,QATAR GRAND PRIX,GAS,Alpine,31.4,34.4,56.0,1006.5,3.2,0.0,0,7.0,3,85.566,31.653,28.833,25.08,243.0,286.0,282.0,317.0,4.0,SOFT,True,84.918,31.561,28.489,24.868,242.0,286.0,282.0,315.0,2.0,SOFT,True,84.553,31.241,28.47,24.842,245.0,286.0,283.0,316.0,2.0,SOFT,True
2023,17,QATAR GRAND PRIX,HAM,Mercedes,31.4,34.4,56.0,1006.5,3.2,0.0,0,3.0,3,86.076,31.766,28.958,25.352,243.0,287.0,282.0,316.0,4.0,SOFT,True,84.381,31.148,28.437,24.796,244.0,287.0,283.0,317.0,2.0,SOFT,True,84.305,31.022,28.454,24.829,243.0,287.0,282.0,316.0,2.0,SOFT,True
2023,17,QATAR GRAND PRIX,HUL,Haas F1 Team,31.4,34.4,56.0,1006.5,3.2,0.0,0,15.0,2,85.904,32.014,28.878,25.012,242.0,288.0,287.0,320.0,2.0,SOFT,True,85.547,31.798,28.72,25.029,240.0,287.0,288.0,318.0,2.0,SOFT,True,,,,,,,,,,,
2023,17,QATAR GRAND PRIX,LAW,Racing Bulls,31.4,34.4,56.0,1006.5,3.2,0.0,0,18.0,1,86.635,32.007,29.407,25.221,239.0,286.0,276.0,314.0,4.0,SOFT,True,,,,,,,,,,,,,,,,,,,,,,
2023,17,QATAR GRAND PRIX,LEC,Ferrari,31.4,34.4,56.0,1006.5,3.2,0.0,0,5.0,3,85.452,31.486,28.904,25.062,246.0,289.0,287.0,315.0,2.0,SOFT,True,85.079,31.471,28.768,24.84,246.0,289.0,284.0,316.0,3.0,SOFT,True,84.424,31.187,28.515,24.722,244.0,289.0,285.0,317.0,2.0,SOFT,True
2023,17,QATAR GRAND PRIX,MAG,Haas F1 Team,31.4,34.4,56.0,1006.5,3.2,0.0,0,19.0,1,87.046,32.216,29.278,25.552,240.0,289.0,282.0,315.0,2.0,SOFT,True,,,,,,,,,,,,,,,,,,,,,,
2023,17,QATAR GRAND PRIX,NOR,McLaren,31.4,34.4,56.0,1006.5,3.2,0.0,0,10.0,3,85.131,31.431,28.765,24.935,245.0,289.0,283.0,315.0,2.0,SOFT,True,84.685,31.317,28.553,24.815,245.0,289.0,283.0,315.0,2.0,SOFT,True,84.074,30.959,28.534,24.581,244.0,287.0,285.0,318.0,2.0,SOFT,True
2023,17,QATAR GRAND PRIX,OCO,Alpine,31.4,34.4,56.0,1006.5,3.2,0.0,0,8.0,3,85.711,31.789,28.913,25.009,242.0,286.0,282.0,318.0,4.0,SOFT,True,84.928,31.321,28.784,24.823,245.0,286.0,281.0,316.0,2.0,SOFT,True,84.763,31.437,28.638,24.688,240.0,285.0,282.0,315.0,2.0,SOFT,True
2023,17,QATAR GRAND PRIX,PER,Red Bull Racing,31.4,34.4,56.0,1006.5,3.2,0.0,0,13.0,2,85.991,31.841,29.236,24.914,238.0,289.0,283.0,318.0,2.0,SOFT,True,85.275,31.409,29.001,24.865,241.0,288.0,285.0,321.0,2.0,SOFT,True,,,,,,,,,,,
2023,17,QATAR GRAND PRIX,PIA,McLaren,31.4,34.4,56.0,1006.5,3.2,0.0,0,6.0,3,85.266,31.399,28.992,24.875,246.0,288.0,286.0,320.0,4.0,SOFT,True,84.724,31.392,28.603,24.729,246.0,289.0,283.0,312.0,2.0,SOFT,True,84.228,30.994,28.599,24.635,247.0,288.0,283.0,316.0,2.0,SOFT,True
2023,17,QATAR GRAND PRIX,RUS,Mercedes,31.4,34.4,56.0,1006.5,3.2,0.0,0,2.0,3,85.334,31.496,28.71,25.128,243.0,286.0,280.0,316.0,2.0,SOFT,True,84.827,31.264,28.635,24.928,246.0,285.0,282.0,316.0,5.0,SOFT,False,84.219,31.0,28.459,24.76,247.0,285.0,281.0,313.0,2.0,SOFT,True
2023,17,QATAR GRAND PRIX,SAI,Ferrari,31.4,34.4,56.0,1006.5,3.2,0.0,0,12.0,2,85.808,31.686,29.12,25.002,244.0,289.0,284.0,321.0,3.0,SOFT,True,85.328,31.476,28.828,25.024,246.0,289.0,283.0,318.0,4.0,SOFT,True,,,,,,,,,,,
2023,17,QATAR GRAND PRIX,SAR,Williams,31.4,34.4,56.0,1006.5,3.2,0.0,0,16.0,1,86.21,31.931,29.098,25.181,236.0,288.0,283.0,318.0,2.0,SOFT,True,,,,,,,,,,,,,,,,,,,,,,
2023,17,QATAR GRAND PRIX,STR,Aston Martin,31.4,34.4,56.0,1006.5,3.2,0.0,0,17.0,1,86.345,31.543,29.526,25.276,240.0,288.0,278.0,322.0,4.0,SOFT,True,,,,,,,,,,,,,,,,,,,,,,
2023,17,QATAR GRAND PRIX,TSU,Racing Bulls,31.4,34.4,56.0,1006.5,3.2,0.0,0,11.0,2,86.058,31.849,29.084,25.125,241.0,285.0,280.0,313.0,2.0,SOFT,True,85.301,31.587,28.905,24.809,240.0,286.0,281.0,311.0,2.0,SOFT,True,,,,,,,,,,,
2023,17,QATAR GRAND PRIX,VER,Red Bull Racing,31.4,34.4,56.0,1006.5,3.2,0.0,0,1.0,3,85.007,31.304,28.887,24.816,242.0,289.0,285.0,320.0,2.0,SOFT,True,84.483,31.148,28.759,24.576,245.0,288.0,283.0,319.0,2.0,SOFT,True,83.778,30.791,28.536,24.451,242.0,288.0,285.0,320.0,2.0,SOFT,True
2023,17,QATAR GRAND PRIX,ZHO,Kick Sauber,31.4,34.4,56.0,1006.5,3.2,0.0,0,20.0,1,87.432,32.601,29.335,25.496,238.0,286.0,280.0,308.0,2.0,SOFT,True,,,,,,,,,,,,,,,,,,,,,,
2023,18,UNITED STATES GRAND PRIX,ALB,Williams,35.5,41.4,13.0,993.0,1.3,0.0,0,18.0,1,96.315,25.671,38.765,31.879,226.0,189.0,207.0,324.0,2.0,SOFT,True,,,,,,,,,,,,,,,,,,,,,,
2023,18,UNITED STATES GRAND PRIX,ALO,Aston Martin,35.5,41.4,13.0,993.0,1.3,0.0,0,17.0,1,96.268,25.814,38.631,31.823,230.0,191.0,210.0,323.0,2.0,SOFT,True,,,,,,,,,,,,,,,,,,,,,,
2023,18,UNITED STATES GRAND PRIX,BOT,Kick Sauber,35.5,41.4,13.0,993.0,1.3,0.0,0,13.0,2,96.082,25.777,38.622,31.683,225.0,192.0,208.0,323.0,2.0,SOFT,True,95.858,25.676,38.434,31.748,234.0,191.0,208.0,322.0,2.0,SOFT,True,,,,,,,,,,,
2023,18,UNITED STATES GRAND PRIX,GAS,Alpine,35.5,41.4,13.0,993.0,1.3,0.0,0,7.0,3,96.158,25.796,38.61,31.752,232.0,188.0,206.0,324.0,2.0,SOFT,True,95.496,25.583,38.334,31.579,229.0,191.0,208.0,322.0,2.0,SOFT,True,95.089,25.374,38.288,31.427,227.0,191.0,208.0,321.0,2.0,SOFT,True
2023,18,UNITED STATES GRAND PRIX,HAM,Mercedes,35.5,41.4,13.0,993.0,1.3,0.0,0,3.0,3,95.091,25.502,38.099,31.49,232.0,190.0,208.0,320.0,2.0,SOFT,True,95.24,25.416,38.248,31.576,238.0,187.0,208.0,319.0,2.0,SOFT,True,94.862,25.429,38.164,31.269,236.0,189.0,209.0,318.0,2.0,SOFT,True
2023,18,UNITED STATES GRAND PRIX,HUL,Haas F1 Team,35.5,41.4,13.0,993.0,1.3,0.0,0,16.0,1,96.235,25.901,38.491,31.843,234.0,190.0,207.0,326.0,2.0,SOFT,True,,,,,,,,,,,,,,,,,,,,,,
2023,18,UNITED STATES GRAND PRIX,LEC,Ferrari,35.5,41.4,13.0,993.0,1.3,0.0,0,1.0,3,96.061,25.622,38.765,31.674,228.0,191.0,208.0,327.0,5.0,SOFT,True,95.004,25.503,38.232,31.269,230.0,192.0,209.0,326.0,2.0,SOFT,True,94.723,25.338,38.153,31.232,236.0,192.0,210.0,325.0,2.0,SOFT,True
2023,18,UNITED STATES GRAND PRIX,MAG,Haas F1 Team,35.5,41.4,13.0,993.0,1.3,0.0,0,14.0,2,96.009,25.822,38.513,31.674,226.0,187.0,209.0,330.0,2.0,SOFT,True,95.88,25.759,38.55,31.571,237.0,188.0,205.0,329.0,2.0,SOFT,True,,,,,,,,,,,
2023,18,UNITED STATES GRAND PRIX,NOR,McLaren,35.5,41.4,13.0,993.0,1.3,0.0,0,2.0,3,95.11,25.611,38.193,31.306,228.0,192.0,209.0,322.0,2.0,SOFT,True,95.441,25.632,38.48,31.329,229.0,192.0,209.0,321.0,2.0,SOFT,True,94.853,25.485,38.111,31.257,232.0,192.0,207.0,323.0,2.0,SOFT,True
2023,18,UNITED STATES GRAND PRIX,OCO,Alpine,35.5,41.4,13.0,993.0,1.3,0.0,0,8.0,3,96.131,25.797,38.541,31.793,229.0,189.0,210.0,323.0,2.0,SOFT,True,95.413,25.53,38.459,31.424,236.0,191.0,210.0,323.0,2.0,SOFT,True,95.154,25.402,38.365,31.387,239.0,190.0,209.0,323.0,2.0,SOFT,True
2023,18,UNITED STATES GRAND PRIX,PER,Red Bull Racing,35.5,41.4,13.0,993.0,1.3,0.0,0,9.0,3,95.989,25.706,38.607,31.676,225.0,185.0,207.0,324.0,2.0,SOFT,True,95.679,25.751,38.4,31.528,222.0,186.0,208.0,322.0,2.0,SOFT,True,95.173,25.515,38.354,31.304,232.0,188.0,207.0,323.0,2.0,SOFT,True
2023,18,UNITED STATES GRAND PRIX,PIA,McLaren,35.5,41.4,13.0,993.0,1.3,0.0,0,10.0,3,96.064,25.704,38.718,31.642,236.0,191.0,209.0,322.0,2.0,SOFT,True,95.576,25.75,38.262,31.564,232.0,192.0,208.0,320.0,2.0,SOFT,True,95.467,25.564,38.481,31.422,233.0,192.0,209.0,322.0,2.0,SOFT,True
2023,18,UNITED STATES GRAND PRIX,RIC,Racing Bulls,35.5,41.4,13.0,993.0,1.3,0.0,0,15.0,2,96.213,25.952,38.616,31.645,230.0,185.0,207.0,320.0,2.0,SOFT,True,95.974,25.817,38.686,31.471,229.0,186.0,207.0,316.0,2.0,SOFT,True,,,,,,,,,,,
2023,18,UNITED STATES GRAND PRIX,RUS,Mercedes,35.5,41.4,13.0,993.0,1.3,0.0,0,5.0,3,96.165,25.726,38.808,31.631,230.0,188.0,209.0,318.0,2.0,SOFT,True,95.606,25.585,38.642,31.379,233.0,191.0,209.0,318.0,2.0,SOFT,True,95.079,25.638,38.128,31.313,230.0,191.0,209.0,317.0,2.0,SOFT,True
2023,18,UNITED STATES GRAND PRIX,SAI,Ferrari,35.5,41.4,13.0,993.0,1.3,0.0,0,4.0,3,95.824,25.751,38.32,31.753,236.0,189.0,209.0,324.0,2.0,SOFT,True,95.302,25.497,38.432,31.373,233.0,188.0,209.0,325.0,2.0,SOFT,True,94.945,25.47,38.178,31.297,238.0,190.0,211.0,325.0,2.0,SOFT,True
2023,18,UNITED STATES GRAND PRIX,SAR,Williams,35.5,41.4,13.0,993.0,1.3,0.0,0,20.0,1,96.827,26.0,38.755,32.072,223.0,187.0,208.0,324.0,2.0,SOFT,True,,,,,,,,,,,,,,,,,,,,,,
2023,18,UNITED STATES GRAND PRIX,STR,Aston Martin,35.5,41.4,13.0,993.0,1.3,0.0,0,19.0,1,96.589,26.048,38.711,31.83,213.0,189.0,209.0,321.0,2.0,SOFT,True,,,,,,,,,,,,,,,,,,,,,,
2023,18,UNITED STATES GRAND PRIX,TSU,Racing Bulls,35.5,41.4,13.0,993.0,1.3,0.0,0,11.0,2,95.913,25.7,38.587,31.626,236.0,185.0,208.0,318.0,2.0,SOFT,True,95.697,25.674,38.554,31.469,236.0,184.0,206.0,319.0,2.0,SOFT,True,,,,,,,,,,,
2023,18,UNITED STATES GRAND PRIX,VER,Red Bull Racing,35.5,41.4,13.0,993.0,1.3,0.0,0,6.0,3,95.346,25.478,38.463,31.405,234.0,186.0,207.0,324.0,2.0,SOFT,True,95.008,25.458,38.296,31.254,234.0,185.0,209.0,323.0,2.0,SOFT,True,94.718,25.477,38.095,31.146,238.0,186.0,208.0,324.0,2.0,SOFT,True
2023,18,UNITED STATES GRAND PRIX,ZHO,Kick Sauber,35.5,41.4,13.0,993.0,1.3,0.0,0,12.0,2,96.052,25.795,38.515,31.742,233.0,189.0,208.0,323.0,2.0,SOFT,True,95.698,25.617,38.596,31.485,228.0,191.0,207.0,322.0,2.0,SOFT,True,,,,,,,,,,,
2023,19,GRAN PREMIO DE LA CIUDAD DE MÉXICO,ALB,Williams,25.8,44.3,27.0,780.2,1.25,0.0,0,14.0,2,78.828,27.757,30.318,20.753,313.0,295.0,251.0,344.0,2.0,SOFT,True,78.302,27.599,30.322,20.381,314.0,294.0,250.0,347.0,2.0,SOFT,True,,,,,,,,,,,
2023,19,GRAN PREMIO DE LA CIUDAD DE MÉXICO,ALO,Aston Martin,25.8,44.3,27.0,780.2,1.25,0.0,0,13.0,2,78.848,27.691,30.538,20.619,312.0,295.0,251.0,345.0,2.0,SOFT,True,78.738,27.991,30.423,20.324,311.0,292.0,249.0,342.0,2.0,SOFT,True,,,,,,,,,,,
2023,19,GRAN PREMIO DE LA CIUDAD DE MÉXICO,BOT,Kick Sauber,25.8,44.3,27.0,780.2,1.25,0.0,0,9.0,3,78.429,27.742,30.39,20.297,312.0,295.0,253.0,341.0,2.0,SOFT,True,78.016,27.577,30.232,20.207,316.0,296.0,253.0,347.0,2.0,SOFT,True,78.032,27.483,30.073,20.476,315.0,294.0,252.0,343.0,2.0,SOFT,True
2023,19,GRAN PREMIO DE LA CIUDAD DE MÉXICO,GAS,Alpine,25.8,44.3,27.0,780.2,1.25,0.0,0,11.0,2,78.945,28.001,30.544,20.4,311.0,292.0,249.0,340.0,2.0,SOFT,True,78.521,27.774,30.39,20.357,311.0,291.0,248.0,341.0,2.0,SOFT,True,,,,,,,,,,,
2023,19,GRAN PREMIO DE LA CIUDAD DE MÉXICO,HAM,Mercedes,25.8,44.3,27.0,780.2,1.25,0.0,0,6.0,3,78.677,27.684,30.494,20.499,310.0,292.0,250.0,344.0,2.0,MEDIUM,True,77.571,27.567,29.868,20.136,312.0,294.0,250.0,344.0,2.0,SOFT,True,77.454,27.46,29.881,20.113,312.0,293.0,251.0,345.0,2.0,SOFT,True
2023,19,GRAN PREMIO DE LA CIUDAD DE MÉXICO,HUL,Haas F1 Team,25.8,44.3,27.0,780.2,1.25,0.0,0,12.0,2,78.969,27.68,30.95,20.339,316.0,295.0,252.0,352.0,2.0,SOFT,False,78.524,27.683,30.563,20.278,317.0,296.0,253.0,347.0,2.0,SOFT,True,,,,,,,,,,,
2023,19,GRAN PREMIO DE LA CIUDAD DE MÉXICO,LEC,Ferrari,25.8,44.3,27.0,780.2,1.25,0.0,0,1.0,3,78.401,27.649,30.362,20.39,318.0,296.0,253.0,350.0,2.0,MEDIUM,True,77.901,27.548,30.007,20.346,317.0,295.0,252.0,347.0,2.0,SOFT,True,77.166,27.291,29.853,20.022,317.0,297.0,254.0,348.0,2.0,SOFT,True
2023,19,GRAN PREMIO DE LA CIUDAD DE MÉXICO,MAG,Haas F1 Team,25.8,44.3,27.0,780.2,1.25,0.0,0,17.0,1,79.163,27.68,30.898,20.585,316.0,294.0,252.0,352.0,2.0,SOFT,True,,,,,,,,,,,,,,,,,,,,,,
2023,19,GRAN PREMIO DE LA CIUDAD DE MÉXICO,NOR,McLaren,25.8,44.3,27.0,780.2,1.25,0.0,0,19.0,1,81.554,27.653,30.444,23.457,311.0,294.0,186.0,344.0,2.0,SOFT,True,,,,,,,,,,,,,,,,,,,,,,
2023,19,GRAN PREMIO DE LA CIUDAD DE MÉXICO,OCO,Alpine,25.8,44.3,27.0,780.2,1.25,0.0,0,16.0,1,79.08,28.039,30.517,20.524,311.0,292.0,251.0,340.0,2.0,SOFT,True,,,,,,,,,,,,,,,,,,,,,,
2023,19,GRAN PREMIO DE LA CIUDAD DE MÉXICO,PER,Red Bull Racing,25.8,44.3,27.0,780.2,1.25,0.0,0,5.0,3,78.553,27.762,30.41,20.381,313.0,294.0,253.0,347.0,2.0,SOFT,True,78.124,27.664,30.204,20.256,312.0,295.0,252.0,345.0,2.0,SOFT,True,77.423,27.46,29.884,20.079,316.0,295.0,253.0,351.0,2.0,SOFT,True
2023,19,GRAN PREMIO DE LA CIUDAD DE MÉXICO,PIA,McLaren,25.8,44.3,27.0,780.2,1.25,0.0,0,7.0,3,78.241,27.783,30.029,20.429,311.0,296.0,250.0,344.0,2.0,SOFT,True,77.874,27.518,30.001,20.355,313.0,295.0,250.0,346.0,2.0,SOFT,True,77.623,27.518,29.979,20.126,312.0,293.0,251.0,346.0,2.0,SOFT,True
2023,19,GRAN PREMIO DE LA CIUDAD DE MÉXICO,RIC,Racing Bulls,25.8,44.3,27.0,780.2,1.25,0.0,0,4.0,3,78.341,27.682,30.448,20.211,309.0,293.0,251.0,347.0,2.0,SOFT,True,77.706,27.569,30.052,20.085,311.0,294.0,250.0,353.0,2.0,SOFT,True,77.382,27.599,29.846,19.937,311.0,294.0,251.0,341.0,2.0,SOFT,True
2023,19,GRAN PREMIO DE LA CIUDAD DE MÉXICO,RUS,Mercedes,25.8,44.3,27.0,780.2,1.25,0.0,0,8.0,3,78.893,28.006,30.499,20.388,308.0,292.0,251.0,341.0,2.0,MEDIUM,True,77.673,27.631,29.92,20.122,312.0,294.0,251.0,342.0,2.0,SOFT,True,77.674,27.724,29.977,19.973,309.0,292.0,250.0,342.0,2.0,SOFT,True
2023,19,GRAN PREMIO DE LA CIUDAD DE MÉXICO,SAI,Ferrari,25.8,44.3,27.0,780.2,1.25,0.0,0,2.0,3,78.755,27.831,30.529,20.395,315.0,297.0,253.0,347.0,2.0,MEDIUM,True,78.382,27.719,30.36,20.303,315.0,295.0,251.0,346.0,4.0,SOFT,False,77.233,27.344,29.9,19.989,316.0,297.0,254.0,347.0,2.0,SOFT,True
2023,19,GRAN PREMIO DE LA CIUDAD DE MÉXICO,SAR,Williams,25.8,44.3,27.0,780.2,1.25,0.0,0,20.0,1,79.965,27.903,30.91,21.152,302.0,287.0,251.0,348.0,2.0,SOFT,True,,,,,,,,,,,,,,,,,,,,,,
2023,19,GRAN PREMIO DE LA CIUDAD DE MÉXICO,STR,Aston Martin,25.8,44.3,27.0,780.2,1.25,0.0,0,18.0,1,79.227,27.746,30.622,20.859,313.0,292.0,250.0,347.0,2.0,SOFT,True,,,,,,,,,,,,,,,,,,,,,,
2023,19,GRAN PREMIO DE LA CIUDAD DE MÉXICO,TSU,Racing Bulls,25.8,44.3,27.0,780.2,1.25,0.0,0,15.0,2,78.89,27.839,30.616,20.435,309.0,292.0,252.0,340.0,2.0,SOFT,True,90.204,31.297,33.159,25.748,271.0,279.0,,329.0,6.0,SOFT,False,,,,,,,,,,,
2023,19,GRAN PREMIO DE LA CIUDAD DE MÉXICO,VER,Red Bull Racing,25.8,44.3,27.0,780.2,1.25,0.0,0,3.0,3,78.099,27.715,30.171,20.213,313.0,295.0,252.0,347.0,2.0,SOFT,True,77.625,27.445,29.921,20.259,313.0,296.0,251.0,346.0,2.0,SOFT,True,77.263,27.369,29.818,20.076,314.0,295.0,252.0,349.0,2.0,SOFT,True
2023,19,GRAN PREMIO DE LA CIUDAD DE MÉXICO,ZHO,Kick Sauber,25.8,44.3,27.0,780.2,1.25,0.0,0,10.0,3,79.016,27.935,30.55,20.531,315.0,294.0,253.0,344.0,2.0,SOFT,True,78.44,27.792,30.306,20.342,314.0,294.0,253.0,345.0,2.0,SOFT,True,78.05,27.67,30.115,20.265,313.0,291.0,253.0,341.0,2.0,SOFT,True
2023,20,GRANDE PRÊMIO DE SÃO PAULO,ALB,Williams,29.6,38.3,56.5,917.0,2.6,0.0,0,15.0,2,70.621,18.5,35.729,16.392,317.0,261.0,324.0,327.0,2.0,SOFT,True,70.773,18.473,35.85,16.45,321.0,263.0,324.0,326.0,2.0,SOFT,True,,,,,,,,,,,
2023,20,GRANDE PRÊMIO DE SÃO PAULO,ALO,Aston Martin,29.6,38.3,56.5,917.0,2.6,0.0,0,4.0,3,70.557,18.415,35.689,16.453,316.0,260.0,322.0,329.0,2.0,SOFT,True,70.237,18.427,35.426,16.384,319.0,261.0,319.0,325.0,2.0,SOFT,True,71.387,18.476,36.143,16.768,318.0,262.0,318.0,320.0,2.0,SOFT,True
2023,20,GRANDE PRÊMIO DE SÃO PAULO,BOT,Kick Sauber,29.6,38.3,56.5,917.0,2.6,0.0,0,18.0,1,70.955,18.573,35.938,16.444,315.0,261.0,323.0,327.0,2.0,SOFT,True,,,,,,,,,,,,,,,,,,,,,,
2023,20,GRANDE PRÊMIO DE SÃO PAULO,GAS,Alpine,29.6,38.3,56.5,917.0,2.6,0.0,0,13.0,2,70.793,18.377,36.012,16.404,323.0,265.0,330.0,336.0,2.0,SOFT,True,70.567,18.348,35.736,16.483,323.0,266.0,329.0,335.0,2.0,SOFT,True,,,,,,,,,,,
2023,20,GRANDE PRÊMIO DE SÃO PAULO,HAM,Mercedes,29.6,38.3,56.5,917.0,2.6,0.0,0,5.0,3,70.604,18.742,35.411,16.451,313.0,258.0,322.0,325.0,2.0,SOFT,True,70.266,18.386,35.397,16.483,316.0,260.0,322.0,326.0,2.0,SOFT,True,71.469,18.745,35.964,16.76,318.0,264.0,317.0,320.0,2.0,SOFT,True
2023,20,GRANDE PRÊMIO DE SÃO PAULO,HUL,Haas F1 Team,29.6,38.3,56.5,917.0,2.6,0.0,0,11.0,2,70.475,18.364,35.798,16.313,319.0,263.0,330.0,330.0,2.0,SOFT,True,70.547,18.367,35.733,16.447,318.0,262.0,326.0,326.0,2.0,SOFT,True,,,,,,,,,,,
2023,20,GRANDE PRÊMIO DE SÃO PAULO,LEC,Ferrari,29.6,38.3,56.5,917.0,2.6,0.0,0,2.0,3,70.472,18.401,35.764,16.307,319.0,263.0,328.0,329.0,2.0,SOFT,True,70.303,18.369,35.519,16.415,321.0,264.0,324.0,331.0,2.0,SOFT,True,71.021,18.412,35.85,16.759,325.0,268.0,322.0,326.0,2.0,SOFT,True
2023,20,GRANDE PRÊMIO DE SÃO PAULO,MAG,Haas F1 Team,29.6,38.3,56.5,917.0,2.6,0.0,0,14.0,2,70.602,18.5,35.787,16.315,318.0,261.0,325.0,329.0,2.0,SOFT,True,70.723,18.38,35.886,16.457,320.0,262.0,322.0,329.0,2.0,SOFT,True,,,,,,,,,,,
2023,20,GRANDE PRÊMIO DE SÃO PAULO,NOR,McLaren,29.6,38.3,56.5,917.0,2.6,0.0,0,7.0,3,70.623,18.642,35.688,16.293,318.0,260.0,323.0,329.0,2.0,SOFT,True,70.021,18.31,35.361,16.35,322.0,263.0,326.0,328.0,2.0,SOFT,True,71.987,18.435,35.835,17.717,325.0,266.0,314.0,325.0,2.0,SOFT,True
2023,20,GRANDE PRÊMIO DE SÃO PAULO,OCO,Alpine,29.6,38.3,56.5,917.0,2.6,0.0,0,12.0,2,70.763,18.438,35.877,16.448,323.0,265.0,330.0,336.0,2.0,SOFT,True,70.562,18.425,35.78,16.357,322.0,266.0,327.0,338.0,2.0,SOFT,True,,,,,,,,,,,
2023,20,GRANDE PRÊMIO DE SÃO PAULO,PER,Red Bull Racing,29.6,38.3,56.5,917.0,2.6,0.0,0,9.0,3,70.668,18.582,35.642,16.444,317.0,262.0,326.0,332.0,2.0,SOFT,True,70.219,18.272,35.423,16.524,320.0,264.0,325.0,330.0,2.0,SOFT,True,72.321,18.461,35.959,17.901,326.0,266.0,320.0,328.0,2.0,SOFT,True
2023,20,GRANDE PRÊMIO DE SÃO PAULO,PIA,McLaren,29.6,38.3,56.5,917.0,2.6,0.0,0,10.0,3,70.519,18.386,35.612,16.521,318.0,261.0,325.0,328.0,2.0,SOFT,True,70.33,18.268,35.714,16.348,318.0,263.0,325.0,330.0,2.0,SOFT,True,92.078,18.376,36.304,37.398,326.0,269.0,,323.0,2.0,SOFT,True
2023,20,GRANDE PRÊMIO DE SÃO PAULO,RIC,Racing Bulls,29.6,38.3,56.5,917.0,2.6,0.0,0,17.0,1,70.843,18.537,35.892,16.414,317.0,262.0,327.0,333.0,2.0,SOFT,True,,,,,,,,,,,,,,,,,,,,,,
2023,20,GRANDE PRÊMIO DE SÃO PAULO,RUS,Mercedes,29.6,38.3,56.5,917.0,2.6,0.0,0,6.0,3,70.34,18.418,35.547,16.375,315.0,259.0,325.0,326.0,2.0,SOFT,True,70.316,18.429,35.376,16.511,314.0,260.0,320.0,324.0,2.0,SOFT,True,71.59,18.601,36.062,16.927,319.0,265.0,315.0,320.0,2.0,SOFT,True
2023,20,GRANDE PRÊMIO DE SÃO PAULO,SAI,Ferrari,29.6,38.3,56.5,917.0,2.6,0.0,0,8.0,3,70.624,18.457,35.747,16.42,319.0,264.0,328.0,329.0,2.0,SOFT,True,70.254,18.337,35.517,16.4,319.0,265.0,325.0,329.0,2.0,SOFT,True,71.989,18.385,36.616,16.988,325.0,267.0,320.0,326.0,2.0,SOFT,True
2023,20,GRANDE PRÊMIO DE SÃO PAULO,SAR,Williams,29.6,38.3,56.5,917.0,2.6,0.0,0,19.0,1,71.035,18.465,36.126,16.444,318.0,261.0,327.0,327.0,2.0,SOFT,True,,,,,,,,,,,,,,,,,,,,,,
2023,20,GRANDE PRÊMIO DE SÃO PAULO,STR,Aston Martin,29.6,38.3,56.5,917.0,2.6,0.0,0,3.0,3,70.551,18.577,35.589,16.385,317.0,259.0,324.0,328.0,2.0,SOFT,True,70.375,18.459,35.488,16.428,321.0,263.0,326.0,329.0,2.0,SOFT,True,71.344,18.433,36.099,16.812,322.0,265.0,320.0,326.0,2.0,SOFT,True
2023,20,GRANDE PRÊMIO DE SÃO PAULO,TSU,Racing Bulls,29.6,38.3,56.5,917.0,2.6,0.0,0,16.0,1,70.837,18.573,35.849,16.415,317.0,262.0,327.0,330.0,2.0,SOFT,True,,,,,,,,,,,,,,,,,,,,,,
2023,20,GRANDE PRÊMIO DE SÃO PAULO,VER,Red Bull Racing,29.6,38.3,56.5,917.0,2.6,0.0,0,1.0,3,70.436,18.519,35.507,16.41,319.0,262.0,320.0,334.0,2.0,SOFT,True,70.162,18.496,35.296,16.37,318.0,263.0,326.0,330.0,2.0,SOFT,True,70.727,18.359,35.659,16.709,323.0,266.0,322.0,328.0,2.0,SOFT,True
2023,20,GRANDE PRÊMIO DE SÃO PAULO,ZHO,Kick Sauber,29.6,38.3,56.5,917.0,2.6,0.0,0,20.0,1,71.275,18.719,36.011,16.545,314.0,261.0,318.0,325.0,2.0,SOFT,True,,,,,,,,,,,,,,,,,,,,,,
2023,21,LAS VEGAS GRAND PRIX,ALB,Williams,15.2,16.9,61.0,942.2,0.8,0.0,0,6.0,3,94.634,26.972,31.625,36.037,181.0,214.0,322.0,338.0,7.0,SOFT,True,93.588,26.576,31.285,35.727,183.0,217.0,323.0,344.0,3.0,SOFT,True,93.323,26.576,31.008,35.739,187.0,217.0,320.0,342.0,3.0,SOFT,True
2023,21,LAS VEGAS GRAND PRIX,ALO,Aston Martin,15.2,16.9,61.0,942.2,0.8,0.0,0,10.0,3,94.422,26.749,31.625,36.048,188.0,215.0,312.0,343.0,8.0,SOFT,True,93.617,26.515,31.241,35.861,186.0,215.0,313.0,340.0,3.0,SOFT,True,93.555,26.49,31.113,35.952,189.0,216.0,313.0,339.0,6.0,SOFT,False
2023,21,LAS VEGAS GRAND PRIX,BOT,Kick Sauber,15.2,16.9,61.0,942.2,0.8,0.0,0,8.0,3,94.305,26.979,31.267,36.059,185.0,215.0,317.0,341.0,2.0,SOFT,True,93.809,26.716,31.141,35.952,186.0,214.0,320.0,347.0,5.0,SOFT,True,93.525,26.393,31.214,35.918,188.0,216.0,319.0,347.0,3.0,SOFT,True
2023,21,LAS VEGAS GRAND PRIX,GAS,Alpine,15.2,16.9,61.0,942.2,0.8,0.0,0,5.0,3,94.272,27.027,31.32,35.925,186.0,214.0,320.0,343.0,3.0,SOFT,True,93.494,26.66,31.084,35.75,187.0,215.0,320.0,346.0,3.0,SOFT,True,93.239,26.415,31.019,35.805,189.0,215.0,320.0,343.0,3.0,SOFT,True
2023,21,LAS VEGAS GRAND PRIX,HAM,Mercedes,15.2,16.9,61.0,942.2,0.8,0.0,0,11.0,2,94.307,26.973,31.422,35.912,185.0,215.0,320.0,344.0,7.0,SOFT,True,93.837,26.833,31.187,35.817,188.0,216.0,321.0,344.0,3.0,SOFT,True,,,,,,,,,,,
2023,21,LAS VEGAS GRAND PRIX,HUL,Haas F1 Team,15.2,16.9,61.0,942.2,0.8,0.0,0,13.0,2,94.265,26.997,31.107,36.161,188.0,215.0,310.0,342.0,4.0,SOFT,True,93.979,26.646,31.199,36.134,187.0,216.0,311.0,341.0,2.0,SOFT,True,,,,,,,,,,,
2023,21,LAS VEGAS GRAND PRIX,LEC,Ferrari,15.2,16.9,61.0,942.2,0.8,0.0,0,1.0,3,93.617,26.578,31.046,35.993,184.0,214.0,319.0,343.0,7.0,SOFT,True,92.775,26.255,30.647,35.873,188.0,217.0,314.0,342.0,5.0,SOFT,True,92.726,26.224,30.652,35.85,189.0,217.0,318.0,341.0,2.0,SOFT,True
2023,21,LAS VEGAS GRAND PRIX,MAG,Haas F1 Team,15.2,16.9,61.0,942.2,0.8,0.0,0,9.0,3,94.337,26.529,31.499,36.309,184.0,214.0,311.0,341.0,4.0,SOFT,True,93.664,26.248,30.979,36.437,187.0,215.0,311.0,337.0,2.0,SOFT,True,93.537,26.335,30.966,36.236,187.0,215.0,318.0,339.0,2.0,SOFT,True
2023,21,LAS VEGAS GRAND PRIX,NOR,McLaren,15.2,16.9,61.0,942.2,0.8,0.0,0,16.0,1,94.703,26.854,31.483,36.366,183.0,214.0,317.0,336.0,5.0,SOFT,True,,,,,,,,,,,,,,,,,,,,,,
2023,21,LAS VEGAS GRAND PRIX,OCO,Alpine,15.2,16.9,61.0,942.2,0.8,0.0,0,17.0,1,94.834,27.098,31.582,36.154,186.0,213.0,321.0,338.0,3.0,SOFT,True,,,,,,,,,,,,,,,,,,,,,,
2023,21,LAS VEGAS GRAND PRIX,PER,Red Bull Racing,15.2,16.9,61.0,942.2,0.8,0.0,0,12.0,2,94.574,27.044,31.281,36.249,185.0,215.0,315.0,347.0,5.0,SOFT,False,93.855,26.627,31.043,36.185,186.0,216.0,314.0,345.0,5.0,SOFT,True,,,,,,,,,,,
2023,21,LAS VEGAS GRAND PRIX,PIA,McLaren,15.2,16.9,61.0,942.2,0.8,0.0,0,19.0,1,94.85,26.884,31.669,36.297,182.0,211.0,322.0,340.0,6.0,SOFT,True,,,,,,,,,,,,,,,,,,,,,,
2023,21,LAS VEGAS GRAND PRIX,RIC,Racing Bulls,15.2,16.9,61.0,942.2,0.8,0.0,0,15.0,2,94.683,27.132,31.491,36.06,187.0,215.0,320.0,339.0,3.0,SOFT,True,94.308,27.149,31.202,35.957,186.0,215.0,315.0,342.0,3.0,SOFT,True,,,,,,,,,,,
2023,21,LAS VEGAS GRAND PRIX,RUS,Mercedes,15.2,16.9,61.0,942.2,0.8,0.0,0,4.0,3,94.137,26.885,31.491,35.761,185.0,215.0,323.0,348.0,7.0,SOFT,True,93.351,26.44,31.057,35.854,187.0,216.0,321.0,342.0,6.0,SOFT,True,93.112,26.364,30.99,35.758,188.0,217.0,321.0,344.0,6.0,SOFT,True
2023,21,LAS VEGAS GRAND PRIX,SAI,Ferrari,15.2,16.9,61.0,942.2,0.8,0.0,0,2.0,3,93.851,26.56,31.248,36.043,187.0,214.0,318.0,340.0,7.0,SOFT,True,93.338,26.458,31.023,35.857,188.0,215.0,316.0,343.0,2.0,SOFT,True,92.77,26.157,30.772,35.841,187.0,216.0,316.0,342.0,3.0,SOFT,True
2023,21,LAS VEGAS GRAND PRIX,SAR,Williams,15.2,16.9,61.0,942.2,0.8,0.0,0,7.0,3,94.525,26.936,31.499,36.09,184.0,214.0,320.0,344.0,3.0,SOFT,True,93.733,26.649,31.245,35.839,186.0,214.0,321.0,347.0,3.0,SOFT,True,93.513,26.605,31.106,35.802,188.0,216.0,318.0,347.0,3.0,SOFT,True
2023,21,LAS VEGAS GRAND PRIX,STR,Aston Martin,15.2,16.9,61.0,942.2,0.8,0.0,0,14.0,2,94.504,26.905,31.318,36.281,185.0,215.0,312.0,340.0,3.0,SOFT,True,94.199,26.722,31.265,36.212,189.0,214.0,312.0,339.0,3.0,SOFT,True,,,,,,,,,,,
2023,21,LAS VEGAS GRAND PRIX,TSU,Racing Bulls,15.2,16.9,61.0,942.2,0.8,0.0,0,20.0,1,96.447,27.796,32.222,36.429,184.0,213.0,319.0,333.0,3.0,SOFT,True,,,,,,,,,,,,,,,,,,,,,,
2023,21,LAS VEGAS GRAND PRIX,VER,Red Bull Racing,15.2,16.9,61.0,942.2,0.8,0.0,0,3.0,3,94.19,26.782,31.212,36.196,186.0,213.0,319.0,343.0,5.0,SOFT,True,93.572,26.603,31.011,35.958,187.0,215.0,319.0,347.0,5.0,SOFT,True,93.104,26.289,30.828,35.987,188.0,215.0,317.0,346.0,2.0,SOFT,True
2023,21,LAS VEGAS GRAND PRIX,ZHO,Kick Sauber,15.2,16.9,61.0,942.2,0.8,0.0,0,18.0,1,94.849,27.161,31.568,36.12,185.0,217.0,313.0,324.0,2.0,SOFT,True,,,,,,,,,,,,,,,,,,,,,,
2023,22,ABU DHABI GRAND PRIX,ALB,Williams,26.8,31.95,66.0,1014.5,1.5,0.0,0,14.0,2,84.298,17.225,36.239,30.834,293.0,323.0,220.0,327.0,2.0,SOFT,True,84.439,17.18,36.33,30.929,294.0,321.0,221.0,325.0,2.0,SOFT,True,,,,,,,,,,,
2023,22,ABU DHABI GRAND PRIX,ALO,Aston Martin,26.8,31.95,66.0,1014.5,1.5,0.0,0,7.0,3,84.501,17.257,36.505,30.739,289.0,320.0,219.0,323.0,2.0,SOFT,True,84.131,17.213,36.31,30.608,290.0,319.0,220.0,322.0,2.0,SOFT,True,84.084,17.157,36.381,30.546,291.0,319.0,220.0,323.0,2.0,SOFT,True
2023,22,ABU DHABI GRAND PRIX,BOT,Kick Sauber,26.8,31.95,66.0,1014.5,1.5,0.0,0,18.0,1,84.788,17.401,36.54,30.847,288.0,323.0,219.0,327.0,2.0,SOFT,True,,,,,,,,,,,,,,,,,,,,,,
2023,22,ABU DHABI GRAND PRIX,GAS,Alpine,26.8,31.95,66.0,1014.5,1.5,0.0,0,10.0,3,84.6,17.298,36.43,30.872,291.0,324.0,222.0,327.0,2.0,SOFT,True,84.078,17.202,36.091,30.785,291.0,322.0,216.0,326.0,2.0,SOFT,True,84.533,17.247,36.455,30.831,293.0,320.0,220.0,326.0,2.0,SOFT,True
2023,22,ABU DHABI GRAND PRIX,HAM,Mercedes,26.8,31.95,66.0,1014.5,1.5,0.0,0,11.0,2,84.437,17.331,36.592,30.514,289.0,320.0,221.0,326.0,2.0,SOFT,True,84.359,17.278,36.258,30.823,290.0,320.0,220.0,324.0,2.0,SOFT,True,,,,,,,,,,,
2023,22,ABU DHABI GRAND PRIX,HUL,Haas F1 Team,26.8,31.95,66.0,1014.5,1.5,0.0,0,8.0,3,84.425,17.354,36.433,30.638,285.0,321.0,220.0,327.0,2.0,SOFT,True,84.213,17.309,36.26,30.644,286.0,320.0,220.0,325.0,2.0,SOFT,True,84.108,17.243,36.351,30.514,287.0,320.0,219.0,325.0,2.0,SOFT,True
2023,22,ABU DHABI GRAND PRIX,LEC,Ferrari,26.8,31.95,66.0,1014.5,1.5,0.0,0,2.0,3,84.459,17.324,36.208,30.927,289.0,324.0,222.0,327.0,2.0,SOFT,True,83.969,17.188,36.14,30.641,290.0,323.0,221.0,328.0,2.0,SOFT,True,83.584,17.213,35.986,30.385,290.0,322.0,220.0,326.0,2.0,SOFT,True
2023,22,ABU DHABI GRAND PRIX,MAG,Haas F1 Team,26.8,31.95,66.0,1014.5,1.5,0.0,0,17.0,1,84.764,17.347,36.424,30.993,289.0,322.0,219.0,328.0,2.0,SOFT,True,,,,,,,,,,,,,,,,,,,,,,
2023,22,ABU DHABI GRAND PRIX,NOR,McLaren,26.8,31.95,66.0,1014.5,1.5,0.0,0,5.0,3,84.368,17.183,36.546,30.639,290.0,320.0,217.0,321.0,2.0,SOFT,True,83.92,17.128,36.314,30.478,291.0,321.0,219.0,322.0,4.0,SOFT,False,83.816,17.148,36.256,30.412,292.0,318.0,218.0,323.0,4.0,SOFT,False
2023,22,ABU DHABI GRAND PRIX,OCO,Alpine,26.8,31.95,66.0,1014.5,1.5,0.0,0,12.0,2,84.565,17.235,36.26,31.07,292.0,322.0,220.0,328.0,2.0,SOFT,True,84.391,17.197,36.271,30.923,292.0,322.0,216.0,327.0,2.0,SOFT,True,,,,,,,,,,,
2023,22,ABU DHABI GRAND PRIX,PER,Red Bull Racing,26.8,31.95,66.0,1014.5,1.5,0.0,0,9.0,3,84.209,17.17,36.261,30.778,290.0,327.0,220.0,332.0,2.0,SOFT,True,84.116,17.258,36.21,30.648,289.0,324.0,220.0,329.0,5.0,SOFT,False,83.868,17.144,36.206,30.518,290.0,324.0,220.0,329.0,2.0,SOFT,True
2023,22,ABU DHABI GRAND PRIX,PIA,McLaren,26.8,31.95,66.0,1014.5,1.5,0.0,0,3.0,3,84.487,17.187,36.48,30.82,292.0,321.0,218.0,326.0,2.0,SOFT,True,84.278,17.247,36.382,30.649,290.0,322.0,219.0,323.0,5.0,SOFT,False,83.782,17.101,36.093,30.588,292.0,321.0,217.0,324.0,2.0,SOFT,True
2023,22,ABU DHABI GRAND PRIX,RIC,Racing Bulls,26.8,31.95,66.0,1014.5,1.5,0.0,0,15.0,2,84.461,17.318,36.453,30.69,288.0,321.0,219.0,324.0,2.0,SOFT,True,84.442,17.305,36.399,30.738,289.0,321.0,221.0,324.0,2.0,SOFT,True,,,,,,,,,,,
2023,22,ABU DHABI GRAND PRIX,RUS,Mercedes,26.8,31.95,66.0,1014.5,1.5,0.0,0,4.0,3,84.337,17.305,36.268,30.764,290.0,322.0,220.0,324.0,2.0,SOFT,True,84.013,17.144,36.206,30.663,291.0,321.0,221.0,325.0,2.0,SOFT,True,83.788,17.097,36.326,30.365,291.0,319.0,222.0,323.0,2.0,SOFT,True
2023,22,ABU DHABI GRAND PRIX,SAI,Ferrari,26.8,31.95,66.0,1014.5,1.5,0.0,0,16.0,1,84.738,17.355,36.581,30.802,289.0,321.0,219.0,328.0,2.0,SOFT,True,,,,,,,,,,,,,,,,,,,,,,
2023,22,ABU DHABI GRAND PRIX,SAR,Williams,26.8,31.95,66.0,1014.5,1.5,0.0,0,20.0,1,84.532,17.177,36.185,31.17,293.0,324.0,220.0,328.0,2.0,SOFT,True,,,,,,,,,,,,,,,,,,,,,,
2023,22,ABU DHABI GRAND PRIX,STR,Aston Martin,26.8,31.95,66.0,1014.5,1.5,0.0,0,13.0,2,84.405,17.182,36.277,30.946,288.0,320.0,219.0,324.0,2.0,SOFT,True,84.422,17.235,36.378,30.809,288.0,318.0,220.0,323.0,2.0,SOFT,True,,,,,,,,,,,
2023,22,ABU DHABI GRAND PRIX,TSU,Racing Bulls,26.8,31.95,66.0,1014.5,1.5,0.0,0,6.0,3,84.286,17.352,36.262,30.672,288.0,321.0,222.0,322.0,2.0,SOFT,True,84.207,17.222,36.341,30.644,289.0,319.0,223.0,323.0,2.0,SOFT,True,83.968,17.268,36.131,30.569,289.0,318.0,222.0,322.0,2.0,SOFT,True
2023,22,ABU DHABI GRAND PRIX,VER,Red Bull Racing,26.8,31.95,66.0,1014.5,1.5,0.0,0,1.0,3,84.16,17.382,36.172,30.606,289.0,325.0,220.0,330.0,2.0,SOFT,True,83.74,17.216,35.965,30.559,290.0,327.0,221.0,330.0,2.0,SOFT,True,83.445,17.151,35.894,30.4,291.0,324.0,222.0,328.0,2.0,SOFT,True
2023,22,ABU DHABI GRAND PRIX,ZHO,Kick Sauber,26.8,31.95,66.0,1014.5,1.5,0.0,0,19.0,1,85.114,17.518,36.594,31.002,286.0,322.0,218.0,325.0,2.0,SOFT,True,,,,,,,,,,,,,,,,,,,,,,
2024,1,BAHRAIN GRAND PRIX,ALB,Williams,18.1,21.5,47.0,1019.1,2.0,0.0,0,13.0,2,90.397,28.858,38.875,22.664,241.0,271.0,288.0,321.0,2.0,SOFT,True,90.221,28.866,38.802,22.553,241.0,271.0,288.0,321.0,2.0,SOFT,True,,,,,,,,,,,
2024,1,BAHRAIN GRAND PRIX,ALO,Aston Martin,18.1,21.5,47.0,1019.1,2.0,0.0,0,6.0,3,90.179,28.889,38.697,22.593,243.0,267.0,287.0,313.0,2.0,SOFT,True,89.801,28.909,38.518,22.374,243.0,267.0,287.0,319.0,2.0,SOFT,True,89.542,28.83,38.236,22.476,243.0,268.0,284.0,314.0,2.0,SOFT,True
2024,1,BAHRAIN GRAND PRIX,BOT,Kick Sauber,18.1,21.5,47.0,1019.1,2.0,0.0,0,16.0,1,90.756,29.063,39.025,22.668,243.0,273.0,287.0,318.0,2.0,SOFT,True,,,,,,,,,,,,,,,,,,,,,,
2024,1,BAHRAIN GRAND PRIX,GAS,Alpine,18.1,21.5,47.0,1019.1,2.0,0.0,0,20.0,1,90.948,29.148,38.971,22.829,240.0,270.0,285.0,316.0,2.0,SOFT,True,,,,,,,,,,,,,,,,,,,,,,
2024,1,BAHRAIN GRAND PRIX,HAM,Mercedes,18.1,21.5,47.0,1019.1,2.0,0.0,0,9.0,3,90.451,29.019,38.894,22.538,242.0,269.0,285.0,312.0,2.0,SOFT,True,89.718,28.803,38.546,22.369,241.0,272.0,286.0,316.0,2.0,SOFT,True,89.71,28.881,38.422,22.407,242.0,270.0,287.0,315.0,2.0,SOFT,True
2024,1,BAHRAIN GRAND PRIX,HUL,Haas F1 Team,18.1,21.5,47.0,1019.1,2.0,0.0,0,10.0,3,90.566,28.838,39.143,22.585,242.0,273.0,288.0,319.0,2.0,SOFT,True,89.851,28.834,38.636,22.381,243.0,274.0,288.0,317.0,2.0,SOFT,True,90.502,29.028,38.891,22.583,243.0,273.0,287.0,317.0,5.0,SOFT,False
2024,1,BAHRAIN GRAND PRIX,LEC,Ferrari,18.1,21.5,47.0,1019.1,2.0,0.0,0,2.0,3,90.243,29.067,38.589,22.587,243.0,272.0,286.0,316.0,2.0,SOFT,True,89.165,28.843,38.059,22.263,243.0,274.0,288.0,317.0,2.0,SOFT,True,89.407,28.762,38.276,22.369,242.0,273.0,287.0,316.0,2.0,SOFT,True
2024,1,BAHRAIN GRAND PRIX,MAG,Haas F1 Team,18.1,21.5,47.0,1019.1,2.0,0.0,0,15.0,2,90.646,29.037,38.952,22.657,242.0,274.0,286.0,319.0,2.0,SOFT,True,90.529,28.884,38.976,22.669,243.0,274.0,286.0,319.0,2.0,SOFT,True,,,,,,,,,,,
2024,1,BAHRAIN GRAND PRIX,NOR,McLaren,18.1,21.5,47.0,1019.1,2.0,0.0,0,7.0,3,90.143,28.983,38.576,22.584,243.0,273.0,287.0,309.0,2.0,SOFT,True,89.941,28.836,38.585,22.52,242.0,273.0,287.0,313.0,3.0,SOFT,False,89.614,29.045,38.207,22.362,242.0,273.0,286.0,312.0,2.0,SOFT,True
2024,1,BAHRAIN GRAND PRIX,OCO,Alpine,18.1,21.5,47.0,1019.1,2.0,0.0,0,19.0,1,90.793,29.142,38.934,22.717,241.0,270.0,283.0,315.0,2.0,SOFT,True,,,,,,,,,,,,,,,,,,,,,,
2024,1,BAHRAIN GRAND PRIX,PER,Red Bull Racing,18.1,21.5,47.0,1019.1,2.0,0.0,0,5.0,3,90.221,28.939,38.598,22.684,241.0,271.0,280.0,317.0,2.0,SOFT,True,89.932,28.738,38.653,22.541,241.0,271.0,287.0,321.0,2.0,SOFT,True,89.537,28.804,38.323,22.41,241.0,271.0,288.0,320.0,2.0,SOFT,True
2024,1,BAHRAIN GRAND PRIX,PIA,McLaren,18.1,21.5,47.0,1019.1,2.0,0.0,0,8.0,3,90.531,29.243,38.791,22.497,241.0,273.0,287.0,311.0,2.0,SOFT,True,90.122,28.955,38.692,22.475,242.0,273.0,287.0,314.0,2.0,SOFT,True,89.683,28.901,38.343,22.439,243.0,274.0,286.0,312.0,2.0,SOFT,True
2024,1,BAHRAIN GRAND PRIX,RIC,Racing Bulls,18.1,21.5,47.0,1019.1,2.0,0.0,0,14.0,2,90.562,29.074,38.807,22.681,241.0,271.0,286.0,314.0,2.0,SOFT,True,90.278,28.884,38.802,22.592,241.0,271.0,287.0,316.0,2.0,SOFT,True,,,,,,,,,,,
2024,1,BAHRAIN GRAND PRIX,RUS,Mercedes,18.1,21.5,47.0,1019.1,2.0,0.0,0,3.0,3,90.35,29.102,38.727,22.521,242.0,269.0,286.0,311.0,2.0,SOFT,True,89.922,28.954,38.61,22.358,242.0,270.0,286.0,316.0,2.0,SOFT,True,89.485,28.8,38.421,22.264,243.0,271.0,286.0,311.0,2.0,SOFT,True
2024,1,BAHRAIN GRAND PRIX,SAI,Ferrari,18.1,21.5,47.0,1019.1,2.0,0.0,0,4.0,3,89.909,29.008,38.409,22.492,242.0,273.0,284.0,314.0,2.0,SOFT,True,89.573,28.89,38.346,22.337,242.0,273.0,288.0,316.0,2.0,SOFT,True,89.507,28.85,38.298,22.359,242.0,273.0,284.0,320.0,2.0,SOFT,True
2024,1,BAHRAIN GRAND PRIX,SAR,Williams,18.1,21.5,47.0,1019.1,2.0,0.0,0,18.0,1,90.77,28.991,39.119,22.66,241.0,270.0,287.0,318.0,2.0,SOFT,True,,,,,,,,,,,,,,,,,,,,,,
2024,1,BAHRAIN GRAND PRIX,STR,Aston Martin,18.1,21.5,47.0,1019.1,2.0,0.0,0,12.0,2,89.965,28.651,38.609,22.705,243.0,268.0,284.0,318.0,2.0,SOFT,True,90.2,28.65,38.856,22.694,243.0,267.0,284.0,317.0,2.0,SOFT,True,,,,,,,,,,,
2024,1,BAHRAIN GRAND PRIX,TSU,Racing Bulls,18.1,21.5,47.0,1019.1,2.0,0.0,0,11.0,2,90.481,28.941,38.875,22.665,240.0,271.0,285.0,313.0,2.0,SOFT,True,90.129,28.821,38.727,22.581,241.0,271.0,286.0,316.0,2.0,SOFT,True,,,,,,,,,,,
2024,1,BAHRAIN GRAND PRIX,VER,Red Bull Racing,18.1,21.5,47.0,1019.1,2.0,0.0,0,1.0,3,90.031,28.787,38.58,22.664,242.0,270.0,288.0,316.0,2.0,SOFT,True,89.374,28.509,38.387,22.478,242.0,271.0,287.0,327.0,2.0,SOFT,True,89.179,28.535,38.269,22.375,242.0,271.0,288.0,320.0,2.0,SOFT,True
2024,1,BAHRAIN GRAND PRIX,ZHO,Kick Sauber,18.1,21.5,47.0,1019.1,2.0,0.0,0,17.0,1,90.757,29.154,38.944,22.659,242.0,272.0,287.0,312.0,2.0,SOFT,True,,,,,,,,,,,,,,,,,,,,,,
2024,2,SAUDI ARABIAN GRAND PRIX,ALB,Williams,25.1,30.8,56.0,1014.8,1.5,0.0,0,12.0,2,89.107,32.284,28.293,28.53,292.0,323.0,305.0,328.0,4.0,SOFT,True,88.98,32.484,28.125,28.371,290.0,328.0,306.0,330.0,2.0,SOFT,True,,,,,,,,,,,
2024,2,SAUDI ARABIAN GRAND PRIX,ALO,Aston Martin,25.1,30.8,56.0,1014.8,1.5,0.0,0,4.0,3,88.706,32.092,27.984,28.63,292.0,325.0,304.0,329.0,5.0,SOFT,True,88.122,31.964,27.859,28.299,291.0,327.0,306.0,331.0,2.0,SOFT,True,87.846,31.84,27.823,28.183,292.0,325.0,305.0,329.0,2.0,SOFT,True
2024,2,SAUDI ARABIAN GRAND PRIX,BEA,Ferrari,25.1,30.8,56.0,1014.8,1.5,0.0,0,11.0,2,88.984,32.439,28.268,28.277,290.0,325.0,303.0,330.0,4.0,SOFT,True,88.642,32.255,28.115,28.272,291.0,327.0,303.0,331.0,4.0,SOFT,True,,,,,,,,,,,
2024,2,SAUDI ARABIAN GRAND PRIX,BOT,Kick Sauber,25.1,30.8,56.0,1014.8,1.5,0.0,0,16.0,1,89.179,32.479,28.341,28.359,291.0,326.0,306.0,328.0,2.0,SOFT,True,,,,,,,,,,,,,,,,,,,,,,
2024,2,SAUDI ARABIAN GRAND PRIX,GAS,Alpine,25.1,30.8,56.0,1014.8,1.5,0.0,0,18.0,1,89.479,32.518,28.369,28.592,289.0,322.0,302.0,327.0,5.0,SOFT,True,,,,,,,,,,,,,,,,,,,,,,
2024,2,SAUDI ARABIAN GRAND PRIX,HAM,Mercedes,25.1,30.8,56.0,1014.8,1.5,0.0,0,8.0,3,88.994,32.521,28.088,28.385,291.0,327.0,305.0,332.0,2.0,SOFT,True,88.606,32.499,27.927,28.18,293.0,327.0,308.0,332.0,2.0,SOFT,True,88.46,32.419,27.879,28.162,295.0,329.0,307.0,331.0,2.0,SOFT,True
2024,2,SAUDI ARABIAN GRAND PRIX,HUL,Haas F1 Team,25.1,30.8,56.0,1014.8,1.5,0.0,0,15.0,1,89.055,32.53,28.098,28.427,291.0,330.0,307.0,332.0,2.0,SOFT,True,,,,,,,,,,,,,,,,,,,,,,
2024,2,SAUDI ARABIAN GRAND PRIX,LEC,Ferrari,25.1,30.8,56.0,1014.8,1.5,0.0,0,2.0,3,88.318,32.1,28.048,28.17,290.0,327.0,306.0,330.0,7.0,SOFT,True,88.112,32.109,27.868,28.135,290.0,325.0,302.0,330.0,2.0,SOFT,True,87.791,31.933,27.842,28.016,291.0,326.0,302.0,329.0,2.0,SOFT,True
2024,2,SAUDI ARABIAN GRAND PRIX,MAG,Haas F1 Team,25.1,30.8,56.0,1014.8,1.5,0.0,0,13.0,2,89.069,32.494,28.206,28.369,292.0,331.0,310.0,334.0,4.0,SOFT,True,89.02,32.514,28.161,28.345,291.0,329.0,306.0,332.0,5.0,SOFT,False,,,,,,,,,,,
2024,2,SAUDI ARABIAN GRAND PRIX,NOR,McLaren,25.1,30.8,56.0,1014.8,1.5,0.0,0,6.0,3,88.805,32.202,28.151,28.452,290.0,322.0,303.0,325.0,4.0,SOFT,True,88.479,32.068,28.039,28.372,290.0,318.0,302.0,322.0,2.0,SOFT,True,88.132,31.88,28.022,28.23,293.0,322.0,305.0,325.0,2.0,SOFT,True
2024,2,SAUDI ARABIAN GRAND PRIX,OCO,Alpine,25.1,30.8,56.0,1014.8,1.5,0.0,0,17.0,1,89.475,32.655,28.25,28.57,292.0,322.0,306.0,330.0,3.0,SOFT,True,,,,,,,,,,,,,,,,,,,,,,
2024,2,SAUDI ARABIAN GRAND PRIX,PER,Red Bull Racing,25.1,30.8,56.0,1014.8,1.5,0.0,0,3.0,3,88.638,32.081,28.316,28.241,293.0,324.0,308.0,329.0,5.0,SOFT,False,88.467,32.209,28.084,28.174,292.0,325.0,307.0,331.0,6.0,SOFT,False,87.807,31.944,27.866,27.997,294.0,326.0,309.0,332.0,2.0,SOFT,True
2024,2,SAUDI ARABIAN GRAND PRIX,PIA,McLaren,25.1,30.8,56.0,1014.8,1.5,0.0,0,5.0,3,88.755,32.137,28.1,28.518,292.0,324.0,301.0,325.0,4.0,SOFT,True,88.343,32.061,28.007,28.275,290.0,321.0,305.0,325.0,4.0,SOFT,True,88.089,31.994,27.888,28.207,292.0,322.0,304.0,324.0,2.0,SOFT,True
2024,2,SAUDI ARABIAN GRAND PRIX,RIC,Racing Bulls,25.1,30.8,56.0,1014.8,1.5,0.0,0,14.0,2,89.065,32.463,28.135,28.467,292.0,328.0,307.0,332.0,2.0,SOFT,True,89.025,32.595,28.192,28.238,291.0,327.0,306.0,331.0,2.0,SOFT,True,,,,,,,,,,,
2024,2,SAUDI ARABIAN GRAND PRIX,RUS,Mercedes,25.1,30.8,56.0,1014.8,1.5,0.0,0,7.0,3,88.749,32.386,28.021,28.342,292.0,324.0,304.0,329.0,2.0,SOFT,True,88.448,32.47,27.823,28.155,293.0,325.0,306.0,331.0,2.0,SOFT,True,88.316,32.293,27.884,28.139,295.0,327.0,307.0,331.0,5.0,SOFT,False
2024,2,SAUDI ARABIAN GRAND PRIX,SAR,Williams,25.1,30.8,56.0,1014.8,1.5,0.0,0,19.0,1,89.526,32.691,28.383,28.452,287.0,325.0,307.0,330.0,2.0,SOFT,True,,,,,,,,,,,,,,,,,,,,,,
2024,2,SAUDI ARABIAN GRAND PRIX,STR,Aston Martin,25.1,30.8,56.0,1014.8,1.5,0.0,0,10.0,3,88.25,32.047,27.922,28.281,293.0,322.0,306.0,328.0,2.0,SOFT,True,88.578,32.083,27.934,28.561,290.0,324.0,303.0,328.0,2.0,SOFT,True,88.572,31.943,28.012,28.617,291.0,324.0,302.0,327.0,2.0,SOFT,True
2024,2,SAUDI ARABIAN GRAND PRIX,TSU,Racing Bulls,25.1,30.8,56.0,1014.8,1.5,0.0,0,9.0,3,88.988,32.414,28.173,28.401,293.0,327.0,308.0,331.0,2.0,SOFT,True,88.564,32.268,28.057,28.239,293.0,327.0,307.0,332.0,2.0,SOFT,True,88.547,32.18,28.11,28.257,293.0,325.0,306.0,330.0,2.0,SOFT,True
2024,2,SAUDI ARABIAN GRAND PRIX,VER,Red Bull Racing,25.1,30.8,56.0,1014.8,1.5,0.0,0,1.0,3,88.171,31.953,27.991,28.227,294.0,327.0,307.0,333.0,5.0,SOFT,False,88.033,31.892,28.035,28.106,295.0,327.0,309.0,331.0,5.0,SOFT,False,87.472,31.763,27.8,27.909,294.0,326.0,306.0,330.0,2.0,SOFT,True
2024,2,SAUDI ARABIAN GRAND PRIX,ZHO,Kick Sauber,25.1,30.8,56.0,1014.8,1.5,0.0,0,20.0,1,121.101,38.928,36.485,45.688,261.0,255.0,,224.0,2.0,SOFT,True,,,,,,,,,,,,,,,,,,,,,,
2024,3,AUSTRALIAN GRAND PRIX,ALB,Williams,18.8,34.6,54.0,1024.0,1.4,0.0,0,12.0,2,77.13,26.643,17.564,32.923,287.0,318.0,307.0,323.0,2.0,SOFT,True,77.167,26.685,17.546,32.936,287.0,318.0,306.0,322.0,2.0,SOFT,True,,,,,,,,,,,
2024,3,AUSTRALIAN GRAND PRIX,ALO,Aston Martin,18.8,34.6,54.0,1024.0,1.4,0.0,0,10.0,3,76.991,26.638,17.519,32.834,285.0,315.0,307.0,324.0,5.0,SOFT,True,76.71,26.577,17.457,32.676,284.0,317.0,306.0,322.0,4.0,SOFT,True,77.552,26.838,17.555,33.159,285.0,320.0,306.0,323.0,3.0,SOFT,True
2024,3,AUSTRALIAN GRAND PRIX,BOT,Kick Sauber,18.8,34.6,54.0,1024.0,1.4,0.0,0,13.0,2,77.543,26.711,17.743,33.089,285.0,318.0,304.0,320.0,2.0,SOFT,True,77.34,26.77,17.604,32.966,286.0,319.0,302.0,319.0,2.0,SOFT,True,,,,,,,,,,,
2024,3,AUSTRALIAN GRAND PRIX,GAS,Alpine,18.8,34.6,54.0,1024.0,1.4,0.0,0,17.0,1,77.982,26.917,17.632,33.433,286.0,317.0,302.0,322.0,3.0,SOFT,True,,,,,,,,,,,,,,,,,,,,,,
2024,3,AUSTRALIAN GRAND PRIX,HAM,Mercedes,18.8,34.6,54.0,1024.0,1.4,0.0,0,11.0,2,77.499,26.93,17.532,33.037,286.0,313.0,304.0,318.0,5.0,SOFT,True,76.96,26.72,17.476,32.764,287.0,315.0,307.0,319.0,2.0,SOFT,True,,,,,,,,,,,
2024,3,AUSTRALIAN GRAND PRIX,HUL,Haas F1 Team,18.8,34.6,54.0,1024.0,1.4,0.0,0,16.0,1,77.976,26.782,17.617,33.577,289.0,322.0,307.0,324.0,2.0,SOFT,True,,,,,,,,,,,,,,,,,,,,,,
2024,3,AUSTRALIAN GRAND PRIX,LEC,Ferrari,18.8,34.6,54.0,1024.0,1.4,0.0,0,5.0,3,76.984,26.888,17.526,32.57,287.0,319.0,304.0,322.0,5.0,SOFT,True,76.304,26.387,17.423,32.494,285.0,318.0,304.0,321.0,5.0,SOFT,False,76.435,26.438,17.541,32.456,287.0,317.0,304.0,322.0,2.0,SOFT,True
2024,3,AUSTRALIAN GRAND PRIX,MAG,Haas F1 Team,18.8,34.6,54.0,1024.0,1.4,0.0,0,14.0,2,77.709,26.823,17.531,33.355,288.0,321.0,306.0,325.0,2.0,SOFT,True,77.427,26.768,17.575,33.084,288.0,320.0,306.0,325.0,2.0,SOFT,True,,,,,,,,,,,
2024,3,AUSTRALIAN GRAND PRIX,NOR,McLaren,18.8,34.6,54.0,1024.0,1.4,0.0,0,4.0,3,77.43,26.848,17.561,33.021,288.0,315.0,304.0,322.0,4.0,SOFT,True,76.75,26.433,17.492,32.825,287.0,312.0,305.0,322.0,2.0,SOFT,True,76.315,26.393,17.367,32.555,287.0,315.0,304.0,320.0,2.0,SOFT,True
2024,3,AUSTRALIAN GRAND PRIX,OCO,Alpine,18.8,34.6,54.0,1024.0,1.4,0.0,0,15.0,2,77.617,26.857,17.613,33.147,286.0,320.0,303.0,323.0,6.0,SOFT,True,77.697,26.899,17.581,33.217,287.0,322.0,308.0,323.0,6.0,SOFT,True,,,,,,,,,,,
2024,3,AUSTRALIAN GRAND PRIX,PER,Red Bull Racing,18.8,34.6,54.0,1024.0,1.4,0.0,0,3.0,3,76.805,26.679,17.481,32.645,288.0,319.0,307.0,326.0,8.0,SOFT,False,76.631,26.633,17.412,32.586,288.0,320.0,307.0,325.0,5.0,SOFT,False,76.274,26.467,17.289,32.518,290.0,322.0,304.0,327.0,2.0,SOFT,True
2024,3,AUSTRALIAN GRAND PRIX,PIA,McLaren,18.8,34.6,54.0,1024.0,1.4,0.0,0,6.0,3,77.369,26.831,17.563,32.975,288.0,315.0,305.0,323.0,4.0,SOFT,True,76.601,26.42,17.488,32.693,288.0,315.0,305.0,325.0,2.0,SOFT,True,76.572,26.494,17.443,32.635,288.0,316.0,304.0,321.0,2.0,SOFT,True
2024,3,AUSTRALIAN GRAND PRIX,RIC,Racing Bulls,18.8,34.6,54.0,1024.0,1.4,0.0,0,18.0,1,77.466,26.734,17.659,33.073,284.0,316.0,303.0,321.0,2.0,SOFT,True,,,,,,,,,,,,,,,,,,,,,,
2024,3,AUSTRALIAN GRAND PRIX,RUS,Mercedes,18.8,34.6,54.0,1024.0,1.4,0.0,0,7.0,3,77.062,26.61,17.549,32.903,286.0,315.0,305.0,320.0,8.0,SOFT,False,76.901,26.644,17.568,32.689,286.0,312.0,306.0,318.0,3.0,SOFT,True,76.724,26.501,17.502,32.721,286.0,314.0,306.0,320.0,3.0,SOFT,True
2024,3,AUSTRALIAN GRAND PRIX,SAI,Ferrari,18.8,34.6,54.0,1024.0,1.4,0.0,0,2.0,3,76.731,26.704,17.56,32.467,286.0,318.0,306.0,322.0,5.0,SOFT,True,76.189,26.301,17.535,32.353,287.0,316.0,306.0,322.0,2.0,SOFT,True,76.185,26.222,17.434,32.529,288.0,318.0,306.0,323.0,2.0,SOFT,True
2024,3,AUSTRALIAN GRAND PRIX,STR,Aston Martin,18.8,34.6,54.0,1024.0,1.4,0.0,0,9.0,3,77.376,26.699,17.705,32.972,281.0,313.0,305.0,322.0,2.0,SOFT,True,76.78,26.446,17.446,32.888,284.0,319.0,306.0,323.0,4.0,SOFT,True,77.072,26.513,17.505,33.054,285.0,317.0,304.0,324.0,4.0,SOFT,True
2024,3,AUSTRALIAN GRAND PRIX,TSU,Racing Bulls,18.8,34.6,54.0,1024.0,1.4,0.0,0,8.0,3,77.356,26.676,17.676,33.004,285.0,316.0,303.0,321.0,2.0,SOFT,True,76.791,26.558,17.519,32.714,285.0,317.0,305.0,322.0,2.0,SOFT,True,76.788,26.513,17.507,32.768,286.0,317.0,304.0,322.0,2.0,SOFT,True
2024,3,AUSTRALIAN GRAND PRIX,VER,Red Bull Racing,18.8,34.6,54.0,1024.0,1.4,0.0,0,1.0,3,76.819,26.545,17.504,32.77,287.0,319.0,306.0,326.0,8.0,SOFT,False,76.387,26.477,17.428,32.482,289.0,321.0,308.0,327.0,2.0,SOFT,True,75.915,26.262,17.315,32.338,288.0,320.0,305.0,326.0,2.0,SOFT,True
2024,3,AUSTRALIAN GRAND PRIX,ZHO,Kick Sauber,18.8,34.6,54.0,1024.0,1.4,0.0,0,19.0,1,78.188,26.991,17.944,33.253,285.0,313.0,306.0,322.0,5.0,SOFT,True,,,,,,,,,,,,,,,,,,,,,,
2024,4,JAPANESE GRAND PRIX,ALB,Williams,17.5,26.7,58.0,1013.8,1.6,0.0,0,14.0,2,89.963,31.584,40.602,17.777,285.0,302.0,264.0,299.0,2.0,SOFT,True,89.714,31.617,40.381,17.716,285.0,302.0,265.0,299.0,2.0,SOFT,True,,,,,,,,,,,
2024,4,JAPANESE GRAND PRIX,ALO,Aston Martin,17.5,26.7,58.0,1013.8,1.6,0.0,0,5.0,3,89.254,31.136,40.272,17.846,285.0,300.0,265.0,296.0,2.0,SOFT,True,89.082,31.142,40.179,17.761,285.0,300.0,265.0,296.0,2.0,SOFT,True,88.686,30.964,40.027,17.695,284.0,299.0,264.0,295.0,2.0,SOFT,True
2024,4,JAPANESE GRAND PRIX,BOT,Kick Sauber,17.5,26.7,58.0,1013.8,1.6,0.0,0,13.0,2,89.602,31.509,40.359,17.734,282.0,295.0,262.0,293.0,2.0,SOFT,True,89.593,31.357,40.478,17.758,283.0,294.0,263.0,293.0,2.0,SOFT,True,,,,,,,,,,,
2024,4,JAPANESE GRAND PRIX,GAS,Alpine,17.5,26.7,58.0,1013.8,1.6,0.0,0,17.0,1,90.119,31.468,40.662,17.989,285.0,297.0,261.0,294.0,2.0,SOFT,True,,,,,,,,,,,,,,,,,,,,,,
2024,4,JAPANESE GRAND PRIX,HAM,Mercedes,17.5,26.7,58.0,1013.8,1.6,0.0,0,7.0,3,89.661,31.408,40.427,17.826,284.0,300.0,264.0,297.0,2.0,SOFT,True,88.887,31.11,40.05,17.727,284.0,297.0,263.0,294.0,2.0,SOFT,True,88.766,30.915,40.156,17.695,285.0,297.0,264.0,293.0,2.0,SOFT,True
2024,4,JAPANESE GRAND PRIX,HUL,Haas F1 Team,17.5,26.7,58.0,1013.8,1.6,0.0,0,12.0,2,89.821,31.676,40.394,17.751,288.0,302.0,266.0,299.0,2.0,SOFT,True,89.494,31.558,40.238,17.698,289.0,302.0,267.0,300.0,2.0,SOFT,True,,,,,,,,,,,
2024,4,JAPANESE GRAND PRIX,LEC,Ferrari,17.5,26.7,58.0,1013.8,1.6,0.0,0,8.0,3,89.338,31.452,40.084,17.802,284.0,297.0,263.0,295.0,2.0,SOFT,True,89.196,31.246,40.093,17.857,285.0,298.0,263.0,297.0,2.0,SOFT,True,88.786,31.109,39.866,17.811,285.0,295.0,263.0,295.0,2.0,SOFT,True
2024,4,JAPANESE GRAND PRIX,MAG,Haas F1 Team,17.5,26.7,58.0,1013.8,1.6,0.0,0,18.0,1,90.131,31.786,40.482,17.863,287.0,302.0,266.0,298.0,2.0,SOFT,True,,,,,,,,,,,,,,,,,,,,,,
2024,4,JAPANESE GRAND PRIX,NOR,McLaren,17.5,26.7,58.0,1013.8,1.6,0.0,0,3.0,3,89.536,31.234,40.517,17.785,283.0,298.0,262.0,295.0,2.0,SOFT,True,88.94,30.996,40.23,17.714,285.0,300.0,259.0,295.0,2.0,SOFT,True,88.489,30.8,40.039,17.65,284.0,298.0,263.0,294.0,2.0,SOFT,True
2024,4,JAPANESE GRAND PRIX,OCO,Alpine,17.5,26.7,58.0,1013.8,1.6,0.0,0,15.0,2,89.811,31.505,40.456,17.85,286.0,298.0,264.0,295.0,2.0,SOFT,True,89.816,31.474,40.481,17.861,287.0,298.0,264.0,296.0,2.0,SOFT,True,,,,,,,,,,,
2024,4,JAPANESE GRAND PRIX,PER,Red Bull Racing,17.5,26.7,58.0,1013.8,1.6,0.0,0,2.0,3,89.303,31.255,40.218,17.83,286.0,299.0,267.0,297.0,2.0,SOFT,True,88.752,31.047,40.008,17.697,286.0,298.0,266.0,298.0,2.0,SOFT,True,88.263,30.846,39.763,17.654,286.0,300.0,263.0,297.0,2.0,SOFT,True
2024,4,JAPANESE GRAND PRIX,PIA,McLaren,17.5,26.7,58.0,1013.8,1.6,0.0,0,6.0,3,89.425,31.253,40.367,17.805,284.0,299.0,263.0,296.0,2.0,SOFT,True,89.148,31.02,40.271,17.857,286.0,300.0,263.0,298.0,2.0,SOFT,True,88.76,30.837,40.227,17.696,286.0,296.0,263.0,294.0,2.0,SOFT,True
2024,4,JAPANESE GRAND PRIX,RIC,Racing Bulls,17.5,26.7,58.0,1013.8,1.6,0.0,0,11.0,2,89.727,31.39,40.518,17.819,284.0,298.0,263.0,297.0,2.0,SOFT,True,89.472,31.352,40.402,17.718,285.0,297.0,264.0,296.0,2.0,SOFT,True,,,,,,,,,,,
2024,4,JAPANESE GRAND PRIX,RUS,Mercedes,17.5,26.7,58.0,1013.8,1.6,0.0,0,9.0,3,89.799,31.679,40.338,17.782,282.0,301.0,263.0,295.0,2.0,SOFT,True,89.14,31.33,40.092,17.718,283.0,298.0,264.0,295.0,2.0,SOFT,True,89.008,31.181,40.123,17.704,284.0,299.0,264.0,294.0,2.0,SOFT,True
2024,4,JAPANESE GRAND PRIX,SAI,Ferrari,17.5,26.7,58.0,1013.8,1.6,0.0,0,4.0,3,89.513,31.369,40.292,17.852,285.0,298.0,264.0,295.0,2.0,SOFT,True,89.099,31.203,40.174,17.722,286.0,298.0,264.0,295.0,2.0,SOFT,True,88.682,30.968,39.989,17.725,286.0,296.0,264.0,294.0,2.0,SOFT,True
2024,4,JAPANESE GRAND PRIX,SAR,Williams,17.5,26.7,58.0,1013.8,1.6,0.0,0,19.0,1,90.139,31.744,40.542,17.853,284.0,303.0,264.0,298.0,2.0,SOFT,True,,,,,,,,,,,,,,,,,,,,,,
2024,4,JAPANESE GRAND PRIX,STR,Aston Martin,17.5,26.7,58.0,1013.8,1.6,0.0,0,16.0,1,90.024,31.498,40.546,17.98,282.0,297.0,262.0,295.0,2.0,SOFT,True,,,,,,,,,,,,,,,,,,,,,,
2024,4,JAPANESE GRAND PRIX,TSU,Racing Bulls,17.5,26.7,58.0,1013.8,1.6,0.0,0,10.0,3,89.775,31.358,40.621,17.796,284.0,299.0,264.0,297.0,2.0,SOFT,True,89.417,31.283,40.423,17.711,285.0,299.0,264.0,297.0,2.0,SOFT,True,89.413,31.318,40.248,17.847,285.0,299.0,263.0,298.0,2.0,SOFT,True
2024,4,JAPANESE GRAND PRIX,VER,Red Bull Racing,17.5,26.7,58.0,1013.8,1.6,0.0,0,1.0,3,88.866,31.091,40.1,17.675,286.0,299.0,266.0,297.0,2.0,SOFT,True,88.74,31.063,40.056,17.621,286.0,298.0,265.0,296.0,2.0,SOFT,True,88.197,30.777,39.85,17.57,285.0,297.0,264.0,295.0,2.0,SOFT,True
2024,4,JAPANESE GRAND PRIX,ZHO,Kick Sauber,17.5,26.7,58.0,1013.8,1.6,0.0,0,20.0,1,90.143,31.685,40.487,17.971,282.0,295.0,263.0,293.0,2.0,SOFT,True,,,,,,,,,,,,,,,,,,,,,,
2024,5,CHINESE GRAND PRIX,ALB,Williams,22.1,34.150000000000006,55.0,1007.4,1.7,0.0,0,14.0,2,95.384,25.117,28.803,41.464,280.0,273.0,270.0,334.0,2.0,SOFT,True,95.241,25.251,28.874,41.116,278.0,272.0,268.0,334.0,2.0,SOFT,True,,,,,,,,,,,
2024,5,CHINESE GRAND PRIX,ALO,Aston Martin,22.1,34.150000000000006,55.0,1007.4,1.7,0.0,0,3.0,3,95.116,25.287,28.656,41.173,276.0,273.0,265.0,333.0,2.0,SOFT,True,94.652,24.938,28.545,41.169,277.0,272.0,268.0,333.0,2.0,SOFT,True,94.148,25.057,28.308,40.783,277.0,273.0,269.0,333.0,2.0,SOFT,True
2024,5,CHINESE GRAND PRIX,BOT,Kick Sauber,22.1,34.150000000000006,55.0,1007.4,1.7,0.0,0,10.0,3,95.169,25.264,28.543,41.362,278.0,273.0,260.0,330.0,2.0,SOFT,True,94.769,25.041,28.705,41.023,277.0,272.0,262.0,330.0,2.0,SOFT,True,94.665,25.228,28.458,40.979,277.0,273.0,268.0,329.0,2.0,SOFT,True
2024,5,CHINESE GRAND PRIX,GAS,Alpine,22.1,34.150000000000006,55.0,1007.4,1.7,0.0,0,15.0,2,95.287,25.167,28.764,41.356,277.0,270.0,262.0,329.0,2.0,SOFT,True,95.463,25.217,28.942,41.304,275.0,268.0,263.0,327.0,2.0,SOFT,True,,,,,,,,,,,
2024,5,CHINESE GRAND PRIX,HAM,Mercedes,22.1,34.150000000000006,55.0,1007.4,1.7,0.0,0,18.0,1,95.573,25.246,28.639,41.688,278.0,273.0,266.0,330.0,2.0,SOFT,True,,,,,,,,,,,,,,,,,,,,,,
2024,5,CHINESE GRAND PRIX,HUL,Haas F1 Team,22.1,34.150000000000006,55.0,1007.4,1.7,0.0,0,9.0,3,95.068,25.121,28.877,41.07,282.0,275.0,266.0,336.0,2.0,SOFT,True,94.667,25.024,28.571,41.072,280.0,274.0,262.0,333.0,2.0,SOFT,True,94.604,24.948,28.73,40.926,281.0,274.0,269.0,333.0,2.0,SOFT,True
2024,5,CHINESE GRAND PRIX,LEC,Ferrari,22.1,34.150000000000006,55.0,1007.4,1.7,0.0,0,6.0,3,94.797,25.342,28.44,41.015,278.0,273.0,265.0,330.0,2.0,SOFT,True,94.399,25.147,28.466,40.786,278.0,272.0,266.0,331.0,2.0,SOFT,True,94.289,25.305,28.241,40.743,278.0,274.0,265.0,330.0,2.0,SOFT,True
2024,5,CHINESE GRAND PRIX,MAG,Haas F1 Team,22.1,34.150000000000006,55.0,1007.4,1.7,0.0,0,17.0,1,95.516,25.204,28.893,41.419,282.0,273.0,261.0,334.0,2.0,SOFT,True,,,,,,,,,,,,,,,,,,,,,,
2024,5,CHINESE GRAND PRIX,NOR,McLaren,22.1,34.150000000000006,55.0,1007.4,1.7,0.0,0,4.0,3,94.842,25.223,28.546,41.073,277.0,270.0,267.0,327.0,2.0,SOFT,True,94.46,24.984,28.345,41.131,277.0,274.0,268.0,330.0,2.0,SOFT,True,94.165,25.041,28.38,40.744,279.0,273.0,269.0,329.0,2.0,SOFT,True
2024,5,CHINESE GRAND PRIX,OCO,Alpine,22.1,34.150000000000006,55.0,1007.4,1.7,0.0,0,13.0,2,95.356,25.1,28.691,41.565,277.0,270.0,264.0,328.0,2.0,SOFT,True,95.223,25.183,28.737,41.303,276.0,271.0,265.0,327.0,2.0,SOFT,True,,,,,,,,,,,
2024,5,CHINESE GRAND PRIX,PER,Red Bull Racing,22.1,34.150000000000006,55.0,1007.4,1.7,0.0,0,2.0,3,95.457,25.371,28.791,41.295,279.0,269.0,268.0,333.0,4.0,SOFT,False,94.026,24.91,28.376,40.74,278.0,272.0,270.0,333.0,2.0,SOFT,True,93.982,25.032,28.29,40.66,279.0,272.0,269.0,334.0,2.0,SOFT,True
2024,5,CHINESE GRAND PRIX,PIA,McLaren,22.1,34.150000000000006,55.0,1007.4,1.7,0.0,0,5.0,3,95.014,25.176,28.553,41.285,272.0,271.0,265.0,328.0,2.0,SOFT,True,94.659,24.996,28.374,41.289,275.0,273.0,266.0,328.0,2.0,SOFT,True,94.273,25.084,28.263,40.926,277.0,273.0,268.0,328.0,2.0,SOFT,True
2024,5,CHINESE GRAND PRIX,RIC,Racing Bulls,22.1,34.150000000000006,55.0,1007.4,1.7,0.0,0,12.0,2,95.443,25.331,28.812,41.3,278.0,273.0,266.0,334.0,2.0,SOFT,True,94.934,25.114,28.755,41.065,278.0,272.0,267.0,332.0,2.0,SOFT,True,,,,,,,,,,,
2024,5,CHINESE GRAND PRIX,RUS,Mercedes,22.1,34.150000000000006,55.0,1007.4,1.7,0.0,0,8.0,3,95.084,25.211,28.808,41.065,278.0,274.0,266.0,333.0,2.0,SOFT,True,94.609,25.171,28.415,41.023,277.0,274.0,266.0,329.0,2.0,SOFT,True,94.433,25.183,28.465,40.785,278.0,274.0,268.0,331.0,2.0,SOFT,True
2024,5,CHINESE GRAND PRIX,SAI,Ferrari,22.1,34.150000000000006,55.0,1007.4,1.7,0.0,0,7.0,3,94.97,25.354,28.511,41.105,278.0,273.0,264.0,332.0,2.0,SOFT,True,94.368,25.044,28.463,40.861,278.0,273.0,263.0,331.0,2.0,SOFT,True,94.297,25.196,28.361,40.74,278.0,273.0,268.0,330.0,2.0,SOFT,True
2024,5,CHINESE GRAND PRIX,SAR,Williams,22.1,34.150000000000006,55.0,1007.4,1.7,0.0,0,20.0,1,96.358,25.582,29.066,41.71,276.0,271.0,267.0,330.0,2.0,SOFT,True,,,,,,,,,,,,,,,,,,,,,,
2024,5,CHINESE GRAND PRIX,STR,Aston Martin,22.1,34.150000000000006,55.0,1007.4,1.7,0.0,0,11.0,2,95.334,25.059,28.673,41.602,280.0,274.0,266.0,336.0,2.0,SOFT,True,94.838,25.08,28.604,41.154,279.0,273.0,267.0,333.0,2.0,SOFT,True,,,,,,,,,,,
2024,5,CHINESE GRAND PRIX,TSU,Racing Bulls,22.1,34.150000000000006,55.0,1007.4,1.7,0.0,0,19.0,1,95.746,25.244,28.963,41.539,277.0,271.0,265.0,333.0,2.0,SOFT,True,,,,,,,,,,,,,,,,,,,,,,
2024,5,CHINESE GRAND PRIX,VER,Red Bull Racing,22.1,34.150000000000006,55.0,1007.4,1.7,0.0,0,1.0,3,94.742,25.242,28.52,40.98,279.0,271.0,259.0,334.0,5.0,SOFT,False,93.794,25.013,28.227,40.554,277.0,273.0,269.0,331.0,2.0,SOFT,True,93.66,24.981,28.168,40.511,279.0,272.0,270.0,333.0,2.0,SOFT,True
2024,5,CHINESE GRAND PRIX,ZHO,Kick Sauber,22.1,34.150000000000006,55.0,1007.4,1.7,0.0,0,16.0,1,95.505,25.416,28.766,41.323,279.0,272.0,264.0,332.0,2.0,SOFT,True,,,,,,,,,,,,,,,,,,,,,,
2024,6,MIAMI GRAND PRIX,ALB,Williams,29.0,46.9,55.0,1015.4,3.1,0.0,0,14.0,2,88.343,29.498,33.774,25.071,221.0,190.0,286.0,340.0,2.0,SOFT,True,88.413,29.511,33.835,25.067,220.0,190.0,286.0,340.0,2.0,SOFT,True,,,,,,,,,,,
2024,6,MIAMI GRAND PRIX,ALO,Aston Martin,29.0,46.9,55.0,1015.4,3.1,0.0,0,15.0,2,88.453,29.475,33.86,25.118,217.0,191.0,282.0,336.0,2.0,SOFT,True,88.427,29.467,33.832,25.128,221.0,189.0,282.0,337.0,2.0,SOFT,False,,,,,,,,,,,
2024,6,MIAMI GRAND PRIX,BOT,Kick Sauber,29.0,46.9,55.0,1015.4,3.1,0.0,0,16.0,1,88.463,29.47,33.888,25.105,222.0,193.0,285.0,345.0,2.0,SOFT,True,,,,,,,,,,,,,,,,,,,,,,
2024,6,MIAMI GRAND PRIX,GAS,Alpine,29.0,46.9,55.0,1015.4,3.1,0.0,0,12.0,2,87.976,29.334,33.605,25.037,222.0,190.0,284.0,341.0,2.0,SOFT,True,88.324,29.434,33.868,25.022,220.0,191.0,284.0,338.0,2.0,SOFT,True,,,,,,,,,,,
2024,6,MIAMI GRAND PRIX,HAM,Mercedes,29.0,46.9,55.0,1015.4,3.1,0.0,0,8.0,3,88.167,29.231,33.887,25.049,219.0,191.0,283.0,336.0,2.0,SOFT,True,87.697,29.02,33.635,25.042,222.0,191.0,284.0,337.0,2.0,SOFT,True,88.107,29.121,33.893,25.093,222.0,191.0,284.0,334.0,2.0,MEDIUM,True
2024,6,MIAMI GRAND PRIX,HUL,Haas F1 Team,29.0,46.9,55.0,1015.4,3.1,0.0,0,9.0,3,88.383,29.581,33.748,25.054,221.0,191.0,280.0,341.0,5.0,SOFT,False,88.2,29.281,33.891,25.028,223.0,191.0,286.0,342.0,2.0,SOFT,True,88.146,29.41,33.834,24.902,221.0,193.0,286.0,340.0,2.0,SOFT,True
2024,6,MIAMI GRAND PRIX,LEC,Ferrari,29.0,46.9,55.0,1015.4,3.1,0.0,0,2.0,3,88.081,29.202,33.796,25.083,218.0,189.0,282.0,335.0,5.0,SOFT,False,87.533,29.02,33.524,24.989,221.0,191.0,282.0,337.0,2.0,SOFT,True,87.382,28.793,33.64,24.949,222.0,192.0,281.0,337.0,2.0,SOFT,True
2024,6,MIAMI GRAND PRIX,MAG,Haas F1 Team,29.0,46.9,55.0,1015.4,3.1,0.0,0,19.0,1,88.619,29.51,33.78,25.329,215.0,191.0,286.0,342.0,2.0,SOFT,True,,,,,,,,,,,,,,,,,,,,,,
2024,6,MIAMI GRAND PRIX,NOR,McLaren,29.0,46.9,55.0,1015.4,3.1,0.0,0,5.0,3,87.913,29.259,33.585,25.069,222.0,192.0,286.0,338.0,5.0,SOFT,True,87.871,29.225,33.693,24.953,218.0,191.0,285.0,338.0,2.0,SOFT,True,87.594,28.928,33.716,24.95,223.0,193.0,284.0,336.0,2.0,SOFT,True
2024,6,MIAMI GRAND PRIX,OCO,Alpine,29.0,46.9,55.0,1015.4,3.1,0.0,0,13.0,2,88.209,29.306,33.769,25.134,222.0,192.0,284.0,338.0,2.0,SOFT,True,88.371,29.28,33.948,25.143,221.0,191.0,284.0,337.0,2.0,SOFT,True,,,,,,,,,,,
2024,6,MIAMI GRAND PRIX,PER,Red Bull Racing,29.0,46.9,55.0,1015.4,3.1,0.0,0,4.0,3,87.772,29.314,33.44,25.018,221.0,191.0,283.0,341.0,2.0,SOFT,True,87.839,29.28,33.645,24.914,222.0,191.0,285.0,341.0,2.0,SOFT,True,87.46,28.85,33.73,24.88,220.0,192.0,284.0,339.0,2.0,SOFT,True
2024,6,MIAMI GRAND PRIX,PIA,McLaren,29.0,46.9,55.0,1015.4,3.1,0.0,0,6.0,3,88.032,29.275,33.776,24.981,216.0,192.0,284.0,336.0,2.0,SOFT,True,87.721,29.144,33.53,25.047,219.0,191.0,283.0,336.0,2.0,SOFT,True,87.675,28.963,33.7,25.012,222.0,191.0,283.0,335.0,2.0,SOFT,True
2024,6,MIAMI GRAND PRIX,RIC,Racing Bulls,29.0,46.9,55.0,1015.4,3.1,0.0,0,18.0,1,88.617,29.541,33.782,25.294,221.0,189.0,283.0,336.0,2.0,SOFT,True,,,,,,,,,,,,,,,,,,,,,,
2024,6,MIAMI GRAND PRIX,RUS,Mercedes,29.0,46.9,55.0,1015.4,3.1,0.0,0,7.0,3,88.159,29.401,33.705,25.053,221.0,192.0,283.0,336.0,2.0,SOFT,True,88.095,29.296,33.678,25.121,222.0,191.0,283.0,337.0,2.0,SOFT,True,88.067,29.125,33.857,25.085,224.0,191.0,282.0,335.0,2.0,SOFT,True
2024,6,MIAMI GRAND PRIX,SAI,Ferrari,29.0,46.9,55.0,1015.4,3.1,0.0,0,3.0,3,87.937,29.377,33.571,24.989,222.0,192.0,282.0,339.0,4.0,SOFT,False,87.941,29.223,33.757,24.961,221.0,191.0,285.0,337.0,2.0,SOFT,True,87.455,28.874,33.645,24.936,223.0,193.0,284.0,338.0,2.0,SOFT,True
2024,6,MIAMI GRAND PRIX,SAR,Williams,29.0,46.9,55.0,1015.4,3.1,0.0,0,17.0,1,88.487,29.724,33.736,25.027,220.0,191.0,287.0,340.0,2.0,SOFT,True,,,,,,,,,,,,,,,,,,,,,,
2024,6,MIAMI GRAND PRIX,STR,Aston Martin,29.0,46.9,55.0,1015.4,3.1,0.0,0,11.0,2,88.177,29.445,33.783,24.949,222.0,192.0,283.0,343.0,2.0,SOFT,True,88.222,29.271,33.959,24.992,222.0,190.0,283.0,338.0,2.0,SOFT,False,,,,,,,,,,,
2024,6,MIAMI GRAND PRIX,TSU,Racing Bulls,29.0,46.9,55.0,1015.4,3.1,0.0,0,10.0,3,88.324,29.512,33.689,25.123,222.0,191.0,281.0,334.0,2.0,SOFT,True,88.167,29.299,33.775,25.093,223.0,191.0,282.0,336.0,2.0,SOFT,True,88.192,29.27,33.85,25.072,222.0,191.0,283.0,336.0,2.0,SOFT,True
2024,6,MIAMI GRAND PRIX,VER,Red Bull Racing,29.0,46.9,55.0,1015.4,3.1,0.0,0,1.0,3,87.689,29.123,33.467,25.099,219.0,191.0,285.0,342.0,2.0,SOFT,True,87.566,28.906,33.608,25.052,220.0,191.0,283.0,338.0,2.0,SOFT,True,87.241,28.867,33.499,24.875,223.0,192.0,283.0,337.0,2.0,SOFT,True
2024,6,MIAMI GRAND PRIX,ZHO,Kick Sauber,29.0,46.9,55.0,1015.4,3.1,0.0,0,20.0,1,88.824,29.624,33.903,25.297,221.0,191.0,283.0,331.0,2.0,SOFT,True,,,,,,,,,,,,,,,,,,,,,,
2024,7,GRAN PREMIO DEL MADE IN ITALY E DELL'EMILIA-ROMAGNA,ALB,Williams,24.2,41.5,43.0,1008.0,2.9,0.0,0,14.0,2,76.524,24.105,26.605,25.814,231.0,263.0,284.0,295.0,2.0,SOFT,True,76.2,23.97,26.489,25.741,232.0,260.0,285.0,296.0,2.0,SOFT,True,,,,,,,,,,,
2024,7,GRAN PREMIO DEL MADE IN ITALY E DELL'EMILIA-ROMAGNA,ALO,Aston Martin,24.2,41.5,43.0,1008.0,2.9,0.0,0,19.0,1,76.917,24.191,26.563,26.163,229.0,259.0,282.0,289.0,2.0,SOFT,True,,,,,,,,,,,,,,,,,,,,,,
2024,7,GRAN PREMIO DEL MADE IN ITALY E DELL'EMILIA-ROMAGNA,BOT,Kick Sauber,24.2,41.5,43.0,1008.0,2.9,0.0,0,16.0,1,76.626,24.225,26.578,25.823,226.0,257.0,283.0,295.0,2.0,SOFT,True,,,,,,,,,,,,,,,,,,,,,,
2024,7,GRAN PREMIO DEL MADE IN ITALY E DELL'EMILIA-ROMAGNA,GAS,Alpine,24.2,41.5,43.0,1008.0,2.9,0.0,0,15.0,2,76.015,24.093,26.261,25.661,228.0,258.0,283.0,292.0,2.0,SOFT,True,76.283,24.022,26.211,26.05,233.0,259.0,281.0,292.0,2.0,SOFT,True,,,,,,,,,,,
2024,7,GRAN PREMIO DEL MADE IN ITALY E DELL'EMILIA-ROMAGNA,HAM,Mercedes,24.2,41.5,43.0,1008.0,2.9,0.0,0,8.0,3,76.604,24.078,26.765,25.761,227.0,258.0,282.0,293.0,5.0,SOFT,False,75.677,23.87,26.149,25.658,234.0,261.0,284.0,294.0,2.0,SOFT,True,75.504,23.884,26.146,25.474,226.0,260.0,284.0,294.0,2.0,SOFT,True
2024,7,GRAN PREMIO DEL MADE IN ITALY E DELL'EMILIA-ROMAGNA,HUL,Haas F1 Team,24.2,41.5,43.0,1008.0,2.9,0.0,0,10.0,3,75.841,23.948,26.257,25.636,229.0,262.0,287.0,297.0,2.0,SOFT,True,75.569,23.895,26.087,25.587,232.0,263.0,287.0,298.0,2.0,SOFT,True,75.98,24.095,26.32,25.565,230.0,260.0,286.0,298.0,2.0,SOFT,True
2024,7,GRAN PREMIO DEL MADE IN ITALY E DELL'EMILIA-ROMAGNA,LEC,Ferrari,24.2,41.5,43.0,1008.0,2.9,0.0,0,4.0,3,75.823,23.925,26.358,25.54,226.0,261.0,284.0,296.0,8.0,MEDIUM,False,75.328,23.836,25.976,25.516,231.0,261.0,286.0,293.0,2.0,SOFT,True,74.97,23.741,25.935,25.294,228.0,260.0,286.0,294.0,2.0,SOFT,True
2024,7,GRAN PREMIO DEL MADE IN ITALY E DELL'EMILIA-ROMAGNA,MAG,Haas F1 Team,24.2,41.5,43.0,1008.0,2.9,0.0,0,18.0,1,76.854,24.177,26.651,26.026,225.0,258.0,285.0,297.0,5.0,SOFT,False,,,,,,,,,,,,,,,,,,,,,,
2024,7,GRAN PREMIO DEL MADE IN ITALY E DELL'EMILIA-ROMAGNA,NOR,McLaren,24.2,41.5,43.0,1008.0,2.9,0.0,0,3.0,3,75.915,23.838,26.469,25.608,235.0,262.0,285.0,296.0,5.0,SOFT,False,75.371,23.823,26.251,25.297,231.0,262.0,284.0,298.0,5.0,SOFT,False,74.837,23.649,26.025,25.163,232.0,260.0,286.0,296.0,2.0,SOFT,True
2024,7,GRAN PREMIO DEL MADE IN ITALY E DELL'EMILIA-ROMAGNA,OCO,Alpine,24.2,41.5,43.0,1008.0,2.9,0.0,0,12.0,2,76.361,24.135,26.29,25.936,228.0,259.0,283.0,292.0,2.0,SOFT,True,75.906,24.088,26.211,25.607,227.0,258.0,283.0,292.0,2.0,SOFT,True,,,,,,,,,,,
2024,7,GRAN PREMIO DEL MADE IN ITALY E DELL'EMILIA-ROMAGNA,PER,Red Bull Racing,24.2,41.5,43.0,1008.0,2.9,0.0,0,11.0,2,76.404,24.15,26.452,25.802,227.0,261.0,287.0,298.0,2.0,SOFT,True,75.706,23.931,26.24,25.535,225.0,262.0,286.0,297.0,2.0,SOFT,True,,,,,,,,,,,
2024,7,GRAN PREMIO DEL MADE IN ITALY E DELL'EMILIA-ROMAGNA,PIA,McLaren,24.2,41.5,43.0,1008.0,2.9,0.0,0,2.0,3,75.94,23.824,26.36,25.756,233.0,262.0,286.0,297.0,2.0,SOFT,True,75.407,23.826,26.055,25.526,235.0,263.0,287.0,296.0,2.0,SOFT,True,74.82,23.608,25.921,25.291,236.0,263.0,287.0,296.0,2.0,SOFT,True
2024,7,GRAN PREMIO DEL MADE IN ITALY E DELL'EMILIA-ROMAGNA,RIC,Racing Bulls,24.2,41.5,43.0,1008.0,2.9,0.0,0,9.0,3,76.06,23.884,26.495,25.681,231.0,260.0,285.0,294.0,2.0,SOFT,True,75.691,23.974,26.232,25.485,231.0,261.0,285.0,294.0,2.0,SOFT,True,75.674,24.049,26.214,25.411,228.0,259.0,286.0,293.0,2.0,SOFT,True
2024,7,GRAN PREMIO DEL MADE IN ITALY E DELL'EMILIA-ROMAGNA,RUS,Mercedes,24.2,41.5,43.0,1008.0,2.9,0.0,0,6.0,3,76.107,23.816,26.401,25.89,234.0,259.0,281.0,294.0,2.0,SOFT,True,75.671,23.919,26.101,25.651,232.0,261.0,283.0,294.0,2.0,SOFT,True,75.234,23.632,26.111,25.491,234.0,260.0,284.0,294.0,2.0,SOFT,True
2024,7,GRAN PREMIO DEL MADE IN ITALY E DELL'EMILIA-ROMAGNA,SAI,Ferrari,24.2,41.5,43.0,1008.0,2.9,0.0,0,5.0,3,76.015,24.014,26.368,25.633,225.0,259.0,283.0,295.0,5.0,MEDIUM,True,75.512,23.984,26.163,25.365,228.0,260.0,284.0,295.0,2.0,SOFT,True,75.233,23.793,26.139,25.301,234.0,260.0,286.0,294.0,2.0,SOFT,True
2024,7,GRAN PREMIO DEL MADE IN ITALY E DELL'EMILIA-ROMAGNA,SAR,Williams,24.2,41.5,43.0,1008.0,2.9,0.0,0,20.0,1,76.731,24.13,26.66,25.941,230.0,262.0,287.0,298.0,2.0,SOFT,True,,,,,,,,,,,,,,,,,,,,,,
2024,7,GRAN PREMIO DEL MADE IN ITALY E DELL'EMILIA-ROMAGNA,STR,Aston Martin,24.2,41.5,43.0,1008.0,2.9,0.0,0,13.0,2,76.458,24.104,26.366,25.988,226.0,260.0,283.0,293.0,2.0,SOFT,True,75.992,23.952,26.2,25.84,228.0,263.0,284.0,293.0,2.0,SOFT,True,,,,,,,,,,,
2024,7,GRAN PREMIO DEL MADE IN ITALY E DELL'EMILIA-ROMAGNA,TSU,Racing Bulls,24.2,41.5,43.0,1008.0,2.9,0.0,0,7.0,3,75.894,23.773,26.418,25.703,231.0,259.0,284.0,294.0,2.0,SOFT,True,75.358,23.725,26.063,25.57,233.0,260.0,284.0,293.0,2.0,SOFT,True,75.465,23.785,26.191,25.489,234.0,261.0,284.0,293.0,2.0,SOFT,True
2024,7,GRAN PREMIO DEL MADE IN ITALY E DELL'EMILIA-ROMAGNA,VER,Red Bull Racing,24.2,41.5,43.0,1008.0,2.9,0.0,0,1.0,3,75.762,23.746,26.348,25.668,231.0,261.0,283.0,297.0,5.0,SOFT,False,75.176,23.593,26.118,25.465,233.0,262.0,285.0,299.0,5.0,SOFT,False,74.746,23.408,25.922,25.416,233.0,261.0,285.0,296.0,2.0,SOFT,True
2024,7,GRAN PREMIO DEL MADE IN ITALY E DELL'EMILIA-ROMAGNA,ZHO,Kick Sauber,24.2,41.5,43.0,1008.0,2.9,0.0,0,17.0,1,76.834,24.202,26.649,25.983,231.0,259.0,283.0,294.0,2.0,SOFT,True,,,,,,,,,,,,,,,,,,,,,,
2024,8,GRAND PRIX DE MONACO,ALB,Williams,21.3,44.0,61.0,1016.9,1.1,0.0,0,9.0,3,71.623,18.635,33.925,19.063,217.0,205.0,268.0,280.0,4.0,SOFT,True,71.216,18.594,33.684,18.938,221.0,206.0,267.0,277.0,2.0,SOFT,True,70.948,18.487,33.597,18.864,220.0,207.0,266.0,273.0,2.0,SOFT,True
2024,8,GRAND PRIX DE MONACO,ALO,Aston Martin,21.3,44.0,61.0,1016.9,1.1,0.0,0,14.0,1,72.019,18.941,33.959,19.119,222.0,203.0,273.0,281.0,2.0,SOFT,True,,,,,,,,,,,,,,,,,,,,,,
2024,8,GRAND PRIX DE MONACO,BOT,Kick Sauber,21.3,44.0,61.0,1016.9,1.1,0.0,0,17.0,1,72.512,19.1,34.008,19.404,222.0,203.0,267.0,280.0,4.0,SOFT,True,,,,,,,,,,,,,,,,,,,,,,
2024,8,GRAND PRIX DE MONACO,GAS,Alpine,21.3,44.0,61.0,1016.9,1.1,0.0,0,10.0,3,71.714,18.649,33.684,19.381,222.0,206.0,266.0,281.0,4.0,SOFT,True,70.896,18.481,33.453,18.962,223.0,207.0,267.0,278.0,3.0,SOFT,True,71.311,18.637,33.599,19.075,223.0,206.0,266.0,280.0,7.0,SOFT,False
2024,8,GRAND PRIX DE MONACO,HAM,Mercedes,21.3,44.0,61.0,1016.9,1.1,0.0,0,7.0,3,71.528,18.689,33.784,19.055,225.0,205.0,271.0,283.0,2.0,SOFT,True,71.056,18.479,33.6,18.977,224.0,206.0,270.0,279.0,5.0,SOFT,False,70.621,18.372,33.439,18.81,225.0,207.0,269.0,282.0,2.0,SOFT,True
2024,8,GRAND PRIX DE MONACO,HUL,Haas F1 Team,21.3,44.0,61.0,1016.9,1.1,0.0,0,14.0,2,71.876,18.824,33.857,19.195,220.0,203.0,271.0,284.0,2.0,SOFT,True,71.44,18.67,33.631,19.139,219.0,207.0,272.0,284.0,3.0,SOFT,True,,,,,,,,,,,
2024,8,GRAND PRIX DE MONACO,LEC,Ferrari,21.3,44.0,61.0,1016.9,1.1,0.0,0,1.0,3,71.584,18.597,33.825,19.162,220.0,205.0,269.0,281.0,9.0,SOFT,False,70.825,18.48,33.44,18.905,222.0,209.0,269.0,280.0,2.0,SOFT,True,70.27,18.386,33.174,18.71,222.0,208.0,269.0,280.0,2.0,SOFT,True
2024,8,GRAND PRIX DE MONACO,MAG,Haas F1 Team,21.3,44.0,61.0,1016.9,1.1,0.0,0,15.0,2,71.832,18.696,33.969,19.167,220.0,202.0,272.0,283.0,2.0,SOFT,True,71.725,18.82,33.812,19.093,218.0,204.0,271.0,284.0,2.0,SOFT,True,,,,,,,,,,,
2024,8,GRAND PRIX DE MONACO,NOR,McLaren,21.3,44.0,61.0,1016.9,1.1,0.0,0,4.0,3,71.76,18.756,33.793,19.211,221.0,204.0,265.0,279.0,4.0,SOFT,False,70.732,18.432,33.415,18.885,224.0,208.0,266.0,277.0,2.0,SOFT,True,70.542,18.466,33.34,18.736,224.0,209.0,267.0,279.0,2.0,SOFT,True
2024,8,GRAND PRIX DE MONACO,OCO,Alpine,21.3,44.0,61.0,1016.9,1.1,0.0,0,11.0,2,71.887,18.761,33.802,19.324,217.0,204.0,267.0,281.0,4.0,SOFT,True,71.285,18.701,33.539,19.045,218.0,206.0,267.0,278.0,3.0,SOFT,True,,,,,,,,,,,
2024,8,GRAND PRIX DE MONACO,PER,Red Bull Racing,21.3,44.0,61.0,1016.9,1.1,0.0,0,16.0,1,72.06,18.831,33.993,19.236,220.0,207.0,268.0,280.0,2.0,SOFT,True,,,,,,,,,,,,,,,,,,,,,,
2024,8,GRAND PRIX DE MONACO,PIA,McLaren,21.3,44.0,61.0,1016.9,1.1,0.0,0,2.0,3,71.5,18.614,33.707,19.179,224.0,206.0,268.0,280.0,4.0,SOFT,True,70.756,18.471,33.291,18.994,224.0,210.0,266.0,277.0,2.0,SOFT,True,70.424,18.303,33.38,18.741,225.0,211.0,269.0,278.0,2.0,SOFT,True
2024,8,GRAND PRIX DE MONACO,RIC,Racing Bulls,21.3,44.0,61.0,1016.9,1.1,0.0,0,12.0,2,71.785,18.895,33.708,19.182,221.0,206.0,266.0,278.0,5.0,SOFT,True,71.482,18.77,33.705,19.007,222.0,208.0,266.0,275.0,2.0,SOFT,True,,,,,,,,,,,
2024,8,GRAND PRIX DE MONACO,RUS,Mercedes,21.3,44.0,61.0,1016.9,1.1,0.0,0,5.0,3,71.492,18.544,33.894,19.054,221.0,207.0,271.0,281.0,2.0,SOFT,True,70.929,18.461,33.498,18.97,224.0,207.0,270.0,279.0,2.0,SOFT,True,70.543,18.244,33.462,18.837,227.0,210.0,272.0,280.0,2.0,SOFT,True
2024,8,GRAND PRIX DE MONACO,SAI,Ferrari,21.3,44.0,61.0,1016.9,1.1,0.0,0,3.0,3,71.543,18.679,33.614,19.25,220.0,205.0,266.0,281.0,3.0,SOFT,True,71.075,18.669,33.543,18.863,218.0,208.0,268.0,279.0,2.0,SOFT,True,70.518,18.494,33.241,18.783,223.0,208.0,266.0,280.0,3.0,SOFT,True
2024,8,GRAND PRIX DE MONACO,SAR,Williams,21.3,44.0,61.0,1016.9,1.1,0.0,0,15.0,1,72.02,18.8,34.068,19.152,221.0,205.0,269.0,280.0,5.0,SOFT,True,,,,,,,,,,,,,,,,,,,,,,
2024,8,GRAND PRIX DE MONACO,STR,Aston Martin,21.3,44.0,61.0,1016.9,1.1,0.0,0,13.0,2,71.728,18.643,33.85,19.235,222.0,201.0,272.0,281.0,2.0,SOFT,True,71.563,18.687,33.774,19.102,218.0,205.0,270.0,280.0,2.0,SOFT,True,,,,,,,,,,,
2024,8,GRAND PRIX DE MONACO,TSU,Racing Bulls,21.3,44.0,61.0,1016.9,1.1,0.0,0,8.0,3,71.852,18.845,33.582,19.425,223.0,203.0,266.0,281.0,2.0,SOFT,True,71.106,18.611,33.501,18.994,223.0,206.0,266.0,279.0,2.0,SOFT,True,70.858,18.595,33.47,18.793,223.0,205.0,264.0,275.0,2.0,SOFT,True
2024,8,GRAND PRIX DE MONACO,VER,Red Bull Racing,21.3,44.0,61.0,1016.9,1.1,0.0,0,6.0,3,71.711,18.612,33.97,19.129,222.0,207.0,269.0,280.0,9.0,SOFT,True,70.745,18.292,33.502,18.951,223.0,210.0,269.0,281.0,3.0,SOFT,True,70.567,18.255,33.424,18.888,223.0,208.0,267.0,279.0,3.0,SOFT,True
2024,8,GRAND PRIX DE MONACO,ZHO,Kick Sauber,21.3,44.0,61.0,1016.9,1.1,0.0,0,18.0,1,73.028,19.387,34.172,19.469,219.0,203.0,268.0,280.0,4.0,SOFT,True,,,,,,,,,,,,,,,,,,,,,,
2024,9,GRAND PRIX DU CANADA,ALB,Williams,20.7,30.85,68.0,1000.8,1.85,0.0,0,10.0,3,72.896,20.435,23.07,29.391,261.0,285.0,295.0,331.0,4.0,SOFT,True,72.485,20.239,22.967,29.279,261.0,287.0,295.0,329.0,4.0,SOFT,True,72.796,20.352,23.082,29.362,261.0,285.0,295.0,327.0,3.0,SOFT,True
2024,9,GRAND PRIX DU CANADA,ALO,Aston Martin,20.7,30.85,68.0,1000.8,1.85,0.0,0,6.0,3,73.117,20.448,23.226,29.443,262.0,285.0,296.0,330.0,2.0,SOFT,True,72.635,20.292,23.079,29.264,262.0,285.0,294.0,329.0,2.0,SOFT,True,72.228,20.108,22.972,29.148,262.0,284.0,294.0,328.0,2.0,SOFT,True
2024,9,GRAND PRIX DU CANADA,BOT,Kick Sauber,20.7,30.85,68.0,1000.8,1.85,0.0,0,17.0,1,73.366,20.605,23.377,29.384,262.0,286.0,295.0,328.0,4.0,SOFT,False,,,,,,,,,,,,,,,,,,,,,,
2024,9,GRAND PRIX DU CANADA,GAS,Alpine,20.7,30.85,68.0,1000.8,1.85,0.0,0,15.0,2,73.289,20.453,23.32,29.516,259.0,282.0,294.0,323.0,3.0,SOFT,True,72.94,20.445,23.1,29.395,258.0,284.0,293.0,321.0,3.0,SOFT,True,,,,,,,,,,,
2024,9,GRAND PRIX DU CANADA,HAM,Mercedes,20.7,30.85,68.0,1000.8,1.85,0.0,0,7.0,3,72.851,20.416,23.031,29.404,260.0,287.0,294.0,322.0,8.0,SOFT,False,71.979,20.121,22.642,29.216,262.0,285.0,295.0,320.0,2.0,SOFT,True,72.28,20.121,22.745,29.414,263.0,285.0,291.0,324.0,5.0,SOFT,False
2024,9,GRAND PRIX DU CANADA,HUL,Haas F1 Team,20.7,30.85,68.0,1000.8,1.85,0.0,0,19.0,1,73.978,20.713,23.428,29.837,260.0,283.0,297.0,322.0,4.0,SOFT,True,,,,,,,,,,,,,,,,,,,,,,
2024,9,GRAND PRIX DU CANADA,LEC,Ferrari,20.7,30.85,68.0,1000.8,1.85,0.0,0,11.0,2,73.107,20.529,23.223,29.355,261.0,284.0,295.0,324.0,2.0,SOFT,True,72.691,20.471,23.037,29.183,261.0,286.0,295.0,324.0,6.0,SOFT,False,,,,,,,,,,,
2024,9,GRAND PRIX DU CANADA,MAG,Haas F1 Team,20.7,30.85,68.0,1000.8,1.85,0.0,0,14.0,2,73.217,20.51,23.274,29.433,261.0,285.0,294.0,327.0,4.0,SOFT,True,72.916,20.431,23.164,29.321,261.0,284.0,297.0,327.0,4.0,SOFT,True,,,,,,,,,,,
2024,9,GRAND PRIX DU CANADA,NOR,McLaren,20.7,30.85,68.0,1000.8,1.85,0.0,0,3.0,3,72.959,20.421,23.177,29.361,261.0,284.0,296.0,324.0,2.0,SOFT,True,72.201,20.227,22.877,29.097,260.0,284.0,295.0,325.0,5.0,SOFT,False,72.021,20.149,22.776,29.096,259.0,283.0,293.0,321.0,2.0,SOFT,True
2024,9,GRAND PRIX DU CANADA,OCO,Alpine,20.7,30.85,68.0,1000.8,1.85,0.0,0,18.0,1,73.435,20.755,23.231,29.449,260.0,282.0,294.0,322.0,2.0,SOFT,True,,,,,,,,,,,,,,,,,,,,,,
2024,9,GRAND PRIX DU CANADA,PER,Red Bull Racing,20.7,30.85,68.0,1000.8,1.85,0.0,0,16.0,1,73.326,20.678,23.3,29.348,260.0,285.0,297.0,328.0,2.0,SOFT,True,,,,,,,,,,,,,,,,,,,,,,
2024,9,GRAND PRIX DU CANADA,PIA,McLaren,20.7,30.85,68.0,1000.8,1.85,0.0,0,4.0,3,72.907,20.45,23.27,29.187,261.0,284.0,295.0,326.0,4.0,SOFT,True,72.462,20.408,22.935,29.119,260.0,284.0,296.0,325.0,2.0,SOFT,True,72.103,20.255,22.792,29.056,260.0,284.0,292.0,322.0,3.0,SOFT,True
2024,9,GRAND PRIX DU CANADA,RIC,Racing Bulls,20.7,30.85,68.0,1000.8,1.85,0.0,0,5.0,3,73.24,20.525,23.173,29.542,261.0,285.0,296.0,330.0,4.0,SOFT,True,72.572,20.338,23.037,29.197,261.0,284.0,297.0,330.0,2.0,SOFT,True,72.178,20.115,22.932,29.131,262.0,286.0,296.0,329.0,2.0,SOFT,True
2024,9,GRAND PRIX DU CANADA,RUS,Mercedes,20.7,30.85,68.0,1000.8,1.85,0.0,0,1.0,3,73.013,20.453,23.034,29.526,261.0,285.0,297.0,323.0,8.0,SOFT,False,71.742,20.057,22.714,28.971,263.0,285.0,297.0,326.0,2.0,SOFT,True,72.0,20.123,22.726,29.151,264.0,284.0,294.0,330.0,5.0,SOFT,False
2024,9,GRAND PRIX DU CANADA,SAI,Ferrari,20.7,30.85,68.0,1000.8,1.85,0.0,0,12.0,2,73.038,20.432,23.14,29.466,261.0,286.0,295.0,327.0,2.0,SOFT,True,72.728,20.377,22.965,29.386,260.0,284.0,294.0,325.0,6.0,SOFT,False,,,,,,,,,,,
2024,9,GRAND PRIX DU CANADA,SAR,Williams,20.7,30.85,68.0,1000.8,1.85,0.0,0,13.0,2,73.063,20.61,23.018,29.435,260.0,286.0,294.0,329.0,5.0,SOFT,True,72.736,20.479,22.99,29.267,261.0,287.0,296.0,329.0,4.0,SOFT,True,,,,,,,,,,,
2024,9,GRAND PRIX DU CANADA,STR,Aston Martin,20.7,30.85,68.0,1000.8,1.85,0.0,0,9.0,3,73.088,20.446,23.156,29.486,260.0,284.0,296.0,327.0,2.0,SOFT,True,72.659,20.258,23.002,29.399,261.0,285.0,295.0,330.0,2.0,SOFT,True,72.701,20.379,22.963,29.359,260.0,284.0,298.0,333.0,2.0,SOFT,True
2024,9,GRAND PRIX DU CANADA,TSU,Racing Bulls,20.7,30.85,68.0,1000.8,1.85,0.0,0,8.0,3,72.748,20.354,23.159,29.235,262.0,287.0,297.0,329.0,4.0,SOFT,True,72.303,20.234,22.943,29.126,261.0,286.0,299.0,332.0,2.0,SOFT,True,72.414,20.402,22.88,29.132,261.0,286.0,296.0,328.0,2.0,SOFT,True
2024,9,GRAND PRIX DU CANADA,VER,Red Bull Racing,20.7,30.85,68.0,1000.8,1.85,0.0,0,2.0,3,72.36,20.28,22.99,29.09,259.0,284.0,291.0,326.0,2.0,SOFT,True,72.549,20.191,22.902,29.456,260.0,285.0,294.0,324.0,2.0,SOFT,True,72.0,19.987,22.915,29.098,261.0,284.0,295.0,326.0,2.0,SOFT,True
2024,9,GRAND PRIX DU CANADA,ZHO,Kick Sauber,20.7,30.85,68.0,1000.8,1.85,0.0,0,20.0,1,74.292,20.934,23.588,29.77,260.0,286.0,295.0,322.0,4.0,SOFT,True,,,,,,,,,,,,,,,,,,,,,,
2024,10,GRAN PREMIO DE ESPAÑA,ALB,Williams,24.1,36.25,68.0,1003.7,1.4,0.0,0,19.0,1,73.153,21.819,29.193,22.141,288.0,303.0,281.0,321.0,2.0,SOFT,True,,,,,,,,,,,,,,,,,,,,,,
2024,10,GRAN PREMIO DE ESPAÑA,ALO,Aston Martin,24.1,36.25,68.0,1003.7,1.4,0.0,0,11.0,2,72.505,21.702,28.887,21.916,289.0,303.0,286.0,325.0,2.0,SOFT,True,72.128,21.583,28.79,21.755,288.0,303.0,289.0,325.0,2.0,SOFT,True,,,,,,,,,,,
2024,10,GRAN PREMIO DE ESPAÑA,BOT,Kick Sauber,24.1,36.25,68.0,1003.7,1.4,0.0,0,12.0,2,72.758,21.71,29.139,21.909,288.0,303.0,290.0,322.0,2.0,SOFT,True,72.227,21.658,28.843,21.726,290.0,306.0,292.0,324.0,2.0,SOFT,True,,,,,,,,,,,
2024,10,GRAN PREMIO DE ESPAÑA,GAS,Alpine,24.1,36.25,68.0,1003.7,1.4,0.0,0,7.0,3,72.651,21.672,29.162,21.817,289.0,306.0,290.0,322.0,2.0,SOFT,True,72.079,21.613,28.791,21.675,289.0,307.0,291.0,322.0,2.0,SOFT,True,71.857,21.547,28.677,21.633,288.0,306.0,290.0,324.0,2.0,SOFT,True
2024,10,GRAN PREMIO DE ESPAÑA,HAM,Mercedes,24.1,36.25,68.0,1003.7,1.4,0.0,0,3.0,3,72.143,21.516,28.691,21.936,291.0,308.0,294.0,323.0,2.0,SOFT,True,71.792,21.456,28.677,21.659,291.0,308.0,289.0,322.0,2.0,SOFT,True,71.701,21.459,28.543,21.699,293.0,311.0,294.0,327.0,2.0,SOFT,True
2024,10,GRAN PREMIO DE ESPAÑA,HUL,Haas F1 Team,24.1,36.25,68.0,1003.7,1.4,0.0,0,13.0,2,72.708,21.682,29.108,21.918,289.0,311.0,293.0,329.0,2.0,SOFT,True,72.31,21.555,28.975,21.78,291.0,311.0,293.0,327.0,2.0,SOFT,True,,,,,,,,,,,
2024,10,GRAN PREMIO DE ESPAÑA,LEC,Ferrari,24.1,36.25,68.0,1003.7,1.4,0.0,0,5.0,3,72.257,21.603,28.864,21.79,291.0,309.0,290.0,324.0,2.0,SOFT,True,72.038,21.455,28.879,21.704,291.0,309.0,291.0,327.0,2.0,SOFT,True,71.731,21.39,28.672,21.669,291.0,310.0,289.0,327.0,2.0,SOFT,True
2024,10,GRAN PREMIO DE ESPAÑA,MAG,Haas F1 Team,24.1,36.25,68.0,1003.7,1.4,0.0,0,16.0,1,72.937,21.754,29.17,22.013,290.0,309.0,291.0,325.0,2.0,SOFT,True,,,,,,,,,,,,,,,,,,,,,,
2024,10,GRAN PREMIO DE ESPAÑA,NOR,McLaren,24.1,36.25,68.0,1003.7,1.4,0.0,0,1.0,3,72.386,21.579,28.941,21.866,289.0,303.0,289.0,323.0,2.0,SOFT,True,71.872,21.455,28.691,21.726,290.0,307.0,286.0,325.0,2.0,SOFT,True,71.383,21.383,28.402,21.598,287.0,306.0,288.0,323.0,2.0,SOFT,True
2024,10,GRAN PREMIO DE ESPAÑA,OCO,Alpine,24.1,36.25,68.0,1003.7,1.4,0.0,0,9.0,3,72.691,21.688,29.033,21.97,288.0,306.0,292.0,320.0,2.0,SOFT,True,72.109,21.608,28.803,21.698,289.0,307.0,291.0,322.0,2.0,SOFT,True,72.125,21.619,28.765,21.741,289.0,307.0,291.0,322.0,2.0,SOFT,True
2024,10,GRAN PREMIO DE ESPAÑA,PER,Red Bull Racing,24.1,36.25,68.0,1003.7,1.4,0.0,0,8.0,3,72.477,21.724,28.979,21.774,289.0,310.0,293.0,320.0,2.0,SOFT,True,72.054,21.535,28.794,21.725,290.0,312.0,293.0,324.0,2.0,SOFT,True,72.061,21.494,28.79,21.777,289.0,310.0,289.0,322.0,2.0,SOFT,True
2024,10,GRAN PREMIO DE ESPAÑA,PIA,McLaren,24.1,36.25,68.0,1003.7,1.4,0.0,0,10.0,3,72.46,21.69,28.937,21.833,288.0,306.0,288.0,320.0,2.0,SOFT,True,72.011,21.533,28.694,21.784,286.0,303.0,289.0,322.0,2.0,SOFT,True,72.542,21.646,28.922,21.974,289.0,303.0,289.0,321.0,4.0,SOFT,False
2024,10,GRAN PREMIO DE ESPAÑA,RIC,Racing Bulls,24.1,36.25,68.0,1003.7,1.4,0.0,0,18.0,1,73.075,21.725,29.203,22.147,290.0,310.0,290.0,324.0,2.0,SOFT,True,,,,,,,,,,,,,,,,,,,,,,
2024,10,GRAN PREMIO DE ESPAÑA,RUS,Mercedes,24.1,36.25,68.0,1003.7,1.4,0.0,0,4.0,3,72.456,21.673,28.959,21.824,289.0,303.0,291.0,324.0,2.0,SOFT,True,71.812,21.342,28.713,21.757,288.0,307.0,295.0,328.0,2.0,SOFT,True,71.703,21.36,28.659,21.684,290.0,310.0,293.0,328.0,2.0,SOFT,True
2024,10,GRAN PREMIO DE ESPAÑA,SAI,Ferrari,24.1,36.25,68.0,1003.7,1.4,0.0,0,6.0,3,72.403,21.43,29.024,21.949,290.0,308.0,287.0,327.0,2.0,SOFT,True,71.874,21.408,28.667,21.799,291.0,309.0,287.0,326.0,2.0,SOFT,True,71.736,21.421,28.625,21.69,288.0,308.0,289.0,324.0,2.0,SOFT,True
2024,10,GRAN PREMIO DE ESPAÑA,SAR,Williams,24.1,36.25,68.0,1003.7,1.4,0.0,0,20.0,1,73.509,21.853,29.41,22.246,284.0,304.0,286.0,325.0,2.0,SOFT,True,,,,,,,,,,,,,,,,,,,,,,
2024,10,GRAN PREMIO DE ESPAÑA,STR,Aston Martin,24.1,36.25,68.0,1003.7,1.4,0.0,0,14.0,2,72.881,21.636,29.159,22.086,286.0,302.0,287.0,326.0,2.0,SOFT,True,72.372,21.638,28.86,21.874,287.0,305.0,287.0,323.0,2.0,SOFT,True,,,,,,,,,,,
2024,10,GRAN PREMIO DE ESPAÑA,TSU,Racing Bulls,24.1,36.25,68.0,1003.7,1.4,0.0,0,17.0,1,72.985,21.665,29.21,22.11,290.0,309.0,291.0,326.0,2.0,SOFT,True,,,,,,,,,,,,,,,,,,,,,,
2024,10,GRAN PREMIO DE ESPAÑA,VER,Red Bull Racing,24.1,36.25,68.0,1003.7,1.4,0.0,0,2.0,3,72.306,21.68,28.887,21.739,290.0,309.0,291.0,320.0,2.0,SOFT,True,71.653,21.52,28.553,21.58,290.0,311.0,291.0,324.0,2.0,SOFT,True,71.403,21.369,28.541,21.493,289.0,310.0,295.0,328.0,2.0,SOFT,True
2024,10,GRAN PREMIO DE ESPAÑA,ZHO,Kick Sauber,24.1,36.25,68.0,1003.7,1.4,0.0,0,15.0,2,72.88,21.69,29.149,22.041,291.0,306.0,291.0,326.0,2.0,SOFT,True,72.738,21.686,29.004,22.048,291.0,307.0,292.0,326.0,2.0,SOFT,True,,,,,,,,,,,
2024,11,AUSTRIAN GRAND PRIX,ALB,Williams,31.3,46.1,38.0,938.5,1.3,0.0,0,16.0,1,65.736,16.442,29.406,19.888,322.0,244.0,284.0,318.0,2.0,SOFT,True,,,,,,,,,,,,,,,,,,,,,,
2024,11,AUSTRIAN GRAND PRIX,ALO,Aston Martin,31.3,46.1,38.0,938.5,1.3,0.0,0,15.0,2,65.656,16.595,29.417,19.644,320.0,244.0,283.0,316.0,2.0,SOFT,True,65.639,16.505,29.362,19.772,321.0,243.0,282.0,315.0,2.0,SOFT,True,,,,,,,,,,,
2024,11,AUSTRIAN GRAND PRIX,BOT,Kick Sauber,31.3,46.1,38.0,938.5,1.3,0.0,0,18.0,1,65.847,16.535,29.337,19.975,321.0,241.0,286.0,317.0,2.0,SOFT,True,,,,,,,,,,,,,,,,,,,,,,
2024,11,AUSTRIAN GRAND PRIX,GAS,Alpine,31.3,46.1,38.0,938.5,1.3,0.0,0,13.0,2,65.598,16.512,29.34,19.746,319.0,243.0,284.0,314.0,2.0,SOFT,True,65.335,16.452,29.146,19.737,318.0,236.0,284.0,314.0,2.0,SOFT,True,,,,,,,,,,,
2024,11,AUSTRIAN GRAND PRIX,HAM,Mercedes,31.3,46.1,38.0,938.5,1.3,0.0,0,5.0,3,65.541,16.543,29.188,19.81,319.0,245.0,284.0,318.0,2.0,SOFT,True,65.053,16.342,29.033,19.678,318.0,245.0,285.0,317.0,2.0,SOFT,True,64.903,16.338,29.033,19.532,320.0,245.0,284.0,317.0,2.0,SOFT,True
2024,11,AUSTRIAN GRAND PRIX,HUL,Haas F1 Team,31.3,46.1,38.0,938.5,1.3,0.0,0,9.0,3,65.596,16.528,29.263,19.805,323.0,245.0,286.0,319.0,2.0,SOFT,True,65.262,16.391,29.065,19.806,322.0,247.0,285.0,318.0,2.0,SOFT,True,65.385,16.42,29.144,19.821,322.0,244.0,285.0,319.0,2.0,SOFT,True
2024,11,AUSTRIAN GRAND PRIX,LEC,Ferrari,31.3,46.1,38.0,938.5,1.3,0.0,0,6.0,3,65.509,16.498,29.378,19.633,321.0,247.0,284.0,317.0,2.0,SOFT,True,65.104,16.369,29.135,19.6,320.0,247.0,286.0,315.0,4.0,SOFT,False,65.044,16.361,29.044,19.639,321.0,245.0,286.0,317.0,4.0,SOFT,False
2024,11,AUSTRIAN GRAND PRIX,MAG,Haas F1 Team,31.3,46.1,38.0,938.5,1.3,0.0,0,12.0,2,65.508,16.41,29.233,19.865,323.0,242.0,285.0,320.0,2.0,SOFT,True,65.347,16.384,29.173,19.79,323.0,240.0,284.0,318.0,2.0,SOFT,True,,,,,,,,,,,
2024,11,AUSTRIAN GRAND PRIX,NOR,McLaren,31.3,46.1,38.0,938.5,1.3,0.0,0,2.0,3,65.45,16.356,29.369,19.725,322.0,243.0,281.0,315.0,2.0,SOFT,True,65.103,16.388,29.194,19.521,319.0,247.0,284.0,315.0,2.0,SOFT,True,64.718,16.377,28.847,19.494,318.0,248.0,283.0,316.0,2.0,SOFT,True
2024,11,AUSTRIAN GRAND PRIX,OCO,Alpine,31.3,46.1,38.0,938.5,1.3,0.0,0,10.0,3,65.574,16.489,29.376,19.709,318.0,244.0,283.0,315.0,2.0,SOFT,True,65.274,16.429,29.141,19.704,316.0,247.0,282.0,317.0,2.0,SOFT,True,65.883,16.555,29.44,19.888,318.0,241.0,284.0,315.0,5.0,SOFT,False
2024,11,AUSTRIAN GRAND PRIX,PER,Red Bull Racing,31.3,46.1,38.0,938.5,1.3,0.0,0,8.0,3,65.587,16.542,29.354,19.691,322.0,242.0,286.0,318.0,2.0,SOFT,True,65.144,16.493,29.054,19.597,321.0,246.0,284.0,318.0,2.0,SOFT,True,65.202,16.454,29.153,19.595,320.0,241.0,286.0,316.0,5.0,SOFT,False
2024,11,AUSTRIAN GRAND PRIX,PIA,McLaren,31.3,46.1,38.0,938.5,1.3,0.0,0,7.0,3,65.311,16.405,29.143,19.763,319.0,245.0,283.0,314.0,2.0,SOFT,True,65.07,16.387,29.065,19.618,319.0,247.0,285.0,315.0,2.0,SOFT,True,64.786,16.422,28.924,19.44,318.0,249.0,285.0,315.0,2.0,SOFT,True
2024,11,AUSTRIAN GRAND PRIX,RIC,Racing Bulls,31.3,46.1,38.0,938.5,1.3,0.0,0,11.0,2,65.569,16.405,29.314,19.85,323.0,247.0,287.0,318.0,2.0,SOFT,True,65.289,16.405,29.193,19.691,323.0,245.0,287.0,319.0,2.0,SOFT,True,,,,,,,,,,,
2024,11,AUSTRIAN GRAND PRIX,RUS,Mercedes,31.3,46.1,38.0,938.5,1.3,0.0,0,3.0,3,65.585,16.529,29.439,19.617,319.0,246.0,285.0,317.0,4.0,SOFT,False,65.016,16.393,29.06,19.563,320.0,245.0,285.0,318.0,2.0,SOFT,True,64.84,16.403,28.882,19.555,321.0,247.0,286.0,318.0,2.0,SOFT,True
2024,11,AUSTRIAN GRAND PRIX,SAI,Ferrari,31.3,46.1,38.0,938.5,1.3,0.0,0,4.0,3,65.263,16.37,29.178,19.715,322.0,244.0,286.0,316.0,2.0,SOFT,True,65.016,16.388,29.07,19.558,320.0,247.0,283.0,316.0,2.0,SOFT,True,64.851,16.385,28.89,19.576,320.0,250.0,285.0,317.0,2.0,SOFT,True
2024,11,AUSTRIAN GRAND PRIX,SAR,Williams,31.3,46.1,38.0,938.5,1.3,0.0,0,19.0,1,65.856,16.495,29.357,20.004,322.0,244.0,283.0,318.0,2.0,SOFT,True,,,,,,,,,,,,,,,,,,,,,,
2024,11,AUSTRIAN GRAND PRIX,STR,Aston Martin,31.3,46.1,38.0,938.5,1.3,0.0,0,17.0,1,65.819,16.526,29.453,19.84,324.0,241.0,284.0,318.0,2.0,SOFT,True,,,,,,,,,,,,,,,,,,,,,,
2024,11,AUSTRIAN GRAND PRIX,TSU,Racing Bulls,31.3,46.1,38.0,938.5,1.3,0.0,0,14.0,2,65.563,16.424,29.262,19.877,321.0,241.0,285.0,317.0,2.0,SOFT,True,65.412,16.422,29.245,19.745,322.0,245.0,286.0,316.0,2.0,SOFT,True,,,,,,,,,,,
2024,11,AUSTRIAN GRAND PRIX,VER,Red Bull Racing,31.3,46.1,38.0,938.5,1.3,0.0,0,1.0,3,65.336,16.421,29.316,19.599,322.0,244.0,285.0,316.0,5.0,SOFT,False,64.469,16.262,28.852,19.355,322.0,249.0,288.0,318.0,2.0,SOFT,True,64.314,16.254,28.791,19.269,323.0,249.0,288.0,319.0,2.0,SOFT,True
2024,11,AUSTRIAN GRAND PRIX,ZHO,Kick Sauber,31.3,46.1,38.0,938.5,1.3,0.0,0,20.0,1,66.061,16.58,29.38,20.101,321.0,243.0,276.0,318.0,2.0,SOFT,True,,,,,,,,,,,,,,,,,,,,,,
2024,12,BRITISH GRAND PRIX,ALB,Williams,13.8,21.3,74.0,987.4,1.6,0.0,0,9.0,3,91.135,29.294,36.646,25.195,294.0,257.0,236.0,304.0,3.0,SOFT,True,86.933,28.306,34.874,23.753,312.0,263.0,252.0,324.0,2.0,SOFT,True,86.64,28.004,34.999,23.637,313.0,266.0,253.0,324.0,2.0,SOFT,True
2024,12,BRITISH GRAND PRIX,ALO,Aston Martin,13.8,21.3,74.0,987.4,1.6,0.0,0,10.0,3,91.264,29.224,36.835,25.205,292.0,260.0,249.0,303.0,4.0,SOFT,True,86.73,28.136,34.915,23.679,314.0,265.0,252.0,323.0,3.0,SOFT,False,86.917,28.248,35.038,23.631,314.0,266.0,252.0,323.0,6.0,SOFT,False
2024,12,BRITISH GRAND PRIX,BOT,Kick Sauber,13.8,21.3,74.0,987.4,1.6,0.0,0,16.0,1,92.431,29.149,37.552,25.73,290.0,256.0,248.0,294.0,2.0,SOFT,True,,,,,,,,,,,,,,,,,,,,,,
2024,12,BRITISH GRAND PRIX,GAS,Alpine,13.8,21.3,74.0,987.4,1.6,0.0,0,20.0,1,99.804,31.617,40.506,27.681,284.0,241.0,229.0,292.0,2.0,INTERMEDIATE,True,,,,,,,,,,,,,,,,,,,,,,
2024,12,BRITISH GRAND PRIX,HAM,Mercedes,13.8,21.3,74.0,987.4,1.6,0.0,0,2.0,3,89.547,28.925,35.67,24.952,292.0,262.0,243.0,300.0,4.0,SOFT,True,86.77,28.224,34.921,23.625,311.0,266.0,250.0,320.0,2.0,SOFT,True,85.99,27.99,34.618,23.382,312.0,269.0,249.0,322.0,2.0,SOFT,True
2024,12,BRITISH GRAND PRIX,HUL,Haas F1 Team,13.8,21.3,74.0,987.4,1.6,0.0,0,6.0,3,91.929,29.532,37.039,25.358,295.0,256.0,248.0,302.0,2.0,SOFT,True,86.847,28.059,35.073,23.715,314.0,262.0,253.0,322.0,2.0,SOFT,True,86.338,27.886,34.783,23.669,315.0,261.0,253.0,324.0,2.0,SOFT,True
2024,12,BRITISH GRAND PRIX,LEC,Ferrari,13.8,21.3,74.0,987.4,1.6,0.0,0,11.0,2,90.496,29.112,36.265,25.119,291.0,261.0,239.0,296.0,4.0,SOFT,True,87.097,28.117,35.16,23.82,312.0,254.0,254.0,321.0,2.0,SOFT,True,,,,,,,,,,,
2024,12,BRITISH GRAND PRIX,MAG,Haas F1 Team,13.8,21.3,74.0,987.4,1.6,0.0,0,17.0,1,92.905,29.587,37.446,25.872,294.0,257.0,229.0,293.0,2.0,SOFT,True,,,,,,,,,,,,,,,,,,,,,,
2024,12,BRITISH GRAND PRIX,NOR,McLaren,13.8,21.3,74.0,987.4,1.6,0.0,0,3.0,3,91.596,29.155,37.04,25.401,283.0,259.0,244.0,296.0,2.0,SOFT,True,86.559,28.113,34.813,23.633,309.0,267.0,252.0,320.0,3.0,SOFT,True,86.03,28.025,34.567,23.438,307.0,268.0,254.0,317.0,2.0,SOFT,True
2024,12,BRITISH GRAND PRIX,OCO,Alpine,13.8,21.3,74.0,987.4,1.6,0.0,0,18.0,1,94.557,30.569,38.201,25.787,287.0,253.0,244.0,295.0,3.0,SOFT,True,,,,,,,,,,,,,,,,,,,,,,
2024,12,BRITISH GRAND PRIX,PER,Red Bull Racing,13.8,21.3,74.0,987.4,1.6,0.0,0,19.0,1,98.348,31.119,39.482,27.747,294.0,246.0,222.0,297.0,2.0,INTERMEDIATE,True,,,,,,,,,,,,,,,,,,,,,,
2024,12,BRITISH GRAND PRIX,PIA,McLaren,13.8,21.3,74.0,987.4,1.6,0.0,0,5.0,3,90.895,29.2,36.417,25.278,286.0,260.0,246.0,292.0,2.0,SOFT,True,86.733,28.178,34.913,23.642,308.0,266.0,253.0,320.0,5.0,SOFT,True,86.237,28.043,34.701,23.493,309.0,270.0,254.0,321.0,2.0,SOFT,True
2024,12,BRITISH GRAND PRIX,RIC,Racing Bulls,13.8,21.3,74.0,987.4,1.6,0.0,0,15.0,2,91.291,29.133,37.045,25.113,294.0,260.0,248.0,302.0,4.0,SOFT,True,87.949,28.418,35.594,23.937,315.0,264.0,251.0,324.0,4.0,SOFT,False,,,,,,,,,,,
2024,12,BRITISH GRAND PRIX,RUS,Mercedes,13.8,21.3,74.0,987.4,1.6,0.0,0,1.0,3,90.106,28.97,36.277,24.859,291.0,262.0,251.0,300.0,4.0,SOFT,True,86.723,28.267,35.016,23.44,312.0,266.0,253.0,321.0,4.0,SOFT,True,85.819,28.016,34.508,23.295,314.0,269.0,252.0,323.0,2.0,SOFT,True
2024,12,BRITISH GRAND PRIX,SAI,Ferrari,13.8,21.3,74.0,987.4,1.6,0.0,0,7.0,3,90.557,29.127,36.345,25.085,288.0,262.0,245.0,299.0,4.0,SOFT,True,86.843,28.107,35.04,23.696,313.0,263.0,253.0,323.0,2.0,SOFT,True,86.509,28.009,34.891,23.609,313.0,265.0,254.0,321.0,2.0,SOFT,True
2024,12,BRITISH GRAND PRIX,SAR,Williams,13.8,21.3,74.0,987.4,1.6,0.0,0,12.0,2,91.608,29.3,36.866,25.442,286.0,256.0,241.0,296.0,3.0,SOFT,True,87.175,28.251,35.129,23.795,311.0,263.0,251.0,322.0,3.0,SOFT,False,,,,,,,,,,,
2024,12,BRITISH GRAND PRIX,STR,Aston Martin,13.8,21.3,74.0,987.4,1.6,0.0,0,8.0,3,91.41,29.063,37.15,25.197,286.0,256.0,249.0,295.0,4.0,SOFT,True,86.938,28.158,35.029,23.751,313.0,266.0,252.0,324.0,3.0,SOFT,False,86.585,27.892,34.941,23.752,312.0,257.0,252.0,324.0,2.0,SOFT,True
2024,12,BRITISH GRAND PRIX,TSU,Racing Bulls,13.8,21.3,74.0,987.4,1.6,0.0,0,13.0,2,90.994,28.754,36.798,25.442,295.0,260.0,244.0,303.0,4.0,SOFT,True,87.269,28.115,35.163,23.991,314.0,265.0,252.0,323.0,2.0,SOFT,True,,,,,,,,,,,
2024,12,BRITISH GRAND PRIX,VER,Red Bull Racing,13.8,21.3,74.0,987.4,1.6,0.0,0,4.0,3,91.342,29.053,36.706,25.583,294.0,259.0,203.0,300.0,4.0,SOFT,True,86.796,28.138,35.077,23.581,313.0,262.0,252.0,320.0,2.0,SOFT,True,86.203,28.136,34.587,23.48,313.0,264.0,252.0,322.0,2.0,SOFT,True
2024,12,BRITISH GRAND PRIX,ZHO,Kick Sauber,13.8,21.3,74.0,987.4,1.6,0.0,0,14.0,2,91.19,29.035,36.652,25.503,290.0,258.0,238.0,297.0,5.0,SOFT,True,87.867,28.252,35.594,24.021,309.0,263.0,251.0,320.0,2.0,SOFT,True,,,,,,,,,,,
2024,13,GRAND PRIX DE MONACO,ALB,Williams,24.3,30.1,61.0,983.9,0.9,1.0,1,13.0,2,77.28,28.331,27.247,21.702,279.0,252.0,252.0,290.0,4.0,SOFT,True,76.429,27.791,27.077,21.561,282.0,254.0,258.0,305.0,2.0,SOFT,True,,,,,,,,,,,
2024,13,GRAND PRIX DE MONACO,ALO,Aston Martin,24.3,30.1,61.0,983.9,0.9,1.0,1,7.0,3,77.624,28.17,27.572,21.882,284.0,253.0,258.0,306.0,4.0,SOFT,True,76.117,27.599,27.042,21.476,279.0,252.0,260.0,307.0,2.0,SOFT,True,76.043,27.629,26.933,21.481,279.0,256.0,260.0,306.0,3.0,SOFT,False
2024,13,GRAND PRIX DE MONACO,BOT,Kick Sauber,24.3,30.1,61.0,983.9,0.9,1.0,1,12.0,2,77.487,28.265,27.415,21.807,281.0,250.0,253.0,290.0,7.0,SOFT,False,76.384,27.708,27.176,21.5,282.0,253.0,259.0,309.0,2.0,SOFT,True,,,,,,,,,,,
2024,13,GRAND PRIX DE MONACO,GAS,Alpine,24.3,30.1,61.0,983.9,0.9,1.0,1,20.0,1,78.166,28.551,27.766,21.849,280.0,247.0,258.0,305.0,2.0,SOFT,True,,,,,,,,,,,,,,,,,,,,,,
2024,13,GRAND PRIX DE MONACO,HAM,Mercedes,24.3,30.1,61.0,983.9,0.9,1.0,1,5.0,3,77.087,28.005,27.259,21.823,279.0,253.0,256.0,308.0,2.0,SOFT,True,76.307,27.793,27.083,21.431,280.0,257.0,257.0,305.0,2.0,SOFT,True,75.854,27.572,26.809,21.473,281.0,256.0,257.0,307.0,2.0,SOFT,True
2024,13,GRAND PRIX DE MONACO,HUL,Haas F1 Team,24.3,30.1,61.0,983.9,0.9,1.0,1,11.0,2,77.362,28.018,27.53,21.814,288.0,253.0,255.0,298.0,2.0,SOFT,True,76.317,27.588,27.092,21.637,288.0,256.0,261.0,312.0,4.0,SOFT,False,,,,,,,,,,,
2024,13,GRAND PRIX DE MONACO,LEC,Ferrari,24.3,30.1,61.0,983.9,0.9,1.0,1,6.0,3,77.437,28.382,27.269,21.786,283.0,253.0,253.0,291.0,9.0,SOFT,False,75.891,27.649,26.742,21.5,284.0,255.0,259.0,307.0,2.0,SOFT,True,75.905,27.644,26.815,21.446,283.0,255.0,260.0,306.0,2.0,SOFT,True
2024,13,GRAND PRIX DE MONACO,MAG,Haas F1 Team,24.3,30.1,61.0,983.9,0.9,1.0,1,15.0,2,77.851,28.372,27.458,22.021,287.0,250.0,255.0,299.0,2.0,SOFT,True,76.548,27.663,27.292,21.593,287.0,255.0,260.0,315.0,3.0,SOFT,False,,,,,,,,,,,
2024,13,GRAND PRIX DE MONACO,NOR,McLaren,24.3,30.1,61.0,983.9,0.9,1.0,1,1.0,3,77.755,28.341,27.434,21.98,280.0,252.0,255.0,305.0,2.0,SOFT,True,75.54,27.632,26.61,21.298,280.0,256.0,259.0,305.0,2.0,SOFT,True,75.227,27.606,26.382,21.239,279.0,257.0,259.0,304.0,2.0,SOFT,True
2024,13,GRAND PRIX DE MONACO,OCO,Alpine,24.3,30.1,61.0,983.9,0.9,1.0,1,19.0,1,78.049,28.484,27.536,22.029,282.0,251.0,259.0,308.0,2.0,SOFT,True,,,,,,,,,,,,,,,,,,,,,,
2024,13,GRAND PRIX DE MONACO,PER,Red Bull Racing,24.3,30.1,61.0,983.9,0.9,1.0,1,16.0,1,77.886,28.356,27.665,21.865,285.0,251.0,259.0,306.0,2.0,SOFT,True,,,,,,,,,,,,,,,,,,,,,,
2024,13,GRAND PRIX DE MONACO,PIA,McLaren,24.3,30.1,61.0,983.9,0.9,1.0,1,2.0,3,77.504,28.281,27.489,21.734,278.0,251.0,255.0,304.0,2.0,SOFT,True,75.785,27.713,26.672,21.4,279.0,256.0,259.0,302.0,3.0,SOFT,False,75.249,27.553,26.472,21.224,277.0,257.0,258.0,300.0,2.0,SOFT,True
2024,13,GRAND PRIX DE MONACO,RIC,Racing Bulls,24.3,30.1,61.0,983.9,0.9,1.0,1,9.0,3,77.05,28.273,27.199,21.578,282.0,253.0,252.0,289.0,2.0,SOFT,True,76.202,27.714,26.877,21.611,282.0,254.0,259.0,302.0,2.0,SOFT,True,76.447,27.808,27.05,21.589,282.0,254.0,255.0,302.0,4.0,SOFT,False
2024,13,GRAND PRIX DE MONACO,RUS,Mercedes,24.3,30.1,61.0,983.9,0.9,1.0,1,17.0,1,77.968,28.628,27.659,21.681,276.0,251.0,253.0,288.0,3.0,SOFT,True,,,,,,,,,,,,,,,,,,,,,,
2024,13,GRAND PRIX DE MONACO,SAI,Ferrari,24.3,30.1,61.0,983.9,0.9,1.0,1,4.0,3,77.244,28.074,27.322,21.848,282.0,251.0,258.0,307.0,2.0,SOFT,True,75.885,27.59,26.832,21.463,282.0,257.0,258.0,307.0,2.0,SOFT,True,75.696,27.465,26.871,21.36,284.0,256.0,258.0,306.0,2.0,SOFT,True
2024,13,GRAND PRIX DE MONACO,SAR,Williams,24.3,30.1,61.0,983.9,0.9,1.0,1,14.0,2,77.77,28.328,27.567,21.875,282.0,249.0,259.0,305.0,2.0,SOFT,True,76.543,27.857,27.055,21.631,281.0,253.0,256.0,306.0,2.0,SOFT,True,,,,,,,,,,,
2024,13,GRAND PRIX DE MONACO,STR,Aston Martin,24.3,30.1,61.0,983.9,0.9,1.0,1,8.0,3,77.405,28.383,27.309,21.713,282.0,252.0,253.0,291.0,2.0,SOFT,True,76.075,27.598,27.077,21.4,283.0,255.0,260.0,308.0,2.0,SOFT,True,76.244,27.63,26.955,21.659,282.0,255.0,259.0,309.0,2.0,SOFT,True
2024,13,GRAND PRIX DE MONACO,TSU,Racing Bulls,24.3,30.1,61.0,983.9,0.9,1.0,1,10.0,3,77.436,28.439,27.36,21.637,283.0,250.0,254.0,287.0,2.0,SOFT,True,76.121,27.784,26.95,21.387,280.0,254.0,258.0,303.0,2.0,SOFT,True,76.477,27.913,27.088,21.476,279.0,252.0,258.0,301.0,5.0,SOFT,False
2024,13,GRAND PRIX DE MONACO,VER,Red Bull Racing,24.3,30.1,61.0,983.9,0.9,1.0,1,3.0,3,77.087,28.383,27.004,21.7,279.0,256.0,252.0,286.0,8.0,SOFT,False,75.77,27.592,26.78,21.398,280.0,257.0,260.0,303.0,2.0,SOFT,True,75.273,27.461,26.524,21.288,280.0,258.0,256.0,305.0,2.0,SOFT,True
2024,13,GRAND PRIX DE MONACO,ZHO,Kick Sauber,24.3,30.1,61.0,983.9,0.9,1.0,1,18.0,1,78.037,28.502,27.538,21.997,279.0,251.0,252.0,289.0,5.0,SOFT,True,,,,,,,,,,,,,,,,,,,,,,
2024,14,BELGIAN GRAND PRIX,ALB,Williams,18.0,22.1,93.0,966.6,1.1,0.0,0,11.0,2,115.722,32.149,53.07,30.503,318.0,179.0,212.0,308.0,4.0,INTERMEDIATE,True,114.473,32.171,51.859,30.443,319.0,181.0,213.0,307.0,2.0,INTERMEDIATE,True,,,,,,,,,,,
2024,14,BELGIAN GRAND PRIX,ALO,Aston Martin,18.0,22.1,93.0,966.6,1.1,0.0,0,9.0,3,115.489,32.372,52.486,30.631,312.0,187.0,208.0,303.0,4.0,INTERMEDIATE,True,114.258,32.29,51.425,30.543,314.0,187.0,212.0,306.0,2.0,INTERMEDIATE,True,114.765,32.191,51.711,30.863,313.0,183.0,211.0,305.0,6.0,INTERMEDIATE,False
2024,14,BELGIAN GRAND PRIX,BOT,Kick Sauber,18.0,22.1,93.0,966.6,1.1,0.0,0,14.0,2,115.531,32.388,52.768,30.375,315.0,187.0,216.0,303.0,3.0,INTERMEDIATE,True,114.764,32.241,51.752,30.771,316.0,183.0,215.0,297.0,3.0,INTERMEDIATE,True,,,,,,,,,,,
2024,14,BELGIAN GRAND PRIX,GAS,Alpine,18.0,22.1,93.0,966.6,1.1,0.0,0,12.0,2,114.911,32.482,51.88,30.549,310.0,188.0,212.0,303.0,4.0,INTERMEDIATE,True,114.635,32.278,51.707,30.65,317.0,187.0,211.0,307.0,2.0,INTERMEDIATE,True,,,,,,,,,,,
2024,14,BELGIAN GRAND PRIX,HAM,Mercedes,18.0,22.1,93.0,966.6,1.1,0.0,0,4.0,3,115.692,32.398,52.722,30.572,313.0,185.0,212.0,304.0,5.0,INTERMEDIATE,True,114.037,32.214,51.202,30.621,316.0,188.0,214.0,303.0,4.0,INTERMEDIATE,True,113.835,32.243,51.046,30.546,314.0,185.0,212.0,306.0,4.0,INTERMEDIATE,True
2024,14,BELGIAN GRAND PRIX,HUL,Haas F1 Team,18.0,22.1,93.0,966.6,1.1,0.0,0,16.0,1,116.308,32.263,53.554,30.491,318.0,183.0,213.0,307.0,2.0,INTERMEDIATE,True,,,,,,,,,,,,,,,,,,,,,,
2024,14,BELGIAN GRAND PRIX,LEC,Ferrari,18.0,22.1,93.0,966.6,1.1,0.0,0,2.0,3,115.349,32.28,52.34,30.729,314.0,189.0,213.0,302.0,2.0,INTERMEDIATE,True,114.193,32.351,51.176,30.666,315.0,189.0,209.0,306.0,4.0,INTERMEDIATE,True,113.754,32.04,51.286,30.428,317.0,185.0,212.0,307.0,2.0,INTERMEDIATE,True
2024,14,BELGIAN GRAND PRIX,MAG,Haas F1 Team,18.0,22.1,93.0,966.6,1.1,0.0,0,17.0,1,116.5,32.431,53.468,30.601,316.0,176.0,213.0,307.0,4.0,INTERMEDIATE,True,,,,,,,,,,,,,,,,,,,,,,
2024,14,BELGIAN GRAND PRIX,NOR,McLaren,18.0,22.1,93.0,966.6,1.1,0.0,0,5.0,3,115.582,32.656,52.559,30.367,305.0,182.0,212.0,304.0,4.0,INTERMEDIATE,True,114.358,32.239,51.723,30.396,318.0,188.0,212.0,301.0,4.0,INTERMEDIATE,True,113.981,32.013,51.527,30.441,317.0,183.0,211.0,308.0,4.0,INTERMEDIATE,True
2024,14,BELGIAN GRAND PRIX,OCO,Alpine,18.0,22.1,93.0,966.6,1.1,0.0,0,10.0,3,115.417,32.087,52.893,30.437,320.0,183.0,215.0,309.0,4.0,INTERMEDIATE,True,114.46,31.905,51.947,30.608,322.0,186.0,213.0,311.0,2.0,INTERMEDIATE,True,114.81,31.891,52.347,30.572,323.0,178.0,212.0,311.0,6.0,INTERMEDIATE,False
2024,14,BELGIAN GRAND PRIX,PER,Red Bull Racing,18.0,22.1,93.0,966.6,1.1,0.0,0,3.0,3,115.139,32.722,51.994,30.423,314.0,187.0,216.0,300.0,2.0,INTERMEDIATE,True,114.47,32.372,51.369,30.729,315.0,188.0,213.0,303.0,2.0,INTERMEDIATE,True,113.765,32.216,51.068,30.481,316.0,185.0,215.0,306.0,5.0,INTERMEDIATE,False
2024,14,BELGIAN GRAND PRIX,PIA,McLaren,18.0,22.1,93.0,966.6,1.1,0.0,0,6.0,3,114.835,32.205,52.44,30.19,315.0,190.0,212.0,307.0,2.0,INTERMEDIATE,True,114.136,32.33,51.467,30.339,315.0,182.0,216.0,298.0,2.0,INTERMEDIATE,True,114.027,32.104,51.517,30.406,318.0,186.0,211.0,309.0,2.0,INTERMEDIATE,True
2024,14,BELGIAN GRAND PRIX,RIC,Racing Bulls,18.0,22.1,93.0,966.6,1.1,0.0,0,13.0,2,115.451,32.475,52.638,30.338,315.0,187.0,215.0,305.0,2.0,INTERMEDIATE,True,114.682,32.178,52.088,30.416,314.0,190.0,214.0,305.0,2.0,INTERMEDIATE,True,,,,,,,,,,,
2024,14,BELGIAN GRAND PRIX,RUS,Mercedes,18.0,22.1,93.0,966.6,1.1,0.0,0,7.0,3,115.353,32.325,52.391,30.637,316.0,186.0,216.0,305.0,2.0,INTERMEDIATE,True,114.095,32.099,51.334,30.662,317.0,187.0,214.0,306.0,4.0,INTERMEDIATE,True,114.184,32.082,51.511,30.591,319.0,177.0,213.0,308.0,4.0,INTERMEDIATE,True
2024,14,BELGIAN GRAND PRIX,SAI,Ferrari,18.0,22.1,93.0,966.6,1.1,0.0,0,8.0,3,115.169,32.279,52.596,30.294,318.0,185.0,212.0,305.0,2.0,INTERMEDIATE,True,114.112,32.141,51.513,30.458,317.0,185.0,208.0,306.0,4.0,INTERMEDIATE,True,114.477,32.385,51.619,30.473,317.0,182.0,215.0,307.0,2.0,INTERMEDIATE,True
2024,14,BELGIAN GRAND PRIX,SAR,Williams,18.0,22.1,93.0,966.6,1.1,0.0,0,19.0,1,117.23,32.713,53.725,30.792,314.0,186.0,212.0,299.0,2.0,INTERMEDIATE,True,,,,,,,,,,,,,,,,,,,,,,
2024,14,BELGIAN GRAND PRIX,STR,Aston Martin,18.0,22.1,93.0,966.6,1.1,0.0,0,15.0,2,116.072,32.766,52.732,30.574,310.0,185.0,214.0,297.0,4.0,INTERMEDIATE,True,115.716,32.647,52.417,30.652,312.0,187.0,212.0,302.0,2.0,INTERMEDIATE,True,,,,,,,,,,,
2024,14,BELGIAN GRAND PRIX,TSU,Racing Bulls,18.0,22.1,93.0,966.6,1.1,0.0,0,18.0,1,116.593,33.296,52.875,30.422,315.0,190.0,216.0,297.0,2.0,INTERMEDIATE,True,,,,,,,,,,,,,,,,,,,,,,
2024,14,BELGIAN GRAND PRIX,VER,Red Bull Racing,18.0,22.1,93.0,966.6,1.1,0.0,0,1.0,3,114.938,32.217,52.289,30.432,309.0,184.0,214.0,304.0,5.0,INTERMEDIATE,True,113.837,32.029,51.28,30.528,316.0,181.0,212.0,307.0,4.0,INTERMEDIATE,True,113.159,31.998,50.837,30.324,317.0,184.0,214.0,307.0,2.0,INTERMEDIATE,True
2024,14,BELGIAN GRAND PRIX,ZHO,Kick Sauber,18.0,22.1,93.0,966.6,1.1,0.0,0,20.0,1,117.775,32.484,54.494,30.797,315.0,179.0,215.0,301.0,5.0,INTERMEDIATE,True,,,,,,,,,,,,,,,,,,,,,,
2024,15,DUTCH GRAND PRIX,ALB,Williams,24.4,30.2,67.0,1002.4,4.3,0.0,0,10.0,3,71.503,24.483,25.612,21.408,285.0,280.0,323.0,327.0,2.0,SOFT,True,70.768,24.303,25.18,21.285,286.0,279.0,319.0,326.0,2.0,SOFT,True,70.653,24.158,25.185,21.31,284.0,281.0,318.0,326.0,2.0,SOFT,True
2024,15,DUTCH GRAND PRIX,ALO,Aston Martin,24.4,30.2,67.0,1002.4,4.3,0.0,0,7.0,3,71.493,24.389,25.586,21.518,287.0,280.0,323.0,332.0,2.0,SOFT,True,70.845,24.25,25.256,21.339,290.0,281.0,322.0,333.0,2.0,SOFT,True,70.633,24.315,25.123,21.195,287.0,283.0,322.0,327.0,2.0,SOFT,True
2024,15,DUTCH GRAND PRIX,BOT,Kick Sauber,24.4,30.2,67.0,1002.4,4.3,0.0,0,17.0,1,72.168,24.63,25.768,21.77,284.0,280.0,325.0,327.0,2.0,SOFT,True,,,,,,,,,,,,,,,,,,,,,,
2024,15,DUTCH GRAND PRIX,GAS,Alpine,24.4,30.2,67.0,1002.4,4.3,0.0,0,9.0,3,71.718,24.411,25.664,21.643,288.0,278.0,325.0,332.0,2.0,SOFT,True,70.815,24.143,25.254,21.418,290.0,282.0,324.0,331.0,2.0,SOFT,True,70.977,24.543,25.054,21.38,287.0,283.0,322.0,330.0,2.0,SOFT,True
2024,15,DUTCH GRAND PRIX,HAM,Mercedes,24.4,30.2,67.0,1002.4,4.3,0.0,0,11.0,2,71.375,24.336,25.424,21.615,287.0,281.0,322.0,333.0,2.0,SOFT,True,70.948,24.258,25.23,21.46,288.0,281.0,322.0,334.0,2.0,SOFT,True,,,,,,,,,,,
2024,15,DUTCH GRAND PRIX,HUL,Haas F1 Team,24.4,30.2,67.0,1002.4,4.3,0.0,0,13.0,2,71.832,24.612,25.61,21.61,290.0,280.0,324.0,331.0,2.0,SOFT,True,71.215,24.55,25.263,21.402,290.0,283.0,324.0,332.0,2.0,SOFT,True,,,,,,,,,,,
2024,15,DUTCH GRAND PRIX,LEC,Ferrari,24.4,30.2,67.0,1002.4,4.3,0.0,0,6.0,3,71.37,24.309,25.641,21.42,289.0,281.0,325.0,332.0,2.0,SOFT,True,70.689,24.188,25.261,21.24,289.0,282.0,320.0,333.0,2.0,SOFT,True,70.582,24.16,25.201,21.221,287.0,282.0,322.0,329.0,2.0,SOFT,True
2024,15,DUTCH GRAND PRIX,MAG,Haas F1 Team,24.4,30.2,67.0,1002.4,4.3,0.0,0,14.0,2,71.63,24.581,25.601,21.448,292.0,280.0,326.0,332.0,2.0,SOFT,True,71.295,24.318,25.603,21.374,291.0,282.0,323.0,331.0,2.0,SOFT,True,,,,,,,,,,,
2024,15,DUTCH GRAND PRIX,NOR,McLaren,24.4,30.2,67.0,1002.4,4.3,0.0,0,1.0,3,71.377,24.485,25.432,21.46,286.0,279.0,322.0,330.0,2.0,SOFT,True,70.496,24.135,25.104,21.257,287.0,284.0,321.0,329.0,2.0,SOFT,True,69.673,23.824,24.819,21.03,288.0,285.0,322.0,329.0,2.0,SOFT,True
2024,15,DUTCH GRAND PRIX,OCO,Alpine,24.4,30.2,67.0,1002.4,4.3,0.0,0,16.0,1,71.995,24.526,25.827,21.642,289.0,277.0,324.0,330.0,2.0,SOFT,True,,,,,,,,,,,,,,,,,,,,,,
2024,15,DUTCH GRAND PRIX,PER,Red Bull Racing,24.4,30.2,67.0,1002.4,4.3,0.0,0,5.0,3,71.006,24.161,25.469,21.376,293.0,282.0,329.0,335.0,2.0,SOFT,True,70.678,24.138,25.21,21.33,294.0,284.0,328.0,334.0,2.0,SOFT,True,70.416,24.065,25.042,21.309,291.0,287.0,326.0,334.0,2.0,SOFT,True
2024,15,DUTCH GRAND PRIX,PIA,McLaren,24.4,30.2,67.0,1002.4,4.3,0.0,0,3.0,3,71.541,24.683,25.277,21.581,289.0,280.0,322.0,332.0,2.0,SOFT,True,70.505,24.229,25.04,21.236,288.0,283.0,322.0,328.0,2.0,SOFT,True,70.172,24.017,24.983,21.172,287.0,283.0,318.0,332.0,2.0,SOFT,True
2024,15,DUTCH GRAND PRIX,RIC,Racing Bulls,24.4,30.2,67.0,1002.4,4.3,0.0,0,15.0,1,71.943,24.704,25.532,21.707,286.0,280.0,323.0,328.0,2.0,SOFT,True,,,,,,,,,,,,,,,,,,,,,,
2024,15,DUTCH GRAND PRIX,RUS,Mercedes,24.4,30.2,67.0,1002.4,4.3,0.0,0,4.0,3,71.049,24.38,25.199,21.47,290.0,283.0,325.0,334.0,2.0,SOFT,True,70.552,24.22,25.103,21.229,289.0,284.0,323.0,331.0,2.0,SOFT,True,70.244,24.044,25.038,21.162,289.0,283.0,322.0,334.0,2.0,SOFT,True
2024,15,DUTCH GRAND PRIX,SAI,Ferrari,24.4,30.2,67.0,1002.4,4.3,0.0,0,10.0,2,71.327,24.559,25.512,21.256,288.0,281.0,325.0,331.0,2.0,SOFT,True,70.914,24.349,25.341,21.224,291.0,281.0,324.0,330.0,2.0,SOFT,True,,,,,,,,,,,
2024,15,DUTCH GRAND PRIX,STR,Aston Martin,24.4,30.2,67.0,1002.4,4.3,0.0,0,8.0,3,71.518,24.215,25.718,21.585,287.0,282.0,322.0,329.0,2.0,SOFT,True,70.661,23.951,25.175,21.535,288.0,280.0,322.0,332.0,2.0,SOFT,True,70.857,24.217,25.128,21.512,285.0,282.0,320.0,328.0,2.0,SOFT,True
2024,15,DUTCH GRAND PRIX,TSU,Racing Bulls,24.4,30.2,67.0,1002.4,4.3,0.0,0,12.0,2,71.603,24.519,25.578,21.506,286.0,280.0,320.0,327.0,2.0,SOFT,True,70.955,24.246,25.241,21.468,287.0,279.0,320.0,328.0,2.0,SOFT,True,,,,,,,,,,,
2024,15,DUTCH GRAND PRIX,VER,Red Bull Racing,24.4,30.2,67.0,1002.4,4.3,0.0,0,2.0,3,71.393,24.18,25.696,21.517,284.0,279.0,319.0,328.0,2.0,SOFT,True,70.811,24.155,25.334,21.322,287.0,281.0,321.0,329.0,2.0,SOFT,True,70.029,24.073,24.731,21.225,287.0,281.0,322.0,329.0,2.0,SOFT,True
2024,15,DUTCH GRAND PRIX,ZHO,Kick Sauber,24.4,30.2,67.0,1002.4,4.3,0.0,0,18.0,1,73.261,25.036,26.304,21.921,284.0,278.0,319.0,325.0,2.0,SOFT,True,,,,,,,,,,,,,,,,,,,,,,
2024,16,GRAN PREMIO D’ITALIA,ALB,Williams,33.5,49.0,37.0,995.9,1.3,0.0,0,9.0,3,80.542,26.502,27.271,26.769,322.0,334.0,310.0,345.0,2.0,SOFT,True,80.314,26.436,27.071,26.807,322.0,338.0,314.0,348.0,2.0,SOFT,True,80.299,26.395,27.12,26.784,324.0,339.0,314.0,347.0,2.0,SOFT,True
2024,16,GRAN PREMIO D’ITALIA,ALO,Aston Martin,33.5,49.0,37.0,995.9,1.3,0.0,0,11.0,2,80.617,26.537,27.143,26.937,325.0,338.0,309.0,349.0,2.0,SOFT,True,80.421,26.463,27.131,26.827,322.0,337.0,310.0,353.0,2.0,SOFT,True,,,,,,,,,,,
2024,16,GRAN PREMIO D’ITALIA,BOT,Kick Sauber,33.5,49.0,37.0,995.9,1.3,0.0,0,19.0,1,81.101,26.706,27.446,26.949,328.0,341.0,311.0,352.0,2.0,SOFT,True,,,,,,,,,,,,,,,,,,,,,,
2024,16,GRAN PREMIO D’ITALIA,COL,Williams,33.5,49.0,37.0,995.9,1.3,0.0,0,18.0,1,81.061,26.613,27.42,27.028,325.0,338.0,314.0,348.0,2.0,SOFT,True,,,,,,,,,,,,,,,,,,,,,,
2024,16,GRAN PREMIO D’ITALIA,GAS,Alpine,33.5,49.0,37.0,995.9,1.3,0.0,0,14.0,2,80.748,26.473,27.364,26.911,328.0,340.0,317.0,348.0,5.0,SOFT,False,80.738,26.563,27.263,26.912,325.0,337.0,316.0,346.0,5.0,SOFT,False,,,,,,,,,,,
2024,16,GRAN PREMIO D’ITALIA,HAM,Mercedes,33.5,49.0,37.0,995.9,1.3,0.0,0,6.0,3,80.477,26.633,27.078,26.766,326.0,334.0,314.0,344.0,2.0,SOFT,True,79.641,26.407,26.855,26.379,326.0,340.0,316.0,348.0,2.0,SOFT,True,79.513,26.428,26.672,26.413,325.0,338.0,316.0,348.0,2.0,SOFT,True
2024,16,GRAN PREMIO D’ITALIA,HUL,Haas F1 Team,33.5,49.0,37.0,995.9,1.3,0.0,0,10.0,3,80.781,26.513,27.363,26.905,328.0,341.0,311.0,351.0,2.0,SOFT,True,80.411,26.341,27.16,26.91,328.0,341.0,316.0,349.0,2.0,SOFT,True,80.339,26.479,27.074,26.786,328.0,339.0,317.0,347.0,2.0,SOFT,True
2024,16,GRAN PREMIO D’ITALIA,LEC,Ferrari,33.5,49.0,37.0,995.9,1.3,0.0,0,4.0,3,80.074,26.468,26.967,26.639,327.0,340.0,314.0,350.0,2.0,SOFT,True,80.007,26.475,26.921,26.611,329.0,338.0,317.0,348.0,2.0,SOFT,True,79.461,26.373,26.732,26.356,327.0,341.0,318.0,350.0,2.0,SOFT,True
2024,16,GRAN PREMIO D’ITALIA,MAG,Haas F1 Team,33.5,49.0,37.0,995.9,1.3,0.0,0,13.0,2,80.856,26.784,27.203,26.869,326.0,341.0,315.0,350.0,2.0,SOFT,True,80.698,26.466,27.107,27.125,328.0,341.0,313.0,350.0,5.0,SOFT,False,,,,,,,,,,,
2024,16,GRAN PREMIO D’ITALIA,NOR,McLaren,33.5,49.0,37.0,995.9,1.3,0.0,0,1.0,3,79.911,26.484,26.898,26.529,325.0,337.0,307.0,346.0,2.0,SOFT,True,79.727,26.395,26.865,26.467,325.0,337.0,314.0,349.0,2.0,SOFT,True,79.327,26.492,26.579,26.256,324.0,338.0,315.0,346.0,2.0,SOFT,True
2024,16,GRAN PREMIO D’ITALIA,OCO,Alpine,33.5,49.0,37.0,995.9,1.3,0.0,0,15.0,2,80.764,26.504,27.264,26.996,328.0,341.0,316.0,348.0,5.0,SOFT,False,80.766,26.436,27.418,26.912,327.0,341.0,316.0,351.0,3.0,SOFT,True,,,,,,,,,,,
2024,16,GRAN PREMIO D’ITALIA,PER,Red Bull Racing,33.5,49.0,37.0,995.9,1.3,0.0,0,8.0,3,80.598,26.693,27.181,26.724,325.0,340.0,315.0,344.0,2.0,SOFT,True,80.216,26.498,27.034,26.684,326.0,338.0,314.0,346.0,2.0,SOFT,True,80.062,26.488,27.042,26.532,324.0,337.0,313.0,346.0,5.0,SOFT,False
2024,16,GRAN PREMIO D’ITALIA,PIA,McLaren,33.5,49.0,37.0,995.9,1.3,0.0,0,2.0,3,80.076,26.529,26.915,26.632,324.0,338.0,314.0,346.0,6.0,SOFT,False,79.808,26.434,26.822,26.552,325.0,337.0,314.0,346.0,2.0,SOFT,True,79.436,26.407,26.643,26.386,323.0,337.0,315.0,345.0,2.0,SOFT,True
2024,16,GRAN PREMIO D’ITALIA,RIC,Racing Bulls,33.5,49.0,37.0,995.9,1.3,0.0,0,12.0,2,80.901,26.52,27.427,26.954,326.0,341.0,315.0,351.0,2.0,SOFT,True,80.479,26.363,27.141,26.975,327.0,342.0,313.0,353.0,2.0,SOFT,True,,,,,,,,,,,
2024,16,GRAN PREMIO D’ITALIA,RUS,Mercedes,33.5,49.0,37.0,995.9,1.3,0.0,0,3.0,3,80.169,26.437,27.055,26.677,323.0,339.0,315.0,348.0,5.0,SOFT,False,79.877,26.463,26.881,26.533,325.0,337.0,316.0,345.0,2.0,SOFT,True,79.44,26.296,26.844,26.3,324.0,337.0,315.0,347.0,2.0,SOFT,True
2024,16,GRAN PREMIO D’ITALIA,SAI,Ferrari,33.5,49.0,37.0,995.9,1.3,0.0,0,5.0,3,80.149,26.403,27.034,26.712,328.0,338.0,315.0,349.0,5.0,SOFT,False,79.799,26.348,26.942,26.509,326.0,337.0,314.0,348.0,2.0,SOFT,True,79.467,26.223,26.823,26.421,328.0,341.0,313.0,350.0,2.0,SOFT,True
2024,16,GRAN PREMIO D’ITALIA,STR,Aston Martin,33.5,49.0,37.0,995.9,1.3,0.0,0,17.0,1,81.013,26.648,27.18,27.185,322.0,336.0,307.0,345.0,2.0,SOFT,True,,,,,,,,,,,,,,,,,,,,,,
2024,16,GRAN PREMIO D’ITALIA,TSU,Racing Bulls,33.5,49.0,37.0,995.9,1.3,0.0,0,16.0,1,80.945,26.572,27.406,26.967,325.0,339.0,314.0,348.0,2.0,SOFT,True,,,,,,,,,,,,,,,,,,,,,,
2024,16,GRAN PREMIO D’ITALIA,VER,Red Bull Racing,33.5,49.0,37.0,995.9,1.3,0.0,0,7.0,3,80.226,26.605,26.993,26.628,324.0,335.0,315.0,342.0,2.0,SOFT,True,79.662,26.389,26.656,26.617,326.0,338.0,317.0,347.0,5.0,SOFT,False,80.022,26.392,26.947,26.683,325.0,338.0,315.0,344.0,2.0,SOFT,True
2024,16,GRAN PREMIO D’ITALIA,ZHO,Kick Sauber,33.5,49.0,37.0,995.9,1.3,0.0,0,20.0,1,81.445,26.5,27.485,27.46,327.0,344.0,316.0,352.0,2.0,SOFT,True,,,,,,,,,,,,,,,,,,,,,,
2024,17,AZERBAIJAN GRAND PRIX,ALB,Williams,27.1,37.2,37.0,1016.1,1.3,0.0,0,10.0,3,102.899,36.462,41.46,24.977,222.0,237.0,338.0,319.0,2.0,SOFT,True,102.84,36.338,41.412,25.09,212.0,244.0,337.0,319.0,2.0,SOFT,True,102.859,36.554,41.353,24.952,220.0,237.0,339.0,321.0,5.0,SOFT,False
2024,17,AZERBAIJAN GRAND PRIX,ALO,Aston Martin,27.1,37.2,37.0,1016.1,1.3,0.0,0,8.0,3,103.472,36.643,42.094,24.735,207.0,223.0,342.0,323.0,2.0,SOFT,True,102.426,36.194,41.708,24.524,212.0,230.0,345.0,324.0,2.0,SOFT,True,102.369,36.064,41.611,24.694,219.0,235.0,343.0,322.0,2.0,SOFT,True
2024,17,AZERBAIJAN GRAND PRIX,BEA,Haas F1 Team,27.1,37.2,37.0,1016.1,1.3,0.0,0,11.0,2,103.471,36.473,42.02,24.978,218.0,225.0,337.0,319.0,2.0,SOFT,True,102.968,36.032,41.93,25.006,225.0,227.0,337.0,318.0,2.0,SOFT,True,,,,,,,,,,,
2024,17,AZERBAIJAN GRAND PRIX,BOT,Kick Sauber,27.1,37.2,37.0,1016.1,1.3,0.0,0,17.0,1,103.618,36.474,42.32,24.824,226.0,211.0,346.0,320.0,2.0,SOFT,True,,,,,,,,,,,,,,,,,,,,,,
2024,17,AZERBAIJAN GRAND PRIX,COL,Williams,27.1,37.2,37.0,1016.1,1.3,0.0,0,9.0,3,103.138,36.569,41.708,24.861,213.0,231.0,342.0,323.0,2.0,SOFT,True,102.473,36.224,41.483,24.766,212.0,228.0,339.0,320.0,2.0,SOFT,True,102.53,36.158,41.455,24.917,215.0,235.0,337.0,320.0,2.0,SOFT,True
2024,17,AZERBAIJAN GRAND PRIX,GAS,Alpine,27.1,37.2,37.0,1016.1,1.3,0.0,0,15.0,2,103.088,36.375,41.823,24.89,214.0,229.0,340.0,319.0,2.0,SOFT,True,103.179,36.266,41.849,25.064,212.0,228.0,337.0,315.0,2.0,SOFT,True,,,,,,,,,,,
2024,17,AZERBAIJAN GRAND PRIX,HAM,Mercedes,27.1,37.2,37.0,1016.1,1.3,0.0,0,7.0,3,103.089,36.621,41.693,24.775,218.0,234.0,340.0,321.0,5.0,SOFT,True,102.765,36.512,41.602,24.651,217.0,240.0,343.0,324.0,2.0,SOFT,True,102.289,36.174,41.422,24.693,220.0,237.0,341.0,323.0,2.0,SOFT,True
2024,17,AZERBAIJAN GRAND PRIX,HUL,Haas F1 Team,27.1,37.2,37.0,1016.1,1.3,0.0,0,13.0,2,103.101,36.399,41.822,24.88,224.0,225.0,341.0,322.0,2.0,SOFT,True,103.191,36.337,42.005,24.849,220.0,233.0,343.0,320.0,2.0,SOFT,True,,,,,,,,,,,
2024,17,AZERBAIJAN GRAND PRIX,LEC,Ferrari,27.1,37.2,37.0,1016.1,1.3,0.0,0,1.0,3,102.775,36.162,41.601,25.012,221.0,233.0,337.0,317.0,5.0,SOFT,True,102.056,35.913,40.978,25.165,224.0,239.0,336.0,315.0,2.0,SOFT,True,101.365,35.702,40.813,24.85,220.0,236.0,338.0,317.0,2.0,SOFT,True
2024,17,AZERBAIJAN GRAND PRIX,NOR,McLaren,27.1,37.2,37.0,1016.1,1.3,0.0,0,16.0,1,103.609,36.68,41.881,25.048,210.0,232.0,339.0,319.0,4.0,SOFT,True,,,,,,,,,,,,,,,,,,,,,,
2024,17,AZERBAIJAN GRAND PRIX,OCO,Alpine,27.1,37.2,37.0,1016.1,1.3,0.0,0,19.0,1,104.504,37.116,42.214,25.174,214.0,233.0,340.0,319.0,2.0,SOFT,True,,,,,,,,,,,,,,,,,,,,,,
2024,17,AZERBAIJAN GRAND PRIX,PER,Red Bull Racing,27.1,37.2,37.0,1016.1,1.3,0.0,0,4.0,3,103.213,36.37,41.596,25.247,217.0,234.0,339.0,316.0,5.0,SOFT,True,102.263,35.904,41.332,25.027,231.0,232.0,340.0,317.0,2.0,SOFT,True,101.813,35.649,41.198,24.966,231.0,232.0,340.0,316.0,2.0,SOFT,True
2024,17,AZERBAIJAN GRAND PRIX,PIA,McLaren,27.1,37.2,37.0,1016.1,1.3,0.0,0,2.0,3,103.033,36.483,41.591,24.959,209.0,233.0,336.0,318.0,7.0,SOFT,False,102.598,36.232,41.563,24.803,211.0,228.0,336.0,319.0,2.0,SOFT,True,101.686,35.782,40.972,24.932,217.0,231.0,336.0,319.0,2.0,SOFT,True
2024,17,AZERBAIJAN GRAND PRIX,RIC,Racing Bulls,27.1,37.2,37.0,1016.1,1.3,0.0,0,15.0,1,103.547,36.969,41.617,24.961,215.0,227.0,338.0,319.0,2.0,SOFT,True,,,,,,,,,,,,,,,,,,,,,,
2024,17,AZERBAIJAN GRAND PRIX,RUS,Mercedes,27.1,37.2,37.0,1016.1,1.3,0.0,0,5.0,3,103.139,36.765,41.581,24.793,222.0,230.0,339.0,323.0,2.0,SOFT,True,102.329,36.152,41.451,24.726,207.0,240.0,341.0,322.0,2.0,SOFT,True,101.874,36.074,41.052,24.748,223.0,237.0,339.0,322.0,2.0,SOFT,True
2024,17,AZERBAIJAN GRAND PRIX,SAI,Ferrari,27.1,37.2,37.0,1016.1,1.3,0.0,0,3.0,3,103.357,36.573,41.782,25.002,218.0,228.0,338.0,318.0,8.0,SOFT,True,102.503,36.085,41.242,25.176,227.0,231.0,334.0,314.0,2.0,SOFT,True,101.805,35.716,41.181,24.908,222.0,230.0,336.0,316.0,2.0,SOFT,True
2024,17,AZERBAIJAN GRAND PRIX,STR,Aston Martin,27.1,37.2,37.0,1016.1,1.3,0.0,0,14.0,2,103.37,36.507,41.892,24.971,219.0,229.0,339.0,320.0,2.0,SOFT,True,103.404,36.487,41.946,24.971,214.0,236.0,341.0,318.0,2.0,SOFT,True,,,,,,,,,,,
2024,17,AZERBAIJAN GRAND PRIX,TSU,Racing Bulls,27.1,37.2,37.0,1016.1,1.3,0.0,0,12.0,2,103.337,36.874,41.578,24.885,213.0,229.0,342.0,319.0,2.0,SOFT,True,103.035,36.51,41.668,24.857,212.0,230.0,341.0,318.0,2.0,SOFT,True,,,,,,,,,,,
2024,17,AZERBAIJAN GRAND PRIX,VER,Red Bull Racing,27.1,37.2,37.0,1016.1,1.3,0.0,0,6.0,3,103.097,36.405,41.657,25.035,218.0,237.0,339.0,317.0,7.0,SOFT,False,102.042,36.049,41.212,24.781,216.0,241.0,342.0,320.0,2.0,SOFT,True,102.023,35.948,41.149,24.926,224.0,234.0,338.0,318.0,2.0,SOFT,True
2024,17,AZERBAIJAN GRAND PRIX,ZHO,Kick Sauber,27.1,37.2,37.0,1016.1,1.3,0.0,0,18.0,1,104.246,36.851,42.428,24.967,207.0,232.0,338.0,318.0,4.0,SOFT,True,,,,,,,,,,,,,,,,,,,,,,
2024,18,SINGAPORE GRAND PRIX,ALB,Williams,29.4,32.0,79.0,1007.5,1.3,0.0,0,11.0,2,90.679,26.876,38.082,25.721,307.0,276.0,256.0,300.0,2.0,SOFT,True,90.474,26.839,38.06,25.575,311.0,277.0,255.0,303.0,2.0,SOFT,True,,,,,,,,,,,
2024,18,SINGAPORE GRAND PRIX,ALO,Aston Martin,29.4,32.0,79.0,1007.5,1.3,0.0,0,7.0,3,90.684,26.847,38.21,25.627,313.0,280.0,257.0,303.0,2.0,SOFT,True,90.45,26.704,38.2,25.546,314.0,279.0,258.0,303.0,2.0,SOFT,True,90.214,26.647,38.13,25.437,313.0,279.0,258.0,304.0,2.0,SOFT,True
2024,18,SINGAPORE GRAND PRIX,BOT,Kick Sauber,29.4,32.0,79.0,1007.5,1.3,0.0,0,19.0,1,91.572,27.189,38.4,25.983,311.0,278.0,255.0,302.0,2.0,SOFT,True,,,,,,,,,,,,,,,,,,,,,,
2024,18,SINGAPORE GRAND PRIX,COL,Williams,29.4,32.0,79.0,1007.5,1.3,0.0,0,12.0,2,90.704,26.964,37.939,25.801,310.0,276.0,255.0,301.0,2.0,SOFT,True,90.481,26.841,37.984,25.656,311.0,277.0,253.0,302.0,2.0,SOFT,True,,,,,,,,,,,
2024,18,SINGAPORE GRAND PRIX,GAS,Alpine,29.4,32.0,79.0,1007.5,1.3,0.0,0,18.0,1,91.312,27.088,38.568,25.656,312.0,278.0,254.0,302.0,2.0,SOFT,True,,,,,,,,,,,,,,,,,,,,,,
2024,18,SINGAPORE GRAND PRIX,HAM,Mercedes,29.4,32.0,79.0,1007.5,1.3,0.0,0,3.0,3,90.393,26.883,37.977,25.533,312.0,278.0,258.0,304.0,2.0,SOFT,True,89.929,26.742,37.797,25.39,312.0,278.0,256.0,303.0,2.0,SOFT,True,89.841,26.626,37.987,25.228,313.0,279.0,257.0,305.0,2.0,SOFT,True
2024,18,SINGAPORE GRAND PRIX,HUL,Haas F1 Team,29.4,32.0,79.0,1007.5,1.3,0.0,0,6.0,3,90.724,27.045,38.184,25.495,313.0,281.0,260.0,305.0,2.0,SOFT,True,90.15,26.802,38.048,25.3,315.0,280.0,261.0,304.0,2.0,SOFT,True,90.115,26.742,37.939,25.434,314.0,280.0,261.0,304.0,2.0,SOFT,True
2024,18,SINGAPORE GRAND PRIX,LEC,Ferrari,29.4,32.0,79.0,1007.5,1.3,0.0,0,9.0,3,90.786,26.876,38.229,25.681,312.0,280.0,260.0,301.0,5.0,SOFT,True,89.747,26.533,37.759,25.455,312.0,279.0,262.0,301.0,2.0,SOFT,True,90.119,26.829,37.871,25.419,310.0,279.0,261.0,302.0,2.0,SOFT,True
2024,18,SINGAPORE GRAND PRIX,MAG,Haas F1 Team,29.4,32.0,79.0,1007.5,1.3,0.0,0,14.0,2,90.829,26.885,38.292,25.652,315.0,281.0,259.0,304.0,2.0,SOFT,True,90.653,26.889,38.268,25.496,314.0,280.0,261.0,304.0,2.0,SOFT,True,,,,,,,,,,,
2024,18,SINGAPORE GRAND PRIX,NOR,McLaren,29.4,32.0,79.0,1007.5,1.3,0.0,0,1.0,3,90.002,26.735,37.824,25.443,310.0,278.0,259.0,303.0,5.0,SOFT,False,90.007,26.586,37.678,25.743,312.0,279.0,257.0,303.0,2.0,SOFT,True,89.525,26.599,37.63,25.296,312.0,279.0,261.0,304.0,2.0,SOFT,True
2024,18,SINGAPORE GRAND PRIX,OCO,Alpine,29.4,32.0,79.0,1007.5,1.3,0.0,0,15.0,2,90.958,27.057,38.356,25.545,312.0,278.0,260.0,303.0,2.0,SOFT,True,90.769,26.993,38.296,25.48,313.0,279.0,258.0,302.0,2.0,SOFT,True,,,,,,,,,,,
2024,18,SINGAPORE GRAND PRIX,PER,Red Bull Racing,29.4,32.0,79.0,1007.5,1.3,0.0,0,13.0,2,90.624,26.822,38.312,25.49,315.0,279.0,258.0,303.0,2.0,SOFT,True,90.579,26.936,38.154,25.489,313.0,279.0,259.0,304.0,2.0,SOFT,True,,,,,,,,,,,
2024,18,SINGAPORE GRAND PRIX,PIA,McLaren,29.4,32.0,79.0,1007.5,1.3,0.0,0,5.0,3,90.258,26.756,37.919,25.583,310.0,278.0,258.0,302.0,5.0,SOFT,False,89.64,26.603,37.753,25.284,312.0,278.0,260.0,302.0,2.0,SOFT,True,89.953,26.641,37.652,25.66,310.0,278.0,261.0,302.0,2.0,SOFT,True
2024,18,SINGAPORE GRAND PRIX,RIC,Racing Bulls,29.4,32.0,79.0,1007.5,1.3,0.0,0,16.0,1,91.085,27.079,38.308,25.698,308.0,277.0,257.0,298.0,2.0,SOFT,True,,,,,,,,,,,,,,,,,,,,,,
2024,18,SINGAPORE GRAND PRIX,RUS,Mercedes,29.4,32.0,79.0,1007.5,1.3,0.0,0,4.0,3,90.811,27.002,38.212,25.597,313.0,279.0,257.0,303.0,2.0,SOFT,True,90.153,26.827,37.956,25.37,313.0,279.0,258.0,304.0,2.0,SOFT,True,89.867,26.727,37.913,25.227,314.0,280.0,261.0,304.0,2.0,SOFT,True
2024,18,SINGAPORE GRAND PRIX,SAI,Ferrari,29.4,32.0,79.0,1007.5,1.3,0.0,0,10.0,2,90.67,26.898,38.15,25.622,312.0,279.0,261.0,303.0,2.0,SOFT,True,90.108,26.75,37.866,25.492,313.0,279.0,260.0,301.0,2.0,SOFT,True,,,,,,,,,,,
2024,18,SINGAPORE GRAND PRIX,STR,Aston Martin,29.4,32.0,79.0,1007.5,1.3,0.0,0,17.0,1,91.094,26.873,38.53,25.691,315.0,279.0,254.0,304.0,2.0,SOFT,True,,,,,,,,,,,,,,,,,,,,,,
2024,18,SINGAPORE GRAND PRIX,TSU,Racing Bulls,29.4,32.0,79.0,1007.5,1.3,0.0,0,8.0,3,90.716,26.826,38.192,25.698,308.0,275.0,257.0,298.0,2.0,SOFT,True,90.289,26.769,37.897,25.623,309.0,277.0,257.0,298.0,2.0,SOFT,True,90.354,26.881,37.937,25.536,309.0,277.0,257.0,300.0,2.0,SOFT,True
2024,18,SINGAPORE GRAND PRIX,VER,Red Bull Racing,29.4,32.0,79.0,1007.5,1.3,0.0,0,2.0,3,90.157,26.763,37.949,25.445,313.0,278.0,262.0,303.0,2.0,SOFT,True,89.68,26.615,37.663,25.402,310.0,277.0,258.0,302.0,2.0,SOFT,True,89.728,26.641,37.726,25.361,312.0,278.0,260.0,303.0,2.0,SOFT,True
2024,18,SINGAPORE GRAND PRIX,ZHO,Kick Sauber,29.4,32.0,79.0,1007.5,1.3,0.0,0,20.0,1,92.054,27.236,38.783,26.035,310.0,279.0,250.0,300.0,2.0,SOFT,True,,,,,,,,,,,,,,,,,,,,,,
2024,19,UNITED STATES GRAND PRIX,ALB,Williams,28.5,38.6,38.0,1005.4,2.2,0.0,0,16.0,1,94.051,25.332,37.72,30.999,235.0,188.0,210.0,329.0,2.0,SOFT,True,,,,,,,,,,,,,,,,,,,,,,
2024,19,UNITED STATES GRAND PRIX,ALO,Aston Martin,28.5,38.6,38.0,1005.4,2.2,0.0,0,8.0,3,93.973,25.316,37.563,31.094,235.0,191.0,210.0,327.0,2.0,SOFT,True,93.429,25.331,37.286,30.812,234.0,190.0,211.0,327.0,2.0,SOFT,True,93.309,25.312,37.314,30.683,236.0,193.0,212.0,326.0,2.0,SOFT,True
2024,19,UNITED STATES GRAND PRIX,BOT,Kick Sauber,28.5,38.6,38.0,1005.4,2.2,0.0,0,18.0,1,94.152,25.454,37.64,31.058,238.0,193.0,212.0,330.0,2.0,SOFT,True,,,,,,,,,,,,,,,,,,,,,,
2024,19,UNITED STATES GRAND PRIX,COL,Williams,28.5,38.6,38.0,1005.4,2.2,0.0,0,17.0,1,94.062,25.517,37.591,30.954,228.0,190.0,208.0,327.0,2.0,SOFT,True,,,,,,,,,,,,,,,,,,,,,,
2024,19,UNITED STATES GRAND PRIX,GAS,Alpine,28.5,38.6,38.0,1005.4,2.2,0.0,0,7.0,3,93.55,25.358,37.422,30.77,237.0,189.0,212.0,331.0,2.0,SOFT,True,93.162,25.065,37.217,30.88,246.0,192.0,212.0,332.0,2.0,SOFT,True,93.018,25.159,37.328,30.531,245.0,191.0,213.0,330.0,5.0,SOFT,False
2024,19,UNITED STATES GRAND PRIX,HAM,Mercedes,28.5,38.6,38.0,1005.4,2.2,0.0,0,19.0,1,94.154,25.267,37.811,31.076,243.0,187.0,210.0,332.0,2.0,SOFT,True,,,,,,,,,,,,,,,,,,,,,,
2024,19,UNITED STATES GRAND PRIX,HUL,Haas F1 Team,28.5,38.6,38.0,1005.4,2.2,0.0,0,12.0,2,93.601,25.444,37.364,30.793,238.0,189.0,211.0,332.0,2.0,SOFT,True,93.544,25.765,37.215,30.564,242.0,191.0,212.0,331.0,2.0,SOFT,True,,,,,,,,,,,
2024,19,UNITED STATES GRAND PRIX,LAW,Racing Bulls,28.5,38.6,38.0,1005.4,2.2,0.0,0,15.0,1,93.339,25.231,37.333,30.775,239.0,190.0,213.0,332.0,2.0,SOFT,True,,,,,,,,,,,,,,,,,,,,,,
2024,19,UNITED STATES GRAND PRIX,LEC,Ferrari,28.5,38.6,38.0,1005.4,2.2,0.0,0,4.0,3,93.241,25.198,37.161,30.882,242.0,192.0,212.0,330.0,2.0,SOFT,True,92.962,25.127,37.135,30.7,241.0,193.0,212.0,331.0,2.0,SOFT,True,92.74,25.222,37.055,30.463,241.0,193.0,213.0,330.0,2.0,SOFT,True
2024,19,UNITED STATES GRAND PRIX,MAG,Haas F1 Team,28.5,38.6,38.0,1005.4,2.2,0.0,0,9.0,3,93.564,25.382,37.348,30.834,240.0,191.0,211.0,332.0,2.0,SOFT,True,93.474,25.196,37.511,30.767,243.0,192.0,211.0,329.0,2.0,SOFT,True,93.481,25.33,37.454,30.697,240.0,192.0,210.0,328.0,5.0,SOFT,False
2024,19,UNITED STATES GRAND PRIX,NOR,McLaren,28.5,38.6,38.0,1005.4,2.2,0.0,0,1.0,3,93.616,25.308,37.438,30.87,236.0,188.0,209.0,328.0,2.0,SOFT,True,92.851,25.187,37.066,30.598,237.0,193.0,210.0,330.0,2.0,SOFT,True,92.33,24.992,36.887,30.451,239.0,189.0,210.0,326.0,2.0,SOFT,True
2024,19,UNITED STATES GRAND PRIX,OCO,Alpine,28.5,38.6,38.0,1005.4,2.2,0.0,0,13.0,2,93.986,25.575,37.539,30.872,241.0,191.0,212.0,329.0,2.0,SOFT,True,93.597,25.39,37.43,30.777,243.0,190.0,213.0,329.0,2.0,SOFT,True,,,,,,,,,,,
2024,19,UNITED STATES GRAND PRIX,PER,Red Bull Racing,28.5,38.6,38.0,1005.4,2.2,0.0,0,10.0,3,93.611,25.071,37.462,31.078,238.0,188.0,211.0,333.0,2.0,SOFT,True,93.02,25.077,37.135,30.808,233.0,189.0,211.0,329.0,2.0,SOFT,True,93.26,25.132,37.371,30.757,235.0,189.0,209.0,328.0,5.0,SOFT,False
2024,19,UNITED STATES GRAND PRIX,PIA,McLaren,28.5,38.6,38.0,1005.4,2.2,0.0,0,5.0,3,93.864,25.521,37.323,31.02,234.0,189.0,210.0,329.0,5.0,SOFT,True,93.057,25.25,37.201,30.606,235.0,192.0,209.0,324.0,2.0,SOFT,True,92.95,25.263,37.048,30.639,241.0,190.0,210.0,324.0,2.0,SOFT,True
2024,19,UNITED STATES GRAND PRIX,RUS,Mercedes,28.5,38.6,38.0,1005.4,2.2,0.0,0,6.0,3,93.536,25.248,37.302,30.986,239.0,191.0,211.0,331.0,2.0,SOFT,True,93.142,25.223,37.076,30.843,234.0,192.0,207.0,331.0,2.0,SOFT,True,92.974,25.259,37.028,30.687,235.0,191.0,209.0,329.0,3.0,SOFT,False
2024,19,UNITED STATES GRAND PRIX,SAI,Ferrari,28.5,38.6,38.0,1005.4,2.2,0.0,0,3.0,3,93.556,25.268,37.348,30.94,237.0,191.0,209.0,329.0,2.0,SOFT,True,92.836,25.043,37.121,30.672,242.0,192.0,211.0,330.0,2.0,SOFT,True,92.652,25.09,37.061,30.501,241.0,192.0,212.0,330.0,2.0,SOFT,True
2024,19,UNITED STATES GRAND PRIX,STR,Aston Martin,28.5,38.6,38.0,1005.4,2.2,0.0,0,14.0,2,94.033,25.432,37.567,31.034,234.0,190.0,212.0,327.0,2.0,SOFT,True,93.759,25.394,37.356,31.009,232.0,190.0,211.0,328.0,2.0,SOFT,True,,,,,,,,,,,
2024,19,UNITED STATES GRAND PRIX,TSU,Racing Bulls,28.5,38.6,38.0,1005.4,2.2,0.0,0,11.0,2,93.795,25.157,37.602,31.036,234.0,189.0,211.0,331.0,2.0,SOFT,True,93.506,25.155,37.46,30.891,241.0,186.0,210.0,334.0,2.0,SOFT,True,,,,,,,,,,,
2024,19,UNITED STATES GRAND PRIX,VER,Red Bull Racing,28.5,38.6,38.0,1005.4,2.2,0.0,0,2.0,3,93.046,25.016,37.262,30.768,242.0,190.0,210.0,327.0,2.0,SOFT,True,92.584,24.977,37.051,30.556,240.0,190.0,211.0,328.0,2.0,SOFT,True,92.361,24.868,36.986,30.507,244.0,191.0,211.0,328.0,2.0,SOFT,True
2024,19,UNITED STATES GRAND PRIX,ZHO,Kick Sauber,28.5,38.6,38.0,1005.4,2.2,0.0,0,20.0,1,94.228,25.531,37.663,31.034,234.0,192.0,209.0,330.0,2.0,SOFT,True,,,,,,,,,,,,,,,,,,,,,,
2024,20,GRAN PREMIO DE LA CIUDAD DE MÉXICO,ALB,Williams,21.9,38.7,41.0,784.7,1.2,0.0,0,9.0,3,77.189,27.524,29.725,19.94,314.0,294.0,252.0,344.0,2.0,SOFT,False,76.988,27.545,29.58,19.863,311.0,293.0,251.0,342.0,2.0,SOFT,False,77.065,27.344,29.714,20.007,316.0,297.0,251.0,344.0,2.0,SOFT,False
2024,20,GRAN PREMIO DE LA CIUDAD DE MÉXICO,ALO,Aston Martin,21.9,38.7,41.0,784.7,1.2,0.0,0,13.0,2,77.307,27.525,29.867,19.915,314.0,295.0,252.0,347.0,2.0,SOFT,True,77.168,27.605,29.665,19.898,312.0,295.0,252.0,346.0,2.0,SOFT,False,,,,,,,,,,,
2024,20,GRAN PREMIO DE LA CIUDAD DE MÉXICO,BOT,Kick Sauber,21.9,38.7,41.0,784.7,1.2,0.0,0,15.0,2,77.393,27.697,29.811,19.885,316.0,295.0,251.0,344.0,2.0,SOFT,False,77.817,27.703,29.955,20.159,316.0,296.0,251.0,343.0,2.0,SOFT,False,,,,,,,,,,,
2024,20,GRAN PREMIO DE LA CIUDAD DE MÉXICO,COL,Williams,21.9,38.7,41.0,784.7,1.2,0.0,0,16.0,1,77.558,27.79,29.832,19.936,312.0,293.0,251.0,341.0,2.0,SOFT,False,,,,,,,,,,,,,,,,,,,,,,
2024,20,GRAN PREMIO DE LA CIUDAD DE MÉXICO,GAS,Alpine,21.9,38.7,41.0,784.7,1.2,0.0,0,8.0,3,77.149,27.484,29.818,19.847,318.0,297.0,251.0,348.0,2.0,SOFT,True,77.048,27.418,29.754,19.876,318.0,295.0,253.0,348.0,2.0,SOFT,False,76.892,27.42,29.585,19.887,317.0,299.0,250.0,347.0,2.0,SOFT,False
2024,20,GRAN PREMIO DE LA CIUDAD DE MÉXICO,HAM,Mercedes,21.9,38.7,41.0,784.7,1.2,0.0,0,6.0,3,77.306,27.491,29.942,19.873,314.0,294.0,251.0,347.0,6.0,MEDIUM,False,76.973,27.404,29.636,19.933,316.0,294.0,253.0,350.0,2.0,SOFT,False,76.651,27.295,29.602,19.754,317.0,296.0,253.0,349.0,2.0,SOFT,False
2024,20,GRAN PREMIO DE LA CIUDAD DE MÉXICO,HUL,Haas F1 Team,21.9,38.7,41.0,784.7,1.2,0.0,0,10.0,3,77.186,27.435,29.881,19.87,316.0,298.0,254.0,346.0,2.0,SOFT,True,76.995,27.382,29.592,20.021,318.0,299.0,255.0,348.0,2.0,SOFT,False,77.365,27.392,29.632,20.341,319.0,298.0,253.0,345.0,2.0,SOFT,False
2024,20,GRAN PREMIO DE LA CIUDAD DE MÉXICO,LAW,Racing Bulls,21.9,38.7,41.0,784.7,1.2,0.0,0,12.0,2,77.38,27.636,29.799,19.945,315.0,296.0,251.0,343.0,2.0,SOFT,False,77.162,27.666,29.64,19.856,313.0,294.0,252.0,343.0,2.0,SOFT,False,,,,,,,,,,,
2024,20,GRAN PREMIO DE LA CIUDAD DE MÉXICO,LEC,Ferrari,21.9,38.7,41.0,784.7,1.2,0.0,0,4.0,3,76.972,27.188,29.731,20.053,320.0,298.0,255.0,350.0,2.0,SOFT,False,76.641,27.179,29.635,19.827,318.0,298.0,255.0,348.0,2.0,SOFT,False,76.265,27.069,29.429,19.767,320.0,300.0,253.0,348.0,2.0,SOFT,False
2024,20,GRAN PREMIO DE LA CIUDAD DE MÉXICO,MAG,Haas F1 Team,21.9,38.7,41.0,784.7,1.2,0.0,0,7.0,3,77.125,27.272,29.902,19.951,320.0,298.0,254.0,350.0,2.0,SOFT,False,77.003,27.343,29.652,20.008,319.0,300.0,255.0,349.0,2.0,SOFT,False,76.886,27.398,29.624,19.864,318.0,299.0,254.0,347.0,2.0,SOFT,False
2024,20,GRAN PREMIO DE LA CIUDAD DE MÉXICO,NOR,McLaren,21.9,38.7,41.0,784.7,1.2,0.0,0,3.0,3,76.505,27.404,29.431,19.67,315.0,296.0,250.0,346.0,2.0,SOFT,True,76.301,27.204,29.422,19.675,315.0,296.0,252.0,346.0,2.0,SOFT,False,76.26,27.291,29.191,19.778,314.0,297.0,252.0,343.0,2.0,SOFT,False
2024,20,GRAN PREMIO DE LA CIUDAD DE MÉXICO,OCO,Alpine,21.9,38.7,41.0,784.7,1.2,0.0,0,19.0,1,77.617,27.658,29.887,20.072,317.0,298.0,254.0,348.0,2.0,SOFT,False,,,,,,,,,,,,,,,,,,,,,,
2024,20,GRAN PREMIO DE LA CIUDAD DE MÉXICO,PER,Red Bull Racing,21.9,38.7,41.0,784.7,1.2,0.0,0,18.0,1,77.611,27.555,29.859,20.197,316.0,296.0,253.0,348.0,2.0,SOFT,False,,,,,,,,,,,,,,,,,,,,,,
2024,20,GRAN PREMIO DE LA CIUDAD DE MÉXICO,PIA,McLaren,21.9,38.7,41.0,784.7,1.2,0.0,0,17.0,1,77.597,27.654,29.937,20.006,313.0,290.0,251.0,346.0,4.0,SOFT,True,,,,,,,,,,,,,,,,,,,,,,
2024,20,GRAN PREMIO DE LA CIUDAD DE MÉXICO,RUS,Mercedes,21.9,38.7,41.0,784.7,1.2,0.0,0,5.0,3,77.194,27.421,29.719,20.054,315.0,296.0,251.0,348.0,2.0,MEDIUM,True,76.937,27.369,29.72,19.848,316.0,295.0,252.0,348.0,2.0,SOFT,False,76.356,27.38,29.263,19.713,316.0,296.0,251.0,345.0,2.0,SOFT,False
2024,20,GRAN PREMIO DE LA CIUDAD DE MÉXICO,SAI,Ferrari,21.9,38.7,41.0,784.7,1.2,0.0,0,1.0,3,76.778,27.239,29.74,19.799,319.0,298.0,254.0,348.0,2.0,SOFT,False,76.515,27.239,29.567,19.709,318.0,299.0,255.0,349.0,2.0,SOFT,False,75.946,27.037,29.296,19.613,319.0,298.0,254.0,347.0,2.0,SOFT,False
2024,20,GRAN PREMIO DE LA CIUDAD DE MÉXICO,STR,Aston Martin,21.9,38.7,41.0,784.7,1.2,0.0,0,14.0,2,77.407,27.504,29.946,19.957,316.0,295.0,252.0,349.0,2.0,SOFT,False,77.294,27.573,29.848,19.873,315.0,294.0,252.0,348.0,2.0,SOFT,False,,,,,,,,,,,
2024,20,GRAN PREMIO DE LA CIUDAD DE MÉXICO,TSU,Racing Bulls,21.9,38.7,41.0,784.7,1.2,0.0,0,11.0,2,77.182,27.48,29.797,19.905,316.0,296.0,253.0,345.0,2.0,SOFT,False,77.129,27.446,29.758,19.925,314.0,295.0,253.0,344.0,2.0,SOFT,False,,,,,,,,,,,
2024,20,GRAN PREMIO DE LA CIUDAD DE MÉXICO,VER,Red Bull Racing,21.9,38.7,41.0,784.7,1.2,0.0,0,2.0,3,76.803,27.326,29.712,19.765,316.0,297.0,253.0,348.0,2.0,SOFT,False,76.514,27.378,29.464,19.672,314.0,297.0,253.0,346.0,2.0,SOFT,False,76.171,27.222,29.318,19.631,317.0,298.0,253.0,347.0,2.0,SOFT,False
2024,20,GRAN PREMIO DE LA CIUDAD DE MÉXICO,ZHO,Kick Sauber,21.9,38.7,41.0,784.7,1.2,0.0,0,20.0,1,78.072,27.746,30.217,20.109,316.0,297.0,253.0,344.0,2.0,SOFT,False,,,,,,,,,,,,,,,,,,,,,,
2024,21,GRANDE PRÊMIO DE SÃO PAULO,ALB,Williams,20.4,23.5,93.0,927.6,0.6,1.0,1,7.0,3,89.072,22.562,47.704,18.806,297.0,208.0,304.0,237.0,11.0,WET,False,85.889,21.669,45.192,19.028,299.0,202.0,290.0,253.0,3.0,INTERMEDIATE,True,84.657,21.57,44.941,18.146,299.0,215.0,309.0,262.0,,NONE,False
2024,21,GRANDE PRÊMIO DE SÃO PAULO,ALO,Aston Martin,20.4,23.5,93.0,927.6,0.6,1.0,1,9.0,3,90.207,23.304,47.398,19.505,291.0,208.0,297.0,238.0,2.0,WET,True,85.035,22.258,44.478,18.299,297.0,227.0,303.0,244.0,2.0,INTERMEDIATE,True,88.998,23.07,46.287,19.641,297.0,194.0,301.0,255.0,2.0,INTERMEDIATE,True
2024,21,GRANDE PRÊMIO DE SÃO PAULO,BEA,Haas F1 Team,20.4,23.5,93.0,927.6,0.6,1.0,1,17.0,1,91.229,23.423,48.684,19.122,293.0,201.0,300.0,217.0,5.0,WET,True,,,,,,,,,,,,,,,,,,,,,,
2024,21,GRANDE PRÊMIO DE SÃO PAULO,BOT,Kick Sauber,20.4,23.5,93.0,927.6,0.6,1.0,1,11.0,2,90.633,23.091,47.835,19.707,289.0,202.0,292.0,236.0,6.0,WET,True,86.472,22.34,45.172,18.96,290.0,210.0,294.0,247.0,2.0,INTERMEDIATE,True,,,,,,,,,,,
2024,21,GRANDE PRÊMIO DE SÃO PAULO,COL,Williams,20.4,23.5,93.0,927.6,0.6,1.0,1,18.0,1,91.27,23.159,48.724,19.387,293.0,216.0,305.0,237.0,3.0,WET,True,,,,,,,,,,,,,,,,,,,,,,
2024,21,GRANDE PRÊMIO DE SÃO PAULO,GAS,Alpine,20.4,23.5,93.0,927.6,0.6,1.0,1,15.0,2,89.42,22.675,47.758,18.987,283.0,201.0,305.0,240.0,12.0,WET,False,89.614,22.961,47.486,19.167,294.0,202.0,299.0,230.0,2.0,WET,True,,,,,,,,,,,
2024,21,GRANDE PRÊMIO DE SÃO PAULO,HAM,Mercedes,20.4,23.5,93.0,927.6,0.6,1.0,1,16.0,1,91.15,22.915,49.001,19.234,297.0,213.0,300.0,248.0,10.0,WET,False,,,,,,,,,,,,,,,,,,,,,,
2024,21,GRANDE PRÊMIO DE SÃO PAULO,HUL,Haas F1 Team,20.4,23.5,93.0,927.6,0.6,1.0,1,19.0,1,91.623,23.524,48.618,19.481,288.0,217.0,302.0,237.0,10.0,WET,False,,,,,,,,,,,,,,,,,,,,,,
2024,21,GRANDE PRÊMIO DE SÃO PAULO,LAW,Racing Bulls,20.4,23.5,93.0,927.6,0.6,1.0,1,5.0,3,90.758,23.405,48.173,19.18,293.0,189.0,299.0,225.0,11.0,WET,False,85.654,21.794,45.173,18.687,301.0,201.0,306.0,236.0,3.0,INTERMEDIATE,True,84.484,21.703,44.684,18.097,299.0,228.0,301.0,251.0,2.0,INTERMEDIATE,True
2024,21,GRANDE PRÊMIO DE SÃO PAULO,LEC,Ferrari,20.4,23.5,93.0,927.6,0.6,1.0,1,6.0,3,89.839,22.639,48.011,19.189,294.0,212.0,301.0,241.0,5.0,WET,True,86.097,22.311,45.205,18.581,298.0,221.0,307.0,258.0,2.0,INTERMEDIATE,True,84.525,21.733,44.546,18.246,302.0,216.0,305.0,249.0,3.0,INTERMEDIATE,True
2024,21,GRANDE PRÊMIO DE SÃO PAULO,NOR,McLaren,20.4,23.5,93.0,927.6,0.6,1.0,1,1.0,3,90.944,23.804,48.039,19.101,290.0,210.0,299.0,231.0,6.0,WET,True,84.844,22.009,44.649,18.186,293.0,224.0,303.0,246.0,3.0,INTERMEDIATE,True,83.405,21.639,43.807,17.959,292.0,229.0,300.0,270.0,3.0,INTERMEDIATE,True
2024,21,GRANDE PRÊMIO DE SÃO PAULO,OCO,Alpine,20.4,23.5,93.0,927.6,0.6,1.0,1,4.0,3,89.171,22.24,47.695,19.236,295.0,192.0,300.0,252.0,12.0,WET,False,86.206,21.848,45.731,18.627,301.0,210.0,305.0,245.0,2.0,INTERMEDIATE,True,84.475,21.545,44.5,18.43,301.0,225.0,303.0,253.0,3.0,INTERMEDIATE,True
2024,21,GRANDE PRÊMIO DE SÃO PAULO,PER,Red Bull Racing,20.4,23.5,93.0,927.6,0.6,1.0,1,13.0,2,90.035,22.455,48.175,19.405,296.0,196.0,304.0,248.0,4.0,WET,True,88.158,22.239,46.708,19.211,297.0,194.0,299.0,245.0,7.0,WET,False,,,,,,,,,,,
2024,21,GRANDE PRÊMIO DE SÃO PAULO,PIA,McLaren,20.4,23.5,93.0,927.6,0.6,1.0,1,8.0,3,90.114,23.057,47.647,19.41,290.0,207.0,295.0,221.0,2.0,WET,True,85.179,21.898,44.982,18.299,294.0,209.0,306.0,249.0,4.0,INTERMEDIATE,True,84.686,21.432,44.939,18.315,295.0,215.0,301.0,259.0,3.0,INTERMEDIATE,True
2024,21,GRANDE PRÊMIO DE SÃO PAULO,RUS,Mercedes,20.4,23.5,93.0,927.6,0.6,1.0,1,2.0,3,89.121,22.644,47.299,19.178,297.0,210.0,305.0,239.0,10.0,WET,False,86.307,22.411,45.359,18.537,299.0,223.0,309.0,238.0,2.0,INTERMEDIATE,True,83.578,21.463,44.025,18.09,305.0,224.0,307.0,242.0,2.0,INTERMEDIATE,True
2024,21,GRANDE PRÊMIO DE SÃO PAULO,SAI,Ferrari,20.4,23.5,93.0,927.6,0.6,1.0,1,14.0,2,90.303,22.852,47.997,19.454,294.0,208.0,300.0,237.0,9.0,WET,False,89.406,22.716,47.542,19.148,293.0,209.0,297.0,240.0,2.0,WET,True,,,,,,,,,,,
2024,21,GRANDE PRÊMIO DE SÃO PAULO,STR,Aston Martin,20.4,23.5,93.0,927.6,0.6,1.0,1,10.0,2,90.58,22.826,48.157,19.597,296.0,210.0,302.0,239.0,4.0,WET,True,86.334,22.201,45.52,18.613,298.0,216.0,304.0,248.0,2.0,INTERMEDIATE,True,,,,,,,,,,,
2024,21,GRANDE PRÊMIO DE SÃO PAULO,TSU,Racing Bulls,20.4,23.5,93.0,927.6,0.6,1.0,1,3.0,3,89.172,22.715,47.538,18.919,294.0,204.0,303.0,243.0,5.0,WET,True,86.464,21.956,46.05,18.458,298.0,211.0,303.0,241.0,2.0,INTERMEDIATE,True,84.111,21.51,44.415,18.186,300.0,225.0,303.0,258.0,2.0,INTERMEDIATE,True
2024,21,GRANDE PRÊMIO DE SÃO PAULO,VER,Red Bull Racing,20.4,23.5,93.0,927.6,0.6,1.0,1,12.0,2,88.522,22.473,46.955,19.094,297.0,200.0,304.0,234.0,10.0,WET,False,87.771,22.587,46.218,18.966,297.0,202.0,298.0,243.0,2.0,WET,True,,,,,,,,,,,
2024,21,GRANDE PRÊMIO DE SÃO PAULO,ZHO,Kick Sauber,20.4,23.5,93.0,927.6,0.6,1.0,1,20.0,1,92.263,23.896,48.959,19.408,264.0,215.0,292.0,219.0,6.0,WET,True,,,,,,,,,,,,,,,,,,,,,,
2024,22,LAS VEGAS GRAND PRIX,ALB,Williams,11.8,13.95,26.0,941.3,0.7,0.0,0,18.0,1,94.425,26.756,31.586,36.083,184.0,213.0,321.0,346.0,5.0,SOFT,True,,,,,,,,,,,,,,,,,,,,,,
2024,22,LAS VEGAS GRAND PRIX,ALO,Aston Martin,11.8,13.95,26.0,941.3,0.7,0.0,0,17.0,1,94.258,26.689,31.599,35.97,184.0,211.0,323.0,345.0,5.0,SOFT,True,,,,,,,,,,,,,,,,,,,,,,
2024,22,LAS VEGAS GRAND PRIX,BOT,Kick Sauber,11.8,13.95,26.0,941.3,0.7,0.0,0,19.0,1,94.43,26.587,31.768,36.075,188.0,207.0,322.0,343.0,2.0,SOFT,True,,,,,,,,,,,,,,,,,,,,,,
2024,22,LAS VEGAS GRAND PRIX,COL,Williams,11.8,13.95,26.0,941.3,0.7,0.0,0,14.0,2,93.746,26.613,31.384,35.749,183.0,211.0,325.0,346.0,3.0,SOFT,True,93.749,26.398,31.45,35.901,185.0,209.0,324.0,348.0,6.0,SOFT,False,,,,,,,,,,,
2024,22,LAS VEGAS GRAND PRIX,GAS,Alpine,11.8,13.95,26.0,941.3,0.7,0.0,0,3.0,3,93.691,26.556,31.381,35.754,186.0,213.0,323.0,351.0,5.0,SOFT,True,92.879,26.212,31.056,35.611,189.0,215.0,323.0,352.0,3.0,SOFT,True,92.664,26.222,30.928,35.514,186.0,214.0,324.0,352.0,3.0,SOFT,True
2024,22,LAS VEGAS GRAND PRIX,HAM,Mercedes,11.8,13.95,26.0,941.3,0.7,0.0,0,10.0,3,93.225,26.246,31.179,35.8,188.0,215.0,321.0,341.0,8.0,SOFT,True,92.567,26.0,30.927,35.64,187.0,215.0,322.0,343.0,5.0,SOFT,True,95.181,27.965,31.569,35.647,184.0,215.0,323.0,344.0,2.0,SOFT,True
2024,22,LAS VEGAS GRAND PRIX,HUL,Haas F1 Team,11.8,13.95,26.0,941.3,0.7,0.0,0,9.0,3,93.92,26.564,31.461,35.895,184.0,215.0,321.0,344.0,3.0,SOFT,True,93.114,26.364,31.027,35.723,185.0,213.0,324.0,344.0,2.0,SOFT,True,93.062,26.353,30.942,35.767,189.0,216.0,324.0,342.0,2.0,SOFT,True
2024,22,LAS VEGAS GRAND PRIX,LAW,Racing Bulls,11.8,13.95,26.0,941.3,0.7,0.0,0,15.0,2,94.087,26.469,31.447,36.171,186.0,206.0,321.0,348.0,3.0,SOFT,True,94.257,26.573,31.654,36.03,184.0,214.0,321.0,346.0,7.0,SOFT,False,,,,,,,,,,,
2024,22,LAS VEGAS GRAND PRIX,LEC,Ferrari,11.8,13.95,26.0,941.3,0.7,0.0,0,4.0,3,93.446,26.341,31.313,35.792,184.0,214.0,326.0,343.0,5.0,SOFT,True,93.016,26.23,31.049,35.737,189.0,213.0,323.0,343.0,3.0,SOFT,True,92.783,26.337,30.898,35.548,187.0,215.0,324.0,344.0,3.0,SOFT,True
2024,22,LAS VEGAS GRAND PRIX,MAG,Haas F1 Team,11.8,13.95,26.0,941.3,0.7,0.0,0,12.0,2,93.991,26.566,31.47,35.955,183.0,214.0,321.0,341.0,3.0,SOFT,True,93.297,26.341,31.167,35.789,184.0,216.0,323.0,343.0,2.0,SOFT,True,,,,,,,,,,,
2024,22,LAS VEGAS GRAND PRIX,NOR,McLaren,11.8,13.95,26.0,941.3,0.7,0.0,0,6.0,3,93.592,26.54,31.299,35.753,186.0,212.0,323.0,346.0,4.0,SOFT,True,93.099,26.46,31.012,35.627,188.0,214.0,324.0,346.0,2.0,SOFT,True,93.008,26.199,31.196,35.613,189.0,212.0,323.0,347.0,3.0,SOFT,True
2024,22,LAS VEGAS GRAND PRIX,OCO,Alpine,11.8,13.95,26.0,941.3,0.7,0.0,0,11.0,2,93.968,26.667,31.533,35.768,187.0,212.0,324.0,352.0,5.0,SOFT,True,93.221,26.434,31.193,35.594,186.0,214.0,324.0,351.0,3.0,SOFT,True,,,,,,,,,,,
2024,22,LAS VEGAS GRAND PRIX,PER,Red Bull Racing,11.8,13.95,26.0,941.3,0.7,0.0,0,16.0,1,94.155,26.635,31.556,35.964,186.0,214.0,323.0,345.0,9.0,SOFT,True,,,,,,,,,,,,,,,,,,,,,,
2024,22,LAS VEGAS GRAND PRIX,PIA,McLaren,11.8,13.95,26.0,941.3,0.7,0.0,0,8.0,3,93.45,26.395,31.266,35.789,186.0,214.0,324.0,345.0,5.0,SOFT,True,93.024,26.161,31.147,35.716,189.0,214.0,328.0,345.0,2.0,SOFT,True,93.033,26.192,31.148,35.693,188.0,215.0,320.0,344.0,3.0,SOFT,True
2024,22,LAS VEGAS GRAND PRIX,RUS,Mercedes,11.8,13.95,26.0,941.3,0.7,0.0,0,1.0,3,93.186,26.192,31.155,35.839,188.0,213.0,321.0,342.0,8.0,SOFT,True,92.779,26.15,30.845,35.784,190.0,215.0,320.0,339.0,5.0,SOFT,True,92.312,25.736,30.916,35.66,188.0,216.0,321.0,343.0,2.0,SOFT,True
2024,22,LAS VEGAS GRAND PRIX,SAI,Ferrari,11.8,13.95,26.0,941.3,0.7,0.0,0,2.0,3,93.484,26.395,31.386,35.703,186.0,215.0,323.0,343.0,4.0,SOFT,True,92.711,26.205,30.953,35.553,188.0,215.0,325.0,347.0,6.0,SOFT,True,92.41,26.051,30.911,35.448,190.0,215.0,326.0,349.0,3.0,SOFT,True
2024,22,LAS VEGAS GRAND PRIX,STR,Aston Martin,11.8,13.95,26.0,941.3,0.7,0.0,0,20.0,1,94.484,26.834,31.446,36.204,187.0,214.0,315.0,348.0,2.0,SOFT,True,,,,,,,,,,,,,,,,,,,,,,
2024,22,LAS VEGAS GRAND PRIX,TSU,Racing Bulls,11.8,13.95,26.0,941.3,0.7,0.0,0,7.0,3,93.789,26.497,31.292,36.0,184.0,213.0,317.0,347.0,3.0,SOFT,True,93.089,26.202,31.133,35.754,188.0,215.0,318.0,348.0,3.0,SOFT,True,93.029,26.108,31.148,35.773,189.0,214.0,321.0,348.0,3.0,SOFT,True
2024,22,LAS VEGAS GRAND PRIX,VER,Red Bull Racing,11.8,13.95,26.0,941.3,0.7,0.0,0,5.0,3,93.299,26.413,31.165,35.721,188.0,212.0,323.0,348.0,7.0,SOFT,True,93.085,26.203,31.054,35.828,188.0,214.0,322.0,346.0,5.0,SOFT,True,92.797,26.067,31.027,35.703,186.0,214.0,322.0,348.0,2.0,SOFT,True
2024,22,LAS VEGAS GRAND PRIX,ZHO,Kick Sauber,11.8,13.95,26.0,941.3,0.7,0.0,0,13.0,2,94.079,26.533,31.422,36.124,186.0,213.0,324.0,332.0,2.0,SOFT,True,93.566,26.355,31.266,35.945,188.0,214.0,319.0,334.0,3.0,SOFT,True,,,,,,,,,,,
2024,23,QATAR GRAND PRIX,ALB,Williams,18.9,21.6,59.0,1017.7,2.2,0.0,0,16.0,1,82.39,30.259,27.782,24.349,249.0,285.0,278.0,318.0,3.0,SOFT,True,,,,,,,,,,,,,,,,,,,,,,
2024,23,QATAR GRAND PRIX,ALO,Aston Martin,18.9,21.6,59.0,1017.7,2.2,0.0,0,8.0,3,81.608,30.024,27.738,23.846,249.0,289.0,281.0,322.0,2.0,SOFT,True,81.208,29.836,27.635,23.737,252.0,288.0,282.0,322.0,2.0,SOFT,True,81.251,29.879,27.636,23.736,251.0,288.0,282.0,323.0,2.0,SOFT,True
2024,23,QATAR GRAND PRIX,BOT,Kick Sauber,18.9,21.6,59.0,1017.7,2.2,0.0,0,13.0,2,81.927,30.13,27.604,24.193,249.0,286.0,279.0,319.0,5.0,SOFT,True,81.731,29.992,27.651,24.088,252.0,285.0,279.0,319.0,3.0,SOFT,True,,,,,,,,,,,
2024,23,QATAR GRAND PRIX,COL,Williams,18.9,21.6,59.0,1017.7,2.2,0.0,0,19.0,1,82.594,30.474,27.901,24.219,247.0,285.0,277.0,317.0,3.0,SOFT,True,,,,,,,,,,,,,,,,,,,,,,
2024,23,QATAR GRAND PRIX,GAS,Alpine,18.9,21.6,59.0,1017.7,2.2,0.0,0,11.0,2,81.843,30.151,27.713,23.979,247.0,287.0,278.0,321.0,3.0,SOFT,True,81.437,30.062,27.562,23.813,249.0,287.0,281.0,319.0,3.0,SOFT,True,,,,,,,,,,,
2024,23,QATAR GRAND PRIX,HAM,Mercedes,18.9,21.6,59.0,1017.7,2.2,0.0,0,6.0,3,81.637,30.083,27.827,23.727,253.0,290.0,282.0,323.0,2.0,SOFT,True,81.095,29.809,27.637,23.649,254.0,290.0,282.0,320.0,5.0,SOFT,False,81.011,29.826,27.48,23.705,256.0,290.0,281.0,321.0,3.0,SOFT,True
2024,23,QATAR GRAND PRIX,HUL,Haas F1 Team,18.9,21.6,59.0,1017.7,2.2,0.0,0,18.0,1,82.442,30.495,27.697,24.25,249.0,286.0,274.0,315.0,2.0,SOFT,True,,,,,,,,,,,,,,,,,,,,,,
2024,23,QATAR GRAND PRIX,LAW,Racing Bulls,18.9,21.6,59.0,1017.7,2.2,0.0,0,17.0,1,82.411,30.291,27.936,24.184,248.0,285.0,278.0,318.0,5.0,SOFT,True,,,,,,,,,,,,,,,,,,,,,,
2024,23,QATAR GRAND PRIX,LEC,Ferrari,18.9,21.6,59.0,1017.7,2.2,0.0,0,5.0,3,81.278,29.827,27.79,23.661,255.0,286.0,279.0,318.0,5.0,SOFT,True,81.0,29.827,27.513,23.66,256.0,287.0,282.0,319.0,5.0,SOFT,True,80.852,29.79,27.451,23.611,256.0,286.0,282.0,317.0,2.0,SOFT,True
2024,23,QATAR GRAND PRIX,MAG,Haas F1 Team,18.9,21.6,59.0,1017.7,2.2,0.0,0,10.0,3,81.891,30.233,27.616,24.042,250.0,287.0,282.0,319.0,5.0,SOFT,True,81.387,30.148,27.381,23.858,252.0,287.0,280.0,317.0,3.0,SOFT,True,81.5,30.119,27.5,23.881,251.0,286.0,278.0,316.0,6.0,SOFT,False
2024,23,QATAR GRAND PRIX,NOR,McLaren,18.9,21.6,59.0,1017.7,2.2,0.0,0,3.0,3,81.437,29.988,27.615,23.834,251.0,287.0,279.0,314.0,3.0,SOFT,True,80.983,29.84,27.453,23.69,252.0,288.0,279.0,315.0,2.0,SOFT,True,80.772,29.731,27.412,23.629,253.0,287.0,281.0,318.0,4.0,SOFT,True
2024,23,QATAR GRAND PRIX,OCO,Alpine,18.9,21.6,59.0,1017.7,2.2,0.0,0,20.0,1,82.714,30.537,28.012,24.165,246.0,286.0,280.0,321.0,3.0,SOFT,True,,,,,,,,,,,,,,,,,,,,,,
2024,23,QATAR GRAND PRIX,PER,Red Bull Racing,18.9,21.6,59.0,1017.7,2.2,0.0,0,9.0,3,81.675,30.021,27.853,23.801,251.0,287.0,283.0,323.0,3.0,SOFT,True,81.425,30.024,27.534,23.867,251.0,287.0,282.0,320.0,2.0,SOFT,True,81.425,30.045,27.557,23.823,252.0,287.0,283.0,324.0,3.0,SOFT,True
2024,23,QATAR GRAND PRIX,PIA,McLaren,18.9,21.6,59.0,1017.7,2.2,0.0,0,4.0,3,81.821,30.282,27.748,23.791,250.0,286.0,279.0,315.0,2.0,SOFT,True,81.121,30.015,27.423,23.683,253.0,286.0,279.0,313.0,5.0,SOFT,True,80.829,29.756,27.476,23.597,254.0,287.0,281.0,318.0,3.0,SOFT,True
2024,23,QATAR GRAND PRIX,RUS,Mercedes,18.9,21.6,59.0,1017.7,2.2,0.0,0,2.0,3,81.241,29.885,27.581,23.775,253.0,289.0,281.0,319.0,9.0,SOFT,True,81.069,29.958,27.373,23.738,252.0,289.0,282.0,321.0,5.0,SOFT,False,80.575,29.742,27.268,23.565,254.0,289.0,280.0,317.0,3.0,SOFT,True
2024,23,QATAR GRAND PRIX,SAI,Ferrari,18.9,21.6,59.0,1017.7,2.2,0.0,0,7.0,3,81.447,30.008,27.636,23.803,251.0,287.0,278.0,320.0,5.0,SOFT,True,81.199,29.812,27.597,23.79,255.0,287.0,283.0,321.0,5.0,SOFT,True,81.041,29.915,27.402,23.724,252.0,287.0,281.0,314.0,2.0,SOFT,True
2024,23,QATAR GRAND PRIX,STR,Aston Martin,18.9,21.6,59.0,1017.7,2.2,0.0,0,15.0,2,82.011,30.211,27.794,24.006,249.0,287.0,279.0,323.0,2.0,SOFT,True,81.911,30.386,27.616,23.909,248.0,287.0,281.0,322.0,2.0,SOFT,True,,,,,,,,,,,
2024,23,QATAR GRAND PRIX,TSU,Racing Bulls,18.9,21.6,59.0,1017.7,2.2,0.0,0,14.0,2,82.364,30.419,27.879,24.066,250.0,286.0,275.0,320.0,3.0,SOFT,True,81.771,30.179,27.707,23.885,250.0,285.0,281.0,316.0,2.0,SOFT,True,,,,,,,,,,,
2024,23,QATAR GRAND PRIX,VER,Red Bull Racing,18.9,21.6,59.0,1017.7,2.2,0.0,0,1.0,3,81.579,29.967,27.798,23.814,250.0,288.0,281.0,320.0,3.0,SOFT,True,80.687,29.692,27.365,23.63,253.0,288.0,283.0,322.0,5.0,SOFT,True,80.52,29.598,27.353,23.569,253.0,288.0,283.0,322.0,5.0,SOFT,True
2024,23,QATAR GRAND PRIX,ZHO,Kick Sauber,18.9,21.6,59.0,1017.7,2.2,0.0,0,12.0,2,82.103,30.079,27.792,24.232,251.0,286.0,268.0,317.0,5.0,SOFT,True,81.501,29.872,27.533,24.096,252.0,285.0,276.0,318.0,3.0,SOFT,True,,,,,,,,,,,
2024,24,ABU DHABI GRAND PRIX,ALB,Williams,25.8,29.5,66.0,1017.3,1.5,0.0,0,16.0,1,83.821,17.129,36.125,30.567,294.0,324.0,221.0,325.0,2.0,SOFT,True,,,,,,,,,,,,,,,,,,,,,,
2024,24,ABU DHABI GRAND PRIX,ALO,Aston Martin,25.8,29.5,66.0,1017.3,1.5,0.0,0,8.0,3,83.794,17.09,36.195,30.509,292.0,323.0,219.0,329.0,2.0,SOFT,True,83.268,17.011,36.02,30.237,292.0,323.0,221.0,329.0,2.0,SOFT,True,83.196,17.01,36.006,30.18,292.0,323.0,221.0,328.0,2.0,SOFT,True
2024,24,ABU DHABI GRAND PRIX,BOT,Kick Sauber,25.8,29.5,66.0,1017.3,1.5,0.0,0,9.0,3,83.481,17.117,35.98,30.384,290.0,327.0,221.0,330.0,2.0,SOFT,True,83.341,17.171,35.897,30.273,289.0,324.0,222.0,330.0,2.0,SOFT,True,83.204,17.152,35.902,30.15,290.0,323.0,223.0,330.0,2.0,SOFT,True
2024,24,ABU DHABI GRAND PRIX,COL,Williams,25.8,29.5,66.0,1017.3,1.5,0.0,0,19.0,1,83.912,17.209,36.14,30.563,295.0,322.0,219.0,327.0,2.0,SOFT,True,,,,,,,,,,,,,,,,,,,,,,
2024,24,ABU DHABI GRAND PRIX,DOO,Alpine,25.8,29.5,66.0,1017.3,1.5,0.0,0,20.0,1,84.105,17.297,36.258,30.55,291.0,323.0,222.0,326.0,2.0,SOFT,True,,,,,,,,,,,,,,,,,,,,,,
2024,24,ABU DHABI GRAND PRIX,GAS,Alpine,25.8,29.5,66.0,1017.3,1.5,0.0,0,6.0,3,83.548,17.079,35.972,30.497,291.0,322.0,222.0,325.0,2.0,SOFT,True,83.086,17.062,35.934,30.09,290.0,322.0,220.0,325.0,2.0,SOFT,True,82.984,17.081,35.871,30.032,289.0,322.0,221.0,325.0,2.0,SOFT,True
2024,24,ABU DHABI GRAND PRIX,HAM,Mercedes,25.8,29.5,66.0,1017.3,1.5,0.0,0,18.0,1,83.887,17.148,36.232,30.507,291.0,321.0,220.0,326.0,2.0,SOFT,True,,,,,,,,,,,,,,,,,,,,,,
2024,24,ABU DHABI GRAND PRIX,HUL,Haas F1 Team,25.8,29.5,66.0,1017.3,1.5,0.0,0,4.0,3,83.722,17.213,36.107,30.402,292.0,325.0,220.0,327.0,2.0,SOFT,True,83.04,17.075,35.798,30.167,292.0,326.0,220.0,329.0,2.0,SOFT,True,82.886,17.106,35.718,30.062,291.0,324.0,221.0,328.0,2.0,SOFT,True
2024,24,ABU DHABI GRAND PRIX,LAW,Racing Bulls,25.8,29.5,66.0,1017.3,1.5,0.0,0,12.0,2,83.733,17.193,36.011,30.529,292.0,326.0,218.0,328.0,2.0,SOFT,True,83.472,17.133,36.058,30.281,291.0,323.0,220.0,328.0,2.0,SOFT,True,,,,,,,,,,,
2024,24,ABU DHABI GRAND PRIX,LEC,Ferrari,25.8,29.5,66.0,1017.3,1.5,0.0,0,14.0,2,83.302,17.056,36.032,30.214,290.0,322.0,219.0,325.0,2.0,SOFT,True,82.98,16.974,35.964,30.042,291.0,321.0,220.0,325.0,2.0,SOFT,True,,,,,,,,,,,
2024,24,ABU DHABI GRAND PRIX,MAG,Haas F1 Team,25.8,29.5,66.0,1017.3,1.5,0.0,0,15.0,2,83.632,17.234,35.967,30.431,290.0,323.0,221.0,327.0,2.0,SOFT,True,83.877,17.19,36.045,30.642,291.0,325.0,219.0,328.0,2.0,SOFT,True,,,,,,,,,,,
2024,24,ABU DHABI GRAND PRIX,NOR,McLaren,25.8,29.5,66.0,1017.3,1.5,0.0,0,1.0,3,83.682,17.129,36.301,30.252,287.0,319.0,221.0,321.0,2.0,SOFT,True,83.098,17.04,35.971,30.087,289.0,322.0,220.0,324.0,4.0,SOFT,False,82.595,16.958,35.776,29.861,289.0,318.0,220.0,323.0,2.0,SOFT,True
2024,24,ABU DHABI GRAND PRIX,PER,Red Bull Racing,25.8,29.5,66.0,1017.3,1.5,0.0,0,10.0,3,83.559,17.161,36.08,30.318,291.0,325.0,219.0,329.0,2.0,SOFT,True,83.379,17.118,35.806,30.455,293.0,328.0,221.0,335.0,2.0,SOFT,True,83.264,17.082,35.945,30.237,292.0,325.0,221.0,330.0,2.0,SOFT,True
2024,24,ABU DHABI GRAND PRIX,PIA,McLaren,25.8,29.5,66.0,1017.3,1.5,0.0,0,2.0,3,83.64,17.068,36.22,30.352,289.0,318.0,222.0,321.0,2.0,SOFT,True,83.199,16.972,36.007,30.22,289.0,321.0,220.0,327.0,4.0,SOFT,False,82.804,17.027,35.853,29.924,290.0,321.0,220.0,324.0,2.0,SOFT,True
2024,24,ABU DHABI GRAND PRIX,RUS,Mercedes,25.8,29.5,66.0,1017.3,1.5,0.0,0,7.0,3,83.678,17.133,36.213,30.332,291.0,323.0,222.0,326.0,2.0,SOFT,True,83.283,17.137,35.956,30.19,291.0,323.0,219.0,325.0,2.0,SOFT,True,83.132,17.088,36.005,30.039,290.0,319.0,222.0,324.0,2.0,SOFT,True
2024,24,ABU DHABI GRAND PRIX,SAI,Ferrari,25.8,29.5,66.0,1017.3,1.5,0.0,0,3.0,3,83.487,17.128,36.193,30.166,287.0,324.0,220.0,325.0,2.0,SOFT,True,82.985,17.051,35.769,30.165,289.0,322.0,221.0,327.0,2.0,SOFT,True,82.824,16.98,35.787,30.057,290.0,324.0,221.0,326.0,2.0,SOFT,True
2024,24,ABU DHABI GRAND PRIX,STR,Aston Martin,25.8,29.5,66.0,1017.3,1.5,0.0,0,13.0,2,83.729,17.094,35.963,30.672,293.0,321.0,219.0,329.0,2.0,SOFT,True,83.784,17.12,35.985,30.679,291.0,322.0,220.0,327.0,4.0,SOFT,False,,,,,,,,,,,
2024,24,ABU DHABI GRAND PRIX,TSU,Racing Bulls,25.8,29.5,66.0,1017.3,1.5,0.0,0,11.0,2,83.735,17.112,36.043,30.58,293.0,326.0,221.0,329.0,2.0,SOFT,True,83.419,17.122,36.033,30.264,290.0,324.0,221.0,327.0,2.0,SOFT,True,,,,,,,,,,,
2024,24,ABU DHABI GRAND PRIX,VER,Red Bull Racing,25.8,29.5,66.0,1017.3,1.5,0.0,0,5.0,3,83.516,17.124,35.99,30.402,290.0,326.0,219.0,329.0,2.0,SOFT,True,82.998,17.081,35.785,30.132,290.0,325.0,219.0,330.0,2.0,SOFT,True,82.945,17.022,35.73,30.193,290.0,325.0,202.0,328.0,2.0,SOFT,True
2024,24,ABU DHABI GRAND PRIX,ZHO,Kick Sauber,25.8,29.5,66.0,1017.3,1.5,0.0,0,17.0,1,83.88,17.282,36.214,30.384,291.0,325.0,221.0,327.0,2.0,SOFT,True,,,,,,,,,,,,,,,,,,,,,,
2025,1,AUSTRALIAN GRAND PRIX,ALB,Williams,30.1,40.7,48.0,1009.4,0.7,0.0,0,6.0,3,76.245,26.378,17.153,32.714,292.0,327.0,309.0,325.0,2.0,SOFT,True,76.017,26.186,17.034,32.797,289.0,328.0,309.0,327.0,2.0,SOFT,True,75.737,26.215,16.978,32.544,289.0,329.0,309.0,331.0,2.0,SOFT,True
2025,1,AUSTRALIAN GRAND PRIX,ALO,Aston Martin,30.1,40.7,48.0,1009.4,0.7,0.0,0,12.0,2,76.288,26.3,17.107,32.881,289.0,327.0,308.0,327.0,2.0,SOFT,True,76.453,26.374,17.188,32.891,287.0,328.0,305.0,330.0,2.0,SOFT,True,,,,,,,,,,,
2025,1,AUSTRALIAN GRAND PRIX,ANT,Mercedes,30.1,40.7,48.0,1009.4,0.7,0.0,0,16.0,1,76.525,26.443,17.166,32.916,290.0,325.0,309.0,324.0,5.0,SOFT,True,,,,,,,,,,,,,,,,,,,,,,
2025,1,AUSTRALIAN GRAND PRIX,BOR,Kick Sauber,30.1,40.7,48.0,1009.4,0.7,0.0,0,15.0,2,76.516,26.495,17.22,32.801,289.0,327.0,306.0,325.0,2.0,SOFT,True,77.52,26.577,17.331,33.612,289.0,327.0,305.0,325.0,5.0,SOFT,False,,,,,,,,,,,
2025,1,AUSTRALIAN GRAND PRIX,DOO,Alpine,30.1,40.7,48.0,1009.4,0.7,0.0,0,14.0,2,76.315,26.381,17.15,32.784,289.0,326.0,309.0,325.0,2.0,SOFT,True,76.863,26.27,17.177,33.416,288.0,328.0,310.0,327.0,2.0,SOFT,True,,,,,,,,,,,
2025,1,AUSTRALIAN GRAND PRIX,GAS,Alpine,30.1,40.7,48.0,1009.4,0.7,0.0,0,9.0,3,76.328,26.54,17.148,32.64,288.0,328.0,308.0,324.0,2.0,SOFT,True,76.112,26.4,17.152,32.56,287.0,325.0,307.0,324.0,2.0,SOFT,True,75.98,26.293,17.087,32.6,287.0,326.0,307.0,326.0,2.0,SOFT,True
2025,1,AUSTRALIAN GRAND PRIX,HAD,Racing Bulls,30.1,40.7,48.0,1009.4,0.7,0.0,0,11.0,2,76.354,26.523,17.139,32.692,292.0,329.0,308.0,327.0,2.0,SOFT,True,76.175,26.345,17.148,32.682,289.0,328.0,309.0,329.0,2.0,SOFT,True,,,,,,,,,,,
2025,1,AUSTRALIAN GRAND PRIX,HAM,Ferrari,30.1,40.7,48.0,1009.4,0.7,0.0,0,8.0,3,76.213,26.347,17.224,32.642,290.0,323.0,305.0,330.0,2.0,SOFT,True,75.919,26.15,17.223,32.546,289.0,321.0,306.0,324.0,2.0,SOFT,True,75.973,26.265,17.08,32.628,290.0,324.0,306.0,328.0,2.0,SOFT,True
2025,1,AUSTRALIAN GRAND PRIX,HUL,Kick Sauber,30.1,40.7,48.0,1009.4,0.7,0.0,0,17.0,1,76.579,26.656,17.201,32.722,288.0,328.0,302.0,327.0,2.0,SOFT,True,,,,,,,,,,,,,,,,,,,,,,
2025,1,AUSTRALIAN GRAND PRIX,LAW,Red Bull Racing,30.1,40.7,48.0,1009.4,0.7,0.0,0,18.0,1,77.094,26.819,17.362,32.913,291.0,329.0,307.0,327.0,2.0,SOFT,True,,,,,,,,,,,,,,,,,,,,,,
2025,1,AUSTRALIAN GRAND PRIX,LEC,Ferrari,30.1,40.7,48.0,1009.4,0.7,0.0,0,7.0,3,76.029,26.411,17.144,32.474,290.0,322.0,308.0,325.0,2.0,SOFT,True,75.827,26.184,17.155,32.488,289.0,320.0,303.0,323.0,2.0,SOFT,True,75.755,26.194,17.025,32.536,290.0,325.0,309.0,326.0,2.0,SOFT,True
2025,1,AUSTRALIAN GRAND PRIX,NOR,McLaren,30.1,40.7,48.0,1009.4,0.7,0.0,0,1.0,3,75.912,26.463,17.116,32.333,290.0,326.0,308.0,328.0,5.0,SOFT,False,75.415,26.194,17.03,32.191,289.0,325.0,310.0,328.0,5.0,SOFT,False,75.096,25.961,16.997,32.138,288.0,325.0,310.0,326.0,2.0,SOFT,True
2025,1,AUSTRALIAN GRAND PRIX,OCO,Haas F1 Team,30.1,40.7,48.0,1009.4,0.7,0.0,0,19.0,1,77.147,26.686,17.206,33.255,288.0,327.0,307.0,322.0,2.0,SOFT,True,,,,,,,,,,,,,,,,,,,,,,
2025,1,AUSTRALIAN GRAND PRIX,PIA,McLaren,30.1,40.7,48.0,1009.4,0.7,0.0,0,2.0,3,76.062,26.27,17.114,32.678,289.0,325.0,307.0,325.0,5.0,SOFT,False,75.468,26.171,17.111,32.186,290.0,324.0,305.0,323.0,2.0,SOFT,True,75.18,26.082,16.951999999999998,32.146,289.0,325.0,309.0,323.0,2.0,SOFT,True
2025,1,AUSTRALIAN GRAND PRIX,RUS,Mercedes,30.1,40.7,48.0,1009.4,0.7,0.0,0,4.0,3,75.971,26.366,17.086,32.519,291.0,328.0,310.0,326.0,2.0,SOFT,True,75.798,26.373,17.128,32.297,290.0,324.0,309.0,321.0,5.0,SOFT,False,75.546,26.163,16.951,32.432,289.0,327.0,312.0,327.0,2.0,SOFT,True
2025,1,AUSTRALIAN GRAND PRIX,SAI,Williams,30.1,40.7,48.0,1009.4,0.7,0.0,0,10.0,3,76.36,26.477,17.175,32.708,289.0,325.0,310.0,323.0,2.0,SOFT,True,75.931,26.269,17.078,32.584,287.0,328.0,308.0,327.0,2.0,SOFT,True,76.062,26.355,17.0,32.707,289.0,329.0,309.0,327.0,2.0,SOFT,True
2025,1,AUSTRALIAN GRAND PRIX,STR,Aston Martin,30.1,40.7,48.0,1009.4,0.7,0.0,0,13.0,2,76.369,26.474,17.151,32.744,290.0,328.0,309.0,327.0,2.0,SOFT,True,76.483,26.457,17.173,32.853,288.0,325.0,307.0,326.0,2.0,SOFT,True,,,,,,,,,,,
2025,1,AUSTRALIAN GRAND PRIX,TSU,Racing Bulls,30.1,40.7,48.0,1009.4,0.7,0.0,0,5.0,3,76.225,26.468,17.173,32.584,291.0,328.0,307.0,326.0,2.0,SOFT,True,76.009,26.264,17.193,32.552,289.0,325.0,307.0,325.0,2.0,SOFT,True,75.67,26.19,17.005,32.475,290.0,330.0,306.0,328.0,2.0,SOFT,True
2025,1,AUSTRALIAN GRAND PRIX,VER,Red Bull Racing,30.1,40.7,48.0,1009.4,0.7,0.0,0,3.0,3,76.018,26.366,17.171,32.481,291.0,327.0,303.0,328.0,2.0,SOFT,True,75.565,26.09,17.003,32.472,289.0,328.0,308.0,330.0,5.0,SOFT,False,75.481,26.066,16.915,32.5,290.0,330.0,310.0,331.0,2.0,SOFT,True
2025,2,CHINESE GRAND PRIX,ALB,Williams,26.1,38.7,14.0,1015.1,2.3,0.0,0,10.0,3,91.503,24.237,27.477,39.789,284.0,278.0,273.0,330.0,2.0,SOFT,True,91.595,24.174,27.498,39.923,286.0,279.0,273.0,332.0,2.0,SOFT,True,91.706,24.246,27.654,39.806,284.0,278.0,273.0,329.0,5.0,SOFT,False
2025,2,CHINESE GRAND PRIX,ALO,Aston Martin,26.1,38.7,14.0,1015.1,2.3,0.0,0,13.0,2,91.719,24.117,27.736,39.866,282.0,276.0,271.0,326.0,2.0,SOFT,True,91.688,24.067,27.56,40.061,282.0,276.0,268.0,328.0,2.0,SOFT,True,,,,,,,,,,,
2025,2,CHINESE GRAND PRIX,ANT,Mercedes,26.1,38.7,14.0,1015.1,2.3,0.0,0,8.0,3,91.676,24.179,27.69,39.807,285.0,277.0,270.0,332.0,2.0,SOFT,True,91.59,24.271,27.63,39.689,287.0,280.0,272.0,332.0,5.0,SOFT,False,91.103,24.176,27.301,39.626,285.0,280.0,271.0,333.0,2.0,SOFT,True
2025,2,CHINESE GRAND PRIX,BEA,Haas F1 Team,26.1,38.7,14.0,1015.1,2.3,0.0,0,17.0,1,92.018,24.427,27.599,39.992,286.0,277.0,270.0,327.0,2.0,SOFT,True,,,,,,,,,,,,,,,,,,,,,,
2025,2,CHINESE GRAND PRIX,BOR,Kick Sauber,26.1,38.7,14.0,1015.1,2.3,0.0,0,19.0,1,92.141,24.516,27.517,40.108,285.0,278.0,263.0,330.0,2.0,SOFT,True,,,,,,,,,,,,,,,,,,,,,,
2025,2,CHINESE GRAND PRIX,DOO,Alpine,26.1,38.7,14.0,1015.1,2.3,0.0,0,18.0,1,92.092,24.407,27.655,40.03,284.0,278.0,272.0,331.0,2.0,SOFT,True,,,,,,,,,,,,,,,,,,,,,,
2025,2,CHINESE GRAND PRIX,GAS,Alpine,26.1,38.7,14.0,1015.1,2.3,0.0,0,16.0,1,91.992,24.128,27.601,40.263,282.0,276.0,270.0,330.0,2.0,SOFT,True,,,,,,,,,,,,,,,,,,,,,,
2025,2,CHINESE GRAND PRIX,HAD,Racing Bulls,26.1,38.7,14.0,1015.1,2.3,0.0,0,7.0,3,91.162,24.234,27.268,39.66,284.0,278.0,270.0,330.0,2.0,SOFT,True,91.253,24.127,27.254,39.872,285.0,278.0,271.0,330.0,2.0,SOFT,True,91.079,24.16,27.213,39.706,284.0,277.0,270.0,331.0,2.0,SOFT,True
2025,2,CHINESE GRAND PRIX,HAM,Ferrari,26.1,38.7,14.0,1015.1,2.3,0.0,0,5.0,3,91.69,24.186,27.43,40.074,285.0,278.0,264.0,332.0,5.0,SOFT,False,91.501,24.304,27.252,39.945,287.0,280.0,269.0,332.0,2.0,SOFT,True,90.927,24.148,27.175,39.604,287.0,281.0,270.0,330.0,2.0,SOFT,True
2025,2,CHINESE GRAND PRIX,HUL,Kick Sauber,26.1,38.7,14.0,1015.1,2.3,0.0,0,12.0,2,91.921,24.303,27.609,40.009,285.0,279.0,269.0,333.0,2.0,SOFT,True,91.632,24.256,27.481,39.895,285.0,279.0,270.0,333.0,2.0,SOFT,True,,,,,,,,,,,
2025,2,CHINESE GRAND PRIX,LAW,Red Bull Racing,26.1,38.7,14.0,1015.1,2.3,0.0,0,20.0,1,92.174,24.522,27.622,40.03,285.0,275.0,270.0,332.0,2.0,SOFT,True,,,,,,,,,,,,,,,,,,,,,,
2025,2,CHINESE GRAND PRIX,LEC,Ferrari,26.1,38.7,14.0,1015.1,2.3,0.0,0,6.0,3,91.579,24.339,27.514,39.726,286.0,280.0,274.0,332.0,5.0,SOFT,True,91.45,24.205,27.415,39.83,288.0,281.0,269.0,332.0,2.0,SOFT,True,91.021,24.094,27.355,39.572,286.0,281.0,272.0,332.0,2.0,SOFT,True
2025,2,CHINESE GRAND PRIX,NOR,McLaren,26.1,38.7,14.0,1015.1,2.3,0.0,0,3.0,3,90.983,23.966,27.348,39.669,283.0,277.0,274.0,326.0,5.0,SOFT,True,90.787,23.954,27.257,39.576,284.0,278.0,273.0,328.0,2.0,SOFT,True,90.793,24.03,27.328,39.435,283.0,278.0,272.0,327.0,2.0,SOFT,True
2025,2,CHINESE GRAND PRIX,OCO,Haas F1 Team,26.1,38.7,14.0,1015.1,2.3,0.0,0,11.0,2,91.876,24.244,27.609,40.023,285.0,279.0,272.0,327.0,2.0,SOFT,True,91.625,24.246,27.489,39.89,286.0,279.0,271.0,326.0,2.0,SOFT,True,,,,,,,,,,,
2025,2,CHINESE GRAND PRIX,PIA,McLaren,26.1,38.7,14.0,1015.1,2.3,0.0,0,1.0,3,91.591,24.176,27.442,39.973,282.0,276.0,268.0,330.0,7.0,SOFT,False,91.2,24.219,27.341,39.64,285.0,279.0,271.0,328.0,2.0,SOFT,True,90.641,23.996,27.227,39.418,284.0,278.0,272.0,329.0,2.0,SOFT,True
2025,2,CHINESE GRAND PRIX,RUS,Mercedes,26.1,38.7,14.0,1015.1,2.3,0.0,0,2.0,3,91.295,24.187,27.368,39.74,285.0,279.0,271.0,332.0,5.0,SOFT,True,91.307,24.264,27.412,39.631,286.0,280.0,274.0,338.0,5.0,SOFT,False,90.723,24.068,27.221,39.434,286.0,280.0,272.0,334.0,2.0,SOFT,True
2025,2,CHINESE GRAND PRIX,SAI,Williams,26.1,38.7,14.0,1015.1,2.3,0.0,0,15.0,2,91.628,24.289,27.48,39.859,284.0,278.0,269.0,330.0,2.0,SOFT,True,91.84,24.231,27.5,40.109,284.0,279.0,268.0,333.0,2.0,SOFT,True,,,,,,,,,,,
2025,2,CHINESE GRAND PRIX,STR,Aston Martin,26.1,38.7,14.0,1015.1,2.3,0.0,0,14.0,2,91.923,24.267,27.617,40.039,283.0,277.0,272.0,333.0,2.0,SOFT,True,91.773,24.267,27.391,40.115,284.0,278.0,269.0,326.0,2.0,SOFT,True,,,,,,,,,,,
2025,2,CHINESE GRAND PRIX,TSU,Racing Bulls,26.1,38.7,14.0,1015.1,2.3,0.0,0,9.0,3,91.238,24.276,27.203,39.759,284.0,278.0,272.0,331.0,2.0,SOFT,True,91.26,24.171,27.269,39.82,285.0,279.0,273.0,331.0,2.0,SOFT,True,91.638,24.28,27.527,39.831,285.0,278.0,272.0,331.0,5.0,SOFT,False
2025,2,CHINESE GRAND PRIX,VER,Red Bull Racing,26.1,38.7,14.0,1015.1,2.3,0.0,0,4.0,3,91.424,24.256,27.505,39.663,284.0,277.0,269.0,335.0,4.0,SOFT,False,91.142,24.168,27.318,39.656,285.0,278.0,274.0,339.0,2.0,SOFT,True,90.817,23.945,27.313,39.559,286.0,278.0,272.0,334.0,2.0,SOFT,True
2025,3,JAPANESE GRAND PRIX,ALB,Williams,14.7,32.3,59.0,1013.3,3.0,0.0,0,9.0,3,88.218,30.763,39.851,17.604,288.0,300.0,272.0,295.0,2.0,SOFT,True,87.783,30.714,39.651,17.418,288.0,305.0,273.0,296.0,2.0,SOFT,True,87.615,30.604,39.612,17.399,289.0,301.0,272.0,294.0,2.0,SOFT,True
2025,3,JAPANESE GRAND PRIX,ALO,Aston Martin,14.7,32.3,59.0,1013.3,3.0,0.0,0,13.0,2,88.337,30.725,39.982,17.63,287.0,299.0,269.0,295.0,2.0,SOFT,True,87.897,30.633,39.705,17.559,287.0,299.0,269.0,294.0,2.0,SOFT,True,,,,,,,,,,,
2025,3,JAPANESE GRAND PRIX,ANT,Mercedes,14.7,32.3,59.0,1013.3,3.0,0.0,0,6.0,3,87.968,30.9,39.685,17.383,287.0,304.0,270.0,297.0,2.0,SOFT,True,87.639,30.75,39.594,17.295,287.0,303.0,269.0,294.0,2.0,SOFT,True,87.555,30.669,39.503,17.383,287.0,301.0,271.0,295.0,2.0,SOFT,True
2025,3,JAPANESE GRAND PRIX,BEA,Haas F1 Team,14.7,32.3,59.0,1013.3,3.0,0.0,0,10.0,3,88.228,30.831,39.938,17.459,286.0,299.0,268.0,297.0,2.0,SOFT,True,87.711,30.669,39.639,17.403,286.0,299.0,270.0,295.0,2.0,SOFT,True,87.867,30.646,39.653,17.568,287.0,296.0,267.0,294.0,2.0,SOFT,True
2025,3,JAPANESE GRAND PRIX,BOR,Kick Sauber,14.7,32.3,59.0,1013.3,3.0,0.0,0,17.0,1,88.622,31.08,40.0,17.542,287.0,297.0,271.0,293.0,2.0,SOFT,True,,,,,,,,,,,,,,,,,,,,,,
2025,3,JAPANESE GRAND PRIX,DOO,Alpine,14.7,32.3,59.0,1013.3,3.0,0.0,0,19.0,1,88.877,30.983,40.186,17.708,288.0,301.0,270.0,299.0,2.0,SOFT,True,,,,,,,,,,,,,,,,,,,,,,
2025,3,JAPANESE GRAND PRIX,GAS,Alpine,14.7,32.3,59.0,1013.3,3.0,0.0,0,11.0,2,88.186,30.666,40.091,17.429,286.0,297.0,270.0,295.0,2.0,SOFT,True,87.822,30.593,39.84,17.389,287.0,298.0,270.0,296.0,2.0,SOFT,True,,,,,,,,,,,
2025,3,JAPANESE GRAND PRIX,HAD,Racing Bulls,14.7,32.3,59.0,1013.3,3.0,0.0,0,7.0,3,88.278,30.924,39.881,17.473,287.0,300.0,268.0,296.0,2.0,SOFT,True,87.775,30.783,39.591,17.401,287.0,301.0,269.0,297.0,2.0,SOFT,True,87.569,30.663,39.471,17.435,288.0,299.0,270.0,295.0,2.0,SOFT,True
2025,3,JAPANESE GRAND PRIX,HAM,Ferrari,14.7,32.3,59.0,1013.3,3.0,0.0,0,8.0,3,87.942,30.673,39.776,17.493,289.0,300.0,272.0,297.0,5.0,SOFT,True,87.61,30.699,39.454,17.457,289.0,298.0,268.0,296.0,2.0,SOFT,True,87.61,30.506,39.698,17.406,289.0,299.0,271.0,296.0,2.0,SOFT,True
2025,3,JAPANESE GRAND PRIX,HUL,Kick Sauber,14.7,32.3,59.0,1013.3,3.0,0.0,0,16.0,1,88.57,31.082,39.984,17.504,288.0,300.0,272.0,297.0,2.0,SOFT,True,,,,,,,,,,,,,,,,,,,,,,
2025,3,JAPANESE GRAND PRIX,LAW,Racing Bulls,14.7,32.3,59.0,1013.3,3.0,0.0,0,14.0,2,88.554,31.194,39.833,17.527,285.0,299.0,270.0,296.0,2.0,SOFT,True,87.906,30.879,39.634,17.393,287.0,302.0,271.0,296.0,2.0,SOFT,True,,,,,,,,,,,
2025,3,JAPANESE GRAND PRIX,LEC,Ferrari,14.7,32.3,59.0,1013.3,3.0,0.0,0,4.0,3,87.92,30.67,39.841,17.409,289.0,300.0,271.0,296.0,5.0,SOFT,False,87.555,30.552,39.604,17.399,289.0,299.0,270.0,296.0,5.0,SOFT,False,87.299,30.535,39.352,17.412,288.0,299.0,271.0,295.0,2.0,SOFT,True
2025,3,JAPANESE GRAND PRIX,NOR,McLaren,14.7,32.3,59.0,1013.3,3.0,0.0,0,2.0,3,87.845,30.61,39.725,17.51,288.0,303.0,272.0,299.0,5.0,SOFT,True,87.146,30.451,39.388,17.307,285.0,302.0,272.0,298.0,2.0,SOFT,True,86.995,30.358,39.301,17.336,287.0,300.0,267.0,295.0,2.0,SOFT,True
2025,3,JAPANESE GRAND PRIX,OCO,Haas F1 Team,14.7,32.3,59.0,1013.3,3.0,0.0,0,18.0,1,88.696,31.041,40.137,17.518,286.0,296.0,271.0,295.0,2.0,SOFT,True,,,,,,,,,,,,,,,,,,,,,,
2025,3,JAPANESE GRAND PRIX,PIA,McLaren,14.7,32.3,59.0,1013.3,3.0,0.0,0,3.0,3,87.687,30.69,39.542,17.455,287.0,301.0,271.0,295.0,5.0,SOFT,False,87.507,30.658,39.426,17.423,286.0,302.0,269.0,296.0,5.0,SOFT,False,87.027,30.625,39.197,17.205,287.0,299.0,271.0,294.0,2.0,SOFT,True
2025,3,JAPANESE GRAND PRIX,RUS,Mercedes,14.7,32.3,59.0,1013.3,3.0,0.0,0,5.0,3,87.843,30.738,39.662,17.443,288.0,304.0,273.0,297.0,5.0,SOFT,False,87.4,30.458,39.573,17.369,288.0,306.0,272.0,298.0,2.0,SOFT,True,87.318,30.376,39.599,17.343,288.0,303.0,272.0,297.0,2.0,SOFT,True
2025,3,JAPANESE GRAND PRIX,SAI,Williams,14.7,32.3,59.0,1013.3,3.0,0.0,0,12.0,2,88.209,30.935,39.794,17.48,288.0,302.0,271.0,296.0,2.0,SOFT,True,87.836,30.76,39.579,17.497,287.0,303.0,270.0,298.0,2.0,SOFT,True,,,,,,,,,,,
2025,3,JAPANESE GRAND PRIX,STR,Aston Martin,14.7,32.3,59.0,1013.3,3.0,0.0,0,20.0,1,89.271,31.034,40.483,17.754,285.0,297.0,268.0,295.0,2.0,SOFT,True,,,,,,,,,,,,,,,,,,,,,,
2025,3,JAPANESE GRAND PRIX,TSU,Red Bull Racing,14.7,32.3,59.0,1013.3,3.0,0.0,0,15.0,2,87.967,30.839,39.679,17.449,285.0,296.0,270.0,296.0,2.0,SOFT,True,88.0,30.84,39.672,17.488,284.0,297.0,268.0,292.0,2.0,SOFT,True,,,,,,,,,,,
2025,3,JAPANESE GRAND PRIX,VER,Red Bull Racing,14.7,32.3,59.0,1013.3,3.0,0.0,0,1.0,3,87.943,30.696,39.718,17.529,288.0,299.0,270.0,297.0,5.0,SOFT,False,87.502,30.51,39.641,17.351,288.0,300.0,271.0,299.0,2.0,SOFT,True,86.983,30.387,39.355,17.241,288.0,298.0,271.0,295.0,2.0,SOFT,True
2025,4,BAHRAIN GRAND PRIX,ALB,Williams,26.3,30.8,58.0,1004.2,3.1,0.0,0,15.0,1,92.04,29.227,39.776,23.037,242.0,272.0,287.0,323.0,2.0,SOFT,True,,,,,,,,,,,,,,,,,,,,,,
2025,4,BAHRAIN GRAND PRIX,ALO,Aston Martin,26.3,30.8,58.0,1004.2,3.1,0.0,0,13.0,2,91.634,29.231,39.502,22.901,243.0,269.0,287.0,319.0,2.0,SOFT,True,91.886,29.261,39.533,23.092,243.0,267.0,284.0,318.0,5.0,SOFT,False,,,,,,,,,,,
2025,4,BAHRAIN GRAND PRIX,ANT,Mercedes,26.3,30.8,58.0,1004.2,3.1,0.0,0,4.0,3,91.415,29.348,39.426,22.641,242.0,273.0,287.0,314.0,2.0,SOFT,True,90.716,28.977,39.107,22.632,243.0,273.0,285.0,316.0,2.0,SOFT,True,90.213,28.836,38.786,22.591,244.0,273.0,288.0,317.0,2.0,SOFT,True
2025,4,BAHRAIN GRAND PRIX,BEA,Haas F1 Team,26.3,30.8,58.0,1004.2,3.1,0.0,0,20.0,1,92.373,29.319,40.089,22.965,241.0,273.0,286.0,313.0,2.0,SOFT,True,,,,,,,,,,,,,,,,,,,,,,
2025,4,BAHRAIN GRAND PRIX,BOR,Kick Sauber,26.3,30.8,58.0,1004.2,3.1,0.0,0,18.0,1,92.186,29.577,39.608,23.001,242.0,276.0,286.0,318.0,2.0,SOFT,True,,,,,,,,,,,,,,,,,,,,,,
2025,4,BAHRAIN GRAND PRIX,DOO,Alpine,26.3,30.8,58.0,1004.2,3.1,0.0,0,11.0,2,91.414,29.239,39.259,22.916,244.0,273.0,289.0,315.0,2.0,SOFT,True,91.245,29.094,39.215,22.936,244.0,272.0,285.0,319.0,2.0,SOFT,True,,,,,,,,,,,
2025,4,BAHRAIN GRAND PRIX,GAS,Alpine,26.3,30.8,58.0,1004.2,3.1,0.0,0,5.0,3,91.462,29.356,39.267,22.839,241.0,272.0,288.0,315.0,2.0,SOFT,True,90.643,29.052,38.804,22.787,244.0,273.0,285.0,319.0,2.0,SOFT,True,90.216,28.883,38.694,22.639,245.0,273.0,286.0,319.0,2.0,SOFT,True
2025,4,BAHRAIN GRAND PRIX,HAD,Racing Bulls,26.3,30.8,58.0,1004.2,3.1,0.0,0,12.0,2,91.591,29.232,39.508,22.851,241.0,276.0,287.0,320.0,2.0,SOFT,True,91.271,29.081,39.267,22.923,243.0,275.0,288.0,321.0,2.0,SOFT,True,,,,,,,,,,,
2025,4,BAHRAIN GRAND PRIX,HAM,Ferrari,26.3,30.8,58.0,1004.2,3.1,0.0,0,9.0,3,91.219,28.966,39.466,22.787,243.0,271.0,286.0,322.0,2.0,SOFT,True,91.009,29.044,39.184,22.781,243.0,271.0,289.0,317.0,2.0,SOFT,True,90.772,28.955,39.058,22.759,243.0,271.0,289.0,319.0,2.0,SOFT,True
2025,4,BAHRAIN GRAND PRIX,HUL,Kick Sauber,26.3,30.8,58.0,1004.2,3.1,0.0,0,16.0,2,91.998,29.039,40.051,22.908,243.0,273.0,290.0,325.0,2.0,SOFT,True,91.693,29.274,39.573,22.846,243.0,273.0,285.0,318.0,5.0,SOFT,False,,,,,,,,,,,
2025,4,BAHRAIN GRAND PRIX,LAW,Racing Bulls,26.3,30.8,58.0,1004.2,3.1,0.0,0,17.0,1,92.165,29.327,39.88,22.958,241.0,275.0,287.0,316.0,2.0,SOFT,True,,,,,,,,,,,,,,,,,,,,,,
2025,4,BAHRAIN GRAND PRIX,LEC,Ferrari,26.3,30.8,58.0,1004.2,3.1,0.0,0,3.0,3,91.454,28.967,39.606,22.881,242.0,269.0,287.0,327.0,2.0,SOFT,True,90.724,28.984,39.054,22.686,243.0,270.0,288.0,320.0,2.0,SOFT,True,90.175,28.926,38.714,22.535,243.0,271.0,289.0,319.0,2.0,SOFT,True
2025,4,BAHRAIN GRAND PRIX,NOR,McLaren,26.3,30.8,58.0,1004.2,3.1,0.0,0,6.0,3,91.107,29.173,39.194,22.74,243.0,273.0,286.0,316.0,2.0,SOFT,True,90.56,28.923,38.971,22.666,242.0,272.0,287.0,313.0,2.0,SOFT,True,90.267,29.007,38.678,22.582,242.0,274.0,286.0,315.0,2.0,SOFT,True
2025,4,BAHRAIN GRAND PRIX,OCO,Haas F1 Team,26.3,30.8,58.0,1004.2,3.1,0.0,0,14.0,1,91.594,29.154,39.527,22.913,243.0,271.0,289.0,318.0,2.0,SOFT,True,,,,,,,,,,,,,,,,,,,,,,
2025,4,BAHRAIN GRAND PRIX,PIA,McLaren,26.3,30.8,58.0,1004.2,3.1,0.0,0,1.0,3,91.392,29.287,39.3,22.805,243.0,272.0,286.0,316.0,2.0,SOFT,True,90.454,28.883,38.853,22.718,244.0,272.0,287.0,314.0,2.0,SOFT,True,89.841,28.784,38.574,22.483,243.0,273.0,286.0,314.0,2.0,SOFT,True
2025,4,BAHRAIN GRAND PRIX,RUS,Mercedes,26.3,30.8,58.0,1004.2,3.1,0.0,0,2.0,3,91.494,29.223,39.49,22.781,242.0,272.0,287.0,316.0,2.0,SOFT,True,90.664,28.974,39.062,22.628,243.0,273.0,287.0,317.0,2.0,SOFT,True,90.009,28.771,38.71,22.528,243.0,274.0,289.0,318.0,2.0,SOFT,True
2025,4,BAHRAIN GRAND PRIX,SAI,Williams,26.3,30.8,58.0,1004.2,3.1,0.0,0,8.0,3,91.591,29.211,39.521,22.859,242.0,269.0,285.0,314.0,2.0,SOFT,True,90.844,29.037,38.929,22.878,242.0,271.0,286.0,316.0,2.0,SOFT,True,90.68,28.894,39.063,22.723,242.0,271.0,284.0,316.0,2.0,SOFT,True
2025,4,BAHRAIN GRAND PRIX,STR,Aston Martin,26.3,30.8,58.0,1004.2,3.1,0.0,0,19.0,1,92.283,29.282,39.858,23.143,242.0,270.0,284.0,316.0,2.0,SOFT,True,,,,,,,,,,,,,,,,,,,,,,
2025,4,BAHRAIN GRAND PRIX,TSU,Red Bull Racing,26.3,30.8,58.0,1004.2,3.1,0.0,0,10.0,3,91.751,29.264,39.531,22.956,241.0,272.0,284.0,313.0,2.0,SOFT,True,91.228,29.067,39.177,22.984,241.0,272.0,284.0,315.0,2.0,SOFT,True,91.303,29.026,39.377,22.9,242.0,272.0,286.0,315.0,2.0,SOFT,True
2025,4,BAHRAIN GRAND PRIX,VER,Red Bull Racing,26.3,30.8,58.0,1004.2,3.1,0.0,0,7.0,3,91.303,29.121,39.288,22.894,242.0,275.0,287.0,319.0,2.0,SOFT,True,91.019,28.998,39.064,22.957,242.0,275.0,288.0,320.0,2.0,SOFT,True,90.423,28.88,38.855,22.688,243.0,274.0,288.0,319.0,2.0,SOFT,True
2025,5,SAUDI ARABIAN GRAND PRIX,ALB,Williams,29.5,37.150000000000006,59.0,1006.3,0.9,0.0,0,11.0,2,88.279,31.964,28.006,28.309,297.0,324.0,306.0,332.0,2.0,SOFT,True,88.109,31.901,27.806,28.402,297.0,321.0,309.0,329.0,2.0,SOFT,True,,,,,,,,,,,
2025,5,SAUDI ARABIAN GRAND PRIX,ALO,Aston Martin,29.5,37.150000000000006,59.0,1006.3,0.9,0.0,0,13.0,2,88.548,32.093,27.928,28.527,295.0,323.0,303.0,332.0,2.0,SOFT,True,88.303,32.021,27.852,28.43,295.0,321.0,305.0,330.0,4.0,SOFT,False,,,,,,,,,,,
2025,5,SAUDI ARABIAN GRAND PRIX,ANT,Mercedes,29.5,37.150000000000006,59.0,1006.3,0.9,0.0,0,5.0,3,88.128,32.232,27.743,28.153,295.0,327.0,310.0,332.0,2.0,SOFT,True,87.798,31.92,27.784,28.094,295.0,328.0,310.0,333.0,2.0,SOFT,True,87.866,32.164,27.682,28.02,294.0,326.0,309.0,331.0,2.0,SOFT,True
2025,5,SAUDI ARABIAN GRAND PRIX,BEA,Haas F1 Team,29.5,37.150000000000006,59.0,1006.3,0.9,0.0,0,15.0,2,88.536,32.497,27.817,28.222,292.0,327.0,309.0,333.0,2.0,SOFT,True,88.648,32.489,27.871,28.288,292.0,326.0,308.0,331.0,5.0,SOFT,False,,,,,,,,,,,
2025,5,SAUDI ARABIAN GRAND PRIX,BOR,Kick Sauber,29.5,37.150000000000006,59.0,1006.3,0.9,0.0,0,20.0,1,89.462,32.653,28.264,28.545,295.0,330.0,311.0,336.0,2.0,SOFT,True,,,,,,,,,,,,,,,,,,,,,,
2025,5,SAUDI ARABIAN GRAND PRIX,DOO,Alpine,29.5,37.150000000000006,59.0,1006.3,0.9,0.0,0,17.0,1,88.739,32.223,28.123,28.393,297.0,325.0,310.0,336.0,2.0,SOFT,True,,,,,,,,,,,,,,,,,,,,,,
2025,5,SAUDI ARABIAN GRAND PRIX,GAS,Alpine,29.5,37.150000000000006,59.0,1006.3,0.9,0.0,0,9.0,3,88.421,32.136,28.027,28.258,294.0,327.0,311.0,334.0,2.0,SOFT,True,88.025,32.136,27.816,28.073,295.0,329.0,312.0,336.0,2.0,SOFT,True,88.367,32.151,27.918,28.298,295.0,329.0,310.0,334.0,2.0,SOFT,True
2025,5,SAUDI ARABIAN GRAND PRIX,HAD,Racing Bulls,29.5,37.150000000000006,59.0,1006.3,0.9,0.0,0,14.0,2,88.571,32.225,27.994,28.352,296.0,325.0,311.0,329.0,2.0,SOFT,True,88.418,32.209,27.887,28.322,296.0,324.0,311.0,329.0,2.0,SOFT,True,,,,,,,,,,,
2025,5,SAUDI ARABIAN GRAND PRIX,HAM,Ferrari,29.5,37.150000000000006,59.0,1006.3,0.9,0.0,0,7.0,3,88.372,32.236,27.889,28.247,295.0,328.0,309.0,333.0,2.0,SOFT,True,88.102,31.972,27.922,28.208,297.0,329.0,310.0,335.0,2.0,SOFT,True,88.201,32.137,27.833,28.231,297.0,329.0,309.0,332.0,2.0,SOFT,True
2025,5,SAUDI ARABIAN GRAND PRIX,HUL,Kick Sauber,29.5,37.150000000000006,59.0,1006.3,0.9,0.0,0,18.0,1,88.782,32.477,27.982,28.323,298.0,334.0,313.0,338.0,5.0,SOFT,False,,,,,,,,,,,,,,,,,,,,,,
2025,5,SAUDI ARABIAN GRAND PRIX,LAW,Racing Bulls,29.5,37.150000000000006,59.0,1006.3,0.9,0.0,0,12.0,2,88.561,32.295,28.003,28.263,295.0,325.0,310.0,330.0,2.0,SOFT,True,88.191,32.087,27.89,28.214,296.0,325.0,303.0,331.0,2.0,SOFT,True,,,,,,,,,,,
2025,5,SAUDI ARABIAN GRAND PRIX,LEC,Ferrari,29.5,37.150000000000006,59.0,1006.3,0.9,0.0,0,4.0,3,88.552,32.353,27.978,28.221,296.0,330.0,307.0,334.0,2.0,SOFT,True,87.866,32.019,27.753,28.094,298.0,328.0,311.0,334.0,2.0,SOFT,True,87.67,31.857,27.796,28.017,295.0,328.0,311.0,332.0,2.0,SOFT,True
2025,5,SAUDI ARABIAN GRAND PRIX,NOR,McLaren,29.5,37.150000000000006,59.0,1006.3,0.9,0.0,0,10.0,2,87.805,31.801,27.831,28.173,296.0,327.0,309.0,333.0,5.0,SOFT,True,87.481,31.745,27.684,28.052,295.0,326.0,309.0,334.0,2.0,SOFT,True,,,,,,,,,,,
2025,5,SAUDI ARABIAN GRAND PRIX,OCO,Haas F1 Team,29.5,37.150000000000006,59.0,1006.3,0.9,0.0,0,19.0,1,89.092,32.718,28.042,28.332,293.0,325.0,308.0,331.0,2.0,SOFT,True,,,,,,,,,,,,,,,,,,,,,,
2025,5,SAUDI ARABIAN GRAND PRIX,PIA,McLaren,29.5,37.150000000000006,59.0,1006.3,0.9,0.0,0,2.0,3,87.901,31.901,27.71,28.29,295.0,325.0,308.0,330.0,5.0,SOFT,False,87.545,31.801,27.713,28.031,297.0,325.0,309.0,332.0,5.0,SOFT,False,87.304,31.63,27.685,27.989,295.0,324.0,309.0,329.0,2.0,SOFT,True
2025,5,SAUDI ARABIAN GRAND PRIX,RUS,Mercedes,29.5,37.150000000000006,59.0,1006.3,0.9,0.0,0,3.0,3,88.282,32.295,27.724,28.263,294.0,328.0,306.0,333.0,2.0,SOFT,True,87.599,31.737,27.761,28.101,296.0,329.0,309.0,333.0,2.0,SOFT,True,87.407,31.684,27.577,28.146,295.0,327.0,309.0,330.0,2.0,SOFT,True
2025,5,SAUDI ARABIAN GRAND PRIX,SAI,Williams,29.5,37.150000000000006,59.0,1006.3,0.9,0.0,0,6.0,3,88.354,32.096,27.952,28.306,297.0,325.0,309.0,332.0,2.0,SOFT,True,88.024,32.062,27.822,28.14,296.0,326.0,311.0,335.0,2.0,SOFT,True,88.164,32.084,27.922,28.158,295.0,324.0,309.0,332.0,2.0,SOFT,True
2025,5,SAUDI ARABIAN GRAND PRIX,STR,Aston Martin,29.5,37.150000000000006,59.0,1006.3,0.9,0.0,0,16.0,1,88.645,32.072,28.054,28.519,293.0,324.0,305.0,334.0,2.0,SOFT,True,,,,,,,,,,,,,,,,,,,,,,
2025,5,SAUDI ARABIAN GRAND PRIX,TSU,Red Bull Racing,29.5,37.150000000000006,59.0,1006.3,0.9,0.0,0,8.0,3,88.226,32.028,27.891,28.307,294.0,326.0,312.0,335.0,2.0,SOFT,True,87.99,31.919,27.841,28.23,297.0,331.0,312.0,336.0,2.0,SOFT,True,88.204,32.139,27.862,28.203,295.0,332.0,311.0,333.0,2.0,SOFT,True
2025,5,SAUDI ARABIAN GRAND PRIX,VER,Red Bull Racing,29.5,37.150000000000006,59.0,1006.3,0.9,0.0,0,1.0,3,87.778,31.874,27.813,28.091,295.0,330.0,310.0,335.0,5.0,SOFT,False,87.529,31.71,27.726,28.093,296.0,330.0,311.0,336.0,2.0,SOFT,True,87.294,31.507,27.756,28.031,296.0,329.0,309.0,332.0,2.0,SOFT,True
2025,6,MIAMI GRAND PRIX,ALB,Williams,27.8,39.7,63.5,1013.5,2.7,0.0,0,7.0,3,87.042,28.99,33.24,24.812,223.0,192.0,286.0,337.0,5.0,SOFT,False,86.855,28.779,33.225,24.851,224.0,192.0,284.0,334.0,2.0,SOFT,True,86.682,28.633,33.261,24.788,222.0,193.0,287.0,337.0,2.0,SOFT,True
2025,6,MIAMI GRAND PRIX,ALO,Aston Martin,27.8,39.7,63.5,1013.5,2.7,0.0,0,17.0,1,87.604,28.851,33.868,24.885,219.0,192.0,286.0,337.0,2.0,SOFT,True,,,,,,,,,,,,,,,,,,,,,,
2025,6,MIAMI GRAND PRIX,ANT,Mercedes,27.8,39.7,63.5,1013.5,2.7,0.0,0,3.0,3,87.077,28.627,33.551,24.899,221.0,192.0,287.0,339.0,2.0,SOFT,True,86.606,28.552,33.218,24.836,222.0,191.0,285.0,338.0,2.0,SOFT,True,86.271,28.484,32.983,24.804,222.0,192.0,287.0,340.0,2.0,SOFT,True
2025,6,MIAMI GRAND PRIX,BEA,Haas F1 Team,27.8,39.7,63.5,1013.5,2.7,0.0,0,20.0,1,87.999,29.116,33.765,25.118,219.0,192.0,286.0,335.0,2.0,SOFT,True,,,,,,,,,,,,,,,,,,,,,,
2025,6,MIAMI GRAND PRIX,BOR,Kick Sauber,27.8,39.7,63.5,1013.5,2.7,0.0,0,13.0,2,87.343,28.887,33.537,24.919,219.0,193.0,282.0,338.0,2.0,SOFT,True,87.151,28.808,33.309,25.034,225.0,192.0,286.0,339.0,2.0,SOFT,True,,,,,,,,,,,
2025,6,MIAMI GRAND PRIX,DOO,Alpine,27.8,39.7,63.5,1013.5,2.7,0.0,0,14.0,2,87.422,28.744,33.66,25.018,222.0,191.0,287.0,336.0,2.0,SOFT,True,87.186,28.643,33.52,25.023,219.0,190.0,285.0,337.0,2.0,SOFT,True,,,,,,,,,,,
2025,6,MIAMI GRAND PRIX,GAS,Alpine,27.8,39.7,63.5,1013.5,2.7,0.0,0,18.0,1,87.71,28.962,33.714,25.034,221.0,191.0,288.0,337.0,2.0,SOFT,True,,,,,,,,,,,,,,,,,,,,,,
2025,6,MIAMI GRAND PRIX,HAD,Racing Bulls,27.8,39.7,63.5,1013.5,2.7,0.0,0,11.0,2,87.301,28.759,33.531,25.011,222.0,191.0,287.0,337.0,2.0,SOFT,True,86.987,28.705,33.422,24.86,221.0,192.0,284.0,338.0,2.0,SOFT,True,,,,,,,,,,,
2025,6,MIAMI GRAND PRIX,HAM,Ferrari,27.8,39.7,63.5,1013.5,2.7,0.0,0,12.0,2,87.279,28.734,33.597,24.948,223.0,194.0,286.0,338.0,2.0,SOFT,True,87.006,28.759,33.302,24.945,223.0,192.0,287.0,339.0,5.0,SOFT,False,,,,,,,,,,,
2025,6,MIAMI GRAND PRIX,HUL,Kick Sauber,27.8,39.7,63.5,1013.5,2.7,0.0,0,16.0,1,87.473,28.781,33.747,24.945,224.0,192.0,288.0,337.0,2.0,SOFT,True,,,,,,,,,,,,,,,,,,,,,,
2025,6,MIAMI GRAND PRIX,LAW,Racing Bulls,27.8,39.7,63.5,1013.5,2.7,0.0,0,15.0,2,87.444,28.748,33.647,25.049,224.0,192.0,280.0,338.0,2.0,SOFT,True,87.363,28.855,33.557,24.951,221.0,191.0,284.0,336.0,2.0,SOFT,True,,,,,,,,,,,
2025,6,MIAMI GRAND PRIX,LEC,Ferrari,27.8,39.7,63.5,1013.5,2.7,0.0,0,8.0,3,87.417,28.861,33.559,24.997,221.0,192.0,286.0,336.0,5.0,SOFT,True,86.948,28.919,33.303,24.726,224.0,192.0,287.0,343.0,2.0,SOFT,True,86.754,28.668,33.283,24.803,222.0,193.0,287.0,338.0,5.0,SOFT,False
2025,6,MIAMI GRAND PRIX,NOR,McLaren,27.8,39.7,63.5,1013.5,2.7,0.0,0,2.0,3,86.955,28.8,33.377,24.778,221.0,192.0,287.0,336.0,5.0,SOFT,True,86.499,28.731,32.985,24.783,221.0,194.0,285.0,334.0,2.0,SOFT,True,86.269,28.433,32.901,24.935,221.0,194.0,286.0,332.0,2.0,SOFT,True
2025,6,MIAMI GRAND PRIX,OCO,Haas F1 Team,27.8,39.7,63.5,1013.5,2.7,0.0,0,9.0,3,87.45,28.945,33.573,24.932,223.0,194.0,286.0,338.0,2.0,SOFT,True,86.967,28.973,33.136,24.858,224.0,193.0,285.0,337.0,2.0,SOFT,True,86.824,28.69,33.26,24.874,225.0,194.0,286.0,335.0,2.0,SOFT,True
2025,6,MIAMI GRAND PRIX,PIA,McLaren,27.8,39.7,63.5,1013.5,2.7,0.0,0,4.0,3,87.006,28.671,33.468,24.867,219.0,192.0,287.0,335.0,2.0,SOFT,True,86.269,28.413,33.032,24.824,226.0,192.0,286.0,333.0,2.0,SOFT,True,86.375,28.558,33.089,24.728,218.0,193.0,286.0,335.0,2.0,SOFT,True
2025,6,MIAMI GRAND PRIX,RUS,Mercedes,27.8,39.7,63.5,1013.5,2.7,0.0,0,5.0,3,87.014,28.674,33.483,24.857,222.0,192.0,288.0,338.0,2.0,SOFT,True,86.575,28.51,33.278,24.787,224.0,193.0,285.0,338.0,2.0,SOFT,True,86.385,28.622,33.007,24.756,225.0,193.0,286.0,337.0,2.0,SOFT,True
2025,6,MIAMI GRAND PRIX,SAI,Williams,27.8,39.7,63.5,1013.5,2.7,0.0,0,6.0,3,87.098,28.887,33.383,24.828,224.0,193.0,288.0,341.0,2.0,SOFT,True,86.847,28.803,33.277,24.767,223.0,192.0,286.0,338.0,2.0,SOFT,True,86.569,28.707,33.113,24.749,223.0,192.0,286.0,337.0,2.0,SOFT,True
2025,6,MIAMI GRAND PRIX,STR,Aston Martin,27.8,39.7,63.5,1013.5,2.7,0.0,0,19.0,1,87.83,29.106,33.837,24.887,216.0,191.0,288.0,337.0,3.0,SOFT,False,,,,,,,,,,,,,,,,,,,,,,
2025,6,MIAMI GRAND PRIX,TSU,Red Bull Racing,27.8,39.7,63.5,1013.5,2.7,0.0,0,10.0,3,87.298,28.796,33.451,25.051,221.0,190.0,285.0,339.0,2.0,SOFT,True,86.959,28.603,33.318,25.038,221.0,191.0,282.0,338.0,2.0,SOFT,True,86.943,28.551,33.41,24.982,222.0,191.0,281.0,339.0,2.0,SOFT,True
2025,6,MIAMI GRAND PRIX,VER,Red Bull Racing,27.8,39.7,63.5,1013.5,2.7,0.0,0,1.0,3,86.87,28.413,33.45,25.007,223.0,191.0,286.0,339.0,2.0,SOFT,True,86.643,28.345,33.309,24.989,223.0,191.0,286.0,337.0,2.0,SOFT,True,86.204,28.246,33.079,24.879,223.0,192.0,282.0,339.0,2.0,SOFT,True
2025,7,GRAN PREMIO DEL MADE IN ITALY E DELL'EMILIA-ROMAGNA,ALB,Williams,22.9,39.5,30.0,1008.6,2.0,0.0,0,7.0,3,76.123,23.899,26.488,25.736,233.0,262.0,281.0,297.0,5.0,SOFT,False,75.521,23.769,26.249,25.503,231.0,264.0,280.0,298.0,2.0,SOFT,True,75.473,23.738,26.159,25.576,235.0,263.0,281.0,296.0,2.0,SOFT,True
2025,7,GRAN PREMIO DEL MADE IN ITALY E DELL'EMILIA-ROMAGNA,ALO,Aston Martin,22.9,39.5,30.0,1008.6,2.0,0.0,0,5.0,3,75.695,24.003,26.176,25.516,229.0,263.0,281.0,298.0,2.0,SOFT,True,75.442,23.948,26.003,25.491,232.0,266.0,281.0,298.0,2.0,MEDIUM,True,75.431,23.87,25.941,25.62,235.0,264.0,282.0,298.0,3.0,MEDIUM,False
2025,7,GRAN PREMIO DEL MADE IN ITALY E DELL'EMILIA-ROMAGNA,ANT,Mercedes,22.9,39.5,30.0,1008.6,2.0,0.0,0,13.0,2,75.943,24.165,26.184,25.594,225.0,262.0,281.0,296.0,3.0,SOFT,False,75.772,24.012,26.168,25.592,231.0,261.0,279.0,297.0,2.0,SOFT,True,,,,,,,,,,,
2025,7,GRAN PREMIO DEL MADE IN ITALY E DELL'EMILIA-ROMAGNA,BEA,Haas F1 Team,22.9,39.5,30.0,1008.6,2.0,0.0,0,19.0,1,76.077,24.154,26.262,25.661,230.0,264.0,282.0,301.0,2.0,SOFT,True,,,,,,,,,,,,,,,,,,,,,,
2025,7,GRAN PREMIO DEL MADE IN ITALY E DELL'EMILIA-ROMAGNA,BOR,Kick Sauber,22.9,39.5,30.0,1008.6,2.0,0.0,0,14.0,2,76.34,24.002,26.483,25.855,234.0,262.0,276.0,299.0,2.0,SOFT,True,76.26,24.182,26.389,25.689,231.0,260.0,281.0,297.0,2.0,SOFT,True,,,,,,,,,,,
2025,7,GRAN PREMIO DEL MADE IN ITALY E DELL'EMILIA-ROMAGNA,COL,Alpine,22.9,39.5,30.0,1008.6,2.0,0.0,0,15.0,1,76.256,24.16,26.391,25.705,230.0,263.0,281.0,303.0,2.0,SOFT,True,,,,,,,,,,,,,,,,,,,,,,
2025,7,GRAN PREMIO DEL MADE IN ITALY E DELL'EMILIA-ROMAGNA,GAS,Alpine,22.9,39.5,30.0,1008.6,2.0,0.0,0,10.0,3,75.937,24.091,26.334,25.512,229.0,262.0,285.0,301.0,2.0,SOFT,True,75.505,23.957,26.233,25.315,231.0,263.0,283.0,302.0,2.0,SOFT,True,75.787,23.8,26.267,25.72,233.0,263.0,281.0,301.0,2.0,SOFT,True
2025,7,GRAN PREMIO DEL MADE IN ITALY E DELL'EMILIA-ROMAGNA,HAD,Racing Bulls,22.9,39.5,30.0,1008.6,2.0,0.0,0,9.0,3,76.253,24.145,26.341,25.767,230.0,263.0,281.0,300.0,3.0,SOFT,False,75.51,24.05,26.055,25.405,232.0,263.0,283.0,300.0,2.0,SOFT,True,75.746,24.003,26.272,25.471,230.0,264.0,281.0,300.0,5.0,SOFT,False
2025,7,GRAN PREMIO DEL MADE IN ITALY E DELL'EMILIA-ROMAGNA,HAM,Ferrari,22.9,39.5,30.0,1008.6,2.0,0.0,0,12.0,2,76.163,24.039,26.595,25.529,229.0,261.0,283.0,300.0,5.0,SOFT,False,75.765,24.132,26.188,25.445,229.0,262.0,281.0,301.0,4.0,SOFT,False,,,,,,,,,,,
2025,7,GRAN PREMIO DEL MADE IN ITALY E DELL'EMILIA-ROMAGNA,HUL,Kick Sauber,22.9,39.5,30.0,1008.6,2.0,0.0,0,17.0,1,76.518,24.186,26.589,25.743,230.0,259.0,281.0,299.0,2.0,SOFT,True,,,,,,,,,,,,,,,,,,,,,,
2025,7,GRAN PREMIO DEL MADE IN ITALY E DELL'EMILIA-ROMAGNA,LAW,Racing Bulls,22.9,39.5,30.0,1008.6,2.0,0.0,0,16.0,1,76.379,24.297,26.369,25.713,227.0,261.0,280.0,298.0,3.0,SOFT,False,,,,,,,,,,,,,,,,,,,,,,
2025,7,GRAN PREMIO DEL MADE IN ITALY E DELL'EMILIA-ROMAGNA,LEC,Ferrari,22.9,39.5,30.0,1008.6,2.0,0.0,0,11.0,2,76.108,24.17,26.488,25.45,226.0,263.0,284.0,299.0,5.0,SOFT,False,75.604,24.007,26.208,25.389,230.0,264.0,282.0,302.0,4.0,SOFT,False,,,,,,,,,,,
2025,7,GRAN PREMIO DEL MADE IN ITALY E DELL'EMILIA-ROMAGNA,NOR,McLaren,22.9,39.5,30.0,1008.6,2.0,0.0,0,4.0,3,75.894,24.053,26.204,25.637,233.0,264.0,281.0,299.0,6.0,SOFT,False,75.261,24.004,25.901,25.356,231.0,263.0,281.0,297.0,2.0,SOFT,True,74.962,23.907,25.921,25.134,231.0,265.0,282.0,301.0,2.0,SOFT,True
2025,7,GRAN PREMIO DEL MADE IN ITALY E DELL'EMILIA-ROMAGNA,OCO,Haas F1 Team,22.9,39.5,30.0,1008.6,2.0,0.0,0,18.0,1,76.613,24.341,26.54,25.732,227.0,261.0,284.0,300.0,2.0,SOFT,True,,,,,,,,,,,,,,,,,,,,,,
2025,7,GRAN PREMIO DEL MADE IN ITALY E DELL'EMILIA-ROMAGNA,PIA,McLaren,22.9,39.5,30.0,1008.6,2.0,0.0,0,1.0,3,75.5,23.868,26.238,25.394,230.0,263.0,283.0,296.0,3.0,SOFT,False,75.214,23.888,26.089,25.237,234.0,265.0,283.0,298.0,5.0,SOFT,False,74.67,23.677,25.747,25.246,235.0,264.0,283.0,300.0,2.0,SOFT,True
2025,7,GRAN PREMIO DEL MADE IN ITALY E DELL'EMILIA-ROMAGNA,RUS,Mercedes,22.9,39.5,30.0,1008.6,2.0,0.0,0,3.0,3,75.852,23.87,26.356,25.626,234.0,263.0,284.0,298.0,2.0,SOFT,True,75.334,23.847,26.071,25.416,235.0,263.0,283.0,301.0,2.0,SOFT,True,74.807,23.791,25.815,25.201,235.0,266.0,284.0,300.0,2.0,MEDIUM,True
2025,7,GRAN PREMIO DEL MADE IN ITALY E DELL'EMILIA-ROMAGNA,SAI,Williams,22.9,39.5,30.0,1008.6,2.0,0.0,0,6.0,3,75.987,23.89,26.334,25.763,232.0,262.0,280.0,296.0,5.0,SOFT,False,75.198,23.663,26.15,25.385,233.0,263.0,282.0,299.0,2.0,SOFT,True,75.432,23.685,26.222,25.525,234.0,262.0,282.0,298.0,2.0,SOFT,True
2025,7,GRAN PREMIO DEL MADE IN ITALY E DELL'EMILIA-ROMAGNA,STR,Aston Martin,22.9,39.5,30.0,1008.6,2.0,0.0,0,8.0,3,75.817,24.096,26.204,25.517,229.0,263.0,280.0,299.0,2.0,MEDIUM,True,75.497,23.814,26.153,25.53,233.0,264.0,281.0,297.0,2.0,MEDIUM,True,75.581,23.935,26.218,25.428,231.0,263.0,281.0,298.0,5.0,MEDIUM,False
2025,7,GRAN PREMIO DEL MADE IN ITALY E DELL'EMILIA-ROMAGNA,VER,Red Bull Racing,22.9,39.5,30.0,1008.6,2.0,0.0,0,2.0,3,75.175,23.649,26.191,25.335,231.0,263.0,283.0,298.0,4.0,SOFT,False,75.394,23.813,26.132,25.449,231.0,262.0,282.0,299.0,5.0,SOFT,False,74.704,23.495,25.976,25.233,235.0,262.0,282.0,299.0,2.0,SOFT,True
2025,8,GRAND PRIX DE MONACO,ALB,Williams,21.1,40.5,59.0,1014.9,0.8,0.0,0,10.0,3,71.629,18.665,34.009,18.955,222.0,203.0,272.0,280.0,3.0,SOFT,True,70.732,18.369,33.616,18.747,221.0,207.0,270.0,280.0,3.0,SOFT,True,71.213,18.656,33.792,18.765,222.0,203.0,269.0,277.0,3.0,MEDIUM,True
2025,8,GRAND PRIX DE MONACO,ALO,Aston Martin,21.1,40.5,59.0,1014.9,0.8,0.0,0,7.0,3,71.674,18.734,34.044,18.896,220.0,203.0,270.0,280.0,4.0,SOFT,True,71.182,18.605,33.842,18.735,223.0,204.0,269.0,279.0,6.0,MEDIUM,False,70.924,18.515,33.737,18.672,222.0,203.0,270.0,279.0,3.0,SOFT,True
2025,8,GRAND PRIX DE MONACO,ANT,Mercedes,21.1,40.5,59.0,1014.9,0.8,0.0,0,15.0,1,71.88,18.731,34.015,19.134,223.0,203.0,264.0,281.0,2.0,SOFT,True,,,,,,,,,,,,,,,,,,,,,,
2025,8,GRAND PRIX DE MONACO,BEA,Haas F1 Team,21.1,40.5,59.0,1014.9,0.8,0.0,0,17.0,1,71.979,18.595,34.062,19.322,223.0,210.0,183.0,281.0,5.0,SOFT,True,,,,,,,,,,,,,,,,,,,,,,
2025,8,GRAND PRIX DE MONACO,BOR,Kick Sauber,21.1,40.5,59.0,1014.9,0.8,0.0,0,16.0,1,71.902,18.786,34.067,19.049,220.0,205.0,268.0,280.0,5.0,SOFT,True,,,,,,,,,,,,,,,,,,,,,,
2025,8,GRAND PRIX DE MONACO,COL,Alpine,21.1,40.5,59.0,1014.9,0.8,0.0,0,20.0,1,72.597,18.756,34.535,19.306,222.0,202.0,269.0,279.0,4.0,SOFT,True,,,,,,,,,,,,,,,,,,,,,,
2025,8,GRAND PRIX DE MONACO,GAS,Alpine,21.1,40.5,59.0,1014.9,0.8,0.0,0,18.0,1,71.994,18.632,34.214,19.148,224.0,208.0,270.0,279.0,4.0,SOFT,True,,,,,,,,,,,,,,,,,,,,,,
2025,8,GRAND PRIX DE MONACO,HAD,Racing Bulls,21.1,40.5,59.0,1014.9,0.8,0.0,0,6.0,3,71.811,18.715,34.069,19.027,222.0,204.0,269.0,281.0,5.0,SOFT,True,71.04,18.434,33.77,18.836,223.0,205.0,268.0,278.0,2.0,SOFT,True,70.923,18.388,33.778,18.757,224.0,202.0,269.0,279.0,2.0,SOFT,True
2025,8,GRAND PRIX DE MONACO,HAM,Ferrari,21.1,40.5,59.0,1014.9,0.8,0.0,0,4.0,3,71.575,18.732,33.707,19.136,223.0,207.0,266.0,282.0,2.0,SOFT,True,70.883,18.594,33.502,18.787,223.0,208.0,269.0,280.0,2.0,SOFT,True,70.382,18.368,33.385,18.629,222.0,203.0,270.0,281.0,2.0,SOFT,True
2025,8,GRAND PRIX DE MONACO,HUL,Kick Sauber,21.1,40.5,59.0,1014.9,0.8,0.0,0,13.0,2,71.871,18.836,34.111,18.924,219.0,204.0,268.0,279.0,5.0,SOFT,True,71.596,18.755,34.038,18.803,218.0,209.0,269.0,280.0,2.0,SOFT,True,,,,,,,,,,,
2025,8,GRAND PRIX DE MONACO,LAW,Racing Bulls,21.1,40.5,59.0,1014.9,0.8,0.0,0,9.0,3,71.818,18.793,34.002,19.023,223.0,205.0,269.0,280.0,4.0,SOFT,True,71.25,18.53,33.838,18.882,220.0,207.0,265.0,278.0,5.0,SOFT,True,71.129,18.489,33.868,18.772,222.0,207.0,270.0,278.0,2.0,SOFT,True
2025,8,GRAND PRIX DE MONACO,LEC,Ferrari,21.1,40.5,59.0,1014.9,0.8,0.0,0,2.0,3,71.229,18.451,33.856,18.922,223.0,203.0,269.0,282.0,9.0,SOFT,True,70.581,18.446,33.485,18.65,221.0,209.0,270.0,281.0,2.0,SOFT,True,70.063,18.29,33.18,18.593,224.0,215.0,269.0,281.0,2.0,SOFT,True
2025,8,GRAND PRIX DE MONACO,NOR,McLaren,21.1,40.5,59.0,1014.9,0.8,0.0,0,1.0,3,71.285,18.694,33.817,18.774,221.0,207.0,271.0,280.0,10.0,SOFT,False,70.57,18.459,33.523,18.588,223.0,209.0,271.0,278.0,5.0,SOFT,False,69.954,18.216,33.254,18.484,225.0,215.0,271.0,279.0,4.0,SOFT,True
2025,8,GRAND PRIX DE MONACO,OCO,Haas F1 Team,21.1,40.5,59.0,1014.9,0.8,0.0,0,8.0,3,71.839,18.816,34.088,18.935,216.0,206.0,272.0,281.0,3.0,SOFT,True,71.262,18.716,33.746,18.8,216.0,211.0,270.0,279.0,3.0,SOFT,True,70.942,18.485,33.664,18.793,218.0,213.0,270.0,281.0,3.0,SOFT,True
2025,8,GRAND PRIX DE MONACO,PIA,McLaren,21.1,40.5,59.0,1014.9,0.8,0.0,0,3.0,3,71.308,18.651,33.788,18.869,218.0,209.0,273.0,281.0,9.0,SOFT,False,70.858,18.411,33.51,18.937,222.0,212.0,271.0,278.0,10.0,SOFT,False,70.129,18.17,33.433,18.526,224.0,215.0,271.0,279.0,4.0,SOFT,True
2025,8,GRAND PRIX DE MONACO,RUS,Mercedes,21.1,40.5,59.0,1014.9,0.8,0.0,0,14.0,2,71.507,18.555,34.069,18.883,222.0,208.0,272.0,282.0,10.0,SOFT,True,83.483,27.162,36.288,20.033,185.0,188.0,271.0,262.0,1.0,MEDIUM,True,,,,,,,,,,,
2025,8,GRAND PRIX DE MONACO,SAI,Williams,21.1,40.5,59.0,1014.9,0.8,0.0,0,11.0,2,71.707,18.655,34.065,18.987,223.0,205.0,271.0,278.0,3.0,SOFT,True,71.362,18.523,33.954,18.885,220.0,207.0,270.0,278.0,7.0,MEDIUM,False,,,,,,,,,,,
2025,8,GRAND PRIX DE MONACO,STR,Aston Martin,21.1,40.5,59.0,1014.9,0.8,0.0,0,19.0,1,72.563,18.898,34.263,19.402,219.0,198.0,270.0,280.0,6.0,SOFT,True,,,,,,,,,,,,,,,,,,,,,,
2025,8,GRAND PRIX DE MONACO,TSU,Red Bull Racing,21.1,40.5,59.0,1014.9,0.8,0.0,0,12.0,2,71.8,18.831,34.036,18.933,223.0,209.0,269.0,280.0,4.0,SOFT,True,71.415,18.731,33.801,18.883,219.0,209.0,268.0,278.0,2.0,SOFT,True,,,,,,,,,,,
2025,8,GRAND PRIX DE MONACO,VER,Red Bull Racing,21.1,40.5,59.0,1014.9,0.8,0.0,0,5.0,3,71.431,18.562,33.896,18.973,221.0,206.0,270.0,280.0,3.0,SOFT,True,70.875,18.467,33.799,18.609,221.0,207.0,270.0,279.0,5.0,SOFT,False,70.669,18.411,33.601,18.657,222.0,207.0,267.0,280.0,2.0,SOFT,True
2025,9,GRAN PREMIO DE ESPAÑA,ALB,Williams,29.2,47.8,36.0,1005.5,1.7,0.0,0,11.0,2,73.044,21.593,29.193,22.258,293.0,308.0,294.0,327.0,2.0,SOFT,True,72.641,21.465,29.111,22.065,293.0,309.0,287.0,326.0,2.0,SOFT,True,,,,,,,,,,,
2025,9,GRAN PREMIO DE ESPAÑA,ALO,Aston Martin,29.2,47.8,36.0,1005.5,1.7,0.0,0,10.0,3,73.102,21.703,29.28,22.119,290.0,305.0,291.0,326.0,2.0,SOFT,True,72.523,21.591,28.949,21.983,290.0,304.0,292.0,326.0,2.0,SOFT,True,72.284,21.633,28.879,21.772,286.0,310.0,280.0,321.0,2.0,SOFT,True
2025,9,GRAN PREMIO DE ESPAÑA,ANT,Mercedes,29.2,47.8,36.0,1005.5,1.7,0.0,0,6.0,3,72.815,21.682,29.032,22.101,290.0,309.0,290.0,325.0,2.0,SOFT,True,72.585,21.67,28.957,21.958,292.0,311.0,290.0,325.0,2.0,SOFT,True,72.111,21.524,28.74,21.847,290.0,311.0,291.0,326.0,5.0,SOFT,False
2025,9,GRAN PREMIO DE ESPAÑA,BEA,Haas F1 Team,29.2,47.8,36.0,1005.5,1.7,0.0,0,15.0,2,73.074,21.666,29.236,22.172,290.0,307.0,288.0,325.0,2.0,SOFT,True,73.315,21.797,29.334,22.184,288.0,307.0,289.0,323.0,5.0,SOFT,False,,,,,,,,,,,
2025,9,GRAN PREMIO DE ESPAÑA,BOR,Kick Sauber,29.2,47.8,36.0,1005.5,1.7,0.0,0,12.0,2,73.045,21.588,29.171,22.286,291.0,308.0,286.0,326.0,2.0,SOFT,True,72.756,21.556,29.102,22.098,293.0,310.0,292.0,327.0,2.0,SOFT,True,,,,,,,,,,,
2025,9,GRAN PREMIO DE ESPAÑA,COL,Alpine,29.2,47.8,36.0,1005.5,1.7,0.0,0,19.0,1,73.334,21.768,29.361,22.205,293.0,307.0,293.0,326.0,2.0,SOFT,True,,,,,,,,,,,,,,,,,,,,,,
2025,9,GRAN PREMIO DE ESPAÑA,GAS,Alpine,29.2,47.8,36.0,1005.5,1.7,0.0,0,8.0,3,73.081,21.755,29.163,22.163,290.0,310.0,292.0,325.0,2.0,SOFT,True,72.611,21.676,29.035,21.9,292.0,311.0,295.0,325.0,2.0,SOFT,True,72.199,21.594,28.747,21.858,291.0,312.0,292.0,324.0,2.0,SOFT,True
2025,9,GRAN PREMIO DE ESPAÑA,HAD,Racing Bulls,29.2,47.8,36.0,1005.5,1.7,0.0,0,9.0,3,73.139,21.665,29.24,22.234,289.0,309.0,292.0,325.0,2.0,SOFT,True,72.461,21.582,28.973,21.906,290.0,310.0,293.0,322.0,2.0,SOFT,True,72.252,21.564,28.822,21.866,289.0,311.0,292.0,320.0,2.0,SOFT,True
2025,9,GRAN PREMIO DE ESPAÑA,HAM,Ferrari,29.2,47.8,36.0,1005.5,1.7,0.0,0,5.0,3,73.058,21.583,29.333,22.142,293.0,311.0,293.0,325.0,2.0,SOFT,True,72.447,21.476,28.958,22.013,293.0,312.0,292.0,326.0,2.0,SOFT,True,72.045,21.547,28.7,21.798,292.0,312.0,293.0,324.0,2.0,SOFT,True
2025,9,GRAN PREMIO DE ESPAÑA,HUL,Kick Sauber,29.2,47.8,36.0,1005.5,1.7,0.0,0,16.0,1,73.19,21.713,29.182,22.295,290.0,309.0,290.0,326.0,2.0,SOFT,True,,,,,,,,,,,,,,,,,,,,,,
2025,9,GRAN PREMIO DE ESPAÑA,LAW,Racing Bulls,29.2,47.8,36.0,1005.5,1.7,0.0,0,13.0,2,73.039,21.762,29.092,22.185,290.0,310.0,293.0,323.0,2.0,SOFT,True,72.763,21.693,29.083,21.987,291.0,309.0,287.0,325.0,2.0,SOFT,True,,,,,,,,,,,
2025,9,GRAN PREMIO DE ESPAÑA,LEC,Ferrari,29.2,47.8,36.0,1005.5,1.7,0.0,0,7.0,3,73.014,21.673,29.184,22.157,292.0,310.0,293.0,324.0,2.0,SOFT,True,72.495,21.501,28.955,22.039,292.0,311.0,295.0,326.0,2.0,SOFT,True,72.131,21.458,28.729,21.944,292.0,312.0,293.0,325.0,2.0,SOFT,True
2025,9,GRAN PREMIO DE ESPAÑA,NOR,McLaren,29.2,47.8,36.0,1005.5,1.7,0.0,0,2.0,3,72.799,21.439,29.139,22.221,294.0,309.0,294.0,326.0,2.0,SOFT,True,72.056,21.504,28.646,21.906,294.0,312.0,296.0,325.0,2.0,SOFT,True,71.755,21.27,28.709,21.776,294.0,310.0,295.0,325.0,2.0,SOFT,True
2025,9,GRAN PREMIO DE ESPAÑA,OCO,Haas F1 Team,29.2,47.8,36.0,1005.5,1.7,0.0,0,17.0,1,73.201,21.68,29.261,22.26,287.0,307.0,283.0,326.0,2.0,SOFT,True,,,,,,,,,,,,,,,,,,,,,,
2025,9,GRAN PREMIO DE ESPAÑA,PIA,McLaren,29.2,47.8,36.0,1005.5,1.7,0.0,0,1.0,3,72.551,21.477,29.062,22.012,296.0,315.0,297.0,327.0,2.0,SOFT,True,71.998,21.366,28.729,21.903,294.0,312.0,295.0,329.0,2.0,SOFT,True,71.546,21.259,28.58,21.707,294.0,311.0,297.0,326.0,2.0,SOFT,True
2025,9,GRAN PREMIO DE ESPAÑA,RUS,Mercedes,29.2,47.8,36.0,1005.5,1.7,0.0,0,4.0,3,72.806,21.584,29.227,21.995,289.0,308.0,295.0,329.0,2.0,SOFT,True,72.407,21.443,29.029,21.935,290.0,310.0,295.0,330.0,2.0,SOFT,True,71.848,21.376,28.719,21.753,290.0,313.0,294.0,327.0,5.0,SOFT,False
2025,9,GRAN PREMIO DE ESPAÑA,SAI,Williams,29.2,47.8,36.0,1005.5,1.7,0.0,0,18.0,1,73.203,21.571,29.37,22.262,291.0,307.0,292.0,327.0,2.0,SOFT,True,,,,,,,,,,,,,,,,,,,,,,
2025,9,GRAN PREMIO DE ESPAÑA,STR,Aston Martin,29.2,47.8,36.0,1005.5,1.7,0.0,0,14.0,2,73.038,21.604,29.299,22.135,287.0,303.0,290.0,327.0,2.0,SOFT,True,73.058,21.748,29.185,22.125,285.0,306.0,288.0,322.0,2.0,SOFT,True,,,,,,,,,,,
2025,9,GRAN PREMIO DE ESPAÑA,TSU,Red Bull Racing,29.2,47.8,36.0,1005.5,1.7,0.0,0,20.0,1,73.385,21.804,29.379,22.202,290.0,308.0,291.0,323.0,2.0,SOFT,True,,,,,,,,,,,,,,,,,,,,,,
2025,9,GRAN PREMIO DE ESPAÑA,VER,Red Bull Racing,29.2,47.8,36.0,1005.5,1.7,0.0,0,3.0,3,72.798,21.612,29.189,21.997,292.0,311.0,295.0,324.0,2.0,SOFT,True,72.358,21.617,28.898,21.843,292.0,313.0,297.0,323.0,2.0,SOFT,True,71.848,21.464,28.704,21.68,292.0,314.0,295.0,325.0,2.0,SOFT,True
2025,10,GRAND PRIX DU CANADA,ALB,Williams,21.3,43.1,31.0,1018.9,2.3,0.0,0,10.0,3,72.09,20.111,22.752,29.227,262.0,284.0,296.0,330.0,5.0,SOFT,False,71.892,20.157,22.65,29.085,265.0,284.0,295.0,332.0,6.0,MEDIUM,True,71.907,20.105,22.668,29.134,263.0,283.0,295.0,330.0,2.0,SOFT,True
2025,10,GRAND PRIX DU CANADA,ALO,Aston Martin,21.3,43.1,31.0,1018.9,2.3,0.0,0,6.0,3,72.073,20.139,22.771,29.163,260.0,283.0,297.0,331.0,9.0,MEDIUM,False,71.805,19.922,22.704,29.179,264.0,285.0,294.0,331.0,3.0,MEDIUM,True,71.586,19.928,22.596,29.062,261.0,282.0,295.0,328.0,2.0,MEDIUM,True
2025,10,GRAND PRIX DU CANADA,ANT,Mercedes,21.3,43.1,31.0,1018.9,2.3,0.0,0,4.0,3,72.279,20.308,22.893,29.078,260.0,284.0,296.0,329.0,2.0,SOFT,True,71.974,20.113,22.763,29.098,263.0,282.0,294.0,327.0,2.0,MEDIUM,True,71.391,19.877,22.491,29.023,262.0,284.0,295.0,330.0,5.0,MEDIUM,False
2025,10,GRAND PRIX DU CANADA,BEA,Haas F1 Team,21.3,43.1,31.0,1018.9,2.3,0.0,0,14.0,2,72.306,20.104,22.679,29.523,262.0,282.0,293.0,329.0,3.0,SOFT,True,72.34,20.089,22.914,29.337,261.0,280.0,291.0,327.0,6.0,SOFT,False,,,,,,,,,,,
2025,10,GRAND PRIX DU CANADA,BOR,Kick Sauber,21.3,43.1,31.0,1018.9,2.3,0.0,0,16.0,1,72.385,20.332,22.886,29.167,264.0,284.0,297.0,330.0,3.0,SOFT,True,,,,,,,,,,,,,,,,,,,,,,
2025,10,GRAND PRIX DU CANADA,COL,Alpine,21.3,43.1,31.0,1018.9,2.3,0.0,0,12.0,2,72.234,20.145,22.795,29.294,261.0,282.0,296.0,328.0,2.0,SOFT,True,72.142,20.147,22.645,29.35,259.0,283.0,293.0,329.0,2.0,MEDIUM,True,,,,,,,,,,,
2025,10,GRAND PRIX DU CANADA,GAS,Alpine,21.3,43.1,31.0,1018.9,2.3,0.0,0,20.0,1,72.667,20.045,23.006,29.616,261.0,281.0,293.0,328.0,2.0,SOFT,True,,,,,,,,,,,,,,,,,,,,,,
2025,10,GRAND PRIX DU CANADA,HAD,Racing Bulls,21.3,43.1,31.0,1018.9,2.3,0.0,0,9.0,3,72.211,20.18,22.891,29.14,261.0,285.0,296.0,330.0,2.0,SOFT,True,72.003,20.054,22.882,29.067,262.0,283.0,294.0,330.0,2.0,SOFT,True,71.867,20.043,22.789,29.035,263.0,282.0,295.0,329.0,2.0,SOFT,True
2025,10,GRAND PRIX DU CANADA,HAM,Ferrari,21.3,43.1,31.0,1018.9,2.3,0.0,0,5.0,3,71.952,20.073,22.755,29.124,263.0,286.0,298.0,333.0,2.0,SOFT,True,71.885,20.055,22.746,29.084,262.0,283.0,295.0,328.0,9.0,SOFT,False,71.526,19.995,22.544,28.987,262.0,284.0,297.0,329.0,2.0,SOFT,True
2025,10,GRAND PRIX DU CANADA,HUL,Kick Sauber,21.3,43.1,31.0,1018.9,2.3,0.0,0,13.0,2,72.323,20.301,22.889,29.133,262.0,285.0,297.0,329.0,3.0,SOFT,True,72.183,20.241,22.771,29.171,262.0,284.0,293.0,329.0,3.0,SOFT,True,,,,,,,,,,,
2025,10,GRAND PRIX DU CANADA,LAW,Racing Bulls,21.3,43.1,31.0,1018.9,2.3,0.0,0,19.0,1,72.525,20.119,23.021,29.385,260.0,284.0,295.0,329.0,2.0,SOFT,True,,,,,,,,,,,,,,,,,,,,,,
2025,10,GRAND PRIX DU CANADA,LEC,Ferrari,21.3,43.1,31.0,1018.9,2.3,0.0,0,8.0,3,72.038,20.227,22.749,29.062,264.0,286.0,298.0,332.0,11.0,SOFT,False,71.626,20.046,22.607,28.973,265.0,284.0,296.0,330.0,2.0,SOFT,True,71.682,20.077,22.682,28.923,265.0,284.0,298.0,330.0,4.0,SOFT,True
2025,10,GRAND PRIX DU CANADA,NOR,McLaren,21.3,43.1,31.0,1018.9,2.3,0.0,0,7.0,3,71.826,20.048,22.668,29.11,263.0,284.0,297.0,332.0,2.0,SOFT,True,71.599,20.107,22.606,28.886,263.0,282.0,296.0,330.0,8.0,SOFT,False,71.625,19.996,22.651,28.978,263.0,284.0,299.0,330.0,4.0,SOFT,True
2025,10,GRAND PRIX DU CANADA,OCO,Haas F1 Team,21.3,43.1,31.0,1018.9,2.3,0.0,0,15.0,2,72.378,20.246,22.906,29.226,262.0,282.0,295.0,326.0,3.0,SOFT,True,72.634,20.356,23.023,29.255,262.0,279.0,291.0,323.0,6.0,SOFT,False,,,,,,,,,,,
2025,10,GRAND PRIX DU CANADA,PIA,McLaren,21.3,43.1,31.0,1018.9,2.3,0.0,0,3.0,3,71.939,20.171,22.762,29.006,262.0,284.0,299.0,331.0,6.0,SOFT,False,71.715,19.981,22.685,29.049,263.0,281.0,295.0,329.0,2.0,SOFT,True,71.12,19.888,22.517,28.715,263.0,283.0,295.0,329.0,2.0,SOFT,True
2025,10,GRAND PRIX DU CANADA,RUS,Mercedes,21.3,43.1,31.0,1018.9,2.3,0.0,0,1.0,3,72.075,20.236,22.665,29.174,264.0,284.0,295.0,329.0,2.0,SOFT,True,71.57,20.078,22.484,29.008,263.0,284.0,294.0,328.0,2.0,MEDIUM,True,70.899,19.781,22.281,28.837,264.0,283.0,296.0,329.0,2.0,MEDIUM,True
2025,10,GRAND PRIX DU CANADA,SAI,Williams,21.3,43.1,31.0,1018.9,2.3,0.0,0,17.0,1,72.398,20.27,22.935,29.193,263.0,284.0,294.0,330.0,6.0,SOFT,False,,,,,,,,,,,,,,,,,,,,,,
2025,10,GRAND PRIX DU CANADA,STR,Aston Martin,21.3,43.1,31.0,1018.9,2.3,0.0,0,18.0,1,72.517,20.296,22.891,29.33,262.0,283.0,297.0,333.0,4.0,SOFT,True,,,,,,,,,,,,,,,,,,,,,,
2025,10,GRAND PRIX DU CANADA,TSU,Red Bull Racing,21.3,43.1,31.0,1018.9,2.3,0.0,0,11.0,2,72.334,20.169,22.866,29.299,263.0,285.0,298.0,334.0,2.0,SOFT,True,72.102,20.139,22.714,29.249,262.0,283.0,293.0,330.0,2.0,SOFT,True,,,,,,,,,,,
2025,10,GRAND PRIX DU CANADA,VER,Red Bull Racing,21.3,43.1,31.0,1018.9,2.3,0.0,0,2.0,3,72.054,20.189,22.798,29.067,259.0,286.0,297.0,336.0,5.0,SOFT,False,71.638,19.835,22.743,29.06,262.0,281.0,297.0,330.0,2.0,MEDIUM,True,71.059,19.718,22.4,28.941,263.0,285.0,297.0,332.0,2.0,MEDIUM,True
2025,11,AUSTRIAN GRAND PRIX,ALB,Williams,27.8,47.2,34.0,945.3,1.3,0.0,0,12.0,2,65.143,16.395,28.779,19.969,316.0,250.0,284.0,319.0,,NONE,True,65.205,16.445,29.025,19.735,315.0,244.0,285.0,316.0,4.0,SOFT,False,,,,,,,,,,,
2025,11,AUSTRIAN GRAND PRIX,ALO,Aston Martin,27.8,47.2,34.0,945.3,1.3,0.0,0,11.0,2,65.197,16.511,28.957,19.729,318.0,246.0,284.0,320.0,2.0,SOFT,True,65.128,16.494,29.038,19.596,319.0,249.0,285.0,316.0,2.0,SOFT,True,,,,,,,,,,,
2025,11,AUSTRIAN GRAND PRIX,ANT,Mercedes,27.8,47.2,34.0,945.3,1.3,0.0,0,9.0,3,65.178,16.319,29.115,19.744,317.0,247.0,284.0,321.0,,NONE,True,65.052,16.338,29.161,19.553,320.0,247.0,287.0,318.0,2.0,SOFT,True,65.276,16.439,29.177,19.66,316.0,248.0,286.0,321.0,5.0,SOFT,False
2025,11,AUSTRIAN GRAND PRIX,BEA,Haas F1 Team,27.8,47.2,34.0,945.3,1.3,0.0,0,15.0,2,65.218,16.553,28.878,19.787,315.0,245.0,284.0,318.0,2.0,SOFT,True,65.312,16.544,29.127,19.641,317.0,246.0,284.0,317.0,2.0,SOFT,True,,,,,,,,,,,
2025,11,AUSTRIAN GRAND PRIX,BOR,Kick Sauber,27.8,47.2,34.0,945.3,1.3,0.0,0,8.0,3,65.123,16.523,28.96,19.64,317.0,245.0,284.0,319.0,2.0,SOFT,True,64.846,16.492,28.868,19.486,318.0,249.0,286.0,318.0,2.0,SOFT,True,65.132,16.613,28.941,19.578,315.0,248.0,285.0,316.0,2.0,SOFT,True
2025,11,AUSTRIAN GRAND PRIX,COL,Alpine,27.8,47.2,34.0,945.3,1.3,0.0,0,14.0,2,65.278,16.626,28.974,19.678,313.0,247.0,283.0,318.0,2.0,SOFT,True,65.288,16.482,29.112,19.694,317.0,246.0,286.0,316.0,2.0,SOFT,True,,,,,,,,,,,
2025,11,AUSTRIAN GRAND PRIX,GAS,Alpine,27.8,47.2,34.0,945.3,1.3,0.0,0,10.0,3,65.054,16.527,28.909,19.618,315.0,247.0,287.0,318.0,5.0,SOFT,False,64.846,16.461,28.813,19.572,317.0,247.0,287.0,317.0,2.0,SOFT,True,65.649,16.56,29.314,19.775,313.0,242.0,285.0,319.0,5.0,SOFT,False
2025,11,AUSTRIAN GRAND PRIX,HAD,Racing Bulls,27.8,47.2,34.0,945.3,1.3,0.0,0,13.0,2,65.063,16.556,28.822,19.685,312.0,247.0,282.0,320.0,,NONE,True,65.226,16.712,28.884,19.63,313.0,249.0,283.0,316.0,2.0,SOFT,True,,,,,,,,,,,
2025,11,AUSTRIAN GRAND PRIX,HAM,Ferrari,27.8,47.2,34.0,945.3,1.3,0.0,0,4.0,3,65.115,16.546,28.892,19.677,314.0,246.0,285.0,319.0,2.0,SOFT,True,64.896,16.433,28.898,19.565,314.0,250.0,279.0,321.0,2.0,SOFT,True,64.582,16.366,28.703,19.513,316.0,247.0,285.0,319.0,2.0,SOFT,True
2025,11,AUSTRIAN GRAND PRIX,HUL,Kick Sauber,27.8,47.2,34.0,945.3,1.3,0.0,0,20.0,1,65.606,16.581,29.067,19.958,314.0,244.0,283.0,316.0,5.0,SOFT,False,,,,,,,,,,,,,,,,,,,,,,
2025,11,AUSTRIAN GRAND PRIX,LAW,Racing Bulls,27.8,47.2,34.0,945.3,1.3,0.0,0,6.0,3,65.017,16.579,28.839,19.599,312.0,250.0,285.0,316.0,2.0,SOFT,True,65.041,16.493,29.045,19.503,317.0,251.0,287.0,315.0,2.0,SOFT,True,64.926,16.526,28.839,19.561,314.0,251.0,285.0,316.0,2.0,SOFT,True
2025,11,AUSTRIAN GRAND PRIX,LEC,Ferrari,27.8,47.2,34.0,945.3,1.3,0.0,0,2.0,3,65.197,16.531,29.011,19.655,315.0,247.0,284.0,320.0,5.0,NONE,False,64.734,16.391,28.867,19.476,318.0,247.0,287.0,317.0,5.0,SOFT,False,64.492,16.371,28.763,19.358,315.0,249.0,285.0,321.0,2.0,SOFT,True
2025,11,AUSTRIAN GRAND PRIX,NOR,McLaren,27.8,47.2,34.0,945.3,1.3,0.0,0,1.0,3,64.672,16.434,28.843,19.395,316.0,250.0,288.0,318.0,2.0,SOFT,True,64.41,16.424,28.623,19.363,313.0,250.0,287.0,321.0,2.0,SOFT,True,63.971,16.285,28.436,19.25,316.0,252.0,286.0,318.0,2.0,SOFT,True
2025,11,AUSTRIAN GRAND PRIX,OCO,Haas F1 Team,27.8,47.2,34.0,945.3,1.3,0.0,0,17.0,1,65.364,16.613,29.012,19.739,313.0,247.0,285.0,319.0,2.0,SOFT,True,,,,,,,,,,,,,,,,,,,,,,
2025,11,AUSTRIAN GRAND PRIX,PIA,McLaren,27.8,47.2,34.0,945.3,1.3,0.0,0,3.0,3,64.966,16.454,28.889,19.623,314.0,251.0,284.0,320.0,7.0,SOFT,False,64.556,16.354,28.694,19.508,314.0,251.0,286.0,322.0,2.0,SOFT,True,64.554,16.469,28.792,19.293,315.0,255.0,286.0,321.0,2.0,SOFT,True
2025,11,AUSTRIAN GRAND PRIX,RUS,Mercedes,27.8,47.2,34.0,945.3,1.3,0.0,0,5.0,3,65.189,16.369,29.315,19.505,317.0,248.0,287.0,318.0,2.0,SOFT,True,64.86,16.31,29.006,19.544,320.0,247.0,287.0,320.0,2.0,SOFT,True,64.763,16.34,28.979,19.444,317.0,250.0,287.0,319.0,2.0,SOFT,True
2025,11,AUSTRIAN GRAND PRIX,SAI,Williams,27.8,47.2,34.0,945.3,1.3,0.0,0,19.0,1,65.582,16.515,29.13,19.937,314.0,244.0,284.0,317.0,2.0,SOFT,True,,,,,,,,,,,,,,,,,,,,,,
2025,11,AUSTRIAN GRAND PRIX,STR,Aston Martin,27.8,47.2,34.0,945.3,1.3,0.0,0,16.0,1,65.329,16.508,29.036,19.785,317.0,249.0,283.0,319.0,2.0,SOFT,True,,,,,,,,,,,,,,,,,,,,,,
2025,11,AUSTRIAN GRAND PRIX,TSU,Red Bull Racing,27.8,47.2,34.0,945.3,1.3,0.0,0,18.0,1,65.369,16.574,29.027,19.768,319.0,248.0,287.0,321.0,2.0,SOFT,True,,,,,,,,,,,,,,,,,,,,,,
2025,11,AUSTRIAN GRAND PRIX,VER,Red Bull Racing,27.8,47.2,34.0,945.3,1.3,0.0,0,7.0,3,65.106,16.37,29.123,19.613,319.0,247.0,285.0,318.0,2.0,SOFT,False,64.836,16.439,28.901,19.496,320.0,247.0,287.0,318.0,2.0,SOFT,True,64.929,16.496,28.905,19.528,316.0,249.0,280.0,320.0,5.0,SOFT,False
2025,12,BRITISH GRAND PRIX,ALB,Williams,19.9,27.4,76.0,994.9,4.0,0.0,0,14.0,2,86.093,27.748,34.682,23.663,321.0,270.0,254.0,321.0,2.0,SOFT,True,85.889,27.803,34.456,23.63,317.0,271.0,253.0,321.0,3.0,SOFT,False,,,,,,,,,,,
2025,12,BRITISH GRAND PRIX,ALO,Aston Martin,19.9,27.4,76.0,994.9,4.0,0.0,0,9.0,3,86.108,27.919,34.635,23.554,320.0,271.0,253.0,322.0,2.0,SOFT,True,85.593,27.645,34.365,23.583,319.0,274.0,253.0,322.0,2.0,SOFT,True,85.621,27.631,34.318,23.672,319.0,272.0,253.0,318.0,2.0,SOFT,True
2025,12,BRITISH GRAND PRIX,ANT,Mercedes,19.9,27.4,76.0,994.9,4.0,0.0,0,7.0,3,86.265,27.817,34.786,23.662,317.0,269.0,255.0,314.0,2.0,SOFT,True,85.62,27.681,34.501,23.438,319.0,272.0,254.0,322.0,2.0,SOFT,True,85.374,27.658,34.279,23.437,318.0,271.0,255.0,321.0,2.0,SOFT,True
2025,12,BRITISH GRAND PRIX,BEA,Haas F1 Team,19.9,27.4,76.0,994.9,4.0,0.0,0,8.0,3,86.005,27.761,34.49,23.754,319.0,269.0,252.0,315.0,2.0,SOFT,True,85.534,27.621,34.367,23.546,317.0,267.0,254.0,319.0,2.0,SOFT,True,85.471,27.698,34.297,23.476,316.0,268.0,255.0,319.0,2.0,SOFT,True
2025,12,BRITISH GRAND PRIX,BOR,Kick Sauber,19.9,27.4,76.0,994.9,4.0,0.0,0,17.0,1,86.446,27.991,34.778,23.677,320.0,270.0,255.0,318.0,2.0,SOFT,True,,,,,,,,,,,,,,,,,,,,,,
2025,12,BRITISH GRAND PRIX,COL,Alpine,19.9,27.4,76.0,994.9,4.0,0.0,0,20.0,1,87.06,28.281,35.024,23.755,321.0,269.0,251.0,322.0,2.0,SOFT,True,,,,,,,,,,,,,,,,,,,,,,
2025,12,BRITISH GRAND PRIX,GAS,Alpine,19.9,27.4,76.0,994.9,4.0,0.0,0,10.0,3,86.328,27.797,34.786,23.745,321.0,267.0,251.0,320.0,2.0,SOFT,True,85.711,27.777,34.533,23.401,321.0,269.0,256.0,324.0,2.0,SOFT,True,85.785,27.735,34.464,23.586,320.0,269.0,250.0,320.0,2.0,SOFT,True
2025,12,BRITISH GRAND PRIX,HAD,Racing Bulls,19.9,27.4,76.0,994.9,4.0,0.0,0,13.0,2,86.177,28.079,34.527,23.571,318.0,268.0,252.0,318.0,2.0,SOFT,True,85.864,27.906,34.458,23.5,319.0,269.0,253.0,321.0,2.0,SOFT,True,,,,,,,,,,,
2025,12,BRITISH GRAND PRIX,HAM,Ferrari,19.9,27.4,76.0,994.9,4.0,0.0,0,5.0,3,86.296,27.946,34.82,23.53,321.0,269.0,254.0,319.0,2.0,SOFT,True,85.084,27.528,34.179,23.377,321.0,273.0,255.0,322.0,2.0,SOFT,True,85.095,27.5,34.111,23.484,319.0,272.0,252.0,320.0,2.0,SOFT,True
2025,12,BRITISH GRAND PRIX,HUL,Kick Sauber,19.9,27.4,76.0,994.9,4.0,0.0,0,19.0,1,86.574,28.176,34.82,23.578,320.0,269.0,255.0,320.0,2.0,SOFT,True,,,,,,,,,,,,,,,,,,,,,,
2025,12,BRITISH GRAND PRIX,LAW,Racing Bulls,19.9,27.4,76.0,994.9,4.0,0.0,0,16.0,1,86.44,28.109,34.663,23.668,317.0,268.0,254.0,317.0,2.0,SOFT,True,,,,,,,,,,,,,,,,,,,,,,
2025,12,BRITISH GRAND PRIX,LEC,Ferrari,19.9,27.4,76.0,994.9,4.0,0.0,0,6.0,3,86.186,28.007,34.61,23.569,319.0,269.0,254.0,317.0,8.0,SOFT,False,85.133,27.617,34.189,23.327,319.0,272.0,255.0,321.0,2.0,SOFT,True,85.121,27.635,34.036,23.45,318.0,271.0,254.0,319.0,2.0,SOFT,True
2025,12,BRITISH GRAND PRIX,NOR,McLaren,19.9,27.4,76.0,994.9,4.0,0.0,0,3.0,3,86.123,28.079,34.532,23.512,319.0,270.0,254.0,317.0,7.0,SOFT,False,85.231,27.693,34.111,23.427,318.0,270.0,256.0,316.0,2.0,SOFT,True,85.01,27.659,34.027,23.324,317.0,270.0,257.0,318.0,2.0,SOFT,True
2025,12,BRITISH GRAND PRIX,OCO,Haas F1 Team,19.9,27.4,76.0,994.9,4.0,0.0,0,15.0,2,86.136,27.791,34.694,23.651,320.0,268.0,254.0,316.0,2.0,SOFT,True,85.95,27.861,34.401,23.688,317.0,268.0,254.0,316.0,2.0,SOFT,True,,,,,,,,,,,
2025,12,BRITISH GRAND PRIX,PIA,McLaren,19.9,27.4,76.0,994.9,4.0,0.0,0,2.0,3,85.963,27.97,34.551,23.442,318.0,272.0,256.0,316.0,8.0,SOFT,False,85.316,27.656,34.216,23.444,319.0,270.0,257.0,318.0,2.0,SOFT,True,84.995,27.615,34.113,23.267,318.0,274.0,258.0,319.0,2.0,SOFT,True
2025,12,BRITISH GRAND PRIX,RUS,Mercedes,19.9,27.4,76.0,994.9,4.0,0.0,0,4.0,3,86.236,28.033,34.599,23.604,317.0,269.0,254.0,318.0,6.0,SOFT,False,85.637,27.847,34.341,23.449,317.0,271.0,255.0,319.0,2.0,SOFT,True,85.029,27.644,34.163,23.222,318.0,273.0,256.0,322.0,2.0,SOFT,True
2025,12,BRITISH GRAND PRIX,SAI,Williams,19.9,27.4,76.0,994.9,4.0,0.0,0,11.0,2,86.175,27.731,34.747,23.697,317.0,271.0,254.0,320.0,2.0,SOFT,True,85.746,27.693,34.449,23.604,316.0,269.0,254.0,325.0,2.0,SOFT,True,,,,,,,,,,,
2025,12,BRITISH GRAND PRIX,STR,Aston Martin,19.9,27.4,76.0,994.9,4.0,0.0,0,18.0,1,86.504,27.904,34.823,23.777,319.0,270.0,239.0,324.0,2.0,SOFT,True,,,,,,,,,,,,,,,,,,,,,,
2025,12,BRITISH GRAND PRIX,TSU,Red Bull Racing,19.9,27.4,76.0,994.9,4.0,0.0,0,12.0,2,86.275,27.846,34.665,23.764,324.0,271.0,256.0,323.0,2.0,SOFT,True,85.826,27.864,34.342,23.62,324.0,272.0,257.0,326.0,2.0,SOFT,True,,,,,,,,,,,
2025,12,BRITISH GRAND PRIX,VER,Red Bull Racing,19.9,27.4,76.0,994.9,4.0,0.0,0,1.0,3,85.886,27.836,34.494,23.556,324.0,272.0,257.0,323.0,5.0,SOFT,False,85.316,27.649,34.272,23.395,323.0,269.0,257.0,325.0,2.0,SOFT,True,84.892,27.493,33.973,23.426,323.0,273.0,256.0,323.0,2.0,SOFT,True
2025,13,BELGIAN GRAND PRIX,ALB,Williams,22.6,37.3,55.0,967.8,1.3,0.0,0,5.0,3,101.772,30.149,43.584,28.039,341.0,217.0,227.0,311.0,2.0,SOFT,True,101.505,30.17,43.326,28.009,340.0,219.0,226.0,310.0,2.0,SOFT,True,101.201,29.858,43.226,28.117,339.0,216.0,226.0,314.0,2.0,SOFT,True
2025,13,BELGIAN GRAND PRIX,ALO,Aston Martin,22.6,37.3,55.0,967.8,1.3,0.0,0,19.0,1,102.385,30.185,44.007,28.193,340.0,218.0,228.0,310.0,2.0,SOFT,True,,,,,,,,,,,,,,,,,,,,,,
2025,13,BELGIAN GRAND PRIX,ANT,Mercedes,22.6,37.3,55.0,967.8,1.3,0.0,0,18.0,1,102.139,30.056,44.2,27.883,340.0,219.0,227.0,316.0,2.0,SOFT,True,,,,,,,,,,,,,,,,,,,,,,
2025,13,BELGIAN GRAND PRIX,BEA,Haas F1 Team,22.6,37.3,55.0,967.8,1.3,0.0,0,12.0,2,101.617,30.147,43.172,28.298,338.0,218.0,226.0,310.0,2.0,SOFT,True,101.617,30.456,42.879,28.282,338.0,220.0,225.0,311.0,2.0,SOFT,True,,,,,,,,,,,
2025,13,BELGIAN GRAND PRIX,BOR,Kick Sauber,22.6,37.3,55.0,967.8,1.3,0.0,0,10.0,3,101.908,30.245,43.479,28.184,335.0,217.0,227.0,309.0,2.0,SOFT,True,101.336,30.083,43.267,27.986,340.0,219.0,228.0,314.0,2.0,SOFT,True,102.387,30.051,44.103,28.233,339.0,216.0,226.0,312.0,5.0,SOFT,False
2025,13,BELGIAN GRAND PRIX,COL,Alpine,22.6,37.3,55.0,967.8,1.3,0.0,0,17.0,1,102.022,30.007,44.049,27.966,341.0,212.0,226.0,319.0,2.0,SOFT,True,,,,,,,,,,,,,,,,,,,,,,
2025,13,BELGIAN GRAND PRIX,GAS,Alpine,22.6,37.3,55.0,967.8,1.3,0.0,0,13.0,2,101.8,29.921,43.907,27.972,339.0,213.0,226.0,317.0,2.0,SOFT,True,101.633,30.009,43.619,28.005,339.0,211.0,225.0,318.0,2.0,SOFT,True,,,,,,,,,,,
2025,13,BELGIAN GRAND PRIX,HAD,Racing Bulls,22.6,37.3,55.0,967.8,1.3,0.0,0,8.0,3,101.572,30.098,43.421,28.053,337.0,220.0,227.0,311.0,2.0,SOFT,True,101.281,30.118,43.172,27.991,336.0,218.0,227.0,313.0,2.0,SOFT,True,101.31,30.032,43.247,28.031,337.0,217.0,227.0,314.0,2.0,SOFT,True
2025,13,BELGIAN GRAND PRIX,HAM,Ferrari,22.6,37.3,55.0,967.8,1.3,0.0,0,16.0,1,101.664,30.046,43.641,27.977,341.0,217.0,228.0,315.0,2.0,SOFT,True,,,,,,,,,,,,,,,,,,,,,,
2025,13,BELGIAN GRAND PRIX,HUL,Kick Sauber,22.6,37.3,55.0,967.8,1.3,0.0,0,14.0,2,101.844,30.072,43.488,28.284,341.0,217.0,227.0,311.0,2.0,SOFT,True,101.707,30.164,43.407,28.136,340.0,220.0,228.0,313.0,2.0,SOFT,True,,,,,,,,,,,
2025,13,BELGIAN GRAND PRIX,LAW,Racing Bulls,22.6,37.3,55.0,967.8,1.3,0.0,0,9.0,3,101.748,30.17,43.519,28.059,335.0,217.0,227.0,311.0,2.0,SOFT,True,101.297,29.97,43.349,27.978,340.0,216.0,228.0,315.0,2.0,SOFT,True,101.328,29.995,43.291,28.042,338.0,213.0,228.0,315.0,2.0,SOFT,True
2025,13,BELGIAN GRAND PRIX,LEC,Ferrari,22.6,37.3,55.0,967.8,1.3,0.0,0,3.0,3,101.635,30.001,43.547,28.087,344.0,217.0,227.0,313.0,2.0,SOFT,True,101.084,30.013,43.124,27.947,341.0,221.0,227.0,312.0,2.0,SOFT,True,100.9,29.819,43.049,28.032,343.0,218.0,228.0,315.0,5.0,SOFT,False
2025,13,BELGIAN GRAND PRIX,NOR,McLaren,22.6,37.3,55.0,967.8,1.3,0.0,0,1.0,3,101.01,30.223,42.908,27.879,335.0,221.0,227.0,311.0,2.0,SOFT,True,100.715,30.119,42.61,27.986,337.0,221.0,226.0,311.0,2.0,SOFT,True,100.562,30.005,42.579,27.978,338.0,217.0,227.0,314.0,2.0,SOFT,True
2025,13,BELGIAN GRAND PRIX,OCO,Haas F1 Team,22.6,37.3,55.0,967.8,1.3,0.0,0,11.0,2,101.884,29.982,43.868,28.034,341.0,214.0,228.0,315.0,2.0,SOFT,True,101.525,29.828,43.749,27.948,345.0,215.0,228.0,318.0,2.0,SOFT,True,,,,,,,,,,,
2025,13,BELGIAN GRAND PRIX,PIA,McLaren,22.6,37.3,55.0,967.8,1.3,0.0,0,2.0,3,101.201,30.315,42.885,28.001,333.0,218.0,228.0,311.0,2.0,SOFT,True,100.626,30.134,42.623,27.869,335.0,220.0,228.0,311.0,2.0,SOFT,True,100.647,29.983,42.641,28.023,337.0,213.0,228.0,314.0,2.0,SOFT,True
2025,13,BELGIAN GRAND PRIX,RUS,Mercedes,22.6,37.3,55.0,967.8,1.3,0.0,0,6.0,3,101.784,29.943,43.931,27.91,343.0,218.0,226.0,315.0,2.0,SOFT,True,101.254,29.899,43.485,27.87,341.0,220.0,227.0,317.0,2.0,SOFT,True,101.26,29.761,43.642,27.857,343.0,218.0,227.0,317.0,2.0,SOFT,True
2025,13,BELGIAN GRAND PRIX,SAI,Williams,22.6,37.3,55.0,967.8,1.3,0.0,0,15.0,2,101.691,30.157,43.479,28.055,339.0,218.0,224.0,312.0,2.0,SOFT,True,101.758,30.122,43.556,28.08,338.0,218.0,227.0,313.0,2.0,SOFT,True,,,,,,,,,,,
2025,13,BELGIAN GRAND PRIX,STR,Aston Martin,22.6,37.3,55.0,967.8,1.3,0.0,0,20.0,1,102.502,30.222,44.048,28.232,340.0,215.0,227.0,309.0,2.0,SOFT,True,,,,,,,,,,,,,,,,,,,,,,
2025,13,BELGIAN GRAND PRIX,TSU,Red Bull Racing,22.6,37.3,55.0,967.8,1.3,0.0,0,7.0,3,101.84,30.153,43.53,28.157,340.0,216.0,227.0,312.0,2.0,SOFT,True,101.245,30.087,43.081,28.077,339.0,215.0,228.0,311.0,2.0,SOFT,True,101.284,30.019,43.185,28.08,339.0,216.0,227.0,313.0,2.0,SOFT,True
2025,13,BELGIAN GRAND PRIX,VER,Red Bull Racing,22.6,37.3,55.0,967.8,1.3,0.0,0,4.0,3,101.334,30.25,43.091,27.993,332.0,218.0,228.0,311.0,2.0,SOFT,True,100.951,30.163,42.798,27.99,336.0,219.0,227.0,310.0,2.0,SOFT,True,100.903,30.192,42.785,27.926,335.0,220.0,227.0,312.0,2.0,SOFT,True
2025,14,HUNGARIAN GRAND PRIX,ALB,Williams,28.3,41.0,36.0,983.4,1.9,0.0,0,20.0,1,76.223,27.725,26.841,21.657,280.0,254.0,259.0,311.0,2.0,SOFT,True,,,,,,,,,,,,,,,,,,,,,,
2025,14,HUNGARIAN GRAND PRIX,ALO,Aston Martin,28.3,41.0,36.0,983.4,1.9,0.0,0,5.0,3,75.281,27.523,26.529,21.229,281.0,256.0,260.0,312.0,2.0,SOFT,True,75.395,27.581,26.562,21.252,281.0,257.0,260.0,310.0,2.0,SOFT,True,75.481,27.533,26.633,21.315,279.0,257.0,258.0,305.0,2.0,SOFT,True
2025,14,HUNGARIAN GRAND PRIX,ANT,Mercedes,28.3,41.0,36.0,983.4,1.9,0.0,0,15.0,2,75.782,27.631,26.625,21.526,282.0,257.0,260.0,313.0,2.0,SOFT,True,75.693,27.631,26.476,21.586,282.0,253.0,260.0,307.0,2.0,SOFT,True,,,,,,,,,,,
2025,14,HUNGARIAN GRAND PRIX,BEA,Haas F1 Team,28.3,41.0,36.0,983.4,1.9,0.0,0,11.0,2,75.75,27.554,26.768,21.428,284.0,250.0,261.0,312.0,2.0,SOFT,True,75.694,27.672,26.687,21.335,282.0,254.0,260.0,306.0,2.0,SOFT,True,,,,,,,,,,,
2025,14,HUNGARIAN GRAND PRIX,BOR,Kick Sauber,28.3,41.0,36.0,983.4,1.9,0.0,0,7.0,3,75.586,27.59,26.595,21.401,281.0,253.0,260.0,310.0,2.0,SOFT,True,75.687,27.681,26.691,21.315,279.0,253.0,259.0,308.0,2.0,SOFT,True,75.725,27.594,26.733,21.398,279.0,254.0,257.0,304.0,2.0,SOFT,True
2025,14,HUNGARIAN GRAND PRIX,COL,Alpine,28.3,41.0,36.0,983.4,1.9,0.0,0,14.0,2,75.875,27.567,26.74,21.568,282.0,256.0,260.0,309.0,2.0,SOFT,True,76.159,27.679,26.959,21.521,280.0,254.0,261.0,310.0,8.0,SOFT,False,,,,,,,,,,,
2025,14,HUNGARIAN GRAND PRIX,GAS,Alpine,28.3,41.0,36.0,983.4,1.9,0.0,0,17.0,1,75.966,27.572,26.935,21.459,282.0,252.0,261.0,309.0,2.0,SOFT,True,,,,,,,,,,,,,,,,,,,,,,
2025,14,HUNGARIAN GRAND PRIX,HAD,Racing Bulls,28.3,41.0,36.0,983.4,1.9,0.0,0,10.0,3,75.516,27.704,26.583,21.229,283.0,256.0,260.0,308.0,2.0,SOFT,True,75.469,27.586,26.56,21.323,280.0,258.0,259.0,306.0,2.0,SOFT,True,75.915,27.697,26.729,21.489,279.0,257.0,256.0,300.0,2.0,SOFT,True
2025,14,HUNGARIAN GRAND PRIX,HAM,Ferrari,28.3,41.0,36.0,983.4,1.9,0.0,0,12.0,2,75.733,27.637,26.727,21.369,285.0,255.0,259.0,311.0,2.0,SOFT,True,75.702,27.583,26.781,21.338,284.0,254.0,258.0,307.0,2.0,SOFT,True,,,,,,,,,,,
2025,14,HUNGARIAN GRAND PRIX,HUL,Kick Sauber,28.3,41.0,36.0,983.4,1.9,0.0,0,19.0,1,76.081,27.646,26.976,21.459,283.0,251.0,261.0,310.0,2.0,SOFT,True,,,,,,,,,,,,,,,,,,,,,,
2025,14,HUNGARIAN GRAND PRIX,LAW,Racing Bulls,28.3,41.0,36.0,983.4,1.9,0.0,0,9.0,3,75.849,27.673,26.812,21.364,281.0,255.0,259.0,308.0,2.0,SOFT,True,75.63,27.623,26.687,21.32,280.0,256.0,259.0,305.0,2.0,SOFT,True,75.821,27.691,26.8,21.33,280.0,255.0,258.0,302.0,2.0,SOFT,True
2025,14,HUNGARIAN GRAND PRIX,LEC,Ferrari,28.3,41.0,36.0,983.4,1.9,0.0,0,1.0,3,75.582,27.485,26.723,21.374,288.0,258.0,262.0,314.0,2.0,SOFT,True,75.455,27.489,26.654,21.312,285.0,258.0,262.0,311.0,2.0,SOFT,True,75.372,27.541,26.453,21.378,286.0,259.0,259.0,305.0,2.0,SOFT,True
2025,14,HUNGARIAN GRAND PRIX,NOR,McLaren,28.3,41.0,36.0,983.4,1.9,0.0,0,3.0,3,75.523,27.528,26.687,21.308,282.0,258.0,263.0,310.0,5.0,SOFT,False,74.89,27.443,26.396,21.051,279.0,259.0,262.0,310.0,2.0,SOFT,True,75.413,27.677,26.521,21.215,278.0,258.0,260.0,301.0,2.0,SOFT,True
2025,14,HUNGARIAN GRAND PRIX,OCO,Haas F1 Team,28.3,41.0,36.0,983.4,1.9,0.0,0,18.0,1,76.023,27.603,26.769,21.651,283.0,255.0,258.0,310.0,2.0,SOFT,True,,,,,,,,,,,,,,,,,,,,,,
2025,14,HUNGARIAN GRAND PRIX,PIA,McLaren,28.3,41.0,36.0,983.4,1.9,0.0,0,2.0,3,75.211,27.487,26.526,21.198,279.0,255.0,262.0,309.0,5.0,SOFT,False,74.941,27.555,26.374,21.012,279.0,258.0,262.0,310.0,2.0,SOFT,True,75.398,27.6,26.458,21.34,277.0,255.0,259.0,301.0,2.0,SOFT,True
2025,14,HUNGARIAN GRAND PRIX,RUS,Mercedes,28.3,41.0,36.0,983.4,1.9,0.0,0,4.0,3,75.627,27.749,26.538,21.34,283.0,259.0,261.0,314.0,2.0,SOFT,True,75.201,27.496,26.494,21.211,283.0,258.0,261.0,311.0,2.0,SOFT,True,75.425,27.667,26.455,21.303,281.0,259.0,261.0,306.0,2.0,SOFT,True
2025,14,HUNGARIAN GRAND PRIX,SAI,Williams,28.3,41.0,36.0,983.4,1.9,0.0,0,13.0,2,75.652,27.575,26.704,21.373,282.0,255.0,261.0,310.0,2.0,SOFT,True,75.781,27.485,26.864,21.432,281.0,253.0,260.0,311.0,2.0,SOFT,True,,,,,,,,,,,
2025,14,HUNGARIAN GRAND PRIX,STR,Aston Martin,28.3,41.0,36.0,983.4,1.9,0.0,0,6.0,3,75.673,27.59,26.62,21.463,283.0,256.0,261.0,312.0,2.0,SOFT,True,75.129,27.493,26.416,21.22,281.0,256.0,261.0,308.0,2.0,SOFT,True,75.498,27.577,26.629,21.292,280.0,254.0,259.0,305.0,2.0,SOFT,True
2025,14,HUNGARIAN GRAND PRIX,TSU,Red Bull Racing,28.3,41.0,36.0,983.4,1.9,0.0,0,16.0,1,75.899,27.623,26.734,21.542,285.0,257.0,261.0,311.0,2.0,SOFT,True,,,,,,,,,,,,,,,,,,,,,,
2025,14,HUNGARIAN GRAND PRIX,VER,Red Bull Racing,28.3,41.0,36.0,983.4,1.9,0.0,0,8.0,3,75.736,27.699,26.647,21.39,281.0,259.0,261.0,309.0,2.0,SOFT,True,75.547,27.663,26.588,21.296,280.0,260.0,260.0,310.0,2.0,SOFT,True,75.728,27.643,26.667,21.418,279.0,258.0,256.0,303.0,2.0,SOFT,True
2025,15,DUTCH GRAND PRIX,ALB,Williams,20.6,34.2,64.0,1006.1,4.0,0.0,0,15.0,2,69.792,23.734,24.916,21.142,292.0,283.0,322.0,331.0,2.0,SOFT,True,69.652,23.68,24.935,21.037,292.0,283.0,325.0,330.0,2.0,SOFT,True,,,,,,,,,,,
2025,15,DUTCH GRAND PRIX,ALO,Aston Martin,20.6,34.2,64.0,1006.1,4.0,0.0,0,10.0,3,69.95,23.917,24.736,21.297,291.0,280.0,321.0,329.0,2.0,SOFT,True,69.366,23.823,24.514,21.029,293.0,282.0,321.0,331.0,2.0,SOFT,True,69.63,23.79,24.715,21.125,292.0,281.0,320.0,330.0,2.0,SOFT,True
2025,15,DUTCH GRAND PRIX,ANT,Mercedes,20.6,34.2,64.0,1006.1,4.0,0.0,0,11.0,2,69.845,23.988,24.686,21.171,289.0,281.0,319.0,326.0,2.0,SOFT,True,69.493,23.86,24.599,21.034,288.0,282.0,322.0,326.0,2.0,SOFT,True,,,,,,,,,,,
2025,15,DUTCH GRAND PRIX,BEA,Haas F1 Team,20.6,34.2,64.0,1006.1,4.0,0.0,0,19.0,1,70.262,24.156,24.935,21.171,286.0,280.0,317.0,322.0,2.0,SOFT,True,,,,,,,,,,,,,,,,,,,,,,
2025,15,DUTCH GRAND PRIX,BOR,Kick Sauber,20.6,34.2,64.0,1006.1,4.0,0.0,0,13.0,2,70.037,24.043,24.842,21.152,289.0,281.0,320.0,331.0,2.0,SOFT,True,69.622,23.811,24.893,20.918,290.0,282.0,320.0,329.0,2.0,SOFT,True,,,,,,,,,,,
2025,15,DUTCH GRAND PRIX,COL,Alpine,20.6,34.2,64.0,1006.1,4.0,0.0,0,16.0,1,70.104,24.036,24.749,21.319,291.0,282.0,323.0,330.0,2.0,SOFT,True,,,,,,,,,,,,,,,,,,,,,,
2025,15,DUTCH GRAND PRIX,GAS,Alpine,20.6,34.2,64.0,1006.1,4.0,0.0,0,14.0,2,69.894,24.045,24.699,21.15,290.0,280.0,321.0,329.0,2.0,SOFT,True,69.637,24.138,24.54,20.959,289.0,281.0,321.0,329.0,2.0,SOFT,True,,,,,,,,,,,
2025,15,DUTCH GRAND PRIX,HAD,Racing Bulls,20.6,34.2,64.0,1006.1,4.0,0.0,0,4.0,3,69.966,23.977,24.803,21.186,289.0,280.0,320.0,327.0,2.0,SOFT,True,69.439,23.749,24.701,20.989,288.0,281.0,320.0,329.0,2.0,SOFT,True,69.208,23.691,24.565,20.952,291.0,280.0,320.0,328.0,2.0,SOFT,True
2025,15,DUTCH GRAND PRIX,HAM,Ferrari,20.6,34.2,64.0,1006.1,4.0,0.0,0,7.0,3,69.9,24.109,24.624,21.167,290.0,279.0,317.0,331.0,2.0,SOFT,True,69.261,23.735,24.493,21.033,291.0,280.0,318.0,330.0,2.0,SOFT,True,69.39,23.779,24.594,21.017,290.0,279.0,318.0,325.0,2.0,SOFT,True
2025,15,DUTCH GRAND PRIX,HUL,Kick Sauber,20.6,34.2,64.0,1006.1,4.0,0.0,0,17.0,1,70.195,24.091,24.869,21.235,289.0,282.0,322.0,332.0,2.0,SOFT,True,,,,,,,,,,,,,,,,,,,,,,
2025,15,DUTCH GRAND PRIX,LAW,Racing Bulls,20.6,34.2,64.0,1006.1,4.0,0.0,0,8.0,3,69.779,23.953,24.646,21.18,290.0,280.0,318.0,328.0,2.0,SOFT,True,69.383,23.74,24.508,21.135,290.0,281.0,319.0,329.0,2.0,SOFT,True,69.5,23.867,24.544,21.089,290.0,280.0,319.0,327.0,2.0,SOFT,True
2025,15,DUTCH GRAND PRIX,LEC,Ferrari,20.6,34.2,64.0,1006.1,4.0,0.0,0,6.0,3,69.906,23.944,24.821,21.141,290.0,280.0,319.0,326.0,2.0,SOFT,True,69.304,23.664,24.691,20.949,290.0,280.0,320.0,326.0,2.0,SOFT,True,69.34,23.774,24.625,20.941,288.0,278.0,320.0,325.0,2.0,SOFT,True
2025,15,DUTCH GRAND PRIX,NOR,McLaren,20.6,34.2,64.0,1006.1,4.0,0.0,0,2.0,3,69.469,23.646,24.735,21.088,289.0,279.0,321.0,326.0,2.0,SOFT,True,68.874,23.474,24.555,20.845,291.0,282.0,321.0,328.0,2.0,SOFT,True,68.674,23.386,24.394,20.894,290.0,283.0,322.0,326.0,2.0,SOFT,True
2025,15,DUTCH GRAND PRIX,OCO,Haas F1 Team,20.6,34.2,64.0,1006.1,4.0,0.0,0,18.0,1,70.197,24.031,24.848,21.318,287.0,281.0,317.0,328.0,2.0,SOFT,True,,,,,,,,,,,,,,,,,,,,,,
2025,15,DUTCH GRAND PRIX,PIA,McLaren,20.6,34.2,64.0,1006.1,4.0,0.0,0,1.0,3,69.338,23.684,24.593,21.061,290.0,281.0,321.0,325.0,5.0,SOFT,False,68.964,23.59,24.517,20.857,289.0,281.0,320.0,329.0,2.0,SOFT,True,68.662,23.367,24.476,20.819,289.0,282.0,322.0,325.0,2.0,SOFT,True
2025,15,DUTCH GRAND PRIX,RUS,Mercedes,20.6,34.2,64.0,1006.1,4.0,0.0,0,5.0,3,69.676,23.692,24.865,21.119,289.0,280.0,319.0,328.0,2.0,SOFT,True,69.313,23.738,24.573,21.002,287.0,282.0,321.0,325.0,2.0,SOFT,True,69.255,23.691,24.542,21.022,286.0,282.0,317.0,326.0,2.0,SOFT,True
2025,15,DUTCH GRAND PRIX,SAI,Williams,20.6,34.2,64.0,1006.1,4.0,0.0,0,9.0,3,69.98,23.823,24.931,21.226,292.0,282.0,321.0,330.0,2.0,SOFT,True,69.472,23.693,24.739,21.04,292.0,283.0,321.0,332.0,2.0,SOFT,True,69.505,23.727,24.733,21.045,291.0,283.0,324.0,328.0,2.0,SOFT,True
2025,15,DUTCH GRAND PRIX,STR,Aston Martin,20.6,34.2,64.0,1006.1,4.0,0.0,0,20.0,1,92.046,24.407,25.053,42.586,290.0,281.0,,330.0,2.0,SOFT,True,,,,,,,,,,,,,,,,,,,,,,
2025,15,DUTCH GRAND PRIX,TSU,Red Bull Racing,20.6,34.2,64.0,1006.1,4.0,0.0,0,12.0,2,69.954,23.819,24.878,21.257,290.0,281.0,322.0,332.0,2.0,SOFT,True,69.622,23.745,24.737,21.14,291.0,281.0,323.0,329.0,2.0,SOFT,True,,,,,,,,,,,
2025,15,DUTCH GRAND PRIX,VER,Red Bull Racing,20.6,34.2,64.0,1006.1,4.0,0.0,0,3.0,3,69.696,23.817,24.708,21.171,291.0,281.0,321.0,328.0,5.0,SOFT,False,69.122,23.599,24.547,20.976,292.0,281.0,319.0,329.0,2.0,SOFT,True,68.925,23.648,24.365,20.912,291.0,281.0,322.0,331.0,2.0,SOFT,True
2025,16,GRAN PREMIO D’ITALIA,ALB,Williams,26.6,42.45,36.0,998.6,1.5,0.0,0,14.0,2,79.837,26.466,26.862,26.509,324.0,338.0,313.0,345.0,6.0,SOFT,False,79.583,26.442,26.643,26.498,323.0,340.0,311.0,345.0,2.0,SOFT,True,,,,,,,,,,,
2025,16,GRAN PREMIO D’ITALIA,ALO,Aston Martin,26.6,42.45,36.0,998.6,1.5,0.0,0,9.0,3,79.658,26.348,26.852,26.458,325.0,342.0,315.0,349.0,2.0,SOFT,True,79.362,26.394,26.593,26.375,324.0,342.0,315.0,349.0,2.0,SOFT,True,79.424,26.469,26.592,26.363,324.0,341.0,313.0,348.0,2.0,SOFT,True
2025,16,GRAN PREMIO D’ITALIA,ANT,Mercedes,26.6,42.45,36.0,998.6,1.5,0.0,0,7.0,3,79.747,26.529,26.79,26.428,323.0,340.0,316.0,346.0,2.0,SOFT,True,79.245,26.461,26.613,26.171,324.0,340.0,314.0,347.0,2.0,SOFT,True,79.2,26.465,26.64,26.095,323.0,340.0,314.0,346.0,2.0,SOFT,True
2025,16,GRAN PREMIO D’ITALIA,BEA,Haas F1 Team,26.6,42.45,36.0,998.6,1.5,0.0,0,11.0,2,79.688,26.558,26.774,26.356,324.0,339.0,315.0,344.0,2.0,SOFT,True,79.446,26.376,26.736,26.334,325.0,341.0,311.0,349.0,2.0,SOFT,True,,,,,,,,,,,
2025,16,GRAN PREMIO D’ITALIA,BOR,Kick Sauber,26.6,42.45,36.0,998.6,1.5,0.0,0,8.0,3,79.688,26.372,26.869,26.447,328.0,344.0,315.0,352.0,5.0,SOFT,False,79.323,26.215,26.782,26.326,329.0,345.0,319.0,354.0,2.0,SOFT,True,79.39,26.233,26.676,26.481,329.0,347.0,318.0,355.0,2.0,SOFT,True
2025,16,GRAN PREMIO D’ITALIA,COL,Alpine,26.6,42.45,36.0,998.6,1.5,0.0,0,18.0,1,79.992,26.547,27.016,26.429,322.0,337.0,315.0,345.0,2.0,SOFT,True,,,,,,,,,,,,,,,,,,,,,,
2025,16,GRAN PREMIO D’ITALIA,GAS,Alpine,26.6,42.45,36.0,998.6,1.5,0.0,0,19.0,1,80.103,26.628,26.961,26.514,323.0,338.0,315.0,344.0,2.0,SOFT,True,,,,,,,,,,,,,,,,,,,,,,
2025,16,GRAN PREMIO D’ITALIA,HAD,Racing Bulls,26.6,42.45,36.0,998.6,1.5,0.0,0,16.0,1,79.917,26.331,27.092,26.494,326.0,338.0,316.0,350.0,2.0,SOFT,True,,,,,,,,,,,,,,,,,,,,,,
2025,16,GRAN PREMIO D’ITALIA,HAM,Ferrari,26.6,42.45,36.0,998.6,1.5,0.0,0,5.0,3,79.765,26.462,26.872,26.431,325.0,339.0,317.0,348.0,5.0,SOFT,False,79.371,26.283,26.687,26.401,327.0,343.0,318.0,352.0,2.0,SOFT,True,79.124,26.219,26.686,26.219,328.0,341.0,319.0,349.0,2.0,SOFT,True
2025,16,GRAN PREMIO D’ITALIA,HUL,Kick Sauber,26.6,42.45,36.0,998.6,1.5,0.0,0,12.0,2,79.777,26.181,27.155,26.441,330.0,345.0,319.0,355.0,2.0,SOFT,True,79.498,26.338,26.816,26.344,328.0,347.0,318.0,355.0,2.0,SOFT,True,,,,,,,,,,,
2025,16,GRAN PREMIO D’ITALIA,LAW,Racing Bulls,26.6,42.45,36.0,998.6,1.5,0.0,0,20.0,1,80.279,26.557,27.05,26.672,324.0,336.0,315.0,342.0,2.0,SOFT,True,,,,,,,,,,,,,,,,,,,,,,
2025,16,GRAN PREMIO D’ITALIA,LEC,Ferrari,26.6,42.45,36.0,998.6,1.5,0.0,0,4.0,3,79.689,26.47,26.736,26.483,326.0,339.0,317.0,346.0,5.0,SOFT,False,79.31,26.432,26.636,26.242,327.0,340.0,318.0,349.0,2.0,SOFT,True,79.007,26.265,26.582,26.16,328.0,340.0,319.0,349.0,2.0,SOFT,True
2025,16,GRAN PREMIO D’ITALIA,NOR,McLaren,26.6,42.45,36.0,998.6,1.5,0.0,0,2.0,3,79.517,26.498,26.626,26.393,323.0,337.0,315.0,344.0,6.0,SOFT,False,79.293,26.46,26.625,26.208,323.0,336.0,316.0,345.0,5.0,SOFT,True,78.869,26.378,26.438,26.053,323.0,338.0,315.0,345.0,2.0,SOFT,True
2025,16,GRAN PREMIO D’ITALIA,OCO,Haas F1 Team,26.6,42.45,36.0,998.6,1.5,0.0,0,15.0,2,79.816,26.537,26.819,26.46,324.0,339.0,315.0,340.0,2.0,SOFT,True,79.707,26.542,26.729,26.436,324.0,339.0,315.0,348.0,2.0,SOFT,True,,,,,,,,,,,
2025,16,GRAN PREMIO D’ITALIA,PIA,McLaren,26.6,42.45,36.0,998.6,1.5,0.0,0,3.0,3,79.711,26.689,26.663,26.359,322.0,335.0,312.0,340.0,2.0,SOFT,True,79.286,26.548,26.529,26.209,324.0,339.0,315.0,345.0,2.0,SOFT,True,78.982,26.576,26.34,26.066,323.0,338.0,316.0,345.0,2.0,SOFT,True
2025,16,GRAN PREMIO D’ITALIA,RUS,Mercedes,26.6,42.45,36.0,998.6,1.5,0.0,0,6.0,3,79.414,26.659,26.562,26.193,323.0,338.0,317.0,345.0,5.0,MEDIUM,False,79.287,26.515,26.568,26.204,321.0,338.0,315.0,343.0,2.0,SOFT,True,79.157,26.514,26.434,26.209,323.0,338.0,316.0,345.0,2.0,SOFT,True
2025,16,GRAN PREMIO D’ITALIA,SAI,Williams,26.6,42.45,36.0,998.6,1.5,0.0,0,13.0,2,79.644,26.547,26.637,26.46,324.0,337.0,312.0,345.0,5.0,SOFT,False,79.528,26.393,26.707,26.428,325.0,342.0,315.0,349.0,5.0,SOFT,False,,,,,,,,,,,
2025,16,GRAN PREMIO D’ITALIA,STR,Aston Martin,26.6,42.45,36.0,998.6,1.5,0.0,0,17.0,1,79.948,26.502,26.903,26.543,323.0,339.0,315.0,346.0,2.0,SOFT,True,,,,,,,,,,,,,,,,,,,,,,
2025,16,GRAN PREMIO D’ITALIA,TSU,Red Bull Racing,26.6,42.45,36.0,998.6,1.5,0.0,0,10.0,3,79.619,26.516,26.766,26.337,323.0,341.0,315.0,346.0,2.0,SOFT,True,79.433,26.42,26.672,26.341,322.0,340.0,313.0,348.0,2.0,SOFT,True,79.519,26.516,26.645,26.358,322.0,337.0,314.0,345.0,2.0,SOFT,True
2025,16,GRAN PREMIO D’ITALIA,VER,Red Bull Racing,26.6,42.45,36.0,998.6,1.5,0.0,0,1.0,3,79.455,26.506,26.625,26.324,327.0,345.0,317.0,344.0,5.0,SOFT,False,79.14,26.406,26.538,26.196,324.0,341.0,316.0,346.0,2.0,SOFT,True,78.792,26.262,26.483,26.047,327.0,340.0,315.0,348.0,2.0,SOFT,True
2025,17,AZERBAIJAN GRAND PRIX,ALB,Williams,20.8,26.7,60.0,1013.6,2.1,0.0,0,19.0,1,103.778,36.704,41.721,25.353,214.0,216.0,332.0,319.0,2.0,SOFT,True,,,,,,,,,,,,,,,,,,,,,,
2025,17,AZERBAIJAN GRAND PRIX,ALO,Aston Martin,20.8,26.7,60.0,1013.6,2.1,0.0,0,11.0,2,102.211,35.902,41.461,24.848,222.0,219.0,341.0,324.0,3.0,MEDIUM,True,101.857,35.825,41.108,24.924,223.0,227.0,341.0,320.0,5.0,MEDIUM,True,,,,,,,,,,,
2025,17,AZERBAIJAN GRAND PRIX,ANT,Mercedes,20.8,26.7,60.0,1013.6,2.1,0.0,0,4.0,3,102.247,36.006,41.281,24.96,223.0,222.0,338.0,322.0,5.0,MEDIUM,False,101.464,35.739,40.827,24.898,220.0,217.0,337.0,321.0,5.0,MEDIUM,False,101.717,35.718,40.84,25.159,229.0,218.0,336.0,321.0,4.0,MEDIUM,False
2025,17,AZERBAIJAN GRAND PRIX,BEA,Haas F1 Team,20.8,26.7,60.0,1013.6,2.1,0.0,0,15.0,1,102.666,36.506,41.225,24.935,216.0,234.0,329.0,319.0,3.0,SOFT,True,,,,,,,,,,,,,,,,,,,,,,
2025,17,AZERBAIJAN GRAND PRIX,BOR,Kick Sauber,20.8,26.7,60.0,1013.6,2.1,0.0,0,13.0,2,102.511,36.029,41.213,25.269,219.0,220.0,335.0,319.0,5.0,MEDIUM,False,102.277,35.854,41.07,25.353,208.0,229.0,336.0,319.0,2.0,MEDIUM,True,,,,,,,,,,,
2025,17,AZERBAIJAN GRAND PRIX,COL,Alpine,20.8,26.7,60.0,1013.6,2.1,0.0,0,16.0,1,102.779,35.907,41.759,25.113,216.0,220.0,339.0,323.0,2.0,SOFT,True,,,,,,,,,,,,,,,,,,,,,,
2025,17,AZERBAIJAN GRAND PRIX,GAS,Alpine,20.8,26.7,60.0,1013.6,2.1,0.0,0,18.0,1,103.139,36.126,41.775,25.238,218.0,222.0,336.0,319.0,2.0,SOFT,True,,,,,,,,,,,,,,,,,,,,,,
2025,17,AZERBAIJAN GRAND PRIX,HAD,Racing Bulls,20.8,26.7,60.0,1013.6,2.1,0.0,0,8.0,3,101.656,35.73,40.984,24.942,225.0,227.0,336.0,317.0,3.0,MEDIUM,True,101.647,35.668,40.956,25.023,224.0,230.0,337.0,318.0,6.0,MEDIUM,False,102.372,35.556,41.066,25.75,223.0,227.0,334.0,316.0,4.0,SOFT,False
2025,17,AZERBAIJAN GRAND PRIX,HAM,Ferrari,20.8,26.7,60.0,1013.6,2.1,0.0,0,12.0,2,101.821,35.572,41.265,24.984,233.0,230.0,337.0,320.0,5.0,SOFT,False,102.183,35.711,41.361,25.111,212.0,220.0,333.0,319.0,5.0,SOFT,True,,,,,,,,,,,
2025,17,AZERBAIJAN GRAND PRIX,HUL,Kick Sauber,20.8,26.7,60.0,1013.6,2.1,0.0,0,17.0,1,102.916,36.348,41.592,24.976,214.0,222.0,333.0,320.0,2.0,SOFT,True,,,,,,,,,,,,,,,,,,,,,,
2025,17,AZERBAIJAN GRAND PRIX,LAW,Racing Bulls,20.8,26.7,60.0,1013.6,2.1,0.0,0,3.0,3,102.257,36.057,41.364,24.836,209.0,210.0,340.0,319.0,3.0,MEDIUM,True,101.537,35.701,40.943,24.893,216.0,216.0,338.0,318.0,7.0,MEDIUM,False,101.707,35.432,41.316,24.959,220.0,229.0,337.0,318.0,4.0,SOFT,False
2025,17,AZERBAIJAN GRAND PRIX,LEC,Ferrari,20.8,26.7,60.0,1013.6,2.1,0.0,0,10.0,2,101.458,35.5,40.842,25.116,224.0,228.0,338.0,322.0,8.0,SOFT,False,101.519,35.797,40.785,24.937,217.0,220.0,339.0,319.0,2.0,MEDIUM,True,,,,,,,,,,,
2025,17,AZERBAIJAN GRAND PRIX,NOR,McLaren,20.8,26.7,60.0,1013.6,2.1,0.0,0,7.0,3,101.322,35.478,40.982,24.862,219.0,215.0,335.0,321.0,2.0,SOFT,True,101.396,35.585,40.836,24.975,226.0,216.0,338.0,322.0,6.0,SOFT,False,102.239,35.512,41.417,25.31,221.0,212.0,330.0,317.0,4.0,SOFT,False
2025,17,AZERBAIJAN GRAND PRIX,OCO,Haas F1 Team,20.8,26.7,60.0,1013.6,2.1,0.0,0,20.0,1,103.004,36.311,41.681,25.012,212.0,222.0,337.0,319.0,3.0,SOFT,True,,,,,,,,,,,,,,,,,,,,,,
2025,17,AZERBAIJAN GRAND PRIX,PIA,McLaren,20.8,26.7,60.0,1013.6,2.1,0.0,0,9.0,2,101.839,35.689,41.016,25.134,216.0,216.0,333.0,319.0,4.0,MEDIUM,False,101.414,35.45,40.825,25.139,220.0,210.0,335.0,319.0,6.0,SOFT,False,,,,,,,,,,,
2025,17,AZERBAIJAN GRAND PRIX,RUS,Mercedes,20.8,26.7,60.0,1013.6,2.1,0.0,0,5.0,3,101.646,35.849,41.051,24.746,221.0,228.0,339.0,322.0,5.0,MEDIUM,False,101.455,35.582,40.99,24.883,223.0,231.0,340.0,324.0,2.0,MEDIUM,True,102.07,35.752,41.331,24.987,225.0,228.0,335.0,320.0,2.0,SOFT,True
2025,17,AZERBAIJAN GRAND PRIX,SAI,Williams,20.8,26.7,60.0,1013.6,2.1,0.0,0,2.0,3,102.635,36.179,41.332,25.124,225.0,221.0,332.0,319.0,2.0,SOFT,True,101.675,35.652,40.833,25.19,223.0,217.0,333.0,319.0,4.0,MEDIUM,False,101.595,35.838,40.574,25.183,221.0,223.0,329.0,316.0,7.0,MEDIUM,False
2025,17,AZERBAIJAN GRAND PRIX,STR,Aston Martin,20.8,26.7,60.0,1013.6,2.1,0.0,0,14.0,2,102.101,35.944,41.106,25.051,215.0,225.0,338.0,320.0,3.0,MEDIUM,True,103.061,36.028,42.021,25.012,214.0,215.0,339.0,321.0,5.0,SOFT,False,,,,,,,,,,,
2025,17,AZERBAIJAN GRAND PRIX,TSU,Red Bull Racing,20.8,26.7,60.0,1013.6,2.1,0.0,0,6.0,3,102.347,36.006,41.36,24.981,221.0,219.0,339.0,321.0,5.0,MEDIUM,False,101.788,35.775,40.837,25.176,224.0,225.0,336.0,319.0,5.0,MEDIUM,True,102.143,36.038,40.979,25.126,215.0,223.0,335.0,318.0,3.0,SOFT,False
2025,17,AZERBAIJAN GRAND PRIX,VER,Red Bull Racing,20.8,26.7,60.0,1013.6,2.1,0.0,0,1.0,3,101.331,35.416,40.978,24.937,222.0,225.0,337.0,322.0,7.0,MEDIUM,False,101.255,35.385,40.743,25.127,228.0,232.0,337.0,319.0,5.0,MEDIUM,True,101.117,35.331,40.577,25.209,225.0,225.0,337.0,319.0,2.0,SOFT,True
2025,18,SINGAPORE GRAND PRIX,ALB,Williams,29.8,34.849999999999994,69.0,1011.4,1.65,0.0,0,19.0,2,90.775,26.946,38.22,25.609,308.0,277.0,257.0,301.0,5.0,SOFT,False,90.202,26.726,38.02,25.456,311.0,277.0,261.0,301.0,2.0,SOFT,True,,,,,,,,,,,
2025,18,SINGAPORE GRAND PRIX,ALO,Aston Martin,29.8,34.849999999999994,69.0,1011.4,1.65,0.0,0,10.0,3,90.745,26.774,38.247,25.724,313.0,278.0,261.0,303.0,2.0,SOFT,True,90.054,26.897,37.812,25.345,311.0,278.0,257.0,303.0,2.0,SOFT,True,89.955,26.741,37.827,25.387,311.0,279.0,261.0,304.0,2.0,SOFT,True
2025,18,SINGAPORE GRAND PRIX,ANT,Mercedes,29.8,34.849999999999994,69.0,1011.4,1.65,0.0,0,4.0,3,90.036,26.609,37.657,25.77,311.0,278.0,256.0,303.0,2.0,SOFT,True,89.649,26.794,37.413,25.442,315.0,279.0,261.0,302.0,2.0,SOFT,True,89.537,26.563,37.482,25.492,313.0,279.0,259.0,304.0,2.0,SOFT,True
2025,18,SINGAPORE GRAND PRIX,BEA,Haas F1 Team,29.8,34.849999999999994,69.0,1011.4,1.65,0.0,0,9.0,3,90.42,26.869,38.041,25.51,310.0,279.0,261.0,302.0,2.0,SOFT,True,90.076,26.764,37.97,25.342,312.0,281.0,261.0,303.0,2.0,SOFT,True,89.868,26.703,37.824,25.341,312.0,279.0,263.0,300.0,2.0,SOFT,True
2025,18,SINGAPORE GRAND PRIX,BOR,Kick Sauber,29.8,34.849999999999994,69.0,1011.4,1.65,0.0,0,14.0,1,90.82,26.952,38.25,25.618,310.0,279.0,260.0,300.0,2.0,SOFT,True,,,,,,,,,,,,,,,,,,,,,,
2025,18,SINGAPORE GRAND PRIX,COL,Alpine,29.8,34.849999999999994,69.0,1011.4,1.65,0.0,0,16.0,1,90.982,26.776,38.309,25.897,314.0,279.0,254.0,304.0,2.0,SOFT,True,,,,,,,,,,,,,,,,,,,,,,
2025,18,SINGAPORE GRAND PRIX,GAS,Alpine,29.8,34.849999999999994,69.0,1011.4,1.65,0.0,0,18.0,1,91.261,27.022,38.521,25.718,312.0,279.0,260.0,304.0,2.0,SOFT,True,,,,,,,,,,,,,,,,,,,,,,
2025,18,SINGAPORE GRAND PRIX,HAD,Racing Bulls,29.8,34.849999999999994,69.0,1011.4,1.65,0.0,0,8.0,3,90.214,26.826,37.894,25.494,309.0,278.0,260.0,304.0,5.0,SOFT,True,90.016,26.743,37.812,25.461,309.0,277.0,259.0,301.0,2.0,SOFT,True,89.846,26.694,37.71,25.442,308.0,277.0,254.0,301.0,2.0,SOFT,True
2025,18,SINGAPORE GRAND PRIX,HAM,Ferrari,29.8,34.849999999999994,69.0,1011.4,1.65,0.0,0,6.0,3,89.765,26.751,37.669,25.345,312.0,279.0,259.0,302.0,2.0,SOFT,True,89.936,26.775,37.641,25.52,310.0,278.0,258.0,301.0,3.0,SOFT,True,89.688,26.745,37.592,25.351,311.0,279.0,259.0,302.0,3.0,SOFT,False
2025,18,SINGAPORE GRAND PRIX,HUL,Kick Sauber,29.8,34.849999999999994,69.0,1011.4,1.65,0.0,0,11.0,2,90.715,26.916,38.227,25.572,309.0,278.0,260.0,300.0,2.0,SOFT,True,90.141,26.721,37.864,25.556,310.0,280.0,261.0,301.0,2.0,SOFT,True,,,,,,,,,,,
2025,18,SINGAPORE GRAND PRIX,LAW,Racing Bulls,29.8,34.849999999999994,69.0,1011.4,1.65,0.0,0,12.0,2,90.681,26.904,38.108,25.669,309.0,275.0,257.0,300.0,2.0,SOFT,True,90.32,26.864,37.903,25.553,309.0,278.0,258.0,300.0,4.0,SOFT,False,,,,,,,,,,,
2025,18,SINGAPORE GRAND PRIX,LEC,Ferrari,29.8,34.849999999999994,69.0,1011.4,1.65,0.0,0,7.0,3,90.37,26.884,37.847,25.639,311.0,281.0,263.0,302.0,5.0,SOFT,True,89.914,26.707,37.729,25.478,313.0,281.0,263.0,304.0,2.0,SOFT,True,89.784,26.769,37.682,25.333,310.0,280.0,264.0,301.0,5.0,SOFT,False
2025,18,SINGAPORE GRAND PRIX,NOR,McLaren,29.8,34.849999999999994,69.0,1011.4,1.65,0.0,0,5.0,3,89.932,26.7,37.705,25.527,308.0,277.0,262.0,302.0,2.0,SOFT,True,89.809,26.667,37.674,25.468,309.0,278.0,261.0,303.0,2.0,SOFT,True,89.586,26.645,37.451,25.49,309.0,278.0,261.0,302.0,2.0,SOFT,True
2025,18,SINGAPORE GRAND PRIX,OCO,Haas F1 Team,29.8,34.849999999999994,69.0,1011.4,1.65,0.0,0,17.0,1,90.989,26.931,38.465,25.593,312.0,277.0,261.0,302.0,2.0,SOFT,True,,,,,,,,,,,,,,,,,,,,,,
2025,18,SINGAPORE GRAND PRIX,PIA,McLaren,29.8,34.849999999999994,69.0,1011.4,1.65,0.0,0,3.0,3,90.313,26.711,38.165,25.437,310.0,278.0,262.0,301.0,5.0,SOFT,True,89.813,26.754,37.624,25.435,308.0,277.0,263.0,303.0,2.0,SOFT,True,89.524,26.556,37.609,25.359,311.0,279.0,262.0,303.0,2.0,SOFT,True
2025,18,SINGAPORE GRAND PRIX,RUS,Mercedes,29.8,34.849999999999994,69.0,1011.4,1.65,0.0,0,1.0,3,89.928,26.704,37.84,25.384,312.0,278.0,262.0,305.0,2.0,SOFT,True,89.562,26.599,37.576,25.387,313.0,278.0,261.0,303.0,2.0,SOFT,True,89.158,26.475,37.329,25.354,312.0,278.0,261.0,304.0,2.0,SOFT,True
2025,18,SINGAPORE GRAND PRIX,SAI,Williams,29.8,34.849999999999994,69.0,1011.4,1.65,0.0,0,20.0,2,90.64,27.013,38.132,25.495,309.0,276.0,260.0,301.0,5.0,SOFT,False,90.235,26.813,37.945,25.477,310.0,278.0,261.0,301.0,2.0,SOFT,True,,,,,,,,,,,
2025,18,SINGAPORE GRAND PRIX,STR,Aston Martin,29.8,34.849999999999994,69.0,1011.4,1.65,0.0,0,15.0,1,90.949,26.911,38.102,25.936,314.0,279.0,255.0,303.0,2.0,SOFT,True,,,,,,,,,,,,,,,,,,,,,,
2025,18,SINGAPORE GRAND PRIX,TSU,Red Bull Racing,29.8,34.849999999999994,69.0,1011.4,1.65,0.0,0,13.0,2,90.574,26.841,38.197,25.536,312.0,278.0,259.0,302.0,2.0,SOFT,True,90.353,26.95,37.935,25.468,311.0,279.0,259.0,302.0,2.0,SOFT,True,,,,,,,,,,,
2025,18,SINGAPORE GRAND PRIX,VER,Red Bull Racing,29.8,34.849999999999994,69.0,1011.4,1.65,0.0,0,2.0,3,90.028,26.795,37.827,25.406,311.0,278.0,261.0,301.0,5.0,SOFT,False,89.572,26.676,37.578,25.318,310.0,278.0,262.0,302.0,2.0,SOFT,True,89.34,26.701,37.419,25.22,310.0,278.0,262.0,303.0,2.0,SOFT,True
2025,19,UNITED STATES GRAND PRIX,ALB,Williams,34.0,45.7,36.0,989.4,1.8,0.0,0,19.0,1,93.67,25.006,37.895,30.769,231.0,192.0,211.0,326.0,2.0,SOFT,True,,,,,,,,,,,,,,,,,,,,,,
2025,19,UNITED STATES GRAND PRIX,ALO,Aston Martin,34.0,45.7,36.0,989.4,1.8,0.0,0,10.0,3,93.741,25.161,37.979,30.601,240.0,193.0,211.0,325.0,2.0,SOFT,True,93.237,25.08,37.477,30.68,238.0,192.0,210.0,326.0,3.0,SOFT,False,93.16,25.138,37.712,30.31,240.0,193.0,213.0,324.0,2.0,SOFT,True
2025,19,UNITED STATES GRAND PRIX,ANT,Mercedes,34.0,45.7,36.0,989.4,1.8,0.0,0,7.0,3,93.501,25.193,37.74,30.568,239.0,190.0,213.0,324.0,2.0,SOFT,True,93.044,25.082,37.494,30.468,238.0,191.0,210.0,328.0,2.0,SOFT,True,93.114,25.326,37.452,30.336,237.0,190.0,211.0,325.0,2.0,SOFT,True
2025,19,UNITED STATES GRAND PRIX,BEA,Haas F1 Team,34.0,45.7,36.0,989.4,1.8,0.0,0,8.0,3,93.921,25.337,37.808,30.776,237.0,194.0,209.0,322.0,2.0,SOFT,True,93.238,25.156,37.616,30.466,239.0,194.0,210.0,325.0,2.0,SOFT,True,93.139,25.215,37.578,30.346,241.0,193.0,210.0,322.0,4.0,SOFT,False
2025,19,UNITED STATES GRAND PRIX,BOR,Kick Sauber,34.0,45.7,36.0,989.4,1.8,0.0,0,16.0,1,94.125,25.326,38.036,30.763,240.0,193.0,210.0,322.0,2.0,SOFT,True,,,,,,,,,,,,,,,,,,,,,,
2025,19,UNITED STATES GRAND PRIX,COL,Alpine,34.0,45.7,36.0,989.4,1.8,0.0,0,15.0,2,94.039,25.323,37.874,30.842,240.0,190.0,210.0,322.0,2.0,SOFT,True,94.044,25.383,37.811,30.85,242.0,190.0,210.0,325.0,2.0,SOFT,True,,,,,,,,,,,
2025,19,UNITED STATES GRAND PRIX,GAS,Alpine,34.0,45.7,36.0,989.4,1.8,0.0,0,14.0,2,93.599,25.197,37.679,30.723,237.0,190.0,208.0,324.0,2.0,SOFT,True,93.651,25.144,37.654,30.853,234.0,191.0,211.0,326.0,2.0,SOFT,True,,,,,,,,,,,
2025,19,UNITED STATES GRAND PRIX,HAM,Ferrari,34.0,45.7,36.0,989.4,1.8,0.0,0,5.0,3,93.685,25.276,37.764,30.645,234.0,192.0,212.0,320.0,2.0,SOFT,True,92.914,25.161,37.403,30.35,238.0,192.0,212.0,325.0,2.0,SOFT,True,92.912,24.949,37.73,30.233,244.0,193.0,212.0,322.0,2.0,SOFT,True
2025,19,UNITED STATES GRAND PRIX,HUL,Kick Sauber,34.0,45.7,36.0,989.4,1.8,0.0,0,11.0,2,93.551,25.338,37.639,30.574,237.0,192.0,213.0,322.0,2.0,SOFT,True,93.334,25.21,37.452,30.672,238.0,192.0,210.0,325.0,5.0,SOFT,False,,,,,,,,,,,
2025,19,UNITED STATES GRAND PRIX,LAW,Racing Bulls,34.0,45.7,36.0,989.4,1.8,0.0,0,12.0,2,93.549,25.328,37.791,30.43,238.0,193.0,213.0,322.0,2.0,SOFT,True,93.36,25.207,37.629,30.524,237.0,192.0,209.0,325.0,2.0,SOFT,True,,,,,,,,,,,
2025,19,UNITED STATES GRAND PRIX,LEC,Ferrari,34.0,45.7,36.0,989.4,1.8,0.0,0,3.0,3,93.525,25.251,37.712,30.562,241.0,191.0,214.0,324.0,2.0,SOFT,True,92.869,25.081,37.511,30.277,237.0,193.0,213.0,326.0,2.0,SOFT,True,92.807,25.042,37.512,30.253,239.0,192.0,213.0,323.0,2.0,SOFT,True
2025,19,UNITED STATES GRAND PRIX,NOR,McLaren,34.0,45.7,36.0,989.4,1.8,0.0,0,2.0,3,93.843,25.355,37.67,30.818,240.0,189.0,210.0,324.0,3.0,SOFT,True,92.876,25.075,37.356,30.445,242.0,192.0,210.0,323.0,2.0,SOFT,True,92.801,25.074,37.57,30.157,240.0,189.0,212.0,320.0,2.0,SOFT,True
2025,19,UNITED STATES GRAND PRIX,OCO,Haas F1 Team,34.0,45.7,36.0,989.4,1.8,0.0,0,17.0,1,94.136,25.431,37.931,30.774,235.0,192.0,213.0,323.0,2.0,SOFT,True,,,,,,,,,,,,,,,,,,,,,,
2025,19,UNITED STATES GRAND PRIX,PIA,McLaren,34.0,45.7,36.0,989.4,1.8,0.0,0,6.0,3,93.746,25.266,37.899,30.581,235.0,191.0,212.0,321.0,6.0,SOFT,True,93.228,25.288,37.583,30.357,235.0,191.0,211.0,324.0,2.0,SOFT,True,93.084,25.168,37.598,30.318,232.0,192.0,211.0,321.0,2.0,SOFT,True
2025,19,UNITED STATES GRAND PRIX,RUS,Mercedes,34.0,45.7,36.0,989.4,1.8,0.0,0,4.0,3,93.311,25.158,37.585,30.568,238.0,191.0,210.0,324.0,2.0,SOFT,True,93.058,25.033,37.544,30.481,241.0,191.0,211.0,324.0,2.0,SOFT,True,92.826,25.042,37.532,30.252,240.0,193.0,210.0,322.0,2.0,SOFT,True
2025,19,UNITED STATES GRAND PRIX,SAI,Williams,34.0,45.7,36.0,989.4,1.8,0.0,0,9.0,3,93.739,25.334,37.82,30.585,235.0,192.0,213.0,326.0,2.0,SOFT,True,93.124,25.017,37.526,30.581,237.0,191.0,210.0,327.0,2.0,SOFT,True,93.15,24.973,37.687,30.49,234.0,191.0,211.0,324.0,2.0,SOFT,True
2025,19,UNITED STATES GRAND PRIX,STR,Aston Martin,34.0,45.7,36.0,989.4,1.8,0.0,0,18.0,1,93.878,25.463,37.763,30.652,231.0,190.0,213.0,323.0,2.0,SOFT,True,,,,,,,,,,,,,,,,,,,,,,
2025,19,UNITED STATES GRAND PRIX,TSU,Red Bull Racing,34.0,45.7,36.0,989.4,1.8,0.0,0,13.0,2,93.935,25.334,37.89,30.711,232.0,191.0,212.0,323.0,2.0,SOFT,True,93.466,25.251,37.604,30.611,237.0,192.0,212.0,325.0,2.0,SOFT,True,,,,,,,,,,,
2025,19,UNITED STATES GRAND PRIX,VER,Red Bull Racing,34.0,45.7,36.0,989.4,1.8,0.0,0,1.0,3,93.207,25.164,37.615,30.428,238.0,193.0,212.0,324.0,2.0,SOFT,True,92.701,24.973,37.388,30.34,240.0,192.0,212.0,326.0,2.0,SOFT,True,92.51,24.914,37.41,30.186,241.0,191.0,211.0,324.0,2.0,SOFT,True
2025,20,GRAN PREMIO DE LA CIUDAD DE MÉXICO,ALB,Williams,26.2,45.9,27.0,780.5,2.0,0.0,0,17.0,1,77.49,27.356,30.026,20.108,316.0,297.0,253.0,349.0,2.0,SOFT,True,,,,,,,,,,,,,,,,,,,,,,
2025,20,GRAN PREMIO DE LA CIUDAD DE MÉXICO,ALO,Aston Martin,26.2,45.9,27.0,780.5,2.0,0.0,0,14.0,2,77.232,27.557,29.778,19.897,316.0,295.0,254.0,348.0,3.0,SOFT,False,77.103,27.444,29.729,19.93,316.0,297.0,252.0,350.0,3.0,SOFT,False,,,,,,,,,,,
2025,20,GRAN PREMIO DE LA CIUDAD DE MÉXICO,ANT,Mercedes,26.2,45.9,27.0,780.5,2.0,0.0,0,6.0,3,77.291,27.331,29.969,19.991,318.0,295.0,252.0,349.0,2.0,SOFT,True,76.773,27.168,29.7,19.905,318.0,296.0,252.0,351.0,2.0,SOFT,True,76.118,27.112,29.219,19.787,318.0,297.0,252.0,350.0,2.0,SOFT,True
2025,20,GRAN PREMIO DE LA CIUDAD DE MÉXICO,BEA,Haas F1 Team,26.2,45.9,27.0,780.5,2.0,0.0,0,10.0,3,77.04,27.419,29.731,19.89,317.0,296.0,253.0,345.0,2.0,SOFT,True,76.787,27.303,29.687,19.797,318.0,296.0,253.0,347.0,2.0,SOFT,True,76.46,27.267,29.552,19.641,317.0,297.0,253.0,344.0,2.0,SOFT,True
2025,20,GRAN PREMIO DE LA CIUDAD DE MÉXICO,BOR,Kick Sauber,26.2,45.9,27.0,780.5,2.0,0.0,0,16.0,1,77.412,27.511,29.925,19.976,316.0,296.0,253.0,345.0,2.0,SOFT,True,,,,,,,,,,,,,,,,,,,,,,
2025,20,GRAN PREMIO DE LA CIUDAD DE MÉXICO,COL,Alpine,26.2,45.9,27.0,780.5,2.0,0.0,0,20.0,1,77.67,27.495,30.015,20.16,317.0,296.0,253.0,349.0,2.0,SOFT,True,,,,,,,,,,,,,,,,,,,,,,
2025,20,GRAN PREMIO DE LA CIUDAD DE MÉXICO,GAS,Alpine,26.2,45.9,27.0,780.5,2.0,0.0,0,18.0,1,77.546,27.461,30.041,20.044,316.0,294.0,252.0,348.0,2.0,SOFT,True,,,,,,,,,,,,,,,,,,,,,,
2025,20,GRAN PREMIO DE LA CIUDAD DE MÉXICO,HAD,Racing Bulls,26.2,45.9,27.0,780.5,2.0,0.0,0,9.0,3,76.733,27.468,29.549,19.716,314.0,294.0,252.0,340.0,2.0,SOFT,True,76.804,27.416,29.685,19.703,313.0,293.0,251.0,341.0,2.0,SOFT,True,76.252,27.198,29.353,19.701,314.0,295.0,252.0,345.0,2.0,SOFT,True
2025,20,GRAN PREMIO DE LA CIUDAD DE MÉXICO,HAM,Ferrari,26.2,45.9,27.0,780.5,2.0,0.0,0,3.0,3,76.736,27.266,29.598,19.872,318.0,295.0,254.0,347.0,2.0,SOFT,True,76.458,27.098,29.493,19.867,320.0,297.0,254.0,349.0,2.0,SOFT,True,75.938,27.089,29.156,19.693,317.0,298.0,252.0,349.0,2.0,SOFT,True
2025,20,GRAN PREMIO DE LA CIUDAD DE MÉXICO,HUL,Kick Sauber,26.2,45.9,27.0,780.5,2.0,0.0,0,13.0,2,77.251,27.43,29.788,20.033,316.0,296.0,253.0,345.0,8.0,SOFT,False,77.016,27.507,29.668,19.841,316.0,296.0,254.0,341.0,2.0,SOFT,True,,,,,,,,,,,
2025,20,GRAN PREMIO DE LA CIUDAD DE MÉXICO,LAW,Racing Bulls,26.2,45.9,27.0,780.5,2.0,0.0,0,15.0,2,76.961,27.541,29.564,19.856,313.0,295.0,250.0,341.0,2.0,SOFT,True,78.072,27.684,30.172,20.216,312.0,289.0,251.0,342.0,5.0,SOFT,False,,,,,,,,,,,
2025,20,GRAN PREMIO DE LA CIUDAD DE MÉXICO,LEC,Ferrari,26.2,45.9,27.0,780.5,2.0,0.0,0,2.0,3,77.024,27.237,29.746,20.041,317.0,298.0,252.0,350.0,5.0,SOFT,True,76.658,27.224,29.544,19.89,320.0,298.0,253.0,348.0,2.0,SOFT,True,75.848,26.945,29.185,19.718,318.0,298.0,255.0,349.0,2.0,SOFT,True
2025,20,GRAN PREMIO DE LA CIUDAD DE MÉXICO,NOR,McLaren,26.2,45.9,27.0,780.5,2.0,0.0,0,1.0,3,76.899,27.339,29.667,19.893,316.0,297.0,253.0,346.0,5.0,SOFT,True,76.252,27.062,29.521,19.669,316.0,298.0,252.0,346.0,2.0,SOFT,True,75.586,26.916,29.114,19.556,317.0,298.0,254.0,349.0,2.0,SOFT,True
2025,20,GRAN PREMIO DE LA CIUDAD DE MÉXICO,OCO,Haas F1 Team,26.2,45.9,27.0,780.5,2.0,0.0,0,12.0,2,76.948,27.428,29.692,19.828,316.0,297.0,255.0,345.0,2.0,SOFT,True,76.837,27.277,29.668,19.892,317.0,297.0,255.0,346.0,2.0,SOFT,True,,,,,,,,,,,
2025,20,GRAN PREMIO DE LA CIUDAD DE MÉXICO,PIA,McLaren,26.2,45.9,27.0,780.5,2.0,0.0,0,8.0,3,77.158,27.41,29.763,19.985,316.0,297.0,253.0,346.0,5.0,SOFT,True,76.737,27.285,29.61,19.842,316.0,297.0,253.0,347.0,2.0,SOFT,True,76.174,27.117,29.351,19.706,317.0,298.0,254.0,349.0,2.0,SOFT,True
2025,20,GRAN PREMIO DE LA CIUDAD DE MÉXICO,RUS,Mercedes,26.2,45.9,27.0,780.5,2.0,0.0,0,4.0,3,76.895,27.337,29.685,19.873,316.0,295.0,254.0,348.0,2.0,SOFT,True,76.537,27.198,29.57,19.769,317.0,296.0,253.0,350.0,2.0,SOFT,True,76.034,27.022,29.299,19.713,317.0,296.0,253.0,351.0,2.0,SOFT,True
2025,20,GRAN PREMIO DE LA CIUDAD DE MÉXICO,SAI,Williams,26.2,45.9,27.0,780.5,2.0,0.0,0,7.0,3,77.171,27.331,29.903,19.937,318.0,295.0,253.0,350.0,2.0,SOFT,True,76.607,27.238,29.623,19.746,317.0,297.0,252.0,350.0,2.0,SOFT,True,76.172,27.013,29.42,19.739,318.0,297.0,253.0,352.0,2.0,SOFT,True
2025,20,GRAN PREMIO DE LA CIUDAD DE MÉXICO,STR,Aston Martin,26.2,45.9,27.0,780.5,2.0,0.0,0,19.0,1,77.606,27.648,29.897,20.061,315.0,294.0,252.0,347.0,3.0,SOFT,False,,,,,,,,,,,,,,,,,,,,,,
2025,20,GRAN PREMIO DE LA CIUDAD DE MÉXICO,TSU,Red Bull Racing,26.2,45.9,27.0,780.5,2.0,0.0,0,11.0,2,77.234,27.395,29.747,20.092,316.0,296.0,254.0,349.0,2.0,SOFT,True,76.816,27.419,29.531,19.866,316.0,297.0,254.0,348.0,2.0,SOFT,True,,,,,,,,,,,
2025,20,GRAN PREMIO DE LA CIUDAD DE MÉXICO,VER,Red Bull Racing,26.2,45.9,27.0,780.5,2.0,0.0,0,5.0,3,77.076,27.278,29.907,19.891,316.0,295.0,253.0,347.0,5.0,SOFT,False,76.605,27.137,29.643,19.825,317.0,298.0,253.0,348.0,2.0,SOFT,True,76.07,27.049,29.328,19.693,317.0,298.0,253.0,350.0,2.0,SOFT,True
2025,21,GRANDE PRÊMIO DE SÃO PAULO,ALB,Williams,26.0,39.6,56.0,918.4,1.4,0.0,0,12.0,2,70.115,18.098,35.891,16.126,324.0,266.0,327.0,336.0,2.0,SOFT,True,70.053,18.006,35.957,16.09,325.0,268.0,326.0,336.0,2.0,SOFT,True,,,,,,,,,,,
2025,21,GRANDE PRÊMIO DE SÃO PAULO,ALO,Aston Martin,26.0,39.6,56.0,918.4,1.4,0.0,0,11.0,2,70.181,18.438,35.727,16.016,323.0,266.0,330.0,333.0,2.0,SOFT,True,70.001,18.211,35.722,16.068,324.0,268.0,328.0,332.0,2.0,SOFT,True,,,,,,,,,,,
2025,21,GRANDE PRÊMIO DE SÃO PAULO,ANT,Mercedes,26.0,39.6,56.0,918.4,1.4,0.0,0,2.0,3,70.192,18.267,35.837,16.088,328.0,267.0,333.0,329.0,2.0,SOFT,True,69.774,18.122,35.588,16.064,328.0,268.0,331.0,336.0,2.0,SOFT,True,69.685,18.065,35.582,16.038,326.0,268.0,329.0,333.0,2.0,SOFT,True
2025,21,GRANDE PRÊMIO DE SÃO PAULO,BEA,Haas F1 Team,26.0,39.6,56.0,918.4,1.4,0.0,0,8.0,3,69.891,18.212,35.685,15.994,324.0,267.0,330.0,332.0,2.0,SOFT,True,69.755,18.062,35.641,16.052,323.0,268.0,330.0,332.0,2.0,SOFT,True,69.977,18.121,35.753,16.103,324.0,268.0,329.0,329.0,2.0,SOFT,True
2025,21,GRANDE PRÊMIO DE SÃO PAULO,COL,Alpine,26.0,39.6,56.0,918.4,1.4,0.0,0,18.0,1,70.632,18.163,36.322,16.147,324.0,265.0,328.0,334.0,2.0,SOFT,True,,,,,,,,,,,,,,,,,,,,,,
2025,21,GRANDE PRÊMIO DE SÃO PAULO,GAS,Alpine,26.0,39.6,56.0,918.4,1.4,0.0,0,9.0,3,69.885,18.177,35.734,15.974,324.0,266.0,330.0,336.0,2.0,SOFT,True,69.857,18.09,35.643,16.124,325.0,266.0,330.0,334.0,2.0,SOFT,True,70.002,18.134,35.782,16.086,325.0,265.0,329.0,335.0,2.0,SOFT,True
2025,21,GRANDE PRÊMIO DE SÃO PAULO,HAD,Racing Bulls,26.0,39.6,56.0,918.4,1.4,0.0,0,5.0,3,70.083,18.101,35.966,16.016,325.0,266.0,332.0,334.0,2.0,SOFT,True,69.97,18.118,35.822,16.03,325.0,267.0,332.0,334.0,2.0,SOFT,True,69.931,18.086,35.841,16.004,326.0,265.0,331.0,336.0,2.0,SOFT,True
2025,21,GRANDE PRÊMIO DE SÃO PAULO,HAM,Ferrari,26.0,39.6,56.0,918.4,1.4,0.0,0,13.0,2,70.016,18.231,35.714,16.071,325.0,265.0,331.0,338.0,2.0,SOFT,True,70.1,18.121,35.795,16.184,326.0,269.0,329.0,334.0,3.0,SOFT,True,,,,,,,,,,,
2025,21,GRANDE PRÊMIO DE SÃO PAULO,HUL,Kick Sauber,26.0,39.6,56.0,918.4,1.4,0.0,0,10.0,3,70.337,18.266,35.926,16.145,323.0,265.0,323.0,334.0,5.0,SOFT,False,69.985,18.183,35.68,16.122,323.0,266.0,329.0,330.0,2.0,SOFT,True,70.039,18.247,35.705,16.087,322.0,267.0,322.0,329.0,4.0,SOFT,False
2025,21,GRANDE PRÊMIO DE SÃO PAULO,LAW,Racing Bulls,26.0,39.6,56.0,918.4,1.4,0.0,0,7.0,3,70.108,18.268,35.856,15.984,323.0,266.0,330.0,334.0,2.0,SOFT,True,69.95,18.164,35.712,16.074,325.0,267.0,331.0,334.0,2.0,SOFT,True,69.962,18.216,35.677,16.069,324.0,266.0,329.0,334.0,2.0,SOFT,True
2025,21,GRANDE PRÊMIO DE SÃO PAULO,LEC,Ferrari,26.0,39.6,56.0,918.4,1.4,0.0,0,3.0,3,69.934,18.041,35.822,16.071,325.0,268.0,330.0,334.0,2.0,SOFT,True,69.801,18.049,35.68,16.072,326.0,268.0,331.0,334.0,2.0,SOFT,True,69.805,18.012,35.759,16.034,326.0,268.0,330.0,335.0,2.0,SOFT,True
2025,21,GRANDE PRÊMIO DE SÃO PAULO,NOR,McLaren,26.0,39.6,56.0,918.4,1.4,0.0,0,1.0,3,69.656,18.027,35.681,15.948,326.0,268.0,329.0,334.0,2.0,SOFT,True,69.616,17.998,35.587,16.031,327.0,270.0,329.0,335.0,2.0,SOFT,True,69.511,18.036,35.534,15.941,327.0,270.0,330.0,335.0,2.0,SOFT,True
2025,21,GRANDE PRÊMIO DE SÃO PAULO,OCO,Haas F1 Team,26.0,39.6,56.0,918.4,1.4,0.0,0,17.0,1,70.438,18.382,35.915,16.141,322.0,265.0,329.0,330.0,2.0,SOFT,True,,,,,,,,,,,,,,,,,,,,,,
2025,21,GRANDE PRÊMIO DE SÃO PAULO,PIA,McLaren,26.0,39.6,56.0,918.4,1.4,0.0,0,4.0,3,69.928,18.161,35.726,16.041,325.0,266.0,329.0,337.0,2.0,SOFT,True,69.835,18.127,35.596,16.112,325.0,267.0,329.0,334.0,4.0,SOFT,False,69.886,18.147,35.709,16.03,325.0,267.0,329.0,337.0,2.0,SOFT,True
2025,21,GRANDE PRÊMIO DE SÃO PAULO,RUS,Mercedes,26.0,39.6,56.0,918.4,1.4,0.0,0,6.0,3,69.935,18.143,35.759,16.033,327.0,267.0,337.0,335.0,2.0,SOFT,True,69.88,18.081,35.748,16.051,327.0,269.0,330.0,336.0,2.0,SOFT,True,69.942,18.117,35.776,16.049,327.0,267.0,329.0,335.0,2.0,MEDIUM,True
2025,21,GRANDE PRÊMIO DE SÃO PAULO,SAI,Williams,26.0,39.6,56.0,918.4,1.4,0.0,0,15.0,2,70.184,18.232,35.866,16.086,324.0,266.0,328.0,333.0,2.0,SOFT,True,70.472,18.146,36.127,16.199,323.0,266.0,328.0,333.0,2.0,SOFT,True,,,,,,,,,,,
2025,21,GRANDE PRÊMIO DE SÃO PAULO,STR,Aston Martin,26.0,39.6,56.0,918.4,1.4,0.0,0,14.0,2,70.041,18.137,35.791,16.113,322.0,264.0,327.0,331.0,2.0,SOFT,True,70.161,18.173,35.826,16.162,323.0,265.0,330.0,332.0,2.0,SOFT,True,,,,,,,,,,,
2025,21,GRANDE PRÊMIO DE SÃO PAULO,TSU,Red Bull Racing,26.0,39.6,56.0,918.4,1.4,0.0,0,19.0,1,70.711,18.335,36.256,16.12,325.0,265.0,333.0,338.0,2.0,SOFT,True,,,,,,,,,,,,,,,,,,,,,,
2025,21,GRANDE PRÊMIO DE SÃO PAULO,VER,Red Bull Racing,26.0,39.6,56.0,918.4,1.4,0.0,0,16.0,1,70.403,18.199,36.036,16.168,325.0,266.0,332.0,338.0,5.0,SOFT,True,,,,,,,,,,,,,,,,,,,,,,
2025,22,LAS VEGAS GRAND PRIX,ALB,Williams,11.7,12.6,65.0,946.0,1.6,0.0,0,16.0,1,116.22,33.523,40.194,42.503,143.0,183.0,266.0,206.0,4.0,WET,True,,,,,,,,,,,,,,,,,,,,,,
2025,22,LAS VEGAS GRAND PRIX,ALO,Aston Martin,11.7,12.6,65.0,946.0,1.6,0.0,0,7.0,3,113.739,32.787,39.307,41.645,145.0,186.0,272.0,227.0,9.0,WET,True,111.865,31.98,38.903,40.982,144.0,180.0,297.0,242.0,16.0,WET,False,109.466,31.379,37.563,40.524,145.0,193.0,310.0,232.0,6.0,INTERMEDIATE,True
2025,22,LAS VEGAS GRAND PRIX,ANT,Mercedes,11.7,12.6,65.0,946.0,1.6,0.0,0,17.0,1,116.314,33.18,39.906,43.228,143.0,183.0,250.0,238.0,5.0,WET,True,,,,,,,,,,,,,,,,,,,,,,
2025,22,LAS VEGAS GRAND PRIX,BEA,Haas F1 Team,11.7,12.6,65.0,946.0,1.6,0.0,0,14.0,2,116.016,33.123,39.924,42.969,141.0,175.0,290.0,240.0,6.0,WET,True,113.094,32.373,39.244,41.477,140.0,179.0,300.0,210.0,7.0,WET,True,,,,,,,,,,,
2025,22,LAS VEGAS GRAND PRIX,BOR,Kick Sauber,11.7,12.6,65.0,946.0,1.6,0.0,0,18.0,1,116.674,33.719,39.977,42.978,141.0,178.0,259.0,200.0,8.0,WET,True,,,,,,,,,,,,,,,,,,,,,,
2025,22,LAS VEGAS GRAND PRIX,COL,Alpine,11.7,12.6,65.0,946.0,1.6,0.0,0,15.0,2,114.847,33.133,39.671,42.043,144.0,178.0,282.0,226.0,7.0,WET,True,113.683,32.639,39.106,41.938,141.0,177.0,301.0,230.0,5.0,WET,True,,,,,,,,,,,
2025,22,LAS VEGAS GRAND PRIX,GAS,Alpine,11.7,12.6,65.0,946.0,1.6,0.0,0,10.0,3,114.432,32.818,39.587,42.027,131.0,170.0,268.0,234.0,8.0,WET,True,111.76,31.827,38.785,41.148,138.0,179.0,308.0,233.0,8.0,WET,True,111.54,32.126,38.721,40.693,144.0,185.0,300.0,245.0,4.0,INTERMEDIATE,True
2025,22,LAS VEGAS GRAND PRIX,HAD,Racing Bulls,11.7,12.6,65.0,946.0,1.6,0.0,0,8.0,3,115.613,33.038,40.248,42.327,142.0,179.0,279.0,212.0,7.0,WET,True,111.12,31.836,38.525,40.759,150.0,183.0,311.0,238.0,8.0,WET,True,109.554,31.151,38.325,40.078,144.0,190.0,317.0,267.0,6.0,INTERMEDIATE,True
2025,22,LAS VEGAS GRAND PRIX,HAM,Ferrari,11.7,12.6,65.0,946.0,1.6,0.0,0,20.0,1,117.115,33.579,41.173,42.363,141.0,180.0,274.0,225.0,6.0,WET,True,,,,,,,,,,,,,,,,,,,,,,
2025,22,LAS VEGAS GRAND PRIX,HUL,Kick Sauber,11.7,12.6,65.0,946.0,1.6,0.0,0,11.0,2,114.555,32.701,39.534,42.32,143.0,178.0,275.0,225.0,9.0,WET,True,112.781,32.418,39.063,41.3,145.0,184.0,296.0,238.0,16.0,WET,False,,,,,,,,,,,
2025,22,LAS VEGAS GRAND PRIX,LAW,Racing Bulls,11.7,12.6,65.0,946.0,1.6,0.0,0,6.0,3,114.828,33.359,39.555,41.914,135.0,186.0,291.0,221.0,7.0,WET,True,111.621,32.028,38.87,40.723,150.0,187.0,311.0,230.0,8.0,WET,True,109.062,31.385,37.593,40.084,149.0,192.0,318.0,247.0,6.0,INTERMEDIATE,True
2025,22,LAS VEGAS GRAND PRIX,LEC,Ferrari,11.7,12.6,65.0,946.0,1.6,0.0,0,9.0,3,114.814,32.908,39.314,42.592,142.0,184.0,281.0,209.0,6.0,WET,True,111.952,31.492,39.143,41.317,144.0,185.0,289.0,256.0,6.0,WET,True,109.872,30.789,38.302,40.781,151.0,196.0,303.0,240.0,5.0,INTERMEDIATE,True
2025,22,LAS VEGAS GRAND PRIX,NOR,McLaren,11.7,12.6,65.0,946.0,1.6,0.0,0,1.0,3,115.473,32.964,39.404,43.105,144.0,178.0,259.0,211.0,6.0,WET,True,111.379,31.847,38.39,41.142,147.0,177.0,290.0,243.0,7.0,WET,True,107.934,30.43,36.842,40.662,154.0,194.0,313.0,256.0,7.0,INTERMEDIATE,True
2025,22,LAS VEGAS GRAND PRIX,OCO,Haas F1 Team,11.7,12.6,65.0,946.0,1.6,0.0,0,13.0,2,114.635,33.144,39.578,41.913,145.0,188.0,289.0,222.0,7.0,WET,True,112.987,32.601,39.31,41.076,147.0,180.0,301.0,226.0,5.0,WET,True,,,,,,,,,,,
2025,22,LAS VEGAS GRAND PRIX,PIA,McLaren,11.7,12.6,65.0,946.0,1.6,0.0,0,5.0,3,114.544,33.208,39.574,41.762,143.0,182.0,279.0,232.0,7.0,WET,True,112.126,32.132,39.056,40.938,148.0,183.0,299.0,262.0,7.0,WET,True,108.961,30.975,37.889,40.097,147.0,195.0,314.0,274.0,5.0,INTERMEDIATE,True
2025,22,LAS VEGAS GRAND PRIX,RUS,Mercedes,11.7,12.6,65.0,946.0,1.6,0.0,0,4.0,3,113.144,32.474,39.483,41.187,145.0,178.0,297.0,234.0,7.0,WET,True,110.935,31.812,38.683,40.44,145.0,180.0,311.0,244.0,16.0,WET,False,108.803,30.787,38.216,39.8,154.0,194.0,315.0,244.0,6.0,INTERMEDIATE,True
2025,22,LAS VEGAS GRAND PRIX,SAI,Williams,11.7,12.6,65.0,946.0,1.6,0.0,0,3.0,3,114.873,33.368,39.185,42.32,143.0,185.0,270.0,209.0,5.0,WET,False,111.144,31.982,38.615,40.547,142.0,186.0,307.0,256.0,7.0,WET,True,108.296,30.894,37.608,39.794,151.0,191.0,316.0,255.0,6.0,INTERMEDIATE,True
2025,22,LAS VEGAS GRAND PRIX,STR,Aston Martin,11.7,12.6,65.0,946.0,1.6,0.0,0,12.0,2,114.416,33.007,39.456,41.953,145.0,184.0,290.0,221.0,8.0,WET,True,112.85,32.3,38.944,41.606,144.0,183.0,298.0,242.0,3.0,WET,True,,,,,,,,,,,
2025,22,LAS VEGAS GRAND PRIX,TSU,Red Bull Racing,11.7,12.6,65.0,946.0,1.6,0.0,0,19.0,1,116.798,33.582,40.91,42.306,143.0,164.0,288.0,219.0,7.0,WET,True,,,,,,,,,,,,,,,,,,,,,,
2025,22,LAS VEGAS GRAND PRIX,VER,Red Bull Racing,11.7,12.6,65.0,946.0,1.6,0.0,0,2.0,3,113.458,32.701,38.597,42.16,146.0,189.0,286.0,213.0,7.0,WET,True,111.593,31.989,38.38,41.224,147.0,188.0,284.0,222.0,5.0,WET,True,108.257,30.863,37.391,40.003,146.0,196.0,311.0,258.0,6.0,INTERMEDIATE,True
2025,23,QATAR GRAND PRIX,ALB,Williams,20.5,25.6,75.0,1016.6,0.8,0.0,0,15.0,2,80.629,29.613,27.334,23.682,255.0,288.0,284.0,325.0,5.0,SOFT,True,80.629,29.732,27.209,23.688,252.0,289.0,284.0,322.0,2.0,SOFT,True,,,,,,,,,,,
2025,23,QATAR GRAND PRIX,ALO,Aston Martin,20.5,25.6,75.0,1016.6,0.8,0.0,0,8.0,3,80.598,29.509,27.398,23.691,256.0,286.0,278.0,321.0,2.0,SOFT,True,80.219,29.5,27.17,23.549,254.0,287.0,281.0,322.0,2.0,SOFT,True,80.418,29.358,27.432,23.628,257.0,287.0,280.0,323.0,5.0,SOFT,False
2025,23,QATAR GRAND PRIX,ANT,Mercedes,20.5,25.6,75.0,1016.6,0.8,0.0,0,5.0,3,80.455,29.508,27.193,23.754,256.0,291.0,285.0,327.0,5.0,SOFT,True,80.084,29.279,27.142,23.663,256.0,291.0,285.0,328.0,2.0,SOFT,True,79.846,29.331,26.954,23.561,258.0,292.0,284.0,325.0,2.0,SOFT,True
2025,23,QATAR GRAND PRIX,BEA,Haas F1 Team,20.5,25.6,75.0,1016.6,0.8,0.0,0,13.0,2,80.548,29.532,27.289,23.727,255.0,287.0,280.0,324.0,5.0,SOFT,True,80.438,29.517,27.233,23.688,254.0,288.0,283.0,322.0,2.0,SOFT,True,,,,,,,,,,,
2025,23,QATAR GRAND PRIX,BOR,Kick Sauber,20.5,25.6,75.0,1016.6,0.8,0.0,0,14.0,2,80.653,29.469,27.482,23.702,257.0,286.0,281.0,325.0,5.0,SOFT,False,80.534,29.57,27.354,23.61,255.0,286.0,282.0,323.0,5.0,SOFT,False,,,,,,,,,,,
2025,23,QATAR GRAND PRIX,COL,Alpine,20.5,25.6,75.0,1016.6,0.8,0.0,0,20.0,1,81.137,29.965,27.492,23.68,252.0,287.0,279.0,326.0,2.0,SOFT,True,,,,,,,,,,,,,,,,,,,,,,
2025,23,QATAR GRAND PRIX,GAS,Alpine,20.5,25.6,75.0,1016.6,0.8,0.0,0,9.0,3,80.513,29.541,27.299,23.673,256.0,287.0,282.0,326.0,2.0,SOFT,True,80.324,29.495,27.21,23.619,256.0,287.0,283.0,325.0,2.0,SOFT,True,80.477,29.551,27.243,23.683,256.0,287.0,283.0,325.0,5.0,SOFT,False
2025,23,QATAR GRAND PRIX,HAD,Racing Bulls,20.5,25.6,75.0,1016.6,0.8,0.0,0,6.0,3,80.603,29.689,27.234,23.68,254.0,287.0,283.0,321.0,2.0,SOFT,True,80.35,29.538,27.195,23.617,255.0,287.0,283.0,322.0,2.0,SOFT,True,80.114,29.473,27.125,23.516,256.0,287.0,283.0,323.0,2.0,SOFT,True
2025,23,QATAR GRAND PRIX,HAM,Ferrari,20.5,25.6,75.0,1016.6,0.8,0.0,0,18.0,1,80.907,29.774,27.389,23.744,255.0,290.0,283.0,323.0,2.0,SOFT,True,,,,,,,,,,,,,,,,,,,,,,
2025,23,QATAR GRAND PRIX,HUL,Kick Sauber,20.5,25.6,75.0,1016.6,0.8,0.0,0,11.0,2,80.63,29.657,27.276,23.697,254.0,286.0,280.0,323.0,5.0,SOFT,False,80.353,29.545,27.14,23.668,254.0,286.0,282.0,322.0,5.0,SOFT,False,,,,,,,,,,,
2025,23,QATAR GRAND PRIX,LAW,Racing Bulls,20.5,25.6,75.0,1016.6,0.8,0.0,0,12.0,2,80.539,29.638,27.297,23.604,257.0,287.0,284.0,323.0,2.0,SOFT,True,80.433,29.602,27.235,23.596,256.0,287.0,282.0,323.0,2.0,SOFT,True,,,,,,,,,,,
2025,23,QATAR GRAND PRIX,LEC,Ferrari,20.5,25.6,75.0,1016.6,0.8,0.0,0,10.0,3,80.564,29.58,27.347,23.637,258.0,289.0,282.0,320.0,2.0,SOFT,True,80.343,29.52,27.318,23.505,259.0,290.0,285.0,324.0,2.0,SOFT,True,80.561,29.633,27.367,23.561,259.0,290.0,284.0,321.0,5.0,SOFT,False
2025,23,QATAR GRAND PRIX,NOR,McLaren,20.5,25.6,75.0,1016.6,0.8,0.0,0,2.0,3,80.157,29.569,27.095,23.493,258.0,290.0,286.0,323.0,2.0,SOFT,True,79.861,29.367,27.104,23.39,257.0,290.0,285.0,321.0,2.0,SOFT,True,79.495,29.212,26.978,23.305,259.0,291.0,285.0,323.0,2.0,SOFT,True
2025,23,QATAR GRAND PRIX,OCO,Haas F1 Team,20.5,25.6,75.0,1016.6,0.8,0.0,0,17.0,1,80.864,29.717,27.419,23.728,249.0,288.0,283.0,323.0,5.0,SOFT,True,,,,,,,,,,,,,,,,,,,,,,
2025,23,QATAR GRAND PRIX,PIA,McLaren,20.5,25.6,75.0,1016.6,0.8,0.0,0,1.0,3,80.234,29.557,27.151,23.526,259.0,290.0,286.0,325.0,2.0,SOFT,True,79.65,29.236,27.116,23.298,261.0,290.0,285.0,323.0,5.0,SOFT,False,79.387,29.209,26.919,23.259,262.0,291.0,285.0,325.0,2.0,SOFT,True
2025,23,QATAR GRAND PRIX,RUS,Mercedes,20.5,25.6,75.0,1016.6,0.8,0.0,0,4.0,3,80.074,29.31,27.226,23.538,259.0,290.0,285.0,327.0,6.0,SOFT,True,80.04,29.337,27.21,23.493,259.0,291.0,286.0,327.0,6.0,SOFT,True,79.662,29.246,26.987,23.429,258.0,292.0,285.0,325.0,3.0,SOFT,True
2025,23,QATAR GRAND PRIX,SAI,Williams,20.5,25.6,75.0,1016.6,0.8,0.0,0,7.0,3,80.52,29.669,27.252,23.599,252.0,289.0,285.0,324.0,5.0,SOFT,True,80.251,29.546,27.164,23.541,252.0,289.0,284.0,324.0,2.0,SOFT,True,80.287,29.573,27.178,23.536,253.0,289.0,285.0,323.0,2.0,SOFT,True
2025,23,QATAR GRAND PRIX,STR,Aston Martin,20.5,25.6,75.0,1016.6,0.8,0.0,0,19.0,1,81.058,29.782,27.505,23.771,253.0,286.0,281.0,325.0,4.0,SOFT,True,,,,,,,,,,,,,,,,,,,,,,
2025,23,QATAR GRAND PRIX,TSU,Red Bull Racing,20.5,25.6,75.0,1016.6,0.8,0.0,0,16.0,1,80.761,29.66,27.464,23.637,253.0,290.0,285.0,325.0,5.0,SOFT,True,,,,,,,,,,,,,,,,,,,,,,
2025,23,QATAR GRAND PRIX,VER,Red Bull Racing,20.5,25.6,75.0,1016.6,0.8,0.0,0,3.0,3,80.472,29.462,27.315,23.695,257.0,289.0,285.0,324.0,5.0,SOFT,True,79.985,29.321,27.214,23.45,257.0,288.0,284.0,324.0,6.0,SOFT,True,79.651,29.16,27.064,23.427,258.0,289.0,284.0,327.0,2.0,SOFT,True
2025,24,ABU DHABI GRAND PRIX,ALB,Williams,25.1,29.0,77.0,1017.2,1.1,0.0,0,17.0,1,83.416,16.982,36.131,30.303,292.0,319.0,220.0,325.0,2.0,SOFT,True,,,,,,,,,,,,,,,,,,,,,,
2025,24,ABU DHABI GRAND PRIX,ALO,Aston Martin,25.1,29.0,77.0,1017.2,1.1,0.0,0,6.0,3,83.071,16.994,35.994,30.083,293.0,323.0,221.0,326.0,2.0,SOFT,True,82.861,16.922,35.984,29.955,295.0,324.0,222.0,329.0,2.0,SOFT,True,82.902,16.97,36.049,29.883,293.0,321.0,222.0,327.0,2.0,SOFT,True
2025,24,ABU DHABI GRAND PRIX,ANT,Mercedes,25.1,29.0,77.0,1017.2,1.1,0.0,0,14.0,2,82.894,16.957,35.946,29.991,295.0,324.0,221.0,330.0,2.0,SOFT,True,83.08,16.959,36.008,30.113,296.0,325.0,221.0,331.0,2.0,SOFT,True,,,,,,,,,,,
2025,24,ABU DHABI GRAND PRIX,BEA,Haas F1 Team,25.1,29.0,77.0,1017.2,1.1,0.0,0,11.0,2,83.254,17.023,36.078,30.153,292.0,322.0,220.0,324.0,2.0,SOFT,True,83.041,17.005,36.102,29.934,294.0,320.0,219.0,326.0,2.0,SOFT,True,,,,,,,,,,,
2025,24,ABU DHABI GRAND PRIX,BOR,Kick Sauber,25.1,29.0,77.0,1017.2,1.1,0.0,0,7.0,3,83.374,17.01,36.177,30.187,291.0,321.0,220.0,329.0,2.0,SOFT,True,82.874,17.031,35.968,29.875,291.0,322.0,221.0,327.0,2.0,SOFT,True,82.904,17.025,36.016,29.863,291.0,319.0,220.0,325.0,2.0,SOFT,True
2025,24,ABU DHABI GRAND PRIX,COL,Alpine,25.1,29.0,77.0,1017.2,1.1,0.0,0,20.0,1,83.89,17.124,36.288,30.478,295.0,322.0,218.0,328.0,2.0,SOFT,True,,,,,,,,,,,,,,,,,,,,,,
2025,24,ABU DHABI GRAND PRIX,GAS,Alpine,25.1,29.0,77.0,1017.2,1.1,0.0,0,19.0,1,83.468,17.05,36.078,30.34,294.0,322.0,220.0,328.0,2.0,SOFT,True,,,,,,,,,,,,,,,,,,,,,,
2025,24,ABU DHABI GRAND PRIX,HAD,Racing Bulls,25.1,29.0,77.0,1017.2,1.1,0.0,0,9.0,3,83.373,17.047,36.094,30.232,292.0,323.0,220.0,329.0,2.0,SOFT,True,82.997,17.019,36.034,29.944,292.0,322.0,222.0,328.0,2.0,SOFT,True,83.072,17.008,36.141,29.923,293.0,321.0,220.0,328.0,2.0,SOFT,True
2025,24,ABU DHABI GRAND PRIX,HAM,Ferrari,25.1,29.0,77.0,1017.2,1.1,0.0,0,16.0,1,83.394,17.18,36.143,30.071,289.0,321.0,221.0,325.0,2.0,SOFT,True,,,,,,,,,,,,,,,,,,,,,,
2025,24,ABU DHABI GRAND PRIX,HUL,Kick Sauber,25.1,29.0,77.0,1017.2,1.1,0.0,0,18.0,1,83.45,17.129,36.191,30.13,292.0,324.0,218.0,330.0,2.0,SOFT,True,,,,,,,,,,,,,,,,,,,,,,
2025,24,ABU DHABI GRAND PRIX,LAW,Racing Bulls,25.1,29.0,77.0,1017.2,1.1,0.0,0,13.0,2,83.265,17.11,36.09,30.065,291.0,322.0,221.0,328.0,2.0,SOFT,True,83.077,17.013,36.073,29.991,292.0,322.0,222.0,328.0,2.0,SOFT,True,,,,,,,,,,,
2025,24,ABU DHABI GRAND PRIX,LEC,Ferrari,25.1,29.0,77.0,1017.2,1.1,0.0,0,5.0,3,83.163,17.072,35.979,30.112,291.0,325.0,220.0,332.0,2.0,SOFT,True,82.948,17.066,35.922,29.96,290.0,321.0,221.0,325.0,2.0,SOFT,True,82.73,16.987,35.823,29.92,291.0,321.0,221.0,326.0,2.0,SOFT,True
2025,24,ABU DHABI GRAND PRIX,NOR,McLaren,25.1,29.0,77.0,1017.2,1.1,0.0,0,2.0,3,83.178,17.056,36.237,29.885,291.0,320.0,223.0,325.0,2.0,SOFT,True,82.804,16.992,36.043,29.769,293.0,323.0,220.0,326.0,5.0,SOFT,False,82.408,16.908,35.89,29.61,293.0,321.0,219.0,327.0,2.0,SOFT,True
2025,24,ABU DHABI GRAND PRIX,OCO,Haas F1 Team,25.1,29.0,77.0,1017.2,1.1,0.0,0,8.0,3,83.334,17.156,36.129,30.049,294.0,321.0,222.0,324.0,2.0,SOFT,True,83.023,16.991,36.049,29.983,295.0,321.0,223.0,328.0,2.0,SOFT,True,82.913,17.066,36.006,29.841,294.0,320.0,222.0,326.0,2.0,SOFT,True
2025,24,ABU DHABI GRAND PRIX,PIA,McLaren,25.1,29.0,77.0,1017.2,1.1,0.0,0,3.0,3,82.605,16.963,36.015,29.627,293.0,321.0,223.0,326.0,2.0,SOFT,True,83.021,17.022,36.202,29.797,292.0,320.0,221.0,326.0,5.0,SOFT,False,82.437,16.919,35.93,29.588,293.0,321.0,220.0,327.0,2.0,SOFT,True
2025,24,ABU DHABI GRAND PRIX,RUS,Mercedes,25.1,29.0,77.0,1017.2,1.1,0.0,0,4.0,3,83.247,17.008,36.13,30.109,293.0,324.0,220.0,328.0,2.0,SOFT,True,82.73,16.946,35.916,29.868,294.0,322.0,223.0,328.0,2.0,SOFT,True,82.645,16.918,35.898,29.829,295.0,323.0,216.0,330.0,2.0,SOFT,True
2025,24,ABU DHABI GRAND PRIX,SAI,Williams,25.1,29.0,77.0,1017.2,1.1,0.0,0,12.0,2,83.187,16.902,36.124,30.161,293.0,321.0,221.0,325.0,2.0,SOFT,True,83.042,16.915,35.92,30.207,293.0,320.0,219.0,326.0,2.0,SOFT,True,,,,,,,,,,,
2025,24,ABU DHABI GRAND PRIX,STR,Aston Martin,25.1,29.0,77.0,1017.2,1.1,0.0,0,15.0,2,83.316,17.005,36.18,30.131,294.0,321.0,218.0,327.0,2.0,SOFT,True,83.097,16.955,36.021,30.121,294.0,321.0,221.0,327.0,2.0,SOFT,True,,,,,,,,,,,
2025,24,ABU DHABI GRAND PRIX,TSU,Red Bull Racing,25.1,29.0,77.0,1017.2,1.1,0.0,0,10.0,3,83.386,17.032,35.933,30.421,294.0,326.0,222.0,331.0,2.0,SOFT,True,83.034,17.007,35.801,30.226,295.0,324.0,219.0,332.0,2.0,SOFT,True,83.083,16.989,35.914,30.18,294.0,323.0,219.0,329.0,2.0,SOFT,True
2025,24,ABU DHABI GRAND PRIX,VER,Red Bull Racing,25.1,29.0,77.0,1017.2,1.1,0.0,0,1.0,3,82.877,16.911,35.892,30.074,294.0,325.0,222.0,330.0,2.0,SOFT,True,82.752,16.932,35.957,29.863,293.0,326.0,221.0,330.0,5.0,SOFT,False,82.207,16.858,35.71,29.639,295.0,323.0,221.0,330.0,2.0,SOFT,True
