year,Round,Circuit,Driver,Team,AirTemp_C,TrackTemp_C,Humidity_pct,Pressure_hPa,WindSpeed_ms,Rainfall,Wet,GridPosition,IsSprintWeekend,FP1_s_Delta_pct,FP2_s_Delta_pct,FP3_s_Delta_pct
2022,1,4,0,9,19.4,25.4,56.0,1013.7,0.5,0.0,0,14.0,0,0.018366545284681495,0.030445092238078578,0.02511237897648684
2022,1,4,1,0,19.4,25.4,56.0,1013.7,0.5,0.0,0,8.0,0,0.008567515632796516,0.010235381134702274,0.022519017980636272
2022,1,4,5,4,19.4,25.4,56.0,1013.7,0.5,0.0,0,6.0,0,0.013986837370743832,0.011040288896623588,0.012847942600276703
2022,1,4,9,7,19.4,25.4,56.0,1013.7,0.5,0.0,0,10.0,0,0.0,0.01832796728158706,0.017634854771784288
2022,1,4,11,6,19.4,25.4,56.0,1013.7,0.5,0.0,0,5.0,0,0.007962375123416814,0.01313957535676991,0.0062348720608575185
2022,1,4,12,1,19.4,25.4,56.0,1013.7,0.5,0.0,0,17.0,0,0.01721996326690943,0.023113905325443784,0.015419692254495233
2022,1,4,13,9,19.4,25.4,56.0,1013.7,0.5,0.0,0,20.0,0,0.015404541738770478,0.027736686390532513,0.03374610995850628
2022,1,4,15,2,19.4,25.4,56.0,1013.7,0.5,0.0,0,1.0,0,0.0038644060598983397,0.0009463104768533445,0.0010373443983402882
2022,1,4,16,3,19.4,25.4,56.0,1013.7,0.5,0.0,0,7.0,0,0.027719681929655116,0.013563783501566305,0.009649464038727532
2022,1,4,17,3,19.4,25.4,56.0,1013.7,0.5,0.0,0,12.0,0,0.024874459885554166,0.012497824573616282,0.01892072959889355
2022,1,4,18,5,19.4,25.4,56.0,1013.7,0.5,0.0,0,13.0,0,0.02241143184737724,0.014618865297598264,0.015246801521438466
2022,1,4,19,0,19.4,25.4,56.0,1013.7,0.5,0.0,0,11.0,0,0.010170607157644394,0.015489035851026718,0.026074083679114766
2022,1,4,20,8,19.4,25.4,56.0,1013.7,0.5,0.0,0,4.0,0,0.009098340641024273,0.011116428820048634,0.002669000691562931
2022,1,4,22,5,19.4,25.4,56.0,1013.7,0.5,0.0,0,18.0,0,0.023451848863503693,0.024256004176818544,0.019817600276625207
2022,1,4,23,6,19.4,25.4,56.0,1013.7,0.5,0.0,0,9.0,0,0.0046287940717463835,0.006450139227288432,0.0042250172890733635
2022,1,4,24,2,19.4,25.4,56.0,1013.7,0.5,0.0,0,3.0,0,0.004437697068784372,0.006352245040027725,0.005500086445366532
2022,1,4,26,1,19.4,25.4,56.0,1013.7,0.5,0.0,0,19.0,0,0.006592846602189071,0.021993560737904535,0.014868603042876953
2022,1,4,27,7,19.4,25.4,56.0,1013.7,0.5,0.0,0,16.0,0,0.008864777637404139,0.02015532544378692,0.013468990841666749
2022,1,4,28,8,19.4,25.4,56.0,1013.7,0.5,0.0,0,2.0,0,0.005828458590341179,0.0,0.0
2022,1,4,30,4,19.4,25.4,56.0,1013.7,0.5,0.0,0,15.0,0,0.009130190141517941,0.021939175078315304,0.014436376210235117
2022,2,22,0,9,23.4,25.3,59.0,1014.5,3.0,0.0,0,17.0,0,0.025503459216498454,0.01989475320292206,0.018264891068145047
2022,2,22,1,0,23.4,25.3,59.0,1014.5,3.0,0.0,0,7.0,0,0.01772573040144532,0.009658725048293676,0.00625174123809001
2022,2,22,5,4,23.4,25.3,59.0,1014.5,3.0,0.0,0,8.0,0,0.0034371832723747147,0.008415302973110949,0.0032874575137906248
2022,2,22,9,7,23.4,25.3,59.0,1014.5,3.0,0.0,0,9.0,0,0.0060040541136031755,0.00986966272176206,0.004602440519306811
2022,2,22,11,6,23.4,25.3,59.0,1014.5,3.0,0.0,0,16.0,0,0.017538447979553153,0.004873770455403415,0.010831893909845592
2022,2,22,12,1,23.4,25.3,59.0,1014.5,3.0,0.0,0,18.0,0,0.024919578724716878,0.017108155516575227,0.01882208725692324
2022,2,22,13,9,23.4,25.3,59.0,1014.5,3.0,0.0,0,19.0,0,0.030372802185695925,0.019317450096587193,0.02515183596144208
2022,2,22,15,2,23.4,25.3,59.0,1014.5,3.0,0.0,0,2.0,0,0.0,0.0,0.0
2022,2,22,16,3,23.4,25.3,59.0,1014.5,3.0,0.0,0,10.0,0,0.37308861763539414,0.025201500988076428,0.005872847829720856
2022,2,22,17,3,23.4,25.3,59.0,1014.5,3.0,0.0,0,14.0,0,0.04028775393293082,0.012156671181472999,0.01147824148882823
2022,2,22,18,5,23.4,25.3,59.0,1014.5,3.0,0.0,0,11.0,0,0.02007226898162416,0.0073384106401403445,0.019992199253357074
2022,2,22,19,0,23.4,25.3,59.0,1014.5,3.0,0.0,0,5.0,0,0.01381483276781376,0.007615960210493673,0.004502145205326755
2022,2,22,20,8,23.4,25.3,59.0,1014.5,3.0,0.0,0,1.0,0,0.008714140924514132,0.003175167084841368,0.0010921045300050034
2022,2,22,22,5,23.4,25.3,59.0,1014.5,3.0,0.0,0,12.0,0,0.019102807033005712,0.0161311810289318,0.01616983339833964
2022,2,22,23,6,23.4,25.3,59.0,1014.5,3.0,0.0,0,6.0,0,0.022771339179482583,0.006550169860337094,0.013907616871900648
2022,2,22,24,2,23.4,25.3,59.0,1014.5,3.0,0.0,0,3.0,0,0.004043096990261206,0.0027310877722760744,0.0030534351145038267
2022,2,22,26,1,23.4,25.3,59.0,1014.5,3.0,0.0,0,15.0,0,0.01994006962499436,0.014410373692741544,0.01484370646904768
2022,2,22,28,8,23.4,25.3,59.0,1014.5,3.0,0.0,0,4.0,0,0.001277927114088041,0.0015542775939782908,0.0003677494845935393
2022,2,22,30,4,23.4,25.3,59.0,1014.5,3.0,0.0,0,13.0,0,0.020226501564359036,0.017108155516575227,0.013495291692204809
2022,3,1,0,9,23.2,29.1,57.0,1017.4,1.1,0.0,0,16.0,0,0.03693957847780878,0.03714958596064742,0.023269335288243917
2022,3,1,1,0,23.2,29.1,57.0,1017.4,1.1,0.0,0,10.0,0,0.01783073954339275,0.007077920433538602,0.0019970423549932536
2022,3,1,5,4,23.2,29.1,57.0,1017.4,1.1,0.0,0,12.0,0,0.0180562864947498,0.013636708956924872,0.01126180214113264
2022,3,1,9,7,23.2,29.1,57.0,1017.4,1.1,0.0,0,11.0,0,0.02374508182342175,0.014738281546759878,0.01284174071312096
2022,3,1,11,6,23.2,29.1,57.0,1017.4,1.1,0.0,0,5.0,0,0.015299601533719315,0.0195370862771912,0.00984617718063117
2022,3,1,13,9,23.2,29.1,57.0,1017.4,1.1,0.0,0,19.0,0,0.05160013031601646,0.04215097875357705,0.024432170077227304
2022,3,1,15,2,23.2,29.1,57.0,1017.4,1.1,0.0,0,1.0,0,0.0071548505124927695,0.0,0.0016684151320195506
2022,3,1,16,3,23.2,29.1,57.0,1017.4,1.1,0.0,0,17.0,0,0.04235270531037779,0.028020461394312444,0.02411618236282975
2022,3,1,17,3,23.2,29.1,57.0,1017.4,1.1,0.0,0,15.0,0,0.056925544445279884,0.03793461470282876,0.019907226007052702
2022,3,1,18,5,23.2,29.1,57.0,1017.4,1.1,0.0,0,4.0,0,0.013432573991930466,0.014206487882701511,0.0
2022,3,1,19,0,23.2,29.1,57.0,1017.4,1.1,0.0,0,8.0,0,0.015011402651429811,0.010939755374914588,0.01375178533058627
2022,3,1,20,8,23.2,29.1,57.0,1017.4,1.1,0.0,0,3.0,0,0.00743051900859589,0.008609992656182822,0.0018706472692341233
2022,3,1,22,5,23.2,29.1,57.0,1017.4,1.1,0.0,0,7.0,0,0.016903490965591607,0.015510648535035183,0.0072803569397221
2022,3,1,23,6,23.2,29.1,57.0,1017.4,1.1,0.0,0,6.0,0,0.020687667593915198,0.015624604320190546,0.01237407889581252
2022,3,1,24,2,23.2,29.1,57.0,1017.4,1.1,0.0,0,9.0,0,0.0,0.005039378054648261,0.0038171315899236885
2022,3,1,26,1,23.2,29.1,57.0,1017.4,1.1,0.0,0,20.0,0,0.02585018670275421,0.02067664412874484,0.031838922102708535
2022,3,1,27,7,23.2,29.1,57.0,1017.4,1.1,0.0,0,13.0,0,0.018582562714582914,0.018308896148294618,0.012058091181414784
2022,3,1,28,8,23.2,29.1,57.0,1017.4,1.1,0.0,0,2.0,0,0.010274916672931953,0.0031021297070070726,0.008746539934527257
2022,3,1,29,1,23.2,29.1,57.0,1017.4,1.1,0.0,0,18.0,0,0.023243866375961757,0.012284809695372101,0.19496441978335877
2022,3,1,30,4,23.2,29.1,57.0,1017.4,1.1,0.0,0,14.0,0,0.02524872816580208,0.026399756894325103,0.021727315241983316
2022,4,11,0,9,12.5,14.4,84.0,997.7,1.8,0.0,0,20.0,1,0.07895796514619356,0.014271870319795618,0.025413861185642633
2022,4,11,1,0,12.5,14.4,84.0,997.7,1.8,0.0,0,5.0,1,0.04203485380640249,0.009023748694262469,0.020591808839163613
2022,4,11,5,4,12.5,14.4,84.0,997.7,1.8,0.0,0,8.0,1,0.058309657502069234,0.012284809695372101,0.015276160583202471
2022,4,11,9,7,12.5,14.4,84.0,997.7,1.8,0.0,0,17.0,1,0.0637793337956645,0.012358885938306247,0.020085556624310275
2022,4,11,11,6,12.5,14.4,84.0,997.7,1.8,0.0,0,13.0,1,0.07899152144247329,0.006733201605900183,0.02089556016807569
2022,4,11,13,9,12.5,14.4,84.0,997.7,1.8,0.0,0,18.0,1,0.1151652088320171,0.022729274953748716,0.030691540525489763
2022,4,11,15,2,12.5,14.4,84.0,997.7,1.8,0.0,0,2.0,1,0.0,0.0035616748681677043,0.0004050017718827074
2022,4,11,16,3,12.5,14.4,84.0,997.7,1.8,0.0,0,4.0,1,0.03397015726717514,0.0161470984305977,0.01955399179871414
2022,4,11,17,3,12.5,14.4,84.0,997.7,1.8,0.0,0,12.0,1,0.04011095948636494,0.01912984381489372,0.019680554852427385
2022,4,11,18,5,12.5,14.4,84.0,997.7,1.8,0.0,0,3.0,1,0.06823113576877468,0.05492278842644455,0.012884118868020057
2022,4,11,19,0,12.5,14.4,84.0,997.7,1.8,0.0,0,19.0,1,0.06731393033712893,0.021672099374504556,0.02509745355135934
2022,4,11,20,8,12.5,14.4,84.0,997.7,1.8,0.0,0,7.0,1,0.04037940985660275,0.0010194193085568681,0.0
2022,4,11,22,5,12.5,14.4,84.0,997.7,1.8,0.0,0,6.0,1,0.06960694391624347,0.012284809695372101,0.016655697868678206
2022,4,11,23,6,12.5,14.4,84.0,997.7,1.8,0.0,0,11.0,1,0.05436119997315496,0.0,0.02207259656760998
2022,4,11,24,2,12.5,14.4,84.0,997.7,1.8,0.0,0,10.0,1,0.009809623945772974,0.01008092427350645,0.0030248569837493587
2022,4,11,26,1,12.5,14.4,84.0,997.7,1.8,0.0,0,15.0,1,0.07417060021028613,0.021294536667631644,0.024502607198906404
2022,4,11,27,7,12.5,14.4,84.0,997.7,1.8,0.0,0,16.0,1,0.04707948368045461,0.011628931371685398,0.02400901128942446
2022,4,11,28,8,12.5,14.4,84.0,997.7,1.8,0.0,0,1.0,1,0.01638665801659922,0.011503077136061034,0.0017971953627296602
2022,4,11,29,1,12.5,14.4,84.0,997.7,1.8,0.0,0,9.0,1,0.044327867385517035,0.021370049209006224,0.025717612514554705
2022,4,11,30,4,12.5,14.4,84.0,997.7,1.8,0.0,0,14.0,1,0.09002035748640971,0.013101425928489762,0.013468990841666749
2022,5,20,0,9,33.2,50.8,40.0,1008.5,1.6,0.0,0,18.0,0,0.008298755186721993,0.01970246169583481,0.013255226789511016
2022,5,20,1,0,33.2,50.8,40.0,1008.5,1.6,0.0,0,11.0,0,0.0196052602691607,0.004825546487580305,0.008105953224663351
2022,5,20,5,4,33.2,50.8,40.0,1008.5,1.6,0.0,0,5.0,0,0.029363981646139292,0.012284809695372101,0.01750753012048196
2022,5,20,9,7,33.2,50.8,40.0,1008.5,1.6,0.0,0,7.0,0,0.004390875760170428,0.0067713313616046015,0.017684709425938985
2022,5,20,11,6,33.2,50.8,40.0,1008.5,1.6,0.0,0,6.0,0,0.00941842850556548,0.0026796237407992135,0.017562898653437263
2022,5,20,13,9,33.2,50.8,40.0,1008.5,1.6,0.0,0,19.0,0,0.049825462688533245,0.03307834285841351,0.02294472005669741
2022,5,20,15,2,33.2,50.8,40.0,1008.5,1.6,0.0,0,1.0,0,0.0,0.0011785896951232464,0.0021482990786676403
2022,5,20,16,3,33.2,50.8,40.0,1008.5,1.6,0.0,0,16.0,0,0.016037673714022246,0.010929751606662413,0.01022103118355778
2022,5,20,17,3,33.2,50.8,40.0,1008.5,1.6,0.0,0,15.0,0,0.04222924762343843,0.018334852898663535,0.008260985116938287
2022,5,20,18,5,33.2,50.8,40.0,1008.5,1.6,0.0,0,8.0,0,0.01665239632044607,0.006637906113100071,0.014285081502480422
2022,5,20,20,8,33.2,50.8,40.0,1008.5,1.6,0.0,0,4.0,0,0.002228369448286493,0.002357179390246651,0.0
2022,5,20,22,5,33.2,50.8,40.0,1008.5,1.6,0.0,0,14.0,0,0.016399920964236314,0.01412083880006222,0.01576895818568383
2022,5,20,23,6,33.2,50.8,40.0,1008.5,1.6,0.0,0,12.0,0,0.0007793804474302175,0.0,0.017939404677533716
2022,5,20,24,2,33.2,50.8,40.0,1008.5,1.6,0.0,0,2.0,0,0.004720191442183218,0.011407858747136875,0.009611977321048846
2022,5,20,26,1,33.2,50.8,40.0,1008.5,1.6,0.0,0,10.0,0,0.027201475334255355,0.01882407880984676,0.015071314670446537
2022,5,20,27,7,33.2,50.8,40.0,1008.5,1.6,0.0,0,9.0,0,0.032327822784254404,0.014699014876915238,0.015004872430900115
2022,5,20,28,8,33.2,50.8,40.0,1008.5,1.6,0.0,0,3.0,0,0.001964916902676261,0.012284809695372101,0.0038204287739191938
2022,5,20,29,1,33.2,50.8,40.0,1008.5,1.6,0.0,0,13.0,0,0.021142066785220334,0.01617781138117368,0.00824991141034732
2022,5,20,30,4,33.2,50.8,40.0,1008.5,1.6,0.0,0,17.0,0,0.021098158027618576,0.010251506593430998,0.019345765414599574
2022,6,9,0,9,34.7,47.2,18.0,1003.4,3.0,0.0,0,19.0,0,0.013986837370743832,0.03324965482615791,0.022564308278593955
2022,6,9,1,0,34.7,47.2,18.0,1003.4,3.0,0.0,0,17.0,0,0.011775316931402487,0.006690096648675804,0.015155693727122159
2022,6,9,5,4,34.7,47.2,18.0,1003.4,3.0,0.0,0,7.0,0,0.03490003507541215,0.02708673277268735,0.012648548362834081
2022,6,9,9,7,34.7,47.2,18.0,1003.4,3.0,0.0,0,14.0,0,0.01996793105176121,0.01565206476716455,0.013468990841666749
2022,6,9,11,6,34.7,47.2,18.0,1003.4,3.0,0.0,0,6.0,0,0.012313975046349703,0.0025605623195681373,0.0028832171689313264
2022,6,9,13,9,34.7,47.2,18.0,1003.4,3.0,0.0,0,20.0,0,0.03987322743899374,0.0442701142211623,0.0331820688963545
2022,6,9,15,2,34.7,47.2,18.0,1003.4,3.0,0.0,0,1.0,0,0.0,0.0,0.0
2022,6,9,16,3,34.7,47.2,18.0,1003.4,3.0,0.0,0,8.0,0,0.028323395299894718,0.016857035270490817,0.010956225241939467
2022,6,9,17,3,34.7,47.2,18.0,1003.4,3.0,0.0,0,10.0,0,0.029037430475522347,0.013643780594954228,0.07139096424810701
2022,6,9,18,5,34.7,47.2,18.0,1003.4,3.0,0.0,0,11.0,0,0.01817657964623933,0.046667503451738465,0.00791004362432934
2022,6,9,19,0,34.7,47.2,18.0,1003.4,3.0,0.0,0,12.0,0,0.025843062584556827,0.013493159282038444,0.013914656771799622
2022,6,9,20,8,34.7,47.2,18.0,1003.4,3.0,0.0,0,5.0,0,0.013986837370743832,0.012074808585414877,0.006117434688863254
2022,6,9,22,5,34.7,47.2,18.0,1003.4,3.0,0.0,0,9.0,0,0.0239139149170716,0.021526295970879922,0.014265657122799867
2022,6,9,23,6,34.7,47.2,18.0,1003.4,3.0,0.0,0,4.0,0,0.009545522874179492,0.0014685578009288871,0.0018552875695732353
2022,6,9,24,2,34.7,47.2,18.0,1003.4,3.0,0.0,0,3.0,0,0.00098962769955396,0.00401656834442065,0.0044752544752544665
2022,6,9,26,1,34.7,47.2,18.0,1003.4,3.0,0.0,0,18.0,0,0.026206343638823452,0.019819254424500984,0.021912450483878933
2022,6,9,27,7,34.7,47.2,18.0,1003.4,3.0,0.0,0,13.0,0,0.024878488750814123,0.020271118363248335,0.02102241387955664
2022,6,9,28,8,34.7,47.2,18.0,1003.4,3.0,0.0,0,2.0,0,0.004209049456331093,0.004217396761641754,0.0009025723311436157
2022,6,9,29,1,34.7,47.2,18.0,1003.4,3.0,0.0,0,16.0,0,0.029262915267825807,0.012965984686833203,0.01469187183472894
2022,6,9,30,4,34.7,47.2,18.0,1003.4,3.0,0.0,0,15.0,0,0.013986837370743832,0.02756370026358727,0.01791355362783919
2022,7,14,0,9,26.6,47.8,45.0,1003.5,0.8,0.0,0,16.0,0,0.021185815298332147,0.02518718343977095,0.019399525360119293
2022,7,14,1,0,26.6,47.8,45.0,1003.5,0.8,0.0,0,7.0,0,0.016342193181360633,0.017286941202378333,0.015301617087035636
2022,7,14,5,4,26.6,47.8,45.0,1003.5,0.8,0.0,0,12.0,0,0.3942118044840402,0.024939440651838767,0.018944202218665555
2022,7,14,9,7,26.6,47.8,45.0,1003.5,0.8,0.0,0,17.0,0,0.007406314151158477,0.013488218454084861,0.010127490479606968
2022,7,14,11,6,26.6,47.8,45.0,1003.5,0.8,0.0,0,8.0,0,0.012987884236089537,0.02217297951992939,0.012404106186875668
2022,7,14,13,9,26.6,47.8,45.0,1003.5,0.8,0.0,0,19.0,0,0.04270706149119148,0.04982382735080365,0.03358353109995029
2022,7,14,15,2,26.6,47.8,45.0,1003.5,0.8,0.0,0,1.0,0,0.0,0.0,0.0005657045090788236
2022,7,14,16,3,26.6,47.8,45.0,1003.5,0.8,0.0,0,13.0,0,0.01710697562088247,0.021787601849812793,0.013245764115017496
2022,7,14,17,3,26.6,47.8,45.0,1003.5,0.8,0.0,0,15.0,0,0.05507775288135124,0.030802686632900235,0.01864065345769633
2022,7,14,18,5,26.6,47.8,45.0,1003.5,0.8,0.0,0,5.0,0,0.007044048785069185,0.008781105483373582,0.010348253214857332
2022,7,14,19,0,26.6,47.8,45.0,1003.5,0.8,0.0,0,10.0,0,0.023936348633454424,0.03523452983924229,0.02461504498040739
2022,7,14,20,8,26.6,47.8,45.0,1003.5,0.8,0.0,0,3.0,0,0.00052327219546212,0.005216362034793969,0.0
2022,7,14,22,5,26.6,47.8,45.0,1003.5,0.8,0.0,0,14.0,0,0.008399189598958695,0.44100968949570557,0.022462608311716984
2022,7,14,23,6,26.6,47.8,45.0,1003.5,0.8,0.0,0,6.0,0,0.00912372033113728,0.010322616163840562,0.01379767095314311
2022,7,14,24,2,26.6,47.8,45.0,1003.5,0.8,0.0,0,2.0,0,0.0009392065046758151,0.0006055934816119375,0.005105138252663013
2022,7,14,26,1,26.6,47.8,45.0,1003.5,0.8,0.0,0,18.0,0,0.013524573667332996,0.027072781325699166,0.0298443622716485
2022,7,14,27,7,26.6,47.8,45.0,1003.5,0.8,0.0,0,11.0,0,0.013484321959989741,0.020342435586875058,0.016129477344224253
2022,7,14,28,8,26.6,47.8,45.0,1003.5,0.8,0.0,0,4.0,0,0.0024285196763762376,0.006152279233648817,0.005588056736022975
2022,7,14,29,1,26.6,47.8,45.0,1003.5,0.8,0.0,0,9.0,0,0.011485153828608156,0.019310173970490965,0.018792427838180845
2022,7,14,30,4,26.6,47.8,45.0,1003.5,0.8,0.0,0,20.0,0,0.025304906683125083,0.02572395948029068,0.03290744522324639
2022,8,14,0,9,24.9,34.6,69.0,1015.5,0.8,0.0,0,17.0,0,0.027902081990215762,0.03073897543207008,0.0223805369778036
2022,8,14,1,0,24.9,34.6,69.0,1015.5,0.8,0.0,0,10.0,0,0.010381508589631754,0.008893280632410992,0.016206261510128883
2022,8,14,5,4,24.9,34.6,69.0,1015.5,0.8,0.0,0,15.0,0,0.02466911904129853,0.018319383089203976,0.023301347290879095
2022,8,14,9,7,24.9,34.6,69.0,1015.5,0.8,0.0,0,6.0,0,0.012837043498046942,0.010569247461830524,0.012804109721818339
2022,8,14,11,6,24.9,34.6,69.0,1015.5,0.8,0.0,0,7.0,0,0.011291668246804984,0.015984654731457718,0.016235339730541795
2022,8,14,13,9,24.9,34.6,69.0,1015.5,0.8,0.0,0,18.0,0,0.051623118055292266,0.03869255211966209,0.028108946399146954
2022,8,14,15,2,24.9,34.6,69.0,1015.5,0.8,0.0,0,1.0,0,0.001204065379801996,0.0,0.0006784918096345176
2022,8,14,16,3,24.9,34.6,69.0,1015.5,0.8,0.0,0,16.0,0,0.02341764951268534,0.022901650778888533,0.01695260250072691
2022,8,14,17,3,24.9,34.6,69.0,1015.5,0.8,0.0,0,20.0,0,0.12188554742311042,0.031010230179028066,0.02289425220509833
2022,8,14,18,5,24.9,34.6,69.0,1015.5,0.8,0.0,0,11.0,0,0.02100003792331908,0.014986824769433436,0.012096539691770908
2022,8,14,19,0,24.9,34.6,69.0,1015.5,0.8,0.0,0,13.0,0,0.013661875687360181,0.013417422304890247,0.014684501308519924
2022,8,14,20,8,24.9,34.6,69.0,1015.5,0.8,0.0,0,2.0,0,0.0,0.002402542044485686,0.0
2022,8,14,22,5,24.9,34.6,69.0,1015.5,0.8,0.0,0,12.0,0,0.031609086427244144,0.017776873595287856,0.012658718619753779
2022,8,14,23,6,24.9,34.6,69.0,1015.5,0.8,0.0,0,5.0,0,0.011651939777769344,0.012826474463303088,0.013598914413104502
2022,8,14,24,2,24.9,34.6,69.0,1015.5,0.8,0.0,0,4.0,0,0.005081724752550356,0.010172053010927664,0.004129107298633342
2022,8,14,26,1,24.9,34.6,69.0,1015.5,0.8,0.0,0,19.0,0,0.022479047366225444,0.015984654731457718,0.01656489289522151
2022,8,14,27,7,24.9,34.6,69.0,1015.5,0.8,0.0,0,8.0,0,0.011566612309909352,0.013010540184453124,0.017388775806920588
2022,8,14,28,8,24.9,34.6,69.0,1015.5,0.8,0.0,0,3.0,0,0.003166597140581774,0.003448810354181145,0.0027042744984006628
2022,8,14,29,1,24.9,34.6,69.0,1015.5,0.8,0.0,0,9.0,0,0.023645189426978647,0.015083701464775653,0.014723272269070381
2022,8,14,30,4,24.9,34.6,69.0,1015.5,0.8,0.0,0,14.0,0,0.02603435852705824,0.019762845849802292,0.016894446059901085
2022,9,15,0,9,13.3,18.2,81.0,1007.0,1.7,1.0,1,12.0,0,0.015301099018068677,0.027574298163962,0.02051451468519542
2022,9,15,1,0,13.3,18.2,81.0,1007.0,1.7,1.0,1,2.0,0,0.004962878203251878,0.005611990232978686,0.0
2022,9,15,5,4,13.3,18.2,81.0,1007.0,1.7,1.0,1,11.0,0,0.016871124830357388,0.012284809695372101,0.012575131079756243
2022,9,15,9,7,13.3,18.2,81.0,1007.0,1.7,1.0,1,16.0,0,0.013398440618430573,0.010144751574999793,0.000564815209514443
2022,9,15,11,6,13.3,18.2,81.0,1007.0,1.7,1.0,1,4.0,0,0.00956651321216629,0.017456527311236272,0.01977918922375202
2022,9,15,13,9,13.3,18.2,81.0,1007.0,1.7,1.0,1,19.0,0,0.027714947177945107,0.03213404022825698,0.048574108018244674
2022,9,15,15,2,13.3,18.2,81.0,1007.0,1.7,1.0,1,15.0,0,0.006759094174938071,0.00109271925209442,0.4720256617929152
2022,9,15,16,3,13.3,18.2,81.0,1007.0,1.7,1.0,1,5.0,0,0.03189281247505263,0.0185087754799196,0.019257001577219855
2022,9,15,17,3,13.3,18.2,81.0,1007.0,1.7,1.0,1,6.0,0,0.02747545171505359,0.018738111619248182,0.03785327592821525
2022,9,15,18,5,13.3,18.2,81.0,1007.0,1.7,1.0,1,14.0,0,0.014010484579153213,0.01160171057779216,0.004390638987169169
2022,9,15,19,0,13.3,18.2,81.0,1007.0,1.7,1.0,1,7.0,0,0.016804598312887588,0.013382438247871956,0.0017797007545078817
2022,9,15,20,8,13.3,18.2,81.0,1007.0,1.7,1.0,1,13.0,0,0.006133744910721394,0.014029975582446428,0.007054861673558188
2022,9,15,22,5,13.3,18.2,81.0,1007.0,1.7,1.0,1,9.0,0,0.012307405731924707,0.01222226719009276,0.0029199880642823747
2022,9,15,23,6,13.3,18.2,81.0,1007.0,1.7,1.0,1,8.0,0,0.00883472151999789,0.011385864799600798,0.00450786478537024
2022,9,15,24,2,13.3,18.2,81.0,1007.0,1.7,1.0,1,3.0,0,0.0032731046595172184,0.0030353312558178335,0.010038791082313902
2022,9,15,26,1,13.3,18.2,81.0,1007.0,1.7,1.0,1,18.0,0,0.00956651321216629,0.017119268282812006,0.01806342981371763
2022,9,15,27,7,13.3,18.2,81.0,1007.0,1.7,1.0,1,20.0,0,0.015487373266984239,0.019426120037233367,0.025842960057973454
2022,9,15,28,8,13.3,18.2,81.0,1007.0,1.7,1.0,1,1.0,0,0.0,0.0,0.008312374781533752
2022,9,15,29,1,13.3,18.2,81.0,1007.0,1.7,1.0,1,17.0,0,0.011748582985177832,0.0042494637581447755,0.0005861289910056569
2022,9,15,30,4,13.3,18.2,81.0,1007.0,1.7,1.0,1,10.0,0,0.026530775166981557,0.018873015230617737,0.014674538556630668
2022,10,6,0,9,14.4,20.3,89.0,999.7,2.7,1.0,1,16.0,0,0.013986837370743832,0.014852375705516093,0.02137632108849734
2022,10,6,1,0,14.4,20.3,89.0,999.7,2.7,1.0,1,7.0,0,0.013986837370743832,0.008466191450608264,0.018418448026757375
2022,10,6,5,4,14.4,20.3,89.0,999.7,2.7,1.0,1,12.0,0,0.0,0.011895392502979548,0.014607342351054096
2022,10,6,9,7,14.4,20.3,89.0,999.7,2.7,1.0,1,11.0,0,0.013986837370743832,0.017629466393829823,0.0225708467480462
2022,10,6,11,6,14.4,20.3,89.0,999.7,2.7,1.0,1,5.0,0,0.005202984870267785,0.0018326549886444078,0.006677967258620531
2022,10,6,13,9,14.4,20.3,89.0,999.7,2.7,1.0,1,10.0,0,0.013986837370743832,0.02680398461919004,0.029442213399165064
2022,10,6,15,2,14.4,20.3,89.0,999.7,2.7,1.0,1,3.0,0,0.015178632553863675,0.005194396348181998,0.005085266379222111
2022,10,6,16,3,14.4,20.3,89.0,999.7,2.7,1.0,1,17.0,0,0.05781963637786195,0.01729216792966215,0.029829012184161726
2022,10,6,17,3,14.4,20.3,89.0,999.7,2.7,1.0,1,19.0,0,0.01609795694823422,0.018742551325582984,0.018304683678229017
2022,10,6,18,5,14.4,20.3,89.0,999.7,2.7,1.0,1,6.0,0,0.02042073761112586,0.001978817656450293,0.01366309825826791
2022,10,6,19,0,14.4,20.3,89.0,999.7,2.7,1.0,1,15.0,0,0.013986837370743832,0.014571293652042978,0.01878249394204856
2022,10,6,20,8,14.4,20.3,89.0,999.7,2.7,1.0,1,4.0,0,0.013986837370743832,0.009118301814665818,0.004664338289666907
2022,10,6,22,5,14.4,20.3,89.0,999.7,2.7,1.0,1,14.0,0,0.13349763811871027,0.010793550853365204,0.027212432168007308
2022,10,6,23,6,14.4,20.3,89.0,999.7,2.7,1.0,1,8.0,0,0.013986837370743832,0.009635492793056302,0.005972628297744118
2022,10,6,24,2,14.4,20.3,89.0,999.7,2.7,1.0,1,1.0,0,0.007022073565511678,0.0,0.008964630664042465
2022,10,6,26,1,14.4,20.3,89.0,999.7,2.7,1.0,1,20.0,0,0.08796174045711938,0.011243282138921996,0.022650481792016015
2022,10,6,27,7,14.4,20.3,89.0,999.7,2.7,1.0,1,13.0,0,0.07553130103961896,0.015695621865935115,0.024322817715384415
2022,10,6,28,8,14.4,20.3,89.0,999.7,2.7,1.0,1,2.0,0,0.013986837370743832,0.0023273594027569413,0.0
2022,10,6,29,1,14.4,20.3,89.0,999.7,2.7,1.0,1,18.0,0,0.13659791293802384,0.012536259584898127,0.019248927771015202
2022,10,6,30,4,14.4,20.3,89.0,999.7,2.7,1.0,1,9.0,0,0.038357343348101314,0.014942321962627418,0.021057780912617594
2022,11,2,0,9,19.1,36.2,34.0,946.4,1.3,0.0,0,11.0,1,0.01930560164097594,0.01646990234659664,0.029946868459185413
2022,11,2,1,0,19.1,36.2,34.0,946.4,1.3,0.0,0,8.0,1,0.012035836023045874,0.0032356799300392682,0.013468990841666749
2022,11,2,5,4,19.1,36.2,34.0,946.4,1.3,0.0,0,12.0,1,0.018400651564055365,0.009342661419618209,0.019803574303654932
2022,11,2,9,7,19.1,36.2,34.0,946.4,1.3,0.0,0,10.0,1,0.019456426653796145,0.014123305640577089,0.03056161355952062
2022,11,2,11,6,19.1,36.2,34.0,946.4,1.3,0.0,0,9.0,1,0.009155078278181643,0.01078559976679777,0.01749096178334637
2022,11,2,13,9,19.1,36.2,34.0,946.4,1.3,0.0,0,19.0,1,0.0278573798678772,0.024063547587815134,0.02873201504661829
2022,11,2,15,2,19.1,36.2,34.0,946.4,1.3,0.0,0,2.0,1,0.003846037826913146,0.0007287567409998128,0.0
2022,11,2,16,3,19.1,36.2,34.0,946.4,1.3,0.0,0,6.0,1,0.00999969834997431,0.01967643200699598,0.013334113962032192
2022,11,2,17,3,19.1,36.2,34.0,946.4,1.3,0.0,0,7.0,1,0.014237881210219726,0.015886896953796872,0.0166273912852563
2022,11,2,18,5,19.1,36.2,34.0,946.4,1.3,0.0,0,15.0,1,0.054493077131911545,0.013248797551377438,0.023243219507911302
2022,11,2,19,0,19.1,36.2,34.0,946.4,1.3,0.0,0,5.0,1,0.017495701487134575,0.0034688820871592997,0.015558905753721439
2022,11,2,20,8,19.1,36.2,34.0,946.4,1.3,0.0,0,13.0,1,0.008099303188440649,0.00829325171257838,0.011182506110858971
2022,11,2,22,5,19.1,36.2,34.0,946.4,1.3,0.0,0,16.0,1,0.02173388434737999,0.018102317446436443,0.024516620072891165
2022,11,2,23,6,19.1,36.2,34.0,946.4,1.3,0.0,0,4.0,1,0.006033000512804914,0.009182334936598098,0.009631006571917877
2022,11,2,24,2,19.1,36.2,34.0,946.4,1.3,0.0,0,3.0,1,0.011115803444843213,0.0,0.0012880373530833576
2022,11,2,26,1,19.1,36.2,34.0,946.4,1.3,0.0,0,17.0,1,0.017028143947392094,0.013336248360297424,0.028893019715753632
2022,11,2,27,7,19.1,36.2,34.0,946.4,1.3,0.0,0,14.0,1,0.014992006274320529,0.020332313073895877,0.028483189648863424
2022,11,2,28,8,19.1,36.2,34.0,946.4,1.3,0.0,0,1.0,1,0.0,0.002448622649759603,0.0019613296058313013
2022,11,2,29,1,19.1,36.2,34.0,946.4,1.3,0.0,0,20.0,1,0.017706856505082687,0.014458533741437173,0.029215029054024313
2022,11,2,30,4,19.1,36.2,34.0,946.4,1.3,0.0,0,18.0,1,0.023935929534553844,0.015376767235097025,0.026990237262335275
2022,12,13,0,9,30.6,54.8,45.0,967.7,1.8,0.0,0,15.0,0,0.015798999254764128,0.02297707696131945,0.013937055661522469
2022,12,13,1,0,30.6,54.8,45.0,967.7,1.8,0.0,0,7.0,0,0.020706909400617406,0.01871886044073621,0.013362666897867064
2022,12,13,5,4,30.6,54.8,45.0,967.7,1.8,0.0,0,13.0,0,0.013986837370743832,0.018772898721454222,0.017340038148083863
2022,12,13,9,7,30.6,54.8,45.0,967.7,1.8,0.0,0,16.0,0,0.01116789098264657,0.014903757822041187,0.017307525576556206
2022,12,13,11,6,30.6,54.8,45.0,967.7,1.8,0.0,0,4.0,0,0.013986837370743832,0.010699579582175957,0.010653285937228951
2022,12,13,13,9,30.6,54.8,45.0,967.7,1.8,0.0,0,20.0,0,0.03314170126690088,0.031180087974321063,0.017004074908964672
2022,12,13,15,2,30.6,54.8,45.0,967.7,1.8,0.0,0,1.0,0,0.0,0.0010915732705048158,0.006903502687705917
2022,12,13,16,3,30.6,54.8,45.0,967.7,1.8,0.0,0,10.0,0,0.023144895134674676,0.01514152625720056,0.01906320443904977
2022,12,13,17,3,30.6,54.8,45.0,967.7,1.8,0.0,0,19.0,0,0.022271904609815804,0.02883482659115709,0.021133171492977162
2022,12,13,18,5,30.6,54.8,45.0,967.7,1.8,0.0,0,5.0,0,0.01386138613861378,0.011672268635101088,0.015140020808045683
2022,12,13,19,0,30.6,54.8,45.0,967.7,1.8,0.0,0,12.0,0,0.020206536782710487,0.023052730554324635,0.020049419108721975
2022,12,13,20,8,30.6,54.8,45.0,967.7,1.8,0.0,0,3.0,0,0.013243905035664853,0.016568136868157415,0.011065111843246062
2022,12,13,22,5,30.6,54.8,45.0,967.7,1.8,0.0,0,11.0,0,0.01841797082934089,0.015746755001242813,0.016429686145309423
2022,12,13,23,6,30.6,54.8,45.0,967.7,1.8,0.0,0,6.0,0,0.010124560843181021,0.008257049293719626,0.0119646263221779
2022,12,13,24,2,30.6,54.8,45.0,967.7,1.8,0.0,0,9.0,0,0.003598424358564823,0.0,0.00383648344026356
2022,12,13,26,1,30.6,54.8,45.0,967.7,1.8,0.0,0,17.0,0,0.02001490471627803,0.022350232904989872,0.020645482920062436
2022,12,13,27,7,30.6,54.8,45.0,967.7,1.8,0.0,0,8.0,0,0.023389758330671653,0.021755811817091283,0.01602869776313507
2022,12,13,28,8,30.6,54.8,45.0,967.7,1.8,0.0,0,2.0,0,0.0009688065580750982,0.005944210878986643,0.0
2022,12,13,29,1,30.6,54.8,45.0,967.7,1.8,0.0,0,14.0,0,0.020451399978707464,0.02045889307985778,0.02453615397953871
2022,12,13,30,4,30.6,54.8,45.0,967.7,1.8,0.0,0,18.0,0,0.018588310443947566,0.02298788461746296,0.017762701577943425
2022,13,17,0,9,22.2,30.3,70.0,984.4,3.0,0.0,0,17.0,0,0.026463492063492106,0.02766269360698581,0.00887859676783599
2022,13,17,1,0,22.2,30.3,70.0,984.4,3.0,0.0,0,6.0,0,0.0206603174603174,0.007699662183695754,0.020595191170673918
2022,13,17,5,4,22.2,30.3,70.0,984.4,3.0,0.0,0,8.0,0,0.013986837370743832,0.0123143603798841,0.04385100512416242
2022,13,17,9,7,22.2,30.3,70.0,984.4,3.0,0.0,0,19.0,0,0.021663492063492103,0.01638090381796177,0.045437524635396034
2022,13,17,11,6,22.2,30.3,70.0,984.4,3.0,0.0,0,7.0,0,0.012190476190476111,0.014048059149722786,0.03303113914071728
2022,13,17,13,9,22.2,30.3,70.0,984.4,3.0,0.0,0,20.0,0,0.03381587301587297,0.026043724902798222,0.0
2022,13,17,15,2,22.2,30.3,70.0,984.4,3.0,0.0,0,3.0,0,0.0036698412698412887,0.0,0.006513598738667731
2022,13,17,16,3,22.2,30.3,70.0,984.4,3.0,0.0,0,13.0,0,0.02756825396825405,0.017502708904327934,0.031286953094205726
2022,13,17,17,3,22.2,30.3,70.0,984.4,3.0,0.0,0,15.0,0,0.028914285714285726,0.01963158901140935,0.03622388648009462
2022,13,17,18,5,22.2,30.3,70.0,984.4,3.0,0.0,0,4.0,0,0.006971428571428655,0.002766269360698744,0.022299960583366092
2022,13,17,19,0,22.2,30.3,70.0,984.4,3.0,0.0,0,5.0,0,0.02029206349206348,0.014902160749569906,0.040303508080409826
2022,13,17,20,8,22.2,30.3,70.0,984.4,3.0,0.0,0,11.0,0,0.011073015873015872,0.012135891388871342,0.06661411115490729
2022,13,17,22,5,22.2,30.3,70.0,984.4,3.0,0.0,0,9.0,0,0.013853968253968178,0.005443304225890838,0.040835632636972714
2022,13,17,23,6,22.2,30.3,70.0,984.4,3.0,0.0,0,1.0,0,0.010869841269841201,0.011600484415832888,0.019255025620811918
2022,13,17,24,2,22.2,30.3,70.0,984.4,3.0,0.0,0,2.0,0,0.0,0.002944738351711502,0.02078242018131646
2022,13,17,26,1,22.2,30.3,70.0,984.4,3.0,0.0,0,14.0,0,0.02113015873015875,0.01602396583593607,0.04097359085534096
2022,13,17,27,7,22.2,30.3,70.0,984.4,3.0,0.0,0,16.0,0,0.024698412698412612,0.02646440181018558,0.043062672447772864
2022,13,17,28,8,22.2,30.3,70.0,984.4,3.0,0.0,0,10.0,0,0.001650793650793593,0.0036076231754732777,0.016998423334647163
2022,13,17,29,1,22.2,30.3,70.0,984.4,3.0,0.0,0,18.0,0,0.02073650793650788,0.010300210338453783,0.026586519511233673
2022,13,17,30,4,22.2,30.3,70.0,984.4,3.0,0.0,0,12.0,0,0.026158730158730187,0.014787430683918808,0.04149586125344894
2022,14,5,0,9,15.1,20.7,85.0,969.0,1.2,0.0,0,9.0,0,0.012174059959826513,0.019079302795075123,0.017030472074404803
2022,14,5,1,0,15.1,20.7,85.0,969.0,1.2,0.0,0,6.0,0,0.029341643357299788,0.013913768754679682,0.00965282207012109
2022,14,5,5,4,15.1,20.7,85.0,969.0,1.2,0.0,0,20.0,0,0.14584467513938687,0.027600064450699877,0.017458851752072912
2022,14,5,9,7,15.1,20.7,85.0,969.0,1.2,0.0,0,12.0,0,0.013986837370743832,0.021562550352109258,0.014821936847315984
2022,14,5,11,6,15.1,20.7,85.0,969.0,1.2,0.0,0,7.0,0,0.017665058476787673,0.013136569137592724,0.016392662332099045
2022,14,5,13,9,15.1,20.7,85.0,969.0,1.2,0.0,0,17.0,0,0.01827516942311666,0.029429326964087593,0.01679248336458928
2022,14,5,15,2,15.1,20.7,85.0,969.0,1.2,0.0,0,4.0,0,0.0006476562353338961,0.008170074023524456,0.010214475425285896
2022,14,5,16,3,15.1,20.7,85.0,969.0,1.2,0.0,0,18.0,0,0.04171281608440183,0.025600197143317443,0.018420326139727952
2022,14,5,17,3,15.1,20.7,85.0,969.0,1.2,0.0,0,15.0,0,0.04431282734798855,0.042025647587363844,0.07089207687987285
2022,14,5,18,5,15.1,20.7,85.0,969.0,1.2,0.0,0,10.0,0,0.027520696840563953,0.010255243727904248,0.008738945424429125
2022,14,5,19,0,15.1,20.7,85.0,969.0,1.2,0.0,0,5.0,0,0.035452139142841066,0.023097993498061718,0.014793378202138111
2022,14,5,20,8,15.1,20.7,85.0,969.0,1.2,0.0,0,3.0,0,0.01817191987835333,0.017430123119792987,0.0
2022,14,5,22,5,15.1,20.7,85.0,969.0,1.2,0.0,0,11.0,0,0.01448309523362562,0.016567621105708533,0.015221757879806218
2022,14,5,23,6,15.1,20.7,85.0,969.0,1.2,0.0,0,8.0,0,0.008053464491542962,0.01454879771010451,0.009748017554047245
2022,14,5,24,2,15.1,20.7,85.0,969.0,1.2,0.0,0,2.0,0,0.0,0.010823926374553308,0.007396689101069056
2022,14,5,26,1,15.1,20.7,85.0,969.0,1.2,0.0,0,14.0,0,0.00843830370384277,0.010691233757001905,0.018353689300979536
2022,14,5,27,7,15.1,20.7,85.0,969.0,1.2,0.0,0,19.0,0,0.01663256302915397,0.020387272882367958,0.018924862204537013
2022,14,5,28,8,15.1,20.7,85.0,969.0,1.2,0.0,0,1.0,0,0.002036831928513758,0.0,0.0013041781297895272
2022,14,5,29,1,15.1,20.7,85.0,969.0,1.2,0.0,0,16.0,0,0.03074020537273091,0.022368184101528802,0.010652374651346538
2022,14,5,30,4,15.1,20.7,85.0,969.0,1.2,0.0,0,13.0,0,0.020030411684093943,0.01999867307382448,0.01943891781773874
2022,15,8,0,9,27.0,39.05,30.0,1010.0,1.2,0.0,0,15.0,0,0.02219308536332902,0.020623401755477288,0.01595655572928301
2022,15,8,1,0,27.0,39.05,30.0,1010.0,1.2,0.0,0,13.0,0,0.01625836726243872,0.0069527956320409165,0.009702367656913015
2022,15,8,5,4,27.0,39.05,30.0,1010.0,1.2,0.0,0,16.0,0,0.03091574080463729,0.025184878015066733,0.024109336609336462
2022,15,8,9,7,27.0,39.05,30.0,1010.0,1.2,0.0,0,11.0,0,0.02786557173417991,0.01825972769368993,0.019739781103417488
2022,15,8,11,6,27.0,39.05,30.0,1010.0,1.2,0.0,0,4.0,0,0.0033124008004967896,0.000995231183910467,0.007315166406075509
2022,15,8,13,9,27.0,39.05,30.0,1010.0,1.2,0.0,0,20.0,0,0.03680905389552138,0.03389315087428293,0.02782276077730616
2022,15,8,15,2,27.0,39.05,30.0,1010.0,1.2,0.0,0,2.0,0,0.009274722241391168,0.0,0.0
2022,15,8,16,3,27.0,39.05,30.0,1010.0,1.2,0.0,0,18.0,0,0.026913256504037027,0.02677448337825693,0.013597274960911178
2022,15,8,17,3,27.0,39.05,30.0,1010.0,1.2,0.0,0,8.0,0,0.023573252363535968,0.017402723063100426,0.012927183381728862
2022,15,8,18,5,27.0,39.05,30.0,1010.0,1.2,0.0,0,7.0,0,0.00654199158098135,0.0014237334992051203,0.013387871342416643
2022,15,8,19,0,27.0,39.05,30.0,1010.0,1.2,0.0,0,12.0,0,0.020812918363121876,0.013269749118805832,0.019139490730399753
2022,15,8,20,8,27.0,39.05,30.0,1010.0,1.2,0.0,0,5.0,0,0.01326340487198949,0.015868408321238456,0.0075943712307348235
2022,15,8,22,5,27.0,39.05,30.0,1010.0,1.2,0.0,0,17.0,0,0.008584638741287695,0.014057640472734756,0.02327172213535852
2022,15,8,23,6,27.0,39.05,30.0,1010.0,1.2,0.0,0,6.0,0,0.0,0.0042850231529477124,0.0009213759213757578
2022,15,8,24,2,27.0,39.05,30.0,1010.0,1.2,0.0,0,3.0,0,0.0053826513008074055,5.529062132842475e-05,0.004732521777976304
2022,15,8,26,1,27.0,39.05,30.0,1010.0,1.2,0.0,0,10.0,0,0.024870609343730685,0.0055428847881677555,0.01592863524681694
2022,15,8,27,7,27.0,39.05,30.0,1010.0,1.2,0.0,0,9.0,0,0.030018632254502756,0.014845531826663875,0.022671431762340787
2022,15,8,28,8,27.0,39.05,30.0,1010.0,1.2,0.0,0,1.0,0,0.0311779725346767,0.009634390766466275,0.0022475988385079484
2022,15,8,29,1,27.0,39.05,30.0,1010.0,1.2,0.0,0,19.0,0,0.028224415154233688,0.01749948165042512,0.011991847219119871
2022,15,8,30,4,27.0,39.05,30.0,1010.0,1.2,0.0,0,14.0,0,0.02869367193430416,0.01767917616974216,0.024974871565780675
2022,16,12,1,0,27.7,40.5,34.5,990.7,1.0,0.0,0,10.0,0,0.00836063584516451,0.013322884012539109,0.012971988381824473
2022,16,12,5,4,27.7,40.5,34.5,990.7,1.0,0.0,0,12.0,0,0.011940298507462794,0.01627400078369898,0.020897947127455418
2022,16,12,7,9,27.7,40.5,34.5,990.7,1.0,0.0,0,13.0,0,0.02816405775998056,0.012284809695372101,0.019901048589573235
2022,16,12,9,7,27.7,40.5,34.5,990.7,1.0,0.0,0,9.0,0,0.014925373134328406,0.01801283307210036,0.018498006202924237
2022,16,12,11,6,27.7,40.5,34.5,990.7,1.0,0.0,0,5.0,0,0.005108603324839298,0.010273804858934152,0.01618421700388911
2022,16,12,13,9,27.7,40.5,34.5,990.7,1.0,0.0,0,16.0,0,0.030712292197548913,0.028384600313479596,0.018756461379412212
2022,16,12,15,2,27.7,40.5,34.5,990.7,1.0,0.0,0,1.0,0,0.0,0.0023633424764890015,0.004270664106729784
2022,16,12,16,3,27.7,40.5,34.5,990.7,1.0,0.0,0,19.0,0,0.01936658172551879,0.023180348746081512,0.02401171663466755
2022,16,12,17,3,27.7,40.5,34.5,990.7,1.0,0.0,0,20.0,0,0.013986837370743832,0.035780760188087735,0.026337813223059132
2022,16,12,18,5,27.7,40.5,34.5,990.7,1.0,0.0,0,7.0,0,0.017546414270112828,0.008253330721003042,0.013131984443459943
2022,16,12,19,0,27.7,40.5,34.5,990.7,1.0,0.0,0,11.0,0,0.008069409052299555,0.013028996865203675,0.015433466253138446
2022,16,12,20,8,27.7,40.5,34.5,990.7,1.0,0.0,0,4.0,0,0.015180196578085243,0.008939067398119172,0.0073352040565155775
2022,16,12,22,5,27.7,40.5,34.5,990.7,1.0,0.0,0,8.0,0,0.013360029122679275,0.015269886363636362,0.019925663368286318
2022,16,12,23,6,27.7,40.5,34.5,990.7,1.0,0.0,0,6.0,0,0.003385511467054925,0.00884110501567391,0.01359966523900955
2022,16,12,24,2,27.7,40.5,34.5,990.7,1.0,0.0,0,3.0,0,0.0009343526271083386,0.0,0.007938266134987573
2022,16,12,26,1,27.7,40.5,34.5,990.7,1.0,0.0,0,18.0,0,0.015507826720058316,0.025972276645767966,0.030608477329788917
2022,16,12,27,7,27.7,40.5,34.5,990.7,1.0,0.0,0,15.0,0,0.010314282247300188,0.019016947492162976,0.01449810466203923
2022,16,12,28,8,27.7,40.5,34.5,990.7,1.0,0.0,0,2.0,0,0.005217813372163656,0.0017510775862069048,0.0
2022,16,12,29,1,27.7,40.5,34.5,990.7,1.0,0.0,0,17.0,0,0.013986837370743832,0.02531103056426324,0.022793285088367105
2022,16,12,30,4,27.7,40.5,34.5,990.7,1.0,0.0,0,14.0,0,0.0140759616551389,0.015600509404388726,0.017291882045980422
2022,17,23,0,9,26.9,27.7,81.0,1009.0,0.6,0.0,0,19.0,0,0.029951568914813684,0.024925185452347783,0.03502232938819175
2022,17,23,1,0,26.9,27.7,81.0,1009.0,0.6,0.0,0,5.0,0,0.022352061960731,0.00909471960384837,0.013983460970267151
2022,17,23,5,4,26.9,27.7,81.0,1009.0,0.6,0.0,0,16.0,0,0.026127551367037677,0.008227163285796387,0.036372280993700275
2022,17,23,9,7,26.9,27.7,81.0,1009.0,0.6,0.0,0,7.0,0,0.02159502295381086,0.018345404388470182,0.029401776162741405
2022,17,23,11,6,26.9,27.7,81.0,1009.0,0.6,0.0,0,3.0,0,0.0,0.005799955160010516,0.02918951962099474
2022,17,23,13,9,26.9,27.7,81.0,1009.0,0.6,0.0,0,20.0,0,0.03939514524472739,0.03865986918420457,0.04863221884498488
2022,17,23,15,2,26.9,27.7,81.0,1009.0,0.6,0.0,0,1.0,0,0.003901662574126746,0.002027547350054085,0.0
2022,17,23,16,3,26.9,27.7,81.0,1009.0,0.6,0.0,0,9.0,0,0.029068356740073614,0.017887256669948372,0.028077295342242466
2022,17,23,17,3,26.9,27.7,81.0,1009.0,0.6,0.0,0,13.0,0,0.034629681752448224,0.029594393051751208,0.03158377341189655
2022,17,23,18,5,26.9,27.7,81.0,1009.0,0.6,0.0,0,6.0,0,0.03539642638766226,0.013900396736428611,0.03403745903448745
2022,17,23,19,0,26.9,27.7,81.0,1009.0,0.6,0.0,0,18.0,0,0.016528684984422497,0.00804195463362807,0.02656602876500658
2022,17,23,20,8,26.9,27.7,81.0,1009.0,0.6,0.0,0,2.0,0,0.007822736404841142,0.012857379590006556,0.014807016352243975
2022,17,23,22,5,26.9,27.7,81.0,1009.0,0.6,0.0,0,17.0,0,0.02611784573874392,0.027878776063243873,0.027627311473739664
2022,17,23,23,6,26.9,27.7,81.0,1009.0,0.6,0.0,0,11.0,0,0.010025914027544585,0.003158294910661176,0.027406564670323215
2022,17,23,24,2,26.9,27.7,81.0,1009.0,0.6,0.0,0,4.0,0,0.01072471926470164,0.0,0.009050618940075755
2022,17,23,26,1,26.9,27.7,81.0,1009.0,0.6,0.0,0,12.0,0,0.021235914706938575,0.013598214198680106,0.021998267986619417
2022,17,23,27,7,26.9,27.7,81.0,1009.0,0.6,0.0,0,10.0,0,0.02958275503964751,0.025578289646836297,0.033086549727462645
2022,17,23,28,8,26.9,27.7,81.0,1009.0,0.6,0.0,0,8.0,0,0.0008152727766832295,0.003304512267636237,0.004465877638348902
2022,17,23,29,1,26.9,27.7,81.0,1009.0,0.6,0.0,0,14.0,0,0.022526763270020265,0.01620088315283605,0.02738109388531362
2022,17,23,30,4,26.9,27.7,81.0,1009.0,0.6,0.0,0,15.0,0,0.032756495491735656,0.018881534697378785,0.04089759046373816
2022,18,18,0,9,19.8,26.7,57.0,1014.7,2.7,0.0,0,16.0,0,0.024870902120334794,0.030450777456222093,0.014061827927341612
2022,18,18,1,0,19.8,26.7,57.0,1014.7,2.7,0.0,0,7.0,0,0.0,0.01567665669299062,0.007157746137133004
2022,18,18,5,4,19.8,26.7,57.0,1014.7,2.7,0.0,0,12.0,0,0.016831625068460893,0.017638691322901866,0.014337550043564061
2022,18,18,9,7,19.8,26.7,57.0,1014.7,2.7,0.0,0,17.0,0,0.025721774509036805,0.05075783587580313,0.02437383507405889
2022,18,18,11,6,19.8,26.7,57.0,1014.7,2.7,0.0,0,6.0,0,0.022592128941397407,0.0023053906901456755,0.010124516107685942
2022,18,18,13,9,19.8,26.7,57.0,1014.7,2.7,0.0,0,20.0,0,0.031061732258821705,0.02969539412370629,0.02423045957362319
2022,18,18,15,2,19.8,26.7,57.0,1014.7,2.7,0.0,0,2.0,0,0.003775134965965062,0.0272134203168686,0.0034079253565086685
2022,18,18,16,3,19.8,26.7,57.0,1014.7,2.7,0.0,0,18.0,0,0.009877943822861971,0.012282336783244177,0.017855764246561743
2022,18,18,17,3,19.8,26.7,57.0,1014.7,2.7,0.0,0,15.0,0,0.014797355449495257,0.012284809695372101,0.018693959479877724
2022,18,18,18,5,19.8,26.7,57.0,1014.7,2.7,0.0,0,10.0,0,0.016049213676551044,0.03875018394074658,0.011867079882211438
2022,18,18,19,0,19.8,26.7,57.0,1014.7,2.7,0.0,0,5.0,0,0.007569830216727964,0.0191200274684848,0.011900166536158127
2022,18,18,20,8,19.8,26.7,57.0,1014.7,2.7,0.0,0,4.0,0,0.01942336280416233,0.008819345661450933,0.009297349759018752
2022,18,18,22,5,19.8,26.7,57.0,1014.7,2.7,0.0,0,11.0,0,0.021887958688678502,0.040172659047432176,0.01311334384753662
2022,18,18,23,6,19.8,26.7,57.0,1014.7,2.7,0.0,0,8.0,0,0.03770244894765658,0.0,0.009473811913401138
2022,18,18,24,2,19.8,26.7,57.0,1014.7,2.7,0.0,0,3.0,0,0.003080744855645076,0.01244910972678659,0.0032424920867752303
2022,18,18,26,1,19.8,26.7,57.0,1014.7,2.7,0.0,0,19.0,0,0.022709490650183753,0.04749104821700097,0.012870708385260858
2022,18,18,27,7,19.8,26.7,57.0,1014.7,2.7,0.0,0,13.0,0,0.03857288162115629,0.032589395202825354,0.018815277211015526
2022,18,18,28,8,19.8,26.7,57.0,1014.7,2.7,0.0,0,1.0,0,0.01089507863234479,0.008348457350272223,0.0
2022,18,18,29,1,19.8,26.7,57.0,1014.7,2.7,0.0,0,9.0,0,0.05713559189421796,0.03262863589542349,0.017105800090436718
2022,18,18,30,4,19.8,26.7,57.0,1014.7,2.7,0.0,0,14.0,0,0.021330490571942702,0.025408348457350304,0.018903508288206798
2022,19,24,0,9,30.1,36.5,37.0,991.2,5.0,0.0,0,11.0,0,0.016157840940768328,0.052091726061357216,0.021695799634750778
2022,19,24,1,0,30.1,36.5,37.0,991.2,5.0,0.0,0,9.0,0,0.008837771147155027,0.046730709637434156,0.011510566136185696
2022,19,24,5,4,30.1,36.5,37.0,991.2,5.0,0.0,0,10.0,0,0.013986837370743832,0.007385600661088765,0.015496999739107743
2022,19,24,9,7,30.1,36.5,37.0,991.2,5.0,0.0,0,13.0,0,0.009839247550512641,0.03129841958475365,0.015288285937907679
2022,19,24,11,6,30.1,36.5,37.0,991.2,5.0,0.0,0,5.0,0,0.004904137026750718,0.029831628963949912,0.006010957474562937
2022,19,24,13,9,30.1,36.5,37.0,991.2,5.0,0.0,0,20.0,0,0.013986837370743832,0.056884619357504294,0.022989825202191526
2022,19,24,15,2,30.1,36.5,37.0,991.2,5.0,0.0,0,2.0,0,0.013986837370743832,0.0,0.0033394208192015985
2022,19,24,16,3,30.1,36.5,37.0,991.2,5.0,0.0,0,16.0,0,0.013986837370743832,0.03381882036979652,0.017678058961648865
2022,19,24,17,3,30.1,36.5,37.0,991.2,5.0,0.0,0,19.0,0,0.02132009044261125,0.027858692283855003,0.02407513696843206
2022,19,24,18,5,30.1,36.5,37.0,991.2,5.0,0.0,0,8.0,0,0.010314174504682111,0.028271872740419323,0.016947560657448422
2022,19,24,19,0,30.1,36.5,37.0,991.2,5.0,0.0,0,18.0,0,0.012854001259588925,0.04648280136349551,0.017145838768588578
2022,19,24,20,8,30.1,36.5,37.0,991.2,5.0,0.0,0,4.0,0,0.0067935203444253,0.031422373721722976,0.005969214714323013
2022,19,24,22,5,30.1,36.5,37.0,991.2,5.0,0.0,0,17.0,0,0.013986837370743832,0.00843921082532789,0.018752935037829346
2022,19,24,23,6,30.1,36.5,37.0,991.2,5.0,0.0,0,6.0,0,0.0097566515584832,0.038756326825741094,0.012929819984346362
2022,19,24,24,2,30.1,36.5,37.0,991.2,5.0,0.0,0,1.0,0,0.0,0.014688565230864549,0.004654317766762305
2022,19,24,26,1,30.1,36.5,37.0,991.2,5.0,0.0,0,7.0,0,0.006225672899222508,0.04127672761078396,0.014505609183407259
2022,19,24,27,7,30.1,36.5,37.0,991.2,5.0,0.0,0,15.0,0,0.02107230246652278,0.03478979444272281,0.021528828593790787
2022,19,24,28,8,30.1,36.5,37.0,991.2,5.0,0.0,0,3.0,0,0.0023126877768256684,0.028561099060014465,0.0
2022,19,24,29,1,30.1,36.5,37.0,991.2,5.0,0.0,0,12.0,0,0.012224206820364016,0.05213304410701371,0.01383772501956685
2022,19,24,30,4,30.1,36.5,37.0,991.2,5.0,0.0,0,14.0,0,0.014650464086230185,0.039809936989980366,0.040803548134620365
2022,20,10,0,9,25.75,48.75,36.0,782.5,1.2,0.0,0,19.0,0,0.013986837370743832,0.030974115293235013,0.01936249186851874
2022,20,10,1,0,25.75,48.75,36.0,782.5,1.2,0.0,0,9.0,0,0.002378975801355611,0.029598599474803106,0.020893123636781148
2022,20,10,5,4,25.75,48.75,36.0,782.5,1.2,0.0,0,6.0,0,0.004658827610987954,0.025296986369888662,0.012640467352899904
2022,20,10,9,7,25.75,48.75,36.0,782.5,1.2,0.0,0,14.0,0,0.007471470876132289,0.026685006877579097,0.024630416204288286
2022,20,10,11,6,25.75,48.75,36.0,782.5,1.2,0.0,0,3.0,0,0.0017594508530859793,0.019244716768788313,0.0018367581219148898
2022,20,10,13,9,25.75,48.75,36.0,782.5,1.2,0.0,0,20.0,0,0.027321050218692463,0.041890709015880885,0.03123764333728744
2022,20,10,15,2,25.75,48.75,36.0,782.5,1.2,0.0,0,7.0,0,0.0005699629524081738,0.020607727897961687,0.009234811668516228
2022,20,10,16,3,25.75,48.75,36.0,782.5,1.2,0.0,0,15.0,0,0.013986837370743832,0.04184069025884712,0.03663312032041225
2022,20,10,17,3,25.75,48.75,36.0,782.5,1.2,0.0,0,16.0,0,0.01542617121191476,0.03637614105289491,0.028048827153407545
2022,20,10,18,5,25.75,48.75,36.0,782.5,1.2,0.0,0,8.0,0,0.0051172760727075835,0.0346129798674503,0.01170933302720688
2022,20,10,19,0,25.75,48.75,36.0,782.5,1.2,0.0,0,10.0,0,0.013986837370743832,0.015093159934975715,0.019910968252145982
2022,20,10,20,8,25.75,48.75,36.0,782.5,1.2,0.0,0,4.0,0,0.0014868598758472568,0.020120045016881263,0.010739932907307475
2022,20,10,22,5,25.75,48.75,36.0,782.5,1.2,0.0,0,11.0,0,0.013071976408490055,0.03492559709891217,0.022194160639804013
2022,20,10,23,6,25.75,48.75,36.0,782.5,1.2,0.0,0,2.0,0,0.013986837370743832,0.0,0.0
2022,20,10,24,2,25.75,48.75,36.0,782.5,1.2,0.0,0,5.0,0,0.0,0.021545579592347118,0.01150524879143868
2022,20,10,26,1,25.75,48.75,36.0,782.5,1.2,0.0,0,18.0,0,0.0143481978019255,0.035888458171814484,0.026505440120409736
2022,20,10,27,7,25.75,48.75,36.0,782.5,1.2,0.0,0,13.0,0,0.013986837370743832,0.010353882706014792,0.018916057602775597
2022,20,10,28,8,25.75,48.75,36.0,782.5,1.2,0.0,0,1.0,0,0.0014868598758472568,0.020232587220207515,0.006084261278842892
2022,20,10,29,1,25.75,48.75,36.0,782.5,1.2,0.0,0,17.0,0,0.0101354281536919,0.03002375890959105,0.03299786987078921
2022,20,10,30,4,25.75,48.75,36.0,782.5,1.2,0.0,0,12.0,0,0.013790625348482778,0.04250343878954609,0.020663528871541787
2022,21,16,0,9,19.2,27.0,94.0,924.2,1.1,0.0,0,11.0,1,0.01085549663897125,0.012284809695372101,0.02377648754597013
2022,21,16,1,0,19.2,27.0,94.0,924.2,1.1,0.0,0,7.0,1,0.00975602967169092,0.005964827623183843,0.0071531529104305585
2022,21,16,5,4,19.2,27.0,94.0,924.2,1.1,0.0,0,18.0,1,0.00853130697396072,0.019342126427537368,0.0235340077862945
2022,21,16,9,7,19.2,27.0,94.0,924.2,1.1,0.0,0,12.0,1,0.008545224277344082,0.013833038442978882,0.014238950332062588
2022,21,16,11,6,19.2,27.0,94.0,924.2,1.1,0.0,0,8.0,1,0.0026025357326766013,0.007144389040802119,0.0011315722118193925
2022,21,16,13,9,19.2,27.0,94.0,924.2,1.1,0.0,0,16.0,1,0.016227575744923818,0.02113827676800169,0.030875756065361786
2022,21,16,15,2,19.2,27.0,94.0,924.2,1.1,0.0,0,10.0,1,5.566921353325385e-05,0.016942791271245452,0.013511511053035713
2022,21,16,16,3,19.2,27.0,94.0,924.2,1.1,0.0,0,1.0,1,0.01592139507049122,0.016232373599270798,0.011814152735306336
2022,21,16,17,3,19.2,27.0,94.0,924.2,1.1,0.0,0,20.0,1,0.006415876859699645,0.014476435579861648,0.020718548354505362
2022,21,16,18,5,19.2,27.0,94.0,924.2,1.1,0.0,0,4.0,1,0.015336868328392745,0.01671492145193287,0.015451349130440523
2022,21,16,19,0,19.2,27.0,94.0,924.2,1.1,0.0,0,6.0,1,0.011857542482568633,0.0,0.025110126224185875
2022,21,16,20,8,19.2,27.0,94.0,924.2,1.1,0.0,0,9.0,1,0.0,0.0024663556913838065,0.006277531556046421
2022,21,16,22,5,19.2,27.0,94.0,924.2,1.1,0.0,0,14.0,1,0.020959458895244462,0.018631708755562713,0.015518704619239435
2022,21,16,23,6,19.2,27.0,94.0,924.2,1.1,0.0,0,3.0,1,0.002811295283426056,0.0041820813897377835,0.0
2022,21,16,24,2,19.2,27.0,94.0,924.2,1.1,0.0,0,5.0,1,0.0025886184292932385,0.016781941987024762,0.0038931472525696315
2022,21,16,26,1,19.2,27.0,94.0,924.2,1.1,0.0,0,15.0,1,0.01260907686526667,0.02223741354350981,0.016057548529629585
2022,21,16,27,7,19.2,27.0,94.0,924.2,1.1,0.0,0,19.0,1,0.0207924512546449,0.016902578950190282,0.029366993116268943
2022,21,16,28,8,19.2,27.0,94.0,924.2,1.1,0.0,0,2.0,1,0.0001113384270665077,0.006621628867084872,0.0036910807861732773
2022,21,16,29,1,19.2,27.0,94.0,924.2,1.1,0.0,0,13.0,1,0.00423086022852215,0.024073776205029308,0.016407797071383203
2022,21,16,30,4,19.2,27.0,94.0,924.2,1.1,0.0,0,17.0,1,0.01756363686972013,0.02498525548227983,0.020637721767946822
2022,22,0,0,9,28.8,33.4,70.0,1014.7,1.6,0.0,0,19.0,0,0.013932335253310031,0.018838230803560934,0.01257913440493284
2022,22,0,1,0,28.8,33.4,70.0,1014.7,1.6,0.0,0,11.0,0,0.013986837370743832,0.010534846029173485,0.012873314348920879
2022,22,0,5,4,28.8,33.4,70.0,1014.7,1.6,0.0,0,18.0,0,0.011796890330474595,0.0135531909895943,0.01420300769574726
2022,22,0,9,7,28.8,33.4,70.0,1014.7,1.6,0.0,0,17.0,0,0.013990049980954178,0.02219716721865972,0.014791367583723672
2022,22,0,11,6,28.8,33.4,70.0,1014.7,1.6,0.0,0,5.0,0,0.0,0.0072228877457542915,0.002824127462286071
2022,22,0,13,9,28.8,33.4,70.0,1014.7,1.6,0.0,0,20.0,0,0.013986837370743832,0.024851431658562934,0.019580617071850527
2022,22,0,15,2,28.8,33.4,70.0,1014.7,1.6,0.0,0,3.0,0,0.002943451109854324,0.005320273412726411,0.006930879480360531
2022,22,0,16,3,28.8,33.4,70.0,1014.7,1.6,0.0,0,16.0,0,0.01741830480301964,0.020776078735348757,0.016168129721588046
2022,22,0,17,3,28.8,33.4,70.0,1014.7,1.6,0.0,0,13.0,0,0.013986837370743832,0.01988349423343431,0.017544891859452585
2022,22,0,18,5,28.8,33.4,70.0,1014.7,1.6,0.0,0,7.0,0,0.013986837370743832,0.014457520024428565,0.006307217999105709
2022,22,0,19,0,28.8,33.4,70.0,1014.7,1.6,0.0,0,8.0,0,0.014521025475280896,0.010476123364573743,0.0128380127556423
2022,22,0,20,8,28.8,33.4,70.0,1014.7,1.6,0.0,0,2.0,0,0.0038553438066326134,0.008291640241467634,0.0
2022,22,0,22,5,28.8,33.4,70.0,1014.7,1.6,0.0,0,10.0,0,0.011381344291436338,0.011486153195687342,0.011390647431220771
2022,22,0,23,6,28.8,33.4,70.0,1014.7,1.6,0.0,0,6.0,0,0.002539448016344798,0.004004885725694619,0.004859852674684012
2022,22,0,24,2,28.8,33.4,70.0,1014.7,1.6,0.0,0,4.0,0,0.013986837370743832,0.009231202875061675,0.00733096420418447
2022,22,0,26,1,28.8,33.4,70.0,1014.7,1.6,0.0,0,14.0,0,0.013986837370743832,0.016454090620815966,0.015485632251535649
2022,22,0,27,7,28.8,33.4,70.0,1014.7,1.6,0.0,0,12.0,0,0.015675320028164835,0.01801611349916621,0.013979430938316377
2022,22,0,28,8,28.8,33.4,70.0,1014.7,1.6,0.0,0,1.0,0,0.013986837370743832,0.0,0.0017886140594478952
2022,22,0,29,1,28.8,33.4,70.0,1014.7,1.6,0.0,0,9.0,0,0.007329770410813491,0.014668921616987237,0.012120213692311326
2022,22,0,30,4,28.8,33.4,70.0,1014.7,1.6,0.0,0,15.0,0,0.013986837370743832,0.015655462382261037,0.01765079663928832
2023,1,4,0,9,24.0,28.2,17.0,1017.7,0.6,0.0,0,15.0,0,0.03514521658509245,0.016863387857920745,0.01669915529564654
2023,1,4,1,1,24.0,28.2,17.0,1017.7,0.6,0.0,0,5.0,0,0.00472196468229158,0.0,0.0
2023,1,4,5,4,24.0,28.2,17.0,1017.7,0.6,0.0,0,12.0,0,0.02081761141896114,0.009746224163155862,0.013959280918345262
2023,1,4,7,7,24.0,28.2,17.0,1017.7,0.6,0.0,0,19.0,0,0.028504279954289717,0.018678429603880973,0.018865063894303553
2023,1,4,9,0,24.0,28.2,17.0,1017.7,0.6,0.0,0,20.0,0,0.02907565924232953,0.006248143707305244,0.007840589127138722
2023,1,4,11,6,24.0,28.2,17.0,1017.7,0.6,0.0,0,7.0,0,0.023275620431660947,0.006996160911701078,0.002328351743556459
2023,1,4,12,3,24.0,28.2,17.0,1017.7,0.6,0.0,0,10.0,0,0.024633993833416103,0.005159118659729265,0.011728395061728377
2023,1,4,15,2,24.0,28.2,17.0,1017.7,0.6,0.0,0,3.0,0,0.01616033118437234,0.005060116382676889,0.0030755902100930454
2023,1,4,16,3,24.0,28.2,17.0,1017.7,0.6,0.0,0,17.0,0,0.017723538670519044,0.013233304366000452,0.011273554256010362
2023,1,4,18,5,24.0,28.2,17.0,1017.7,0.6,0.0,0,11.0,0,0.015168502986265452,0.00729316774285805,0.009335066060212203
2023,1,4,19,0,24.0,28.2,17.0,1017.7,0.6,0.0,0,9.0,0,0.02530239979300986,0.007711177357079297,0.00840372536278965
2023,1,4,20,8,24.0,28.2,17.0,1017.7,0.6,0.0,0,2.0,0,0.0,0.0018810432639951432,0.0011479315572882232
2023,1,4,21,5,24.0,28.2,17.0,1017.7,0.6,0.0,0,18.0,0,0.02413807973436258,0.012287282607500023,0.007634827810266388
2023,1,4,23,6,24.0,28.2,17.0,1017.7,0.6,0.0,0,6.0,0,0.023803876754565627,0.010725246680673749,0.004234351310374606
2023,1,4,24,2,24.0,28.2,17.0,1017.7,0.6,0.0,0,4.0,0,0.035727376614416086,0.011539265403104345,0.006551873510937728
2023,1,4,25,9,24.0,28.2,17.0,1017.7,0.6,0.0,0,16.0,0,0.03224519717975808,0.020262466036718833,0.014349144466103561
2023,1,4,26,1,24.0,28.2,17.0,1017.7,0.6,0.0,0,8.0,0,0.016602341577006904,0.00597313738215986,0.00627030539311234
2023,1,4,27,7,24.0,28.2,17.0,1017.7,0.6,0.0,0,14.0,0,0.024332133077470463,0.017798409363415462,0.012291531297379152
2023,1,4,28,8,24.0,28.2,17.0,1017.7,0.6,0.0,0,1.0,0,0.006651717372086553,0.0018590427579834,5.4147714966379166e-05
2023,1,4,30,4,24.0,28.2,17.0,1017.7,0.6,0.0,0,13.0,0,0.01958860691261139,0.007469171790951214,0.00909681611436001
2023,2,22,0,9,27.0,31.7,45.0,1010.5,1.6,0.0,0,17.0,0,0.015767097760469515,0.01347053112060989,0.016929423066056448
2023,2,22,1,1,27.0,31.7,45.0,1010.5,1.6,0.0,0,3.0,0,0.007788700804534779,0.0023213508476280106,0.011278747810363391
2023,2,22,5,4,27.0,31.7,45.0,1010.5,1.6,0.0,0,14.0,0,0.02625617907316686,0.016171333549100057,0.020704074136859284
2023,2,22,7,7,27.0,31.7,45.0,1010.5,1.6,0.0,0,18.0,0,0.020453708559759847,0.01470932892871904,0.013468990841666749
2023,2,22,9,0,27.0,31.7,45.0,1010.5,1.6,0.0,0,10.0,0,0.014863251392034921,0.005546689284956976,0.013742442221845442
2023,2,22,11,6,27.0,31.7,45.0,1010.5,1.6,0.0,0,8.0,0,0.01305555865516589,0.01111569925114125,0.01223936260383114
2023,2,22,12,3,27.0,31.7,45.0,1010.5,1.6,0.0,0,11.0,0,0.021591885468158968,0.0064506768746582475,0.016364355540487173
2023,2,22,15,2,27.0,31.7,45.0,1010.5,1.6,0.0,0,2.0,0,0.01674905430889218,0.008236331372833494,0.012465389614058818
2023,2,22,16,3,27.0,31.7,45.0,1010.5,1.6,0.0,0,13.0,0,0.021748105828135265,0.013582134526745743,0.01860202294174155
2023,2,22,18,5,27.0,31.7,45.0,1010.5,1.6,0.0,0,19.0,0,0.028253567961435848,0.012477260805999903,0.013618127366220244
2023,2,22,19,0,27.0,31.7,45.0,1010.5,1.6,0.0,0,7.0,0,0.017452045928785753,0.0048659085075277286,0.01659038255071485
2023,2,22,20,8,27.0,31.7,45.0,1010.5,1.6,0.0,0,1.0,0,0.005389602419183747,0.0033369418434651362,0.006927727863479681
2023,2,22,21,5,27.0,31.7,45.0,1010.5,1.6,0.0,0,9.0,0,0.020911211042547676,0.01518922357510356,0.013708538170311283
2023,2,22,23,6,27.0,31.7,45.0,1010.5,1.6,0.0,0,4.0,0,0.012877021100907153,0.005211879066549098,0.014985590778098069
2023,2,22,24,2,27.0,31.7,45.0,1010.5,1.6,0.0,0,5.0,0,0.014584286463505831,0.011037576866846026,0.014420523252528634
2023,2,22,25,9,27.0,31.7,45.0,1010.5,1.6,0.0,0,20.0,0,0.0257205664103908,0.015133421872035634,0.01751709329264844
2023,2,22,26,1,27.0,31.7,45.0,1010.5,1.6,0.0,0,6.0,0,0.010712253255520646,0.005658292691092988,0.011572582923659388
2023,2,22,27,7,27.0,31.7,45.0,1010.5,1.6,0.0,0,16.0,0,0.01665978553176289,0.013091079539747575,0.02612872238232466
2023,2,22,28,8,27.0,31.7,45.0,1010.5,1.6,0.0,0,15.0,0,0.0,0.0,0.0
2023,2,22,30,4,27.0,31.7,45.0,1010.5,1.6,0.0,0,12.0,0,0.026434716627425595,0.01377186031717698,0.016183533932304935
2023,3,1,0,9,15.3,22.9,52.0,1019.0,1.2,0.0,0,8.0,0,0.012387358801878398,0.029092245870675798,0.012737703861277632
2023,3,1,1,1,15.3,22.9,52.0,1019.0,1.2,0.0,0,4.0,0,0.006688666074374753,0.0,0.00208857087603953
2023,3,1,5,4,15.3,22.9,52.0,1019.0,1.2,0.0,0,19.0,0,0.020675212590430137,0.0180638127955176,0.01603816154193257
2023,3,1,7,7,15.3,22.9,52.0,1019.0,1.2,0.0,0,15.0,0,0.014506917121462123,0.0217146044341906,0.019686714368594097
2023,3,1,9,0,15.3,22.9,52.0,1019.0,1.2,0.0,0,9.0,0,0.010864322883614603,0.01672011865072829,0.006820086379165815
2023,3,1,11,6,15.3,22.9,52.0,1019.0,1.2,0.0,0,3.0,0,0.005495621271734899,0.018203252753939088,0.007387352543028525
2023,3,1,12,3,15.3,22.9,52.0,1019.0,1.2,0.0,0,10.0,0,0.012895037441299544,0.01656800233245024,0.010894088828724282
2023,3,1,15,2,15.3,22.9,52.0,1019.0,1.2,0.0,0,7.0,0,0.007462875999492243,0.005640980136144018,0.01451685682975575
2023,3,1,16,3,15.3,22.9,52.0,1019.0,1.2,0.0,0,14.0,0,0.02991496382789693,0.03015706009862214,0.01922258750725198
2023,3,1,18,5,15.3,22.9,52.0,1019.0,1.2,0.0,0,13.0,0,0.009468206625206182,0.016339827855033167,0.020382904660607274
2023,3,1,19,0,15.3,22.9,52.0,1019.0,1.2,0.0,0,11.0,0,0.017578372889960538,0.010622789559749945,0.004808869980016821
2023,3,1,20,8,15.3,22.9,52.0,1019.0,1.2,0.0,0,20.0,0,0.006384058890722174,0.015160926388378288,0.0071939663508026426
2023,3,1,21,5,15.3,22.9,52.0,1019.0,1.2,0.0,0,16.0,0,0.012526970427719187,0.01892580526575982,0.014800489911686922
2023,3,1,23,6,15.3,22.9,52.0,1019.0,1.2,0.0,0,2.0,0,0.01153699708084772,0.009950942487355287,0.005028040997872759
2023,3,1,24,2,15.3,22.9,52.0,1019.0,1.2,0.0,0,5.0,0,0.00907475567965464,0.010242498764054822,0.007245536002062756
2023,3,1,25,9,15.3,22.9,52.0,1019.0,1.2,0.0,0,18.0,0,0.0162964843254219,0.012284809695372101,0.017817314510410687
2023,3,1,26,1,15.3,22.9,52.0,1019.0,1.2,0.0,0,6.0,0,0.012387358801878398,0.021448400877204014,0.008160897311931871
2023,3,1,27,7,15.3,22.9,52.0,1019.0,1.2,0.0,0,12.0,0,0.020421373270719564,0.01689758768871929,0.01722426352091792
2023,3,1,28,8,15.3,22.9,52.0,1019.0,1.2,0.0,0,1.0,0,0.0,0.007795961311749653,0.0
2023,3,1,30,4,15.3,22.9,52.0,1019.0,1.2,0.0,0,17.0,0,0.022579007488259882,0.02006667765284519,0.009862695803519636
2023,4,14,0,9,19.4,32.9,81.0,1011.7,0.8,0.0,0,13.0,1,0.012832917949469799,0.012284809695372101,0.011298268385498106
2023,4,14,1,1,19.4,32.9,81.0,1011.7,0.8,0.0,0,6.0,1,0.01216830376777603,0.012284809695372101,0.01257657551353527
2023,4,14,5,4,19.4,32.9,81.0,1011.7,0.8,0.0,0,14.0,1,0.016566485852514367,0.012284809695372101,0.035940096561353836
2023,4,14,7,7,19.4,32.9,81.0,1011.7,0.8,0.0,0,20.0,1,0.010741338024727595,0.012284809695372101,0.06374819316204022
2023,4,14,9,0,19.4,32.9,81.0,1011.7,0.8,0.0,0,19.0,1,0.03915359429213703,0.012284809695372101,0.0516632742362114
2023,4,14,11,6,19.4,32.9,81.0,1011.7,0.8,0.0,0,5.0,1,0.014494453403704286,0.012284809695372101,0.007915671062076487
2023,4,14,12,3,19.4,32.9,81.0,1011.7,0.8,0.0,0,17.0,1,0.019625665835898896,0.012284809695372101,0.020738074869465124
2023,4,14,15,2,19.4,32.9,81.0,1011.7,0.8,0.0,0,1.0,1,0.00036162830474520977,0.012284809695372101,0.0
2023,4,14,16,3,19.4,32.9,81.0,1011.7,0.8,0.0,0,18.0,1,0.05065728387821929,0.012284809695372101,0.02363884873693419
2023,4,14,18,5,19.4,32.9,81.0,1011.7,0.8,0.0,0,7.0,1,0.007916727752528977,0.012284809695372101,0.016696657718516705
2023,4,14,19,0,19.4,32.9,81.0,1011.7,0.8,0.0,0,12.0,1,0.03557640619654988,0.012284809695372101,0.023511018024130418
2023,4,14,20,8,19.4,32.9,81.0,1011.7,0.8,0.0,0,3.0,1,0.0013585495772857918,0.012284809695372101,0.0014454703678573738
2023,4,14,21,5,19.4,32.9,81.0,1011.7,0.8,0.0,0,10.0,1,0.0162732737135318,0.012284809695372101,0.017011317934649044
2023,4,14,23,6,19.4,32.9,81.0,1011.7,0.8,0.0,0,11.0,1,0.027043932952157512,0.012284809695372101,0.005457388123543395
2023,4,14,24,2,19.4,32.9,81.0,1011.7,0.8,0.0,0,4.0,1,0.005707862972193747,0.012284809695372101,0.005801547734938134
2023,4,14,25,9,19.4,32.9,81.0,1011.7,0.8,0.0,0,15.0,1,0.025265112642330136,0.012284809695372101,0.023058693963440405
2023,4,14,26,1,19.4,32.9,81.0,1011.7,0.8,0.0,0,9.0,1,0.011142061281337053,0.012284809695372101,0.013441891107898857
2023,4,14,27,7,19.4,32.9,81.0,1011.7,0.8,0.0,0,8.0,1,0.017807750574207134,0.012284809695372101,0.03676607962870099
2023,4,14,28,8,19.4,32.9,81.0,1011.7,0.8,0.0,0,2.0,1,0.0,0.012284809695372101,0.00285160820869831
2023,4,14,30,4,19.4,32.9,81.0,1011.7,0.8,0.0,0,16.0,1,0.014005766505400058,0.012284809695372101,0.0342192985043807
2023,5,20,0,9,28.6,42.7,59.0,1017.4,3.5,0.0,0,11.0,0,0.01972815533980589,0.012691914022517906,0.01172102587536426
2023,5,20,1,1,28.6,42.7,59.0,1017.4,3.5,0.0,0,2.0,0,0.012271844660194113,0.008302058455589557,0.012372193979551019
2023,5,20,5,4,28.6,42.7,59.0,1017.4,3.5,0.0,0,10.0,0,0.019717059639389748,0.014318207665188059,0.010521505683440983
2023,5,20,7,7,28.6,42.7,59.0,1017.4,3.5,0.0,0,15.0,0,0.05006380027739252,0.022722620266120666,0.02184269149483071
2023,5,20,9,0,28.6,42.7,59.0,1017.4,3.5,0.0,0,5.0,0,0.010862690707350893,0.013283293528943387,0.010201633632261389
2023,5,20,11,6,28.6,42.7,59.0,1017.4,3.5,0.0,0,13.0,0,0.0023522884882108547,0.010553849653133142,0.013514594162335145
2023,5,20,12,3,28.6,42.7,59.0,1017.4,3.5,0.0,0,12.0,0,0.01405825242718442,0.016638234959626904,0.0109898897583824
2023,5,20,15,2,28.6,42.7,59.0,1017.4,3.5,0.0,0,7.0,0,0.0035950069348127385,0.00532241555782997,0.004638144742103226
2023,5,20,16,3,28.6,42.7,59.0,1017.4,3.5,0.0,0,4.0,0,0.019173370319001324,0.01411349937450244,0.012246529959444825
2023,5,20,18,5,28.6,42.7,59.0,1017.4,3.5,0.0,0,16.0,0,0.020771151178918167,0.009223245763675569,0.021317187410749984
2023,5,20,19,0,28.6,42.7,59.0,1017.4,3.5,0.0,0,8.0,0,0.0157226074895978,0.011452291595587293,0.009961729593876733
2023,5,20,20,8,28.6,42.7,59.0,1017.4,3.5,0.0,0,1.0,0,0.01598890429958394,0.005561241896963381,0.0058833609413377575
2023,5,20,21,5,28.6,42.7,59.0,1017.4,3.5,0.0,0,19.0,0,0.018696255201109596,0.016024110087569564,0.021020163363226176
2023,5,20,23,6,28.6,42.7,59.0,1017.4,3.5,0.0,0,6.0,0,0.0,0.01462527010121673,0.01223510595761693
2023,5,20,24,2,28.6,42.7,59.0,1017.4,3.5,0.0,0,3.0,0,0.0066463245492372125,0.004378482884112259,0.006740161078425812
2023,5,20,25,9,28.6,42.7,59.0,1017.4,3.5,0.0,0,20.0,0,0.02767267683772538,0.02397361537586705,0.019752099160335858
2023,5,20,26,1,28.6,42.7,59.0,1017.4,3.5,0.0,0,18.0,0,0.01344798890429962,0.011372682815876264,0.013571714171474295
2023,5,20,27,7,28.6,42.7,59.0,1017.4,3.5,0.0,0,17.0,0,0.022679611650485404,0.01914022517911967,0.018781059004969503
2023,5,20,28,8,28.6,42.7,59.0,1017.4,3.5,0.0,0,9.0,0,0.004704576976421709,0.0,0.0
2023,5,20,30,4,28.6,42.7,59.0,1017.4,3.5,0.0,0,14.0,0,0.022291262135922335,0.014227226202661099,0.01758153881304623
2023,6,14,0,9,25.8,46.0,33.0,1016.2,0.8,0.0,0,13.0,0,0.017636155481655084,0.024219590958019312,0.015856875893151736
2023,6,14,1,1,25.8,46.0,33.0,1016.2,0.8,0.0,0,2.0,0,0.004606661941885104,0.0030360740802075413,0.012655270968451227
2023,6,14,5,4,25.8,46.0,33.0,1016.2,0.8,0.0,0,15.0,0,0.01834487270348367,0.008114597996191021,0.01023689128284056
2023,6,14,7,7,25.8,46.0,33.0,1016.2,0.8,0.0,0,12.0,0,0.023319522433625887,0.016574204410587528,0.019388259865889875
2023,6,14,9,0,25.8,46.0,33.0,1016.2,0.8,0.0,0,7.0,0,0.02036199095022624,0.008652811128591472,0.009302517313400115
2023,6,14,11,6,25.8,46.0,33.0,1016.2,0.8,0.0,0,6.0,0,0.009036144578313208,0.00687256769065152,0.009755963504452127
2023,6,14,12,3,25.8,46.0,33.0,1016.2,0.8,0.0,0,18.0,0,0.03288720492831048,0.014600756258452606,0.012009453666043881
2023,6,14,15,2,25.8,46.0,33.0,1016.2,0.8,0.0,0,3.0,0,0.009826636864198927,0.0008970218873340195,0.009604814774101326
2023,6,14,16,3,25.8,46.0,33.0,1016.2,0.8,0.0,0,17.0,0,0.01844027694488353,0.013731335044574954,0.011652193030669437
2023,6,14,18,5,25.8,46.0,33.0,1016.2,0.8,0.0,0,10.0,0,0.01492394919042685,0.0061273495073280145,0.008519292074310274
2023,6,14,19,0,25.8,46.0,33.0,1016.2,0.8,0.0,0,4.0,0,0.01653219211688374,0.009660235709751356,0.009893371441134426
2023,6,14,20,8,25.8,46.0,33.0,1016.2,0.8,0.0,0,20.0,0,0.009077032110341776,0.007300378129226303,0.0010030779377817895
2023,6,14,21,5,25.8,46.0,33.0,1016.2,0.8,0.0,0,11.0,0,0.024805102763997073,0.016712207777869758,0.01679124986259218
2023,6,14,23,6,25.8,46.0,33.0,1016.2,0.8,0.0,0,8.0,0,0.0230878264187974,0.010060445474869575,0.011185006045949313
2023,6,14,24,2,25.8,46.0,33.0,1016.2,0.8,0.0,0,5.0,0,0.0,0.0014766360299191205,0.006664284929097497
2023,6,14,25,9,25.8,46.0,33.0,1016.2,0.8,0.0,0,16.0,0,0.029779752494139486,0.024509398029311864,0.014771353193360488
2023,6,14,26,1,25.8,46.0,33.0,1016.2,0.8,0.0,0,14.0,0,0.017458976176198085,0.009977643454500276,0.0022809717489281744
2023,6,14,27,7,25.8,46.0,33.0,1016.2,0.8,0.0,0,9.0,0,0.019735048792454794,0.01627059700256689,0.013218643508849118
2023,6,14,28,8,25.8,46.0,33.0,1016.2,0.8,0.0,0,1.0,0,0.011884642642970069,0.0,0.0
2023,6,14,30,4,25.8,46.0,33.0,1016.2,0.8,0.0,0,19.0,0,0.03151065801668208,0.012309900361568765,0.013685830493569437
2023,7,9,0,9,20.8,24.8,73.0,1000.7,2.0,0.0,0,18.0,0,0.027129185320215545,0.015546565277984507,0.02968885751520414
2023,7,9,1,1,20.8,24.8,73.0,1000.7,2.0,0.0,0,9.0,0,0.0126129265742702,0.0023001880742013845,0.008145091225021642
2023,7,9,5,4,20.8,24.8,73.0,1000.7,2.0,0.0,0,16.0,0,0.018389941827735033,0.007320010283193701,0.009448305821025167
2023,7,9,7,7,20.8,24.8,73.0,1000.7,2.0,0.0,0,14.0,0,0.012036565423692604,0.011879794877345856,0.013968831450912201
2023,7,9,9,0,20.8,24.8,73.0,1000.7,2.0,0.0,0,4.0,0,0.012586119078894556,0.007441784945945542,0.02955310599478704
2023,7,9,11,6,20.8,24.8,73.0,1000.7,2.0,0.0,0,5.0,0,0.016607243385250575,0.00868659260963116,0.005538662033014787
2023,7,9,12,3,20.8,24.8,73.0,1000.7,2.0,0.0,0,8.0,0,0.024863951960968342,0.0036532398825552415,0.01797350130321457
2023,7,9,15,2,20.8,24.8,73.0,1000.7,2.0,0.0,0,19.0,0,0.014583277484384743,0.004586845630319167,0.00935327975673318
2023,7,9,16,3,20.8,24.8,73.0,1000.7,2.0,0.0,0,17.0,0,0.014516258745945346,0.010905597575331124,0.02538553431798442
2023,7,9,18,5,20.8,24.8,73.0,1000.7,2.0,0.0,0,3.0,0,0.015776211028603687,0.010648517731744031,0.01380592962641176
2023,7,9,19,0,20.8,24.8,73.0,1000.7,2.0,0.0,0,7.0,0,0.01088384312253722,0.004532723557985143,0.021747393570808043
2023,7,9,20,8,20.8,24.8,73.0,1000.7,2.0,0.0,0,11.0,0,0.010294078224271516,0.0042215216420636425,0.0033937880104257167
2023,7,9,21,5,20.8,24.8,73.0,1000.7,2.0,0.0,0,10.0,0,0.023416347210680106,0.009146630224471321,0.019561794092093864
2023,7,9,23,6,20.8,24.8,73.0,1000.7,2.0,0.0,0,12.0,0,0.015374098597968068,0.006562301270515641,0.008335143353605618
2023,7,9,24,2,20.8,24.8,73.0,1000.7,2.0,0.0,0,2.0,0,0.015012197410396009,0.004965700136658293,0.007819287576020762
2023,7,9,25,9,20.8,24.8,73.0,1000.7,2.0,0.0,0,20.0,0,0.025467120606921773,0.02040402126997456,0.03889281059947865
2023,7,9,26,1,20.8,24.8,73.0,1000.7,2.0,0.0,0,6.0,0,0.017867195667908727,0.01492416144614189,0.014824066029539514
2023,7,9,27,7,20.8,24.8,73.0,1000.7,2.0,0.0,0,15.0,0,0.017545505723400422,0.012623973371940506,0.013507276281494415
2023,7,9,28,8,20.8,24.8,73.0,1000.7,2.0,0.0,0,1.0,0,0.0,0.0,0.0
2023,7,9,30,4,20.8,24.8,73.0,1000.7,2.0,0.0,0,13.0,0,0.017424871994209733,0.009173691260638333,0.01380592962641176
2023,8,15,0,9,16.4,18.4,87.0,1004.9,2.7,0.0,0,10.0,0,0.013986837370743832,0.01743129222170971,0.027350612470820525
2023,8,15,1,1,16.4,18.4,87.0,1004.9,2.7,0.0,0,3.0,0,0.013705416116248448,0.0044222577932118805,0.016569200779727213
2023,8,15,5,4,16.4,18.4,87.0,1004.9,2.7,0.0,0,15.0,0,0.0,0.006809734393228185,0.022645777681515235
2023,8,15,7,7,16.4,18.4,87.0,1004.9,2.7,0.0,0,18.0,0,0.17206076618229865,0.01741772701375501,0.03151397011046134
2023,8,15,9,0,16.4,18.4,87.0,1004.9,2.7,0.0,0,17.0,0,0.013986837370743832,0.010295992837570205,0.020684427117175757
2023,8,15,11,6,16.4,18.4,87.0,1004.9,2.7,0.0,0,4.0,0,0.013986837370743832,0.0,0.023837027410776705
2023,8,15,12,3,16.4,18.4,87.0,1004.9,2.7,0.0,0,2.0,0,0.07123259831317962,0.03596136628774514,0.024474767164825717
2023,8,15,15,2,16.4,18.4,87.0,1004.9,2.7,0.0,0,11.0,0,0.10264454831826039,0.005100518190943739,0.003501552234495837
2023,8,15,16,3,16.4,18.4,87.0,1004.9,2.7,0.0,0,14.0,0,0.06753632760898293,0.011204861770530853,0.01936081630688529
2023,8,15,18,5,16.4,18.4,87.0,1004.9,2.7,0.0,0,7.0,0,0.6048800934864345,0.012195121951219525,0.025172671046615153
2023,8,15,19,0,16.4,18.4,87.0,1004.9,2.7,0.0,0,6.0,0,0.013986837370743832,0.01863859572967247,0.0449305705965876
2023,8,15,20,8,16.4,18.4,87.0,1004.9,2.7,0.0,0,12.0,0,0.018112996646682273,0.007216690631867338,0.03310230308280997
2023,8,15,21,5,16.4,18.4,87.0,1004.9,2.7,0.0,0,9.0,0,0.03515902855400875,0.011055644483029894,0.025088441267778597
2023,8,15,23,6,16.4,18.4,87.0,1004.9,2.7,0.0,0,5.0,0,0.013986837370743832,0.00036626061477523835,0.028024450701513826
2023,8,15,24,2,16.4,18.4,87.0,1004.9,2.7,0.0,0,8.0,0,0.0922543440707246,0.0017092162022842529,0.019962457584290015
2023,8,15,25,9,16.4,18.4,87.0,1004.9,2.7,0.0,0,19.0,0,0.3917284828777564,0.023169375186521585,0.05021298101220131
2023,8,15,26,1,16.4,18.4,87.0,1004.9,2.7,0.0,0,13.0,0,0.005677776648714597,0.00950921077620111,0.022116333357399084
2023,8,15,27,7,16.4,18.4,87.0,1004.9,2.7,0.0,0,16.0,0,0.44983995528909676,0.01659024932852219,0.022248694438428078
2023,8,15,28,8,16.4,18.4,87.0,1004.9,2.7,0.0,0,1.0,0,0.01909104765775836,0.005751648172766385,0.0
2023,8,15,30,4,16.4,18.4,87.0,1004.9,2.7,0.0,0,20.0,0,0.07917132405243375,0.01482677229441932,0.043847616297258994
2023,9,2,0,9,26.5,38.7,42.0,930.5,0.8,0.0,0,10.0,1,0.016001947004958664,0.012284809695372101,0.026567349472377457
2023,9,2,1,1,26.5,38.7,42.0,930.5,0.8,0.0,0,7.0,1,0.013902832283775994,0.012284809695372101,0.012693978895096181
2023,9,2,5,4,26.5,38.7,42.0,930.5,0.8,0.0,0,14.0,1,0.01680812874570274,0.012284809695372101,0.04424270639354437
2023,9,2,7,7,26.5,38.7,42.0,930.5,0.8,0.0,0,20.0,1,0.019393994706580136,0.012284809695372101,0.03077281191806338
2023,9,2,9,0,26.5,38.7,42.0,930.5,0.8,0.0,0,9.0,1,0.023500958291503175,0.012284809695372101,0.029795158286778426
2023,9,2,11,6,26.5,38.7,42.0,930.5,0.8,0.0,0,5.0,1,0.007742386906391657,0.012284809695372101,0.03389199255121039
2023,9,2,12,3,26.5,38.7,42.0,930.5,0.8,0.0,0,8.0,1,0.016792917769462432,0.012284809695372101,0.009993792675357006
2023,9,2,15,2,26.5,38.7,42.0,930.5,0.8,0.0,0,2.0,1,0.004106963584922819,0.012284809695372101,0.012492240844196258
2023,9,2,16,3,26.5,38.7,42.0,930.5,0.8,0.0,0,19.0,1,0.01148428706154354,0.012284809695372101,0.020018621973929333
2023,9,2,18,5,26.5,38.7,42.0,930.5,0.8,0.0,0,4.0,1,0.024733047366979868,0.012284809695372101,0.008845437616387453
2023,9,2,19,0,26.5,38.7,42.0,930.5,0.8,0.0,0,12.0,1,0.022208025311064368,0.012284809695372101,0.014369956548727528
2023,9,2,20,8,26.5,38.7,42.0,930.5,0.8,0.0,0,15.0,1,0.007909707645036597,0.012284809695372101,0.0076505276225948046
2023,9,2,21,5,26.5,38.7,42.0,930.5,0.8,0.0,0,13.0,1,0.0162301116485655,0.012284809695372101,0.04137181874612037
2023,9,2,23,6,26.5,38.7,42.0,930.5,0.8,0.0,0,11.0,1,0.014511271333394077,0.012284809695372101,0.03434202358783377
2023,9,2,24,2,26.5,38.7,42.0,930.5,0.8,0.0,0,3.0,1,0.003665845273949677,0.012284809695372101,0.010800744878957137
2023,9,2,25,9,26.5,38.7,42.0,930.5,0.8,0.0,0,18.0,1,0.019409205682820663,0.012284809695372101,0.04348230912476733
2023,9,2,26,1,26.5,38.7,42.0,930.5,0.8,0.0,0,6.0,1,0.009096163791792141,0.012284809695372101,0.0140751086281812
2023,9,2,27,7,26.5,38.7,42.0,930.5,0.8,0.0,0,16.0,1,0.018907243466885628,0.012284809695372101,0.02707945375543148
2023,9,2,28,8,26.5,38.7,42.0,930.5,0.8,0.0,0,1.0,1,0.0,0.012284809695372101,0.0
2023,9,2,30,4,26.5,38.7,42.0,930.5,0.8,0.0,0,17.0,1,0.015788993337592355,0.012284809695372101,0.04068901303538175
2023,10,6,0,9,20.9,21.9,80.0,999.5,2.7,0.0,0,8.0,0,0.005519187358916528,0.002475078907332177,0.0019789748224070492
2023,10,6,1,1,20.9,21.9,80.0,999.5,2.7,0.0,0,9.0,0,0.007539503386004587,0.0119893730557006,0.004175293700454239
2023,10,6,5,4,20.9,21.9,80.0,999.5,2.7,0.0,0,15.0,0,0.016817155756207777,0.014759644860237484,0.024788661503792102
2023,10,6,7,7,20.9,21.9,80.0,999.5,2.7,0.0,0,18.0,0,0.012313769751693095,0.01695088444333426,0.012411489493130876
2023,10,6,9,0,20.9,21.9,80.0,999.5,2.7,0.0,0,10.0,0,0.01386004514672696,0.009207747678194246,0.005422162230178837
2023,10,6,11,6,20.9,21.9,80.0,999.5,2.7,0.0,0,7.0,0,0.013182844243792399,0.013681055428143216,0.006051316075452663
2023,10,6,12,3,20.9,21.9,80.0,999.5,2.7,0.0,0,11.0,0,0.02247178329571106,0.009105565521469522,0.07059106143973286
2023,10,6,15,2,20.9,21.9,80.0,999.5,2.7,0.0,0,4.0,0,0.0076749435665914995,0.012284809695372101,0.0
2023,10,6,16,3,20.9,21.9,80.0,999.5,2.7,0.0,0,19.0,0,0.020146726862302605,0.015452212811371624,0.02045321955181364
2023,10,6,18,5,20.9,21.9,80.0,999.5,2.7,0.0,0,2.0,0,0.00949209932279919,0.013419923249846751,0.013086399981697406
2023,10,6,19,0,20.9,21.9,80.0,999.5,2.7,0.0,0,13.0,0,0.008115124153498965,0.0132155589363973,0.020750637733215973
2023,10,6,20,8,20.9,21.9,80.0,999.5,2.7,0.0,0,15.0,0,0.005056433408577963,0.0029973432639251096,0.016987153822395584
2023,10,6,21,5,20.9,21.9,80.0,999.5,2.7,0.0,0,3.0,0,0.011941309255079085,0.009627829878062615,0.02308422654114095
2023,10,6,23,6,20.9,21.9,80.0,999.5,2.7,0.0,0,6.0,0,0.014379232505643352,0.01317014464451959,0.009894874112035245
2023,10,6,24,2,20.9,21.9,80.0,999.5,2.7,0.0,0,5.0,0,0.008544018058690803,0.00024977860532699836,0.006234342648623317
2023,10,6,25,9,20.9,21.9,80.0,999.5,2.7,0.0,0,14.0,0,0.017200902934537257,0.007811258202956497,0.008373465722554586
2023,10,6,26,1,20.9,21.9,80.0,999.5,2.7,0.0,0,12.0,0,0.009830699774266472,0.008946615499897781,0.013738432148617665
2023,10,6,27,7,20.9,21.9,80.0,999.5,2.7,0.0,0,16.0,0,0.016839729119638876,0.015951770022025944,0.010501149635662801
2023,10,6,28,8,20.9,21.9,80.0,999.5,2.7,0.0,0,1.0,0,0.0,0.0,0.009688969217218322
2023,10,6,30,4,20.9,21.9,80.0,999.5,2.7,0.0,0,17.0,0,0.019424379232505687,0.013022548195917156,0.29455839119642185
2023,11,17,0,9,26.3,43.8,35.0,987.4,2.2,0.0,0,16.0,0,0.061329014626246244,0.00889478155652226,0.010037141278225336
2023,11,17,1,1,26.3,43.8,35.0,987.4,2.2,0.0,0,8.0,0,0.019150766739207407,0.005393507195633665,0.006927041163845565
2023,11,17,5,4,26.3,43.8,35.0,987.4,2.2,0.0,0,7.0,0,0.022642846297889516,0.00513606055145054,0.008713420981609248
2023,11,17,9,0,26.3,43.8,35.0,987.4,2.2,0.0,0,15.0,0,0.013986837370743832,0.0029863810725227107,0.012401845497423104
2023,11,17,11,6,26.3,43.8,35.0,987.4,2.2,0.0,0,1.0,0,0.013986837370743832,0.013644672141698478,0.0
2023,11,17,12,3,26.3,43.8,35.0,987.4,2.2,0.0,0,10.0,0,0.039587023634799344,0.0047885075818036695,0.003418539795144531
2023,11,17,15,2,26.3,43.8,35.0,987.4,2.2,0.0,0,6.0,0,0.023756262968773666,0.0,0.004870776625412739
2023,11,17,16,3,26.3,43.8,35.0,987.4,2.2,0.0,0,19.0,0,0.04161141758186147,0.010529567747084388,0.010769685520042073
2023,11,17,18,5,26.3,43.8,35.0,987.4,2.2,0.0,0,3.0,0,0.015000759147730141,0.00019308498313706917,0.0034827980619705
2023,11,17,19,0,26.3,43.8,35.0,987.4,2.2,0.0,0,12.0,0,0.2008704893972367,0.004621167263084656,0.015010731130559844
2023,11,17,20,8,26.3,43.8,35.0,987.4,2.2,0.0,0,9.0,0,0.013986837370743832,0.01663105321422119,0.003290023261492411
2023,11,17,21,5,26.3,43.8,35.0,987.4,2.2,0.0,0,4.0,0,0.0036337871349764123,0.01842030739129312,0.01011425119841657
2023,11,17,22,7,26.3,43.8,35.0,987.4,2.2,0.0,0,13.0,0,0.18979705450680706,0.008997760214195582,0.013070131472413872
2023,11,17,23,6,26.3,43.8,35.0,987.4,2.2,0.0,0,18.0,0,0.0,0.019166902659423706,0.0039583092364831795
2023,11,17,24,2,26.3,43.8,35.0,987.4,2.2,0.0,0,11.0,0,0.09419505035679941,0.006384676775738164,0.005436249373481738
2023,11,17,25,9,26.3,43.8,35.0,987.4,2.2,0.0,0,20.0,0,0.026529682676248747,0.01480318204052199,0.012890208325300868
2023,11,17,26,1,26.3,43.8,35.0,987.4,2.2,0.0,0,14.0,0,0.012328559137608214,0.008148186288391673,0.009317448689773866
2023,11,17,27,7,26.3,43.8,35.0,987.4,2.2,0.0,0,17.0,0,0.06862695480540514,0.003192338387868991,0.017285473776201293
2023,11,17,28,8,26.3,43.8,35.0,987.4,2.2,0.0,0,2.0,0,0.013986837370743832,0.0076332930000256064,0.0032129133413013582
2023,11,17,30,4,26.3,43.8,35.0,987.4,2.2,0.0,0,5.0,0,0.02599321828027732,0.005432124192261115,0.009420261916695451
2023,12,5,0,9,19.4,23.8,89.0,961.5,1.1,0.0,0,16.0,1,0.04209988068859734,0.012284809695372101,0.09299809272300466
2023,12,5,1,1,19.4,23.8,89.0,961.5,1.1,0.0,0,9.0,1,0.057431801764510085,0.012284809695372101,0.09153095657276995
2023,12,5,5,4,19.4,23.8,89.0,961.5,1.1,0.0,0,14.0,1,0.07205759413020377,0.012284809695372101,0.10907240316901405
2023,12,5,9,0,19.4,23.8,89.0,961.5,1.1,0.0,0,12.0,1,0.013986837370743832,0.012284809695372101,0.005905223004694886
2023,12,5,11,6,19.4,23.8,89.0,961.5,1.1,0.0,0,4.0,1,0.05756166451581496,0.012284809695372101,0.007739143192488339
2023,12,5,12,3,19.4,23.8,89.0,961.5,1.1,0.0,0,20.0,1,0.05547574407298293,0.012284809695372101,0.15779966255868547
2023,12,5,15,2,19.4,23.8,89.0,961.5,1.1,0.0,0,2.0,1,0.04010324088728727,0.012284809695372101,0.0017880721830986594
2023,12,5,16,3,19.4,23.8,89.0,961.5,1.1,0.0,0,13.0,1,0.048877093022312204,0.012284809695372101,0.11024611208920185
2023,12,5,18,5,19.4,23.8,89.0,961.5,1.1,0.0,0,7.0,1,0.010364670838507561,0.012284809695372101,0.003053477112676042
2023,12,5,19,0,19.4,23.8,89.0,961.5,1.1,0.0,0,15.0,1,0.10397948168529392,0.012284809695372101,0.013185886150234765
2023,12,5,20,8,19.4,23.8,89.0,961.5,1.1,0.0,0,3.0,1,0.040849951707289486,0.012284809695372101,0.008298488849765268
2023,12,5,21,5,19.4,23.8,89.0,961.5,1.1,0.0,0,6.0,1,0.004748106844578701,0.012284809695372101,0.00010086561032859889
2023,12,5,22,7,19.4,23.8,89.0,961.5,1.1,0.0,0,19.0,1,0.049607570998401025,0.012284809695372101,0.07914282570422536
2023,12,5,23,6,19.4,23.8,89.0,961.5,1.1,0.0,0,8.0,1,0.05899015478016672,0.012284809695372101,0.061307951877934336
2023,12,5,24,2,19.4,23.8,89.0,961.5,1.1,0.0,0,5.0,1,0.0,0.012284809695372101,0.00022924002347423053
2023,12,5,25,9,19.4,23.8,89.0,961.5,1.1,0.0,0,18.0,1,0.10721793404595525,0.012284809695372101,0.1006363703051644
2023,12,5,26,1,19.4,23.8,89.0,961.5,1.1,0.0,0,10.0,1,0.15209363104369075,0.012284809695372101,0.10457012910798119
2023,12,5,27,7,19.4,23.8,89.0,961.5,1.1,0.0,0,11.0,1,0.04756223266535192,0.012284809695372101,0.10556044600938967
2023,12,5,28,8,19.4,23.8,89.0,961.5,1.1,0.0,0,1.0,1,0.013986837370743832,0.012284809695372101,0.0
2023,12,5,30,4,19.4,23.8,89.0,961.5,1.1,0.0,0,17.0,1,0.08761677502089991,0.012284809695372101,0.11346464201877943
2023,13,8,0,9,18.15,23.25,78.0,1009.4,2.2,0.0,0,4.0,0,0.008280910761008724,0.003771204261881473,0.013708027587558645
2023,13,8,1,1,18.15,23.25,78.0,1009.4,2.2,0.0,0,5.0,0,0.003869064187496403,0.007472311790270591,0.012286998811725939
2023,13,8,5,4,18.15,23.25,78.0,1009.4,2.2,0.0,0,19.0,0,0.02221232533541153,0.007388195710079925,0.016341830922076212
2023,13,8,9,0,18.15,23.25,78.0,1009.4,2.2,0.0,0,12.0,0,0.014515949451650505,0.006112435160521619,0.019343141698619316
2023,13,8,11,6,18.15,23.25,78.0,1009.4,2.2,0.0,0,13.0,0,0.005191226409842321,0.004317958783120804,0.013377270889735502
2023,13,8,12,3,18.15,23.25,78.0,1009.4,2.2,0.0,0,15.0,0,0.030214886154873798,0.019108369549978965,0.02461074836765445
2023,13,8,14,7,18.15,23.25,78.0,1009.4,2.2,0.0,0,20.0,0,0.013986837370743832,0.012284809695372101,0.057723168894170146
2023,13,8,15,2,18.15,23.25,78.0,1009.4,2.2,0.0,0,9.0,0,0.02320046762790182,0.008201317818589765,0.017909862674719203
2023,13,8,16,3,18.15,23.25,78.0,1009.4,2.2,0.0,0,18.0,0,0.020458720703668637,0.01505677835412867,0.013468990841666749
2023,13,8,18,5,18.15,23.25,78.0,1009.4,2.2,0.0,0,2.0,0,0.008461838223013832,0.0,0.018706128799108195
2023,13,8,19,0,18.15,23.25,78.0,1009.4,2.2,0.0,0,17.0,0,0.013221622223459371,0.009406981634655916,0.02664428954686329
2023,13,8,20,8,18.15,23.25,78.0,1009.4,2.2,0.0,0,7.0,0,0.006555141123420216,0.006827421842142083,0.012250248067523367
2023,13,8,21,5,18.15,23.25,78.0,1009.4,2.2,0.0,0,8.0,0,0.011217502644324407,0.022024393663255263,0.015447562813146912
2023,13,8,23,6,18.15,23.25,78.0,1009.4,2.2,0.0,0,3.0,0,0.013374714691309894,0.009519136408243405,0.004642844017591416
2023,13,8,24,2,18.15,23.25,78.0,1009.4,2.2,0.0,0,6.0,0,0.013986837370743832,0.010696761530912733,0.02213619825801475
2023,13,8,25,9,18.15,23.25,78.0,1009.4,2.2,0.0,0,10.0,0,0.010646885264154101,0.008467685405860076,0.023753231002927724
2023,13,8,26,1,18.15,23.25,78.0,1009.4,2.2,0.0,0,11.0,0,0.36950954740299496,0.007079770082714082,0.029731352059879295
2023,13,8,27,7,18.15,23.25,78.0,1009.4,2.2,0.0,0,14.0,0,0.012483994878360955,0.005467545212393111,0.02343472455317216
2023,13,8,28,8,18.15,23.25,78.0,1009.4,2.2,0.0,0,1.0,0,0.0,0.00032244497406415444,0.0
2023,13,8,30,4,18.15,23.25,78.0,1009.4,2.2,0.0,0,16.0,0,0.027473139230640615,0.010430393943642223,0.08392644951060257
2023,14,12,0,9,28.2,39.3,41.0,999.0,1.2,0.0,0,6.0,0,0.009521274665182697,0.007670087886423639,0.014114099268340861
2023,14,12,1,1,28.2,39.3,41.0,999.0,1.2,0.0,0,10.0,0,0.006738691217924703,0.008800934177370708,0.009874925845362769
2023,14,12,5,4,28.2,39.3,41.0,999.0,1.2,0.0,0,14.0,0,0.015667154626952368,0.015241841312764978,0.019762210796915036
2023,14,12,9,0,28.2,39.3,41.0,999.0,1.2,0.0,0,17.0,0,0.015413092660028806,0.01593018253334143,0.023976666007514306
2023,14,12,11,6,28.2,39.3,41.0,999.0,1.2,0.0,0,8.0,0,0.007404091607486468,0.01755270112470035,0.006686276448487205
2023,14,12,12,3,28.2,39.3,41.0,999.0,1.2,0.0,0,13.0,0,0.017058446350581277,0.01150513182963546,0.013261320941269443
2023,14,12,14,7,28.2,39.3,41.0,999.0,1.2,0.0,0,12.0,0,0.01422747014771891,0.022272755208653402,0.017105002966185487
2023,14,12,15,2,28.2,39.3,41.0,999.0,1.2,0.0,0,3.0,0,0.003738340370446514,0.004437342511216151,0.007094126952738753
2023,14,12,16,3,28.2,39.3,41.0,999.0,1.2,0.0,0,19.0,0,0.01887317468574957,0.014983713355048786,0.012013051216135976
2023,14,12,18,5,28.2,39.3,41.0,999.0,1.2,0.0,0,9.0,0,0.007065342318254996,0.00023354434269548578,0.01981164722167286
2023,14,12,19,0,28.2,39.3,41.0,999.0,1.2,0.0,0,18.0,0,0.0173367046953072,0.016729150021510538,0.022580087008107548
2023,14,12,20,8,28.2,39.3,41.0,999.0,1.2,0.0,0,5.0,0,0.002141379435498587,0.0022739843894044897,0.015819655922483522
2023,14,12,21,5,28.2,39.3,41.0,999.0,1.2,0.0,0,7.0,0,0.009545471042984883,0.002335443426955906,0.017179157603322132
2023,14,12,23,6,28.2,39.3,41.0,999.0,1.2,0.0,0,4.0,0,0.006436236495396597,0.010091573965951667,0.010109748862962203
2023,14,12,24,2,28.2,39.3,41.0,999.0,1.2,0.0,0,1.0,0,0.0005565166894516675,0.0,0.0
2023,14,12,25,9,28.2,39.3,41.0,999.0,1.2,0.0,0,15.0,0,0.012146581656726049,0.017208530514412037,0.018143167886098342
2023,14,12,26,1,28.2,39.3,41.0,999.0,1.2,0.0,0,20.0,0,0.013986837370743832,0.12953106754348223,0.016474688550524006
2023,14,12,27,7,28.2,39.3,41.0,999.0,1.2,0.0,0,11.0,0,0.007428287985288655,0.0164833138713047,0.01711736207237481
2023,14,12,28,8,28.2,39.3,41.0,999.0,1.2,0.0,0,2.0,0,0.0,0.003392538872841205,0.0010628831322918543
2023,14,12,30,4,28.2,39.3,41.0,999.0,1.2,0.0,0,16.0,0,0.0190546475192664,0.02447298875299612,0.022617164326675872
2023,15,23,0,9,29.5,34.1,78.0,1009.9,1.7,0.0,0,14.0,0,0.014001071237279082,0.03732088580112899,0.01417476782707877
2023,15,23,1,1,29.5,34.1,78.0,1009.9,1.7,0.0,0,7.0,0,0.006684520621317723,0.0038862353452018003,0.010709824580459503
2023,15,23,5,4,29.5,34.1,78.0,1009.9,1.7,0.0,0,16.0,0,0.015554365291912292,0.01069257490230134,0.01602128930646835
2023,15,23,9,0,29.5,34.1,78.0,1009.9,1.7,0.0,0,12.0,0,0.013808248527048757,0.018497611810681647,0.013968391897029288
2023,15,23,11,6,29.5,34.1,78.0,1009.9,1.7,0.0,0,5.0,0,0.002035350830209019,0.005047763786365493,0.005105088795959364
2023,15,23,12,3,29.5,34.1,78.0,1009.9,1.7,0.0,0,9.0,0,0.017514729512587094,0.01106165870603551,0.00902623146689842
2023,15,23,14,7,29.5,34.1,78.0,1009.9,1.7,0.0,0,10.0,0,0.016539903588645006,0.012646547980894398,0.014033563243360686
2023,15,23,15,2,29.5,34.1,78.0,1009.9,1.7,0.0,0,3.0,0,0.0,0.00019539730785932133,0.0034323575734535655
2023,15,23,16,3,29.5,34.1,78.0,1009.9,1.7,0.0,0,6.0,0,0.01646491697911094,0.00973729917498905,0.009830011404985621
2023,15,23,18,5,29.5,34.1,78.0,1009.9,1.7,0.0,0,4.0,0,0.001842528119978696,0.006415544941380742,0.0025851300711453814
2023,15,23,19,0,29.5,34.1,78.0,1009.9,1.7,0.0,0,8.0,0,0.0076700589180504365,0.013471558836300473,0.009927768424482718
2023,15,23,20,8,29.5,34.1,78.0,1009.9,1.7,0.0,0,13.0,0,0.004017139796464917,0.007511940946591327,0.007809699668712413
2023,15,23,21,5,29.5,34.1,78.0,1009.9,1.7,0.0,0,17.0,0,0.022753079807177393,0.014557099435518823,0.007223157551729824
2023,15,23,23,6,29.5,34.1,78.0,1009.9,1.7,0.0,0,2.0,0,0.003695768612747712,0.002551020408163259,0.0007494704828110858
2023,15,23,24,2,29.5,34.1,78.0,1009.9,1.7,0.0,0,1.0,0,0.0008355650776647345,0.0,0.0
2023,15,23,25,9,29.5,34.1,78.0,1009.9,1.7,0.0,0,18.0,0,0.02600964113551164,0.023957881024750254,0.01784608700374736
2023,15,23,26,1,29.5,34.1,78.0,1009.9,1.7,0.0,0,20.0,0,0.013047670058918088,0.013786365610073773,0.011524466409601988
2023,15,23,27,7,29.5,34.1,78.0,1009.9,1.7,0.0,0,15.0,0,0.007412961971076672,0.014730785931393826,0.00955846412860474
2023,15,23,28,8,29.5,34.1,78.0,1009.9,1.7,0.0,0,11.0,0,0.0013497589716122632,0.007946157186278759,0.003399771900287866
2023,15,23,30,4,29.5,34.1,78.0,1009.9,1.7,0.0,0,19.0,0,0.02256025709694707,0.015794615718627857,0.01707489273882586
2023,16,18,0,9,25.7,36.8,48.0,1009.5,3.5,0.0,0,13.0,0,0.014664964483289076,0.009560250529287275,0.020450441468089154
2023,16,18,1,1,25.7,36.8,48.0,1009.5,3.5,0.0,0,10.0,0,0.010944166202930811,0.00886556104446015,0.014202310922042504
2023,16,18,5,4,25.7,36.8,48.0,1009.5,3.5,0.0,0,16.0,0,0.024146998810653852,0.011589184897671157,0.015864047769395262
2023,16,18,9,0,25.7,36.8,48.0,1009.5,3.5,0.0,0,12.0,0,0.016170742086484002,0.01644098447424135,0.021403170593904775
2023,16,18,11,6,25.7,36.8,48.0,1009.5,3.5,0.0,0,7.0,0,0.02239025827359316,0.012581598447424038,0.00988179511892508
2023,16,18,12,3,25.7,36.8,48.0,1009.5,3.5,0.0,0,18.0,0,0.019651488864883604,0.012228740296400788,0.018965956551120603
2023,16,18,14,7,25.7,36.8,48.0,1009.5,3.5,0.0,0,11.0,0,0.014817724529989959,0.01602196541990123,0.019730355500902942
2023,16,18,15,2,25.7,36.8,48.0,1009.5,3.5,0.0,0,4.0,0,0.01011489737798283,0.003528581510232811,0.008364075465009469
2023,16,18,16,3,25.7,36.8,48.0,1009.5,3.5,0.0,0,15.0,0,0.025401813479982854,0.01633071630204652,0.017869210231867678
2023,16,18,18,5,25.7,36.8,48.0,1009.5,3.5,0.0,0,3.0,0,0.008129016770870735,0.00511644318983767,0.002658778955764666
2023,16,18,19,0,25.7,36.8,48.0,1009.5,3.5,0.0,0,14.0,0,0.02039346623457396,0.012195659844742354,0.018356653040424636
2023,16,18,20,8,25.7,36.8,48.0,1009.5,3.5,0.0,0,5.0,0,0.015232358942464027,0.011269407198306186,0.008164667043327118
2023,16,18,21,5,25.7,36.8,48.0,1009.5,3.5,0.0,0,2.0,0,0.01163158641308486,0.010740119971771388,0.003190534746917599
2023,16,18,23,6,25.7,36.8,48.0,1009.5,3.5,0.0,0,8.0,0,0.018145711261688836,0.007057163020465779,0.013714868113485544
2023,16,18,24,2,25.7,36.8,48.0,1009.5,3.5,0.0,0,6.0,0,0.006830556373912845,0.006053722653493212,0.0096380737146466
2023,16,18,26,1,25.7,36.8,48.0,1009.5,3.5,0.0,0,17.0,0,0.0151996246467424,0.011942043048694407,0.0209046495396989
2023,16,18,27,7,25.7,36.8,48.0,1009.5,3.5,0.0,0,9.0,0,0.0103658603118486,0.01642995765702182,0.018655765672948004
2023,16,18,28,8,25.7,36.8,48.0,1009.5,3.5,0.0,0,1.0,0,0.0,0.0,0.0
2023,16,18,30,4,25.7,36.8,48.0,1009.5,3.5,0.0,0,19.0,0,0.03474199919255401,0.016286609033168708,0.015520622154275765
2023,17,21,0,9,31.4,34.4,56.0,1006.5,3.2,0.0,0,14.0,1,0.013290936542068973,0.012284809695372101,0.026712766713240348
2023,17,21,1,1,31.4,34.4,56.0,1006.5,3.2,0.0,0,4.0,1,0.0056160497781031216,0.012284809695372101,0.005979586520472798
2023,17,21,5,4,31.4,34.4,56.0,1006.5,3.2,0.0,0,9.0,1,0.01844946698998032,0.012284809695372101,0.0211002439197671
2023,17,21,9,0,31.4,34.4,56.0,1006.5,3.2,0.0,0,7.0,1,0.01593311067392598,0.012284809695372101,0.014587822956876094
2023,17,21,11,6,31.4,34.4,56.0,1006.5,3.2,0.0,0,3.0,1,0.01430891705174549,0.012284809695372101,0.01387737703365159
2023,17,21,12,3,31.4,34.4,56.0,1006.5,3.2,0.0,0,15.0,1,0.008498421558310943,0.012284809695372101,0.010254102825206618
2023,17,21,14,7,31.4,34.4,56.0,1006.5,3.2,0.0,0,18.0,1,0.020702749691174478,0.012284809695372101,0.018791294669287462
2023,17,21,15,2,31.4,34.4,56.0,1006.5,3.2,0.0,0,5.0,1,0.0055016699455553,0.012284809695372101,0.008016198167049599
2023,17,21,16,3,31.4,34.4,56.0,1006.5,3.2,0.0,0,19.0,1,0.023722377270439656,0.012284809695372101,0.03033604092168532
2023,17,21,18,5,31.4,34.4,56.0,1006.5,3.2,0.0,0,10.0,1,0.011586677037104878,0.012284809695372101,0.0009709427617402118
2023,17,21,19,0,31.4,34.4,56.0,1006.5,3.2,0.0,0,8.0,1,0.014915130164249463,0.012284809695372101,0.012503848248750938
2023,17,21,20,8,31.4,34.4,56.0,1006.5,3.2,0.0,0,13.0,1,0.006725534153818091,0.012284809695372101,0.008158287351694498
2023,17,21,21,5,31.4,34.4,56.0,1006.5,3.2,0.0,0,6.0,1,0.010888960058562453,0.012284809695372101,0.0
2023,17,21,23,6,31.4,34.4,56.0,1006.5,3.2,0.0,0,2.0,1,0.010385688795351618,0.012284809695372101,0.0045823762047978835
2023,17,21,24,2,31.4,34.4,56.0,1006.5,3.2,0.0,0,12.0,1,0.0038202864071007364,0.012284809695372101,0.0083003765363394
2023,17,21,25,9,31.4,34.4,56.0,1006.5,3.2,0.0,0,16.0,1,0.012833417211877201,0.012284809695372101,0.026416747578563583
2023,17,21,26,1,31.4,34.4,56.0,1006.5,3.2,0.0,0,17.0,1,0.01443473486754816,0.012284809695372101,0.02835863310204384
2023,17,21,27,7,31.4,34.4,56.0,1006.5,3.2,0.0,0,11.0,1,0.00685135196962076,0.012284809695372101,0.026168091505435007
2023,17,21,28,8,31.4,34.4,56.0,1006.5,3.2,0.0,0,1.0,1,0.0,0.012284809695372101,0.0010538281194497935
2023,17,21,30,4,31.4,34.4,56.0,1006.5,3.2,0.0,0,20.0,1,0.01919293590154181,0.012284809695372101,0.021550193004475898
2023,18,24,0,9,35.5,41.4,13.0,993.0,1.3,0.0,0,18.0,1,0.006047209942447225,0.012284809695372101,0.008758382872495748
2023,18,24,1,1,35.5,41.4,13.0,993.0,1.3,0.0,0,17.0,1,0.020101759946617705,0.012284809695372101,0.016384945736106188
2023,18,24,5,4,35.5,41.4,13.0,993.0,1.3,0.0,0,13.0,1,0.016734089582116835,0.012284809695372101,0.02521737290824854
2023,18,24,9,0,35.5,41.4,13.0,993.0,1.3,0.0,0,7.0,1,0.008267995662690717,0.012284809695372101,0.013190463094205504
2023,18,24,11,6,35.5,41.4,13.0,993.0,1.3,0.0,0,3.0,1,0.0029297689548752155,0.012284809695372101,0.0007298652393746707
2023,18,24,12,3,35.5,41.4,13.0,993.0,1.3,0.0,0,16.0,1,0.00823671699057461,0.012284809695372101,0.02338742093126572
2023,18,24,15,2,35.5,41.4,13.0,993.0,1.3,0.0,0,1.0,1,0.0016264909500374478,0.012284809695372101,0.0005817766400813093
2023,18,24,16,3,35.5,41.4,13.0,993.0,1.3,0.0,0,14.0,1,0.005838685461673075,0.012284809695372101,0.02521737290824854
2023,18,24,18,5,35.5,41.4,13.0,993.0,1.3,0.0,0,2.0,1,0.014012845108015618,0.012284809695372101,0.0010683534663309896
2023,18,24,19,0,35.5,41.4,13.0,993.0,1.3,0.0,0,8.0,1,0.012031862540662235,0.012284809695372101,0.01691383359072546
2023,18,24,20,8,35.5,41.4,13.0,993.0,1.3,0.0,0,9.0,1,0.0031278672116106135,0.012284809695372101,0.005320611817470225
2023,18,24,21,5,35.5,41.4,13.0,993.0,1.3,0.0,0,10.0,1,0.026148969889064927,0.012284809695372101,0.0037656815248895553
2023,18,24,22,7,35.5,41.4,13.0,993.0,1.3,0.0,0,15.0,1,0.012928517807990604,0.012284809695372101,0.015231970213036005
2023,18,24,23,6,35.5,41.4,13.0,993.0,1.3,0.0,0,5.0,1,0.005859537909750579,0.012284809695372101,0.006991897438067247
2023,18,24,24,2,35.5,41.4,13.0,993.0,1.3,0.0,0,4.0,1,0.00647468512803398,0.012284809695372101,0.004241680594046799
2023,18,24,25,9,35.5,41.4,13.0,993.0,1.3,0.0,0,20.0,1,0.011208190841604685,0.012284809695372101,0.028009900780638582
2023,18,24,26,1,35.5,41.4,13.0,993.0,1.3,0.0,0,19.0,1,0.041996830427892144,0.012284809695372101,0.01737925490279042
2023,18,24,27,7,35.5,41.4,13.0,993.0,1.3,0.0,0,11.0,1,0.012428059054132882,0.012284809695372101,0.02546066132137338
2023,18,24,28,8,35.5,41.4,13.0,993.0,1.3,0.0,0,6.0,1,0.0,0.012284809695372101,0.0
2023,18,24,30,4,35.5,41.4,13.0,993.0,1.3,0.0,0,12.0,1,0.01570189340228543,0.012284809695372101,0.017389832659882858
2023,19,10,0,9,25.8,44.3,27.0,780.2,1.25,0.0,0,14.0,0,0.0011917007451265568,0.009658643214803026,0.0008987379151847314
2023,19,10,1,1,25.8,44.3,27.0,780.2,1.25,0.0,0,13.0,0,0.020434531724328138,0.022113209465470282,0.02033715510932509
2023,19,10,5,4,25.8,44.3,27.0,780.2,1.25,0.0,0,9.0,0,0.013986837370743832,0.003418651348397316,0.007061512190737827
2023,19,10,9,0,25.8,44.3,27.0,780.2,1.25,0.0,0,11.0,0,0.013986837370743832,0.01214955646493644,0.020825041406139663
2023,19,10,11,6,25.8,44.3,27.0,780.2,1.25,0.0,0,6.0,0,0.012619483679971902,0.004295554482372898,0.008152836802033782
2023,19,10,12,3,25.8,44.3,27.0,780.2,1.25,0.0,0,12.0,0,0.015680272962191724,0.010789721170220744,0.018398449035140558
2023,19,10,15,2,25.8,44.3,27.0,780.2,1.25,0.0,0,1.0,0,0.007263102436087126,0.0033805251251809863,0.013904759459216537
2023,19,10,16,3,25.8,44.3,27.0,780.2,1.25,0.0,0,17.0,0,0.013986837370743832,0.018122664768827842,0.021646744642879977
2023,19,10,18,5,25.8,44.3,27.0,780.2,1.25,0.0,0,19.0,0,0.006510449333901895,0.0015123401875810152,0.00761359405292287
2023,19,10,19,0,25.8,44.3,27.0,780.2,1.25,0.0,0,16.0,0,0.012029905416593531,0.0049691177591946615,0.025061948720582358
2023,19,10,20,8,25.8,44.3,27.0,780.2,1.25,0.0,0,5.0,0,0.003725632855816717,0.0038380398037769423,0.0017846367172955151
2023,19,10,21,5,25.8,44.3,27.0,780.2,1.25,0.0,0,7.0,0,0.009345442685466146,0.00606206949139605,0.006483752102404708
2023,19,10,22,7,25.8,44.3,27.0,780.2,1.25,0.0,0,4.0,0,0.010662585614290301,0.00401596217878642,0.007857537201330065
2023,19,10,23,6,25.8,44.3,27.0,780.2,1.25,0.0,0,8.0,0,0.013986837370743832,0.006875428920011142,0.0046349198197389065
2023,19,10,24,2,25.8,44.3,27.0,780.2,1.25,0.0,0,2.0,0,0.009546150179382267,0.007256691152174439,0.01805179298214087
2023,19,10,25,9,25.8,44.3,27.0,780.2,1.25,0.0,0,20.0,0,0.018051130234075025,0.015428411661540789,0.010669302964551248
2023,19,10,26,1,25.8,44.3,27.0,780.2,1.25,0.0,0,18.0,0,0.012155347600290951,0.017652441349159897,0.015496809480401013
2023,19,10,27,7,25.8,44.3,27.0,780.2,1.25,0.0,0,15.0,0,0.013986837370743832,0.007676079607554065,0.007228420660700789
2023,19,10,28,8,25.8,44.3,27.0,780.2,1.25,0.0,0,3.0,0,0.0,0.0,0.0
2023,19,10,30,4,25.8,44.3,27.0,780.2,1.25,0.0,0,10.0,0,0.017699892119722036,0.00926467224156774,0.013224286466290923
2023,20,16,0,9,29.6,38.3,56.5,917.0,2.6,0.0,0,15.0,1,0.004349523225338728,0.012284809695372101,0.026946277363994305
2023,20,16,1,1,29.6,38.3,56.5,917.0,2.6,0.0,0,4.0,1,0.012309708358891367,0.012284809695372101,0.02268414941519645
2023,20,16,5,4,29.6,38.3,56.5,917.0,2.6,0.0,0,18.0,1,0.01784419784754365,0.012284809695372101,0.017699866897000933
2023,20,16,9,0,29.6,38.3,56.5,917.0,2.6,0.0,0,13.0,1,0.006301232364913821,0.012284809695372101,0.01699187222112094
2023,20,16,11,6,29.6,38.3,56.5,917.0,2.6,0.0,0,5.0,1,0.012630346288964561,0.012284809695372101,0.004502846138597008
2023,20,16,12,3,29.6,38.3,56.5,917.0,2.6,0.0,0,11.0,1,0.0027323927954050905,0.012284809695372101,0.01600067967488878
2023,20,16,15,2,29.6,38.3,56.5,917.0,2.6,0.0,0,2.0,1,0.0015056041933865511,0.012284809695372101,0.006442751550508316
2023,20,16,16,3,29.6,38.3,56.5,917.0,2.6,0.0,0,14.0,1,0.011989070428818372,0.012284809695372101,0.015646682336948884
2023,20,16,18,5,29.6,38.3,56.5,917.0,2.6,0.0,0,7.0,1,0.02644565884124248,0.012284809695372101,0.0
2023,20,16,19,0,29.6,38.3,56.5,917.0,2.6,0.0,0,12.0,1,0.014595996208107916,0.012284809695372101,0.025006371952082995
2023,20,16,20,8,29.6,38.3,56.5,917.0,2.6,0.0,0,9.0,1,0.018457592148552922,0.012284809695372101,0.0018974257313585051
2023,20,16,21,5,29.6,38.3,56.5,917.0,2.6,0.0,0,10.0,1,0.029359281771036562,0.012284809695372101,0.008028659624479526
2023,20,16,22,7,29.6,38.3,56.5,917.0,2.6,0.0,0,17.0,1,0.014582055428539655,0.012284809695372101,0.007079946758800374
2023,20,16,23,6,29.6,38.3,56.5,917.0,2.6,0.0,0,6.0,1,0.001854123682596269,0.012284809695372101,0.0033275749766361676
2023,20,16,24,2,29.6,38.3,56.5,917.0,2.6,0.0,0,8.0,1,0.0,0.012284809695372101,0.007136586332870846
2023,20,16,25,9,29.6,38.3,56.5,917.0,2.6,0.0,0,19.0,1,0.011807840294429184,0.012284809695372101,0.028220667780578218
2023,20,16,26,1,29.6,38.3,56.5,917.0,2.6,0.0,0,3.0,1,0.0056320749456309094,0.012284809695372101,0.02633740194273738
2023,20,16,27,7,29.6,38.3,56.5,917.0,2.6,0.0,0,16.0,1,0.013689845536162372,0.012284809695372101,0.0056214777264875756
2023,20,16,28,8,29.6,38.3,56.5,917.0,2.6,0.0,0,1.0,1,0.014791167122065565,0.012284809695372101,0.0008637535045737454
2023,20,16,30,4,29.6,38.3,56.5,917.0,2.6,0.0,0,20.0,1,0.010441643896726638,0.012284809695372101,0.0265498003455014
2023,21,19,0,9,15.2,16.9,61.0,942.2,0.8,0.0,0,6.0,0,0.18974521598668098,0.014937280218338338,0.006727386734401024
2023,21,19,1,1,15.2,16.9,61.0,942.2,0.8,0.0,0,10.0,0,0.013986837370743832,0.0055424342623209555,0.007386309289745179
2023,21,19,5,4,15.2,16.9,61.0,942.2,0.8,0.0,0,8.0,0,0.06181807370997631,0.009069437883797873,0.008661643267830739
2023,21,19,9,0,15.2,16.9,61.0,942.2,0.8,0.0,0,5.0,0,0.07277844394454402,0.019618957644465435,0.025421657296504478
2023,21,19,11,6,15.2,16.9,61.0,942.2,0.8,0.0,0,11.0,0,0.07535502284236291,0.014674854353645055,0.008077115194541474
2023,21,19,12,3,15.2,16.9,61.0,942.2,0.8,0.0,0,13.0,0,0.02514146409140901,0.012848370335380294,0.010829711030576039
2023,21,19,15,2,15.2,16.9,61.0,942.2,0.8,0.0,0,1.0,0,0.0,0.0,0.01928942641854333
2023,21,19,16,3,15.2,16.9,61.0,942.2,0.8,0.0,0,9.0,0,0.033218047944187236,0.017341101138928262,0.010351460788793954
2023,21,19,18,5,15.2,16.9,61.0,942.2,0.8,0.0,0,16.0,0,0.07965592761795277,0.016784758305778656,0.01058527201810969
2023,21,19,19,0,15.2,16.9,61.0,942.2,0.8,0.0,0,17.0,0,0.04415859834107947,0.02074214034535243,0.012795850913457892
2023,21,19,20,8,15.2,16.9,61.0,942.2,0.8,0.0,0,12.0,0,0.058309962441407605,0.00860756836193768,0.0065148310713868144
2023,21,19,21,5,15.2,16.9,61.0,942.2,0.8,0.0,0,19.0,0,0.2249353377795835,0.01807589356006922,0.00422985769398357
2023,21,19,22,7,15.2,16.9,61.0,942.2,0.8,0.0,0,15.0,0,0.07671268172313668,0.02535033852936552,0.039163380910375925
2023,21,19,23,6,15.2,16.9,61.0,942.2,0.8,0.0,0,4.0,0,0.045466707627664464,0.01705768120505957,0.0
2023,21,19,24,2,15.2,16.9,61.0,942.2,0.8,0.0,0,2.0,0,0.048707251087613514,0.005426966881855832,0.019618887696215333
2023,21,19,25,9,15.2,16.9,61.0,942.2,0.8,0.0,0,7.0,0,0.013986837370743832,0.030178974439720778,0.005866536299193271
2023,21,19,26,1,15.2,16.9,61.0,942.2,0.8,0.0,0,14.0,0,0.013986837370743832,0.0129218495774943,0.01232822845482657
2023,21,19,27,7,15.2,16.9,61.0,942.2,0.8,0.0,0,20.0,0,0.04953968426998578,0.02253713325985415,0.021191799602520905
2023,21,19,28,8,15.2,16.9,61.0,942.2,0.8,0.0,0,3.0,0,0.03456579690612333,0.009636277751535258,0.005951558564399076
2023,21,19,30,4,15.2,16.9,61.0,942.2,0.8,0.0,0,18.0,0,0.07841718776323219,0.025098409699260017,0.01900247627347408
2023,22,0,0,9,26.8,31.95,66.0,1014.5,1.5,0.0,0,14.0,0,0.013986837370743832,0.014998408187810322,0.006053211400412183
2023,22,0,1,1,26.8,31.95,66.0,1014.5,1.5,0.0,0,7.0,0,0.013986837370743832,0.0069332264264406855,0.010957378758084734
2023,22,0,5,4,26.8,31.95,66.0,1014.5,1.5,0.0,0,18.0,0,0.004426526628868856,0.0025351083021849497,0.01186950650335231
2023,22,0,9,0,26.8,31.95,66.0,1014.5,1.5,0.0,0,10.0,0,0.007528580723115486,0.006037095119621744,0.010483546163140454
2023,22,0,11,6,26.8,31.95,66.0,1014.5,1.5,0.0,0,11.0,0,0.013986837370743832,0.0059663479111886734,0.010353242199530849
2023,22,0,12,3,26.8,31.95,66.0,1014.5,1.5,0.0,0,8.0,0,0.013986837370743832,0.027567828886085298,0.013812220142623573
2023,22,0,15,2,26.8,31.95,66.0,1014.5,1.5,0.0,0,2.0,0,0.013986837370743832,0.0,0.00806699992892508
2023,22,0,16,3,26.8,31.95,66.0,1014.5,1.5,0.0,0,17.0,0,0.01614927037828795,0.01891308705443997,0.014617735554028698
2023,22,0,18,5,26.8,31.95,66.0,1014.5,1.5,0.0,0,5.0,0,0.013986837370743832,0.000507021660437057,0.0011253524129924762
2023,22,0,19,0,26.8,31.95,66.0,1014.5,1.5,0.0,0,12.0,0,0.013986837370743832,0.008925939463972044,0.009192352341917556
2023,22,0,20,8,26.8,31.95,66.0,1014.5,1.5,0.0,0,9.0,0,0.013986837370743832,0.0035727340258698637,0.009962330308701863
2023,22,0,21,5,26.8,31.95,66.0,1014.5,1.5,0.0,0,3.0,0,0.006889580816061013,0.006508743175842266,0.0046435594304531725
2023,22,0,22,7,26.8,31.95,66.0,1014.5,1.5,0.0,0,15.0,0,0.0041941630263036085,0.00775861052482639,0.013966215735980333
2023,22,0,23,6,26.8,31.95,66.0,1014.5,1.5,0.0,0,4.0,0,0.0,0.003690646039925036,0.0
2023,22,0,24,2,26.8,31.95,66.0,1014.5,1.5,0.0,0,16.0,0,0.007017380797471874,0.022379700267660226,0.015340330261318527
2023,22,0,25,9,26.8,31.95,66.0,1014.5,1.5,0.0,0,20.0,0,0.0077841806859373745,0.021813722600195835,0.009322656305527161
2023,22,0,26,1,26.8,31.95,66.0,1014.5,1.5,0.0,0,13.0,0,0.006494562691699943,0.008053390559964237,0.011691819280248225
2023,22,0,27,7,26.8,31.95,66.0,1014.5,1.5,0.0,0,6.0,0,0.007586671623756757,0.010140433208739632,0.0095240351583784
2023,22,0,28,8,26.8,31.95,66.0,1014.5,1.5,0.0,0,1.0,0,0.013986837370743832,0.0020398778431534605,0.008706673932099783
2023,22,0,30,4,26.8,31.95,66.0,1014.5,1.5,0.0,0,19.0,0,0.013986837370743832,0.004881557381881657,0.009950484493828201
2024,1,4,0,9,18.1,21.5,47.0,1019.1,2.0,0.0,0,13.0,0,0.007688249038968855,0.010611459047956306,0.012562758742182743
2024,1,4,1,1,18.1,21.5,47.0,1019.1,2.0,0.0,0,6.0,0,0.0034887852781875337,0.0031646269944895808,0.0015524530960980066
2024,1,4,5,4,18.1,21.5,47.0,1019.1,2.0,0.0,0,16.0,0,0.005222410061484451,0.018002965454666273,0.014005108781819845
2024,1,4,9,0,18.1,21.5,47.0,1019.1,2.0,0.0,0,20.0,0,0.02449687193789107,0.01744970898709804,0.017154056196600095
2024,1,4,11,6,18.1,21.5,47.0,1019.1,2.0,0.0,0,9.0,0,0.004662481560047022,0.0,0.0069144719457412155
2024,1,4,12,3,18.1,21.5,47.0,1019.1,2.0,0.0,0,10.0,0,0.05458226103436026,0.005643215969194737,0.004998678763322555
2024,1,4,15,2,18.1,21.5,47.0,1019.1,2.0,0.0,0,2.0,0,0.004296374462953202,0.008177130590656653,0.002972782524442835
2024,1,4,16,3,18.1,21.5,47.0,1019.1,2.0,0.0,0,15.0,0,0.04961827951200082,0.01538052979839335,0.009325728882233864
2024,1,4,18,5,18.1,21.5,47.0,1019.1,2.0,0.0,0,7.0,0,0.00034457138549996746,0.02471949897094307,0.0032370298599488784
2024,1,4,19,0,18.1,21.5,47.0,1019.1,2.0,0.0,0,19.0,0,0.020868104534344102,0.018290658817801644,0.014313397339910125
2024,1,4,20,8,18.1,21.5,47.0,1019.1,2.0,0.0,0,5.0,0,0.005857713553500059,0.008199260849359326,0.004668369593940001
2024,1,4,21,5,18.1,21.5,47.0,1019.1,2.0,0.0,0,8.0,0,0.0026273568144375386,0.004536703034058588,0.004249977979388661
2024,1,4,22,7,18.1,21.5,47.0,1019.1,2.0,0.0,0,14.0,0,0.0,0.01263637771925565,0.0068814410288029594
2024,1,4,23,6,18.1,21.5,47.0,1019.1,2.0,0.0,0,3.0,0,0.0041133209144063685,0.0022794166463806303,0.00402977186646701
2024,1,4,24,2,18.1,21.5,47.0,1019.1,2.0,0.0,0,4.0,0,0.005556213591187645,0.00437072609378815,0.0
2024,1,4,25,9,18.1,21.5,47.0,1019.1,2.0,0.0,0,18.0,0,0.014471998191000162,0.014838338460176691,0.014324407645556262
2024,1,4,26,1,18.1,21.5,47.0,1019.1,2.0,0.0,0,12.0,0,0.010757087941078242,0.005720671874654327,0.0062978948295604985
2024,1,4,27,7,18.1,21.5,47.0,1019.1,2.0,0.0,0,11.0,0,0.00338110672021888,0.016675149932502766,0.008885316656390405
2024,1,4,28,8,18.1,21.5,47.0,1019.1,2.0,0.0,0,1.0,0,0.003973338789046934,0.005278066700599773,0.002620452743768162
2024,1,4,30,4,18.1,21.5,47.0,1019.1,2.0,0.0,0,17.0,0,0.01134932000990645,0.018523026534180257,0.01294811943979567
2024,2,22,0,9,25.1,30.8,56.0,1014.8,1.5,0.0,0,12.0,0,0.012134866549927991,0.010830040415639427,0.015789711803827544
2024,2,22,1,1,25.1,30.8,56.0,1014.8,1.5,0.0,0,4.0,0,0.0020745268182780626,0.0,0.007080486811744904
2024,2,22,3,2,25.1,30.8,56.0,1014.8,1.5,0.0,0,11.0,0,0.013986837370743832,0.012284809695372101,0.010111749536261946
2024,2,22,5,4,25.1,30.8,56.0,1014.8,1.5,0.0,0,16.0,0,0.012536387869594745,0.014927893545881405,0.018900149300999775
2024,2,22,9,0,25.1,30.8,56.0,1014.8,1.5,0.0,0,18.0,0,0.015469724177160133,0.007891744627196771,0.0128263131701579
2024,2,22,11,6,25.1,30.8,56.0,1014.8,1.5,0.0,0,8.0,0,0.006435494484658519,0.007621556508719271,0.009681943627561806
2024,2,22,12,3,25.1,30.8,56.0,1014.8,1.5,0.0,0,15.0,0,0.019540704223781163,0.014072297837369269,0.014285391123376815
2024,2,22,15,2,25.1,30.8,56.0,1014.8,1.5,0.0,0,2.0,0,0.004137900266565488,0.003974016909273179,0.002216893634348255
2024,2,22,16,3,25.1,30.8,56.0,1014.8,1.5,0.0,0,13.0,0,0.021392163642244416,0.013036576716538904,0.012136361579875958
2024,2,22,18,5,25.1,30.8,56.0,1014.8,1.5,0.0,0,6.0,0,0.006379727634704698,0.010481047429272602,0.006322671130615725
2024,2,22,19,0,25.1,30.8,56.0,1014.8,1.5,0.0,0,17.0,0,0.014343233808094972,0.012090918301867653,0.01315432294258694
2024,2,22,20,8,25.1,30.8,56.0,1014.8,1.5,0.0,0,3.0,0,0.002331054328065102,0.0053249575016605195,0.00558747681310229
2024,2,22,21,5,25.1,30.8,56.0,1014.8,1.5,0.0,0,5.0,0,0.014700141647798858,0.008634761953009737,0.009059856128127264
2024,2,22,22,7,25.1,30.8,56.0,1014.8,1.5,0.0,0,14.0,0,0.01403093944835427,0.01419613405833807,0.01502058544089025
2024,2,22,23,6,25.1,30.8,56.0,1014.8,1.5,0.0,0,7.0,0,0.0031229435974078107,0.00258930280207599,0.006243496357960373
2024,2,22,25,9,25.1,30.8,56.0,1014.8,1.5,0.0,0,19.0,0,0.014577454577900576,0.012462426964774216,0.6739130434782608
2024,2,22,26,1,25.1,30.8,56.0,1014.8,1.5,0.0,0,10.0,0,0.010272253761473943,0.00573023967937677,0.008087137492647934
2024,2,22,27,7,25.1,30.8,56.0,1014.8,1.5,0.0,0,9.0,0,0.01535819047725265,0.009445326308442237,0.013120390897163242
2024,2,22,28,8,25.1,30.8,56.0,1014.8,1.5,0.0,0,1.0,0,0.0,0.003726344467335417,0.0
2024,2,22,30,4,25.1,30.8,56.0,1014.8,1.5,0.0,0,20.0,0,0.016417760626373193,0.010694946356400677,0.026319956566981835
2024,3,1,0,9,18.8,34.6,54.0,1024.0,1.4,0.0,0,12.0,0,0.011188330533068645,0.012284809695372101,0.01362202466303415
2024,3,1,1,1,18.8,34.6,54.0,1024.0,1.4,0.0,0,10.0,0,0.014663204521154742,0.008217192696403912,0.0036890267747738516
2024,3,1,5,4,18.8,34.6,54.0,1024.0,1.4,0.0,0,13.0,0,0.018456290412911806,0.016926122908497907,0.013530776650937205
2024,3,1,9,0,18.8,34.6,54.0,1024.0,1.4,0.0,0,17.0,0,0.013466727763352261,0.018297811768055196,0.021847381182052844
2024,3,1,11,6,18.8,34.6,54.0,1024.0,1.4,0.0,0,11.0,0,0.0026347945623950903,0.020148297682363474,0.001199259587558969
2024,3,1,12,3,18.8,34.6,54.0,1024.0,1.4,0.0,0,16.0,0,0.01323761519270921,0.018440156838386547,0.01599447297755304
2024,3,1,15,2,18.8,34.6,54.0,1024.0,1.4,0.0,0,5.0,0,0.000445496665139387,0.0,0.0
2024,3,1,16,3,18.8,34.6,54.0,1024.0,1.4,0.0,0,14.0,0,0.011773840435823168,0.025855040956558932,0.01625518158354407
2024,3,1,18,5,18.8,34.6,54.0,1024.0,1.4,0.0,0,4.0,0,0.0,0.01136172470463398,0.010115493912454001
2024,3,1,19,0,18.8,34.6,54.0,1024.0,1.4,0.0,0,15.0,0,0.012690290718395374,0.018478978221204204,0.01572072894126239
2024,3,1,20,8,18.8,34.6,54.0,1024.0,1.4,0.0,0,3.0,0,0.0009928211394532225,0.010520594743584797,0.003910629089866219
2024,3,1,21,5,18.8,34.6,54.0,1024.0,1.4,0.0,0,6.0,0,0.004505880555980009,0.010352368751374887,0.004862215501733773
2024,3,1,22,7,18.8,34.6,54.0,1024.0,1.4,0.0,0,18.0,0,0.00903721806425345,0.016266159400597915,0.016281252444143118
2024,3,1,23,6,18.8,34.6,54.0,1024.0,1.4,0.0,0,7.0,0,0.00042003971284559406,0.008721870673033275,0.002242094011523282
2024,3,1,24,2,18.8,34.6,54.0,1024.0,1.4,0.0,0,2.0,0,0.001552874089914135,0.005564398203863926,0.0010037281330656487
2024,3,1,26,1,18.8,34.6,54.0,1024.0,1.4,0.0,0,9.0,0,0.0013110330431241872,0.007052551211874189,0.008173214797820415
2024,3,1,27,7,18.8,34.6,54.0,1024.0,1.4,0.0,0,8.0,0,0.0007255231403696625,0.011788759915628211,0.012500977657272509
2024,3,1,28,8,18.8,34.6,54.0,1024.0,1.4,0.0,0,1.0,0,0.00022911257064305132,0.0049303156178423105,0.0002607086059910319
2024,3,1,30,4,18.8,34.6,54.0,1024.0,1.4,0.0,0,19.0,0,0.01813807850924102,0.014803887314466212,0.015147170008082047
2024,4,18,0,9,17.5,26.7,58.0,1013.8,1.6,0.0,0,14.0,0,0.02095362885315804,0.30716283979941944,0.01083036521777965
2024,4,18,1,1,17.5,26.7,58.0,1013.8,1.6,0.0,0,5.0,0,0.006029581593675118,0.012284809695372101,0.005794803657760361
2024,4,18,5,4,17.5,26.7,58.0,1013.8,1.6,0.0,0,13.0,0,0.02218619525628503,0.2252203747690684,0.01097551444234789
2024,4,18,9,0,17.5,26.7,58.0,1013.8,1.6,0.0,0,17.0,0,0.02466243226436888,0.012284809695372101,0.017618882797583856
2024,4,18,11,6,17.5,26.7,58.0,1013.8,1.6,0.0,0,7.0,0,0.005407746291196689,0.0052889944576405895,0.005292364034255259
2024,4,18,12,3,17.5,26.7,58.0,1013.8,1.6,0.0,0,12.0,0,0.021120191880607635,0.15569279493269997,0.01759655214765018
2024,4,18,15,2,17.5,26.7,58.0,1013.8,1.6,0.0,0,8.0,0,0.005574309318646282,0.042596991290578104,0.009155566472762113
2024,4,18,16,3,17.5,26.7,58.0,1013.8,1.6,0.0,0,18.0,0,0.030503242426934352,0.012284809695372101,0.021202952111921226
2024,4,18,18,5,17.5,26.7,58.0,1013.8,1.6,0.0,0,3.0,0,0.013147374966687367,0.10822908419107954,0.006408896530933511
2024,4,18,19,0,17.5,26.7,58.0,1013.8,1.6,0.0,0,15.0,0,0.02086479523851831,0.2574610715228293,0.016290209126536663
2024,4,18,20,8,17.5,26.7,58.0,1013.8,1.6,0.0,0,2.0,0,0.0020098605312249868,0.012284809695372101,0.0030034724160645718
2024,4,18,21,5,17.5,26.7,58.0,1013.8,1.6,0.0,0,6.0,0,0.012314559829439558,0.0,0.007402610452977197
2024,4,18,22,7,17.5,26.7,58.0,1013.8,1.6,0.0,0,11.0,0,0.013986837370743832,0.07588281868566907,0.012493998637830352
2024,4,18,23,6,17.5,26.7,58.0,1013.8,1.6,0.0,0,9.0,0,0.005263391667406988,0.012284809695372101,0.003963690363208066
2024,4,18,24,2,17.5,26.7,58.0,1013.8,1.6,0.0,0,4.0,0,0.002365194989784224,0.18848244919503826,0.0067885175798042055
2024,4,18,25,9,17.5,26.7,58.0,1013.8,1.6,0.0,0,19.0,0,0.03495602736075327,0.012284809695372101,0.02109129886225334
2024,4,18,26,1,17.5,26.7,58.0,1013.8,1.6,0.0,0,16.0,0,0.022197299458115057,0.012284809695372101,0.0198631131159072
2024,4,18,27,7,17.5,26.7,58.0,1013.8,1.6,0.0,0,10.0,0,0.013036332948387743,0.06567432040116129,0.008686622824157202
2024,4,18,28,8,17.5,26.7,58.0,1013.8,1.6,0.0,0,1.0,0,0.0,0.012284809695372101,0.0
2024,4,18,30,4,17.5,26.7,58.0,1013.8,1.6,0.0,0,20.0,0,0.028671049124988985,0.301842174716284,0.016792648750041765
2024,5,7,0,9,22.1,34.150000000000006,55.0,1007.4,1.7,0.0,0,14.0,1,0.009625968308030907,0.012284809695372101,0.02307386565696717
2024,5,7,1,1,22.1,34.150000000000006,55.0,1007.4,1.7,0.0,0,3.0,1,0.02735145687524662,0.012284809695372101,0.005365772022676456
2024,5,7,5,4,22.1,34.150000000000006,55.0,1007.4,1.7,0.0,0,10.0,1,0.012751552408049618,0.012284809695372101,0.004706817563751259
2024,5,7,9,0,22.1,34.150000000000006,55.0,1007.4,1.7,0.0,0,15.0,1,0.030882016988224435,0.012284809695372101,0.021191138631466756
2024,5,7,11,6,22.1,34.150000000000006,55.0,1007.4,1.7,0.0,0,18.0,1,0.026344208843014597,0.012284809695372101,0.007122983913143649
2024,5,7,12,3,22.1,34.150000000000006,55.0,1007.4,1.7,0.0,0,9.0,1,0.00829681626549804,0.012284809695372101,0.009120766479091269
2024,5,7,15,2,22.1,34.150000000000006,55.0,1007.4,1.7,0.0,0,6.0,1,0.01856659259413093,0.012284809695372101,0.0010982574315419951
2024,5,7,16,3,22.1,34.150000000000006,55.0,1007.4,1.7,0.0,0,17.0,1,0.008473344271146894,0.012284809695372101,0.009068468506160748
2024,5,7,18,5,22.1,34.150000000000006,55.0,1007.4,1.7,0.0,0,4.0,1,0.02417395277356637,0.012284809695372101,0.004612681212476231
2024,5,7,19,0,22.1,34.150000000000006,55.0,1007.4,1.7,0.0,0,13.0,1,0.009459824302714243,0.012284809695372101,0.022111582955044708
2024,5,7,20,8,22.1,34.150000000000006,55.0,1007.4,1.7,0.0,0,2.0,1,0.0040289921289276545,0.012284809695372101,0.0018304290525700414
2024,5,7,21,5,22.1,34.150000000000006,55.0,1007.4,1.7,0.0,0,5.0,1,0.0033955681086581604,0.012284809695372101,0.002583519862770118
2024,5,7,22,7,22.1,34.150000000000006,55.0,1007.4,1.7,0.0,0,12.0,1,0.009719424311021503,0.012284809695372101,0.009905236073049838
2024,5,7,23,6,22.1,34.150000000000006,55.0,1007.4,1.7,0.0,0,8.0,1,0.02600153683204908,0.012284809695372101,0.007729640399138175
2024,5,7,24,2,22.1,34.150000000000006,55.0,1007.4,1.7,0.0,0,7.0,1,0.02058108865859483,0.012284809695372101,0.004664979185406901
2024,5,7,25,9,22.1,34.150000000000006,55.0,1007.4,1.7,0.0,0,20.0,1,0.020601856659259357,0.012284809695372101,0.02423488065602585
2024,5,7,26,1,22.1,34.150000000000006,55.0,1007.4,1.7,0.0,0,11.0,1,0.0,0.012284809695372101,0.011202225801728053
2024,5,7,27,7,22.1,34.150000000000006,55.0,1007.4,1.7,0.0,0,19.0,1,0.017694336566218702,0.012284809695372101,0.02391063322385626
2024,5,7,28,8,22.1,34.150000000000006,55.0,1007.4,1.7,0.0,0,1.0,1,0.0037174721189590027,0.012284809695372101,0.0
2024,5,7,30,4,22.1,34.150000000000006,55.0,1007.4,1.7,0.0,0,16.0,1,0.013748416439949306,0.012284809695372101,0.007332175804865884
2024,6,20,0,9,29.0,46.9,55.0,1015.4,3.1,0.0,0,14.0,1,0.009007280320559872,0.012284809695372101,0.01729511284633036
2024,6,20,1,1,29.0,46.9,55.0,1015.4,3.1,0.0,0,15.0,1,0.016118291099949177,0.012284809695372101,0.0067582223135495365
2024,6,20,5,4,29.0,46.9,55.0,1015.4,3.1,0.0,0,16.0,1,0.011750098764038567,0.012284809695372101,0.020126260031736308
2024,6,20,9,0,29.0,46.9,55.0,1015.4,3.1,0.0,0,12.0,1,0.006546644844517166,0.012284809695372101,0.018128474719453957
2024,6,20,11,6,29.0,46.9,55.0,1015.4,3.1,0.0,0,8.0,1,0.004706811896833925,0.012284809695372101,0.008835919038323242
2024,6,20,12,3,29.0,46.9,55.0,1015.4,3.1,0.0,0,9.0,1,0.008115582143461754,0.012284809695372101,0.00836786647944569
2024,6,20,15,2,29.0,46.9,55.0,1015.4,3.1,0.0,0,2.0,1,0.039550764715841805,0.012284809695372101,0.0017352192426681398
2024,6,20,16,3,29.0,46.9,55.0,1015.4,3.1,0.0,0,19.0,1,0.006704667306281326,0.012284809695372101,0.008904414534744354
2024,6,20,18,5,29.0,46.9,55.0,1015.4,3.1,0.0,0,5.0,1,0.010158586827699144,0.012284809695372101,0.0
2024,6,20,19,0,29.0,46.9,55.0,1015.4,3.1,0.0,0,13.0,1,0.0064111970201478395,0.012284809695372101,0.008927246366884833
2024,6,20,20,8,29.0,46.9,55.0,1015.4,3.1,0.0,0,4.0,1,0.0030814380044020106,0.012284809695372101,0.003059465506809602
2024,6,20,21,5,29.0,46.9,55.0,1015.4,3.1,0.0,0,6.0,1,0.0011851684632316042,0.012284809695372101,0.005239905476214976
2024,6,20,22,7,29.0,46.9,55.0,1015.4,3.1,0.0,0,18.0,1,0.006580506800609497,0.012284809695372101,0.00510291448337275
2024,6,20,23,6,29.0,46.9,55.0,1015.4,3.1,0.0,0,7.0,1,0.0021333032338168877,0.012284809695372101,0.008516273388358156
2024,6,20,24,2,29.0,46.9,55.0,1015.4,3.1,0.0,0,3.0,1,0.0013093289689034332,0.012284809695372101,0.0057764535315136395
2024,6,20,25,9,29.0,46.9,55.0,1015.4,3.1,0.0,0,17.0,1,0.01462836503188675,0.012284809695372101,0.022306700001141683
2024,6,20,26,1,29.0,46.9,55.0,1015.4,3.1,0.0,0,11.0,1,0.002505784750832374,0.012284809695372101,0.008287955066954338
2024,6,20,27,7,29.0,46.9,55.0,1015.4,3.1,0.0,0,10.0,1,0.005203453919521401,0.012284809695372101,0.012443348516501746
2024,6,20,28,8,29.0,46.9,55.0,1015.4,3.1,0.0,0,1.0,1,0.0,0.012284809695372101,0.0005023003070882695
2024,6,20,30,4,29.0,46.9,55.0,1015.4,3.1,0.0,0,20.0,1,0.009594220892826844,0.012284809695372101,0.019064579837209057
2024,7,11,0,9,24.2,41.5,43.0,1008.0,2.9,0.0,0,14.0,0,0.039745421483309555,0.01619107843912206,0.012458790663189008
2024,7,11,1,1,24.2,41.5,43.0,1008.0,2.9,0.0,0,19.0,0,0.011391089751915958,0.01227834426791015,0.02396430510135183
2024,7,11,5,4,24.2,41.5,43.0,1008.0,2.9,0.0,0,16.0,0,0.023860241589816904,0.015571891550074933,0.015437778866395647
2024,7,11,9,0,24.2,41.5,43.0,1008.0,2.9,0.0,0,15.0,0,0.011884660345499497,0.015255711010987102,0.024255583947887672
2024,7,11,11,6,24.2,41.5,43.0,1008.0,2.9,0.0,0,8.0,0,0.0054292765294194885,0.005151107949305603,0.018946364972394675
2024,7,11,12,3,24.2,41.5,43.0,1008.0,2.9,0.0,0,10.0,0,0.052851019612936784,0.012120253998366234,0.01347826662606417
2024,7,11,15,2,24.2,41.5,43.0,1008.0,2.9,0.0,0,4.0,0,0.0,0.0,0.007387890743952746
2024,7,11,16,3,24.2,41.5,43.0,1008.0,2.9,0.0,0,18.0,0,0.013986837370743832,0.016112033304350102,0.0184564869123119
2024,7,11,18,5,24.2,41.5,43.0,1008.0,2.9,0.0,0,3.0,0,0.007949084296662022,0.01414907912417988,0.00397198427094225
2024,7,11,19,0,24.2,41.5,43.0,1008.0,2.9,0.0,0,12.0,0,0.021067671126120274,0.014517956419782225,0.012604430086456835
2024,7,11,20,8,24.2,41.5,43.0,1008.0,2.9,0.0,0,11.0,0,0.003156254058968817,0.008510526177113809,0.014590422221928053
2024,7,11,21,5,24.2,41.5,43.0,1008.0,2.9,0.0,0,2.0,0,0.010611767762047114,0.0025294443127024616,0.0
2024,7,11,22,7,24.2,41.5,43.0,1008.0,2.9,0.0,0,9.0,0,0.014962982205481246,0.013977814665507243,0.01365038594447174
2024,7,11,23,6,24.2,41.5,43.0,1008.0,2.9,0.0,0,6.0,0,0.0013508247824392675,0.005335546597106963,0.007493810324511148
2024,7,11,24,2,24.2,41.5,43.0,1008.0,2.9,0.0,0,5.0,0,0.001688530978049223,0.006811055779516717,0.007123091792556458
2024,7,11,25,9,24.2,41.5,43.0,1008.0,2.9,0.0,0,20.0,0,0.037810105208468656,0.02558427528785594,0.016748533675806653
2024,7,11,26,1,24.2,41.5,43.0,1008.0,2.9,0.0,0,13.0,0,0.01405377321730105,0.014293995204595074,0.013425306835785064
2024,7,11,27,7,24.2,41.5,43.0,1008.0,2.9,0.0,0,7.0,0,0.005169502532796601,0.005006191868890409,0.015080300282011017
2024,7,11,28,8,24.2,41.5,43.0,1008.0,2.9,0.0,0,1.0,0,0.0032471749577867256,0.007127236318604548,0.011081836115929024
2024,7,11,30,4,24.2,41.5,43.0,1008.0,2.9,0.0,0,17.0,0,0.027782828938823355,0.02239612151872037,0.03127275615988573
2024,8,14,0,9,21.3,44.0,61.0,1016.9,1.1,0.0,0,9.0,0,0.01740359434106057,0.013734953281517427,0.011363477139934804
2024,8,14,1,1,21.3,44.0,61.0,1016.9,1.1,0.0,0,14.0,0,0.00839695714226342,0.00666404781278928,0.01006039036556493
2024,8,14,5,4,21.3,44.0,61.0,1016.9,1.1,0.0,0,17.0,0,0.014951017750003572,0.02495861275568894,0.21010522775995186
2024,8,14,9,0,21.3,44.0,61.0,1016.9,1.1,0.0,0,10.0,0,0.04718092255677647,0.020651533432475576,0.01085905645308195
2024,8,14,11,6,21.3,44.0,61.0,1016.9,1.1,0.0,0,7.0,0,0.0,0.002637559976430149,0.004777984839355939
2024,8,14,12,3,21.3,44.0,61.0,1016.9,1.1,0.0,0,14.0,0,0.01949590544416573,0.0181121804764443,0.011531617368885557
2024,8,14,15,2,21.3,44.0,61.0,1016.9,1.1,0.0,0,1.0,0,0.003159251202039777,0.0,0.0
2024,8,14,16,3,21.3,44.0,61.0,1016.9,1.1,0.0,0,15.0,0,0.01691862156881769,0.01676534133954366,0.01186789782678746
2024,8,14,18,5,21.3,44.0,61.0,1016.9,1.1,0.0,0,4.0,0,0.003145394837118484,0.009469962681332208,0.008673233476719581
2024,8,14,19,0,21.3,44.0,61.0,1016.9,1.1,0.0,0,11.0,0,0.027574166193240993,0.017901736861303575,0.015454889377740958
2024,8,14,20,8,21.3,44.0,61.0,1016.9,1.1,0.0,0,16.0,0,0.014687746816500192,0.011518280535368528,0.007762473903235327
2024,8,14,21,5,21.3,44.0,61.0,1016.9,1.1,0.0,0,2.0,0,0.00040183458271552,0.015264176884873226,0.007454216816825183
2024,8,14,22,7,21.3,44.0,61.0,1016.9,1.1,0.0,0,12.0,0,0.010142859122337837,0.018224417071185953,0.020457061189031563
2024,8,14,23,6,21.3,44.0,61.0,1016.9,1.1,0.0,0,5.0,0,0.0017459019800746135,0.013777042004545572,0.008392999761801394
2024,8,14,24,2,21.3,44.0,61.0,1016.9,1.1,0.0,0,3.0,0,0.010877246463162807,0.009596228850416642,0.008547128305006367
2024,8,14,25,9,21.3,44.0,61.0,1016.9,1.1,0.0,0,15.0,0,0.02744945890894995,0.021212716406184242,0.018691588785046773
2024,8,14,26,1,21.3,44.0,61.0,1016.9,1.1,0.0,0,13.0,0,0.008590946251160534,0.010999186284688007,0.013479241687567478
2024,8,14,27,7,21.3,44.0,61.0,1016.9,1.1,0.0,0,8.0,0,0.009782593634385998,0.015025674121047137,0.00871526853395732
2024,8,14,28,8,21.3,44.0,61.0,1016.9,1.1,0.0,0,6.0,0,0.01129293741079962,0.007505822273352178,0.00276030209194472
2024,8,14,30,4,21.3,44.0,61.0,1016.9,1.1,0.0,0,18.0,0,0.033269132175864934,0.03500378798507239,0.034482758620689634
2024,9,15,0,9,20.7,30.85,68.0,1000.8,1.85,0.0,0,10.0,0,0.27798898561023266,0.015393747526711537,0.018346221174654218
2024,9,15,1,1,20.7,30.85,68.0,1000.8,1.85,0.0,0,6.0,0,0.10630662639900514,0.0,0.010902975919723177
2024,9,15,5,4,20.7,30.85,68.0,1000.8,1.85,0.0,0,17.0,0,0.03831349558832237,0.026474079936683693,0.015065679747480864
2024,9,15,9,0,20.7,30.85,68.0,1000.8,1.85,0.0,0,15.0,0,0.037294960620595737,0.06567735127291913,0.016375139560848365
2024,9,15,11,6,20.7,30.85,68.0,1000.8,1.85,0.0,0,7.0,0,0.018179664830935,0.014483577364463778,0.0
2024,9,15,12,3,20.7,30.85,68.0,1000.8,1.85,0.0,0,19.0,0,0.09937821993249234,0.02760849492151436,0.016926491061213723
2024,9,15,15,2,20.7,30.85,68.0,1000.8,1.85,0.0,0,11.0,0,0.010315627405696632,0.009840390449808667,0.011027030007305367
2024,9,15,16,3,20.7,30.85,68.0,1000.8,1.85,0.0,0,14.0,0,0.054681115651092606,0.012702809655718161,0.012267570883127077
2024,9,15,18,5,20.7,30.85,68.0,1000.8,1.85,0.0,0,3.0,0,0.0,0.06638965835641737,0.010255137906794025
2024,9,15,19,0,20.7,30.85,68.0,1000.8,1.85,0.0,0,18.0,0,0.013986837370743832,0.02119773117003033,0.02103405973893501
2024,9,15,20,8,20.7,30.85,68.0,1000.8,1.85,0.0,0,16.0,0,0.04290874637294966,0.016237963329376,0.010930543494741376
2024,9,15,21,5,20.7,30.85,68.0,1000.8,1.85,0.0,0,4.0,0,0.027464913839047818,0.04218440838939445,0.009882975644047453
2024,9,15,22,7,20.7,30.85,68.0,1000.8,1.85,0.0,0,5.0,0,0.04911470361816772,0.012148793035219525,0.010062164881666042
2024,9,15,23,6,20.7,30.85,68.0,1000.8,1.85,0.0,0,1.0,0,0.048629122994019,0.006107373697401317,0.005623785303725579
2024,9,15,24,2,20.7,30.85,68.0,1000.8,1.85,0.0,0,12.0,0,0.0038846449931900628,0.025220947104603507,0.01407324704682334
2024,9,15,25,9,20.7,30.85,68.0,1000.8,1.85,0.0,0,13.0,0,0.1439095161958903,0.022239810051444306,0.015355139285172643
2024,9,15,26,1,20.7,30.85,68.0,1000.8,1.85,0.0,0,9.0,0,0.19062000355302894,0.008626830233478384,0.006574866641855706
2024,9,15,27,7,20.7,30.85,68.0,1000.8,1.85,0.0,0,8.0,0,0.0507846272280452,0.015050784856878923,0.01608568002315659
2024,9,15,28,8,20.7,30.85,68.0,1000.8,1.85,0.0,0,2.0,0,0.024480369515011466,0.04618124258013461,0.005155136528415212
2024,9,15,30,4,20.7,30.85,68.0,1000.8,1.85,0.0,0,20.0,0,0.2715461597678687,0.04322648727080861,0.08417759031826763
2024,10,9,0,9,24.1,36.25,68.0,1003.7,1.4,0.0,0,19.0,0,0.01601821415099433,0.021060821139986984,0.010135181406050906
2024,10,9,1,1,24.1,36.25,68.0,1003.7,1.4,0.0,0,11.0,0,0.013391173142210484,0.01128794496614979,0.01058715571199644
2024,10,9,5,4,24.1,36.25,68.0,1003.7,1.4,0.0,0,12.0,0,0.01675917443552298,0.009008517143481257,0.013846849191239855
2024,10,9,9,0,24.1,36.25,68.0,1003.7,1.4,0.0,0,7.0,0,0.016920838497601988,0.0024432190434592986,0.01302507772588434
2024,10,9,11,6,24.1,36.25,68.0,1003.7,1.4,0.0,0,3.0,0,0.009201379533329834,0.0,0.00473888211688315
2024,10,9,12,3,24.1,36.25,68.0,1003.7,1.4,0.0,0,13.0,0,0.013986837370743832,0.01076927276697971,0.01317573582786612
2024,10,9,15,2,24.1,36.25,68.0,1003.7,1.4,0.0,0,5.0,0,0.016247238238939525,0.004545206376938175,0.0005067590703024383
2024,10,9,16,3,24.1,36.25,68.0,1003.7,1.4,0.0,0,16.0,0,0.01907635932532213,0.010332496178204918,0.014531658745702721
2024,10,9,18,5,24.1,36.25,68.0,1003.7,1.4,0.0,0,1.0,0,0.0,0.0007507097619568522,0.00041088573267775787
2024,10,9,19,0,24.1,36.25,68.0,1003.7,1.4,0.0,0,9.0,0,0.011558980438648545,0.006851932736405459,0.012833331050634784
2024,10,9,20,8,24.1,36.25,68.0,1003.7,1.4,0.0,0,8.0,0,0.006251010400387976,0.011151452282157776,0.009724295673373148
2024,10,9,21,5,24.1,36.25,68.0,1003.7,1.4,0.0,0,10.0,0,0.008608611305706877,0.004886438086918597,0.0122443948337966
2024,10,9,22,7,24.1,36.25,68.0,1003.7,1.4,0.0,0,18.0,0,0.018214150994234034,0.013553723520419432,0.015723227370468218
2024,10,9,23,6,24.1,36.25,68.0,1003.7,1.4,0.0,0,4.0,0,0.0052001939968746285,0.0062513649268399,0.0020681248544779183
2024,10,9,24,2,24.1,36.25,68.0,1003.7,1.4,0.0,0,6.0,0,0.004634369779598108,0.0003002839047827797,0.0
2024,10,9,25,9,24.1,36.25,68.0,1003.7,1.4,0.0,0,20.0,0,0.020531335884032994,0.02465057872898009,0.023502663909166777
2024,10,9,26,1,24.1,36.25,68.0,1003.7,1.4,0.0,0,14.0,0,0.017298054642453067,0.015532867438305379,0.01699697314176927
2024,10,9,27,7,24.1,36.25,68.0,1003.7,1.4,0.0,0,17.0,0,0.02274074473244601,0.012925857174055509,0.019270540862586064
2024,10,9,28,8,24.1,36.25,68.0,1003.7,1.4,0.0,0,2.0,0,0.00032332812415801195,0.003275824415811437,0.0010135181406050711
2024,10,9,30,4,24.1,36.25,68.0,1003.7,1.4,0.0,0,15.0,0,0.018699143180471053,0.014754859139550163,0.021352361908153306
2024,11,2,0,9,31.3,46.1,38.0,938.5,1.3,0.0,0,16.0,1,0.019943670548831578,0.012284809695372101,0.03196982345484336
2024,11,2,1,1,31.3,46.1,38.0,938.5,1.3,0.0,0,15.0,1,0.013975793560173436,0.012284809695372101,0.01842748044399086
2024,11,2,5,4,31.3,46.1,38.0,938.5,1.3,0.0,0,18.0,1,0.018877978229428254,0.012284809695372101,0.03127415514949133
2024,11,2,9,0,31.3,46.1,38.0,938.5,1.3,0.0,0,13.0,1,0.015970160615056593,0.012284809695372101,0.01655690566737776
2024,11,2,11,6,31.3,46.1,38.0,938.5,1.3,0.0,0,5.0,1,0.008662556139149008,0.012284809695372101,0.009028228673901446
2024,11,2,12,3,31.3,46.1,38.0,938.5,1.3,0.0,0,9.0,1,0.019502169445078658,0.012284809695372101,0.02932628389450563
2024,11,2,15,2,31.3,46.1,38.0,938.5,1.3,0.0,0,6.0,1,0.005632945116845619,0.012284809695372101,0.01298580836657065
2024,11,2,16,3,31.3,46.1,38.0,938.5,1.3,0.0,0,12.0,1,0.022227296947552617,0.012284809695372101,0.017314411155427607
2024,11,2,18,5,31.3,46.1,38.0,938.5,1.3,0.0,0,2.0,1,0.018192890309811877,0.012284809695372101,0.0014377144977273182
2024,11,2,19,0,31.3,46.1,38.0,938.5,1.3,0.0,0,10.0,1,0.009317195706782291,0.012284809695372101,0.015459295674489068
2024,11,2,20,8,31.3,46.1,38.0,938.5,1.3,0.0,0,8.0,1,0.016716145238638944,0.012284809695372101,0.014315307794576689
2024,11,2,21,5,31.3,46.1,38.0,938.5,1.3,0.0,0,7.0,1,0.0042018725736468945,0.012284809695372101,0.00465324799802102
2024,11,2,22,7,31.3,46.1,38.0,938.5,1.3,0.0,0,11.0,1,0.019441272741112903,0.012284809695372101,0.029295365303156722
2024,11,2,23,6,31.3,46.1,38.0,938.5,1.3,0.0,0,3.0,1,0.010672147370023496,0.012284809695372101,0.0056890208082119
2024,11,2,24,2,31.3,46.1,38.0,938.5,1.3,0.0,0,4.0,1,0.006744309964223153,0.012284809695372101,0.006802090096775155
2024,11,2,25,9,31.3,46.1,38.0,938.5,1.3,0.0,0,19.0,1,0.02396285301058077,0.012284809695372101,0.020514485360046967
2024,11,2,26,1,31.3,46.1,38.0,938.5,1.3,0.0,0,17.0,1,0.010641699018040619,0.012284809695372101,0.01794824227808161
2024,11,2,27,7,31.3,46.1,38.0,938.5,1.3,0.0,0,14.0,1,0.013610413336378035,0.012284809695372101,0.019695142689298867
2024,11,2,28,8,31.3,46.1,38.0,938.5,1.3,0.0,0,1.0,1,0.0,0.012284809695372101,0.0
2024,11,2,30,4,31.3,46.1,38.0,938.5,1.3,0.0,0,20.0,1,0.018786633173479405,0.012284809695372101,0.03881829143864198
2024,12,6,0,9,13.8,21.3,74.0,987.4,1.6,0.0,0,9.0,0,0.014058567833447715,0.012663346774659318,0.03051089453100749
2024,12,6,1,1,13.8,21.3,74.0,987.4,1.6,0.0,0,10.0,0,0.004278197208876632,0.009509064229511527,0.023651375007759653
2024,12,6,5,4,13.8,21.3,74.0,987.4,1.6,0.0,0,16.0,0,0.009540150995195644,0.009613051566164757,0.03712210565522387
2024,12,6,9,0,13.8,21.3,74.0,987.4,1.6,0.0,0,20.0,0,0.013986837370743832,0.013668557695640534,0.013468990841666749
2024,12,6,11,6,13.8,21.3,74.0,987.4,1.6,0.0,0,2.0,0,0.00501029512697326,0.007544858981617252,0.009415026796614694
2024,12,6,12,3,13.8,21.3,74.0,987.4,1.6,0.0,0,6.0,0,0.007572637840311049,0.005095379496007906,0.027789848324952997
2024,12,6,15,2,13.8,21.3,74.0,987.4,1.6,0.0,0,11.0,0,0.005525051475634913,0.006944043258732037,0.018623129927369763
2024,12,6,16,3,13.8,21.3,74.0,987.4,1.6,0.0,0,17.0,0,0.013986837370743832,0.018174675617280305,0.04019492209323986
2024,12,6,18,5,13.8,21.3,74.0,987.4,1.6,0.0,0,3.0,0,0.0,0.0,0.010966954290562235
2024,12,6,19,0,13.8,21.3,74.0,987.4,1.6,0.0,0,18.0,0,0.006337222603523244,0.013795653329327761,0.03906718811430474
2024,12,6,20,8,13.8,21.3,74.0,987.4,1.6,0.0,0,19.0,0,0.013986837370743832,0.005014500456388837,0.027210462060545965
2024,12,6,21,5,13.8,21.3,74.0,987.4,1.6,0.0,0,5.0,0,0.002413635323724531,0.0038244231591351586,0.0
2024,12,6,22,7,13.8,21.3,74.0,987.4,1.6,0.0,0,15.0,0,0.012091054678563282,0.015794521022773112,0.04313323814844701
2024,12,6,23,6,13.8,21.3,74.0,987.4,1.6,0.0,0,1.0,0,0.003637611530542185,0.00860784064518354,0.009052910381360316
2024,12,6,24,2,13.8,21.3,74.0,987.4,1.6,0.0,0,7.0,0,0.005776710134980502,0.008087903961917395,0.015364082190080074
2024,12,6,25,9,13.8,21.3,74.0,987.4,1.6,0.0,0,12.0,0,0.013986837370743832,0.014558227131451442,0.03153516667701287
2024,12,6,26,1,13.8,21.3,74.0,987.4,1.6,0.0,0,8.0,0,0.0015328300160146458,0.008376757674843086,0.03151447431042695
2024,12,6,27,7,13.8,21.3,74.0,987.4,1.6,0.0,0,13.0,0,0.027956989247311857,0.013818761626361921,0.03275601630558484
2024,12,6,28,8,13.8,21.3,74.0,987.4,1.6,0.0,0,4.0,0,0.003534660260809855,0.007903037585645097,0.01799201274649786
2024,12,6,30,4,13.8,21.3,74.0,987.4,1.6,0.0,0,14.0,0,0.01338366506520249,0.014604443725519597,0.0530862664762969
2024,13,14,0,9,24.3,30.1,61.0,983.9,0.9,1.0,1,13.0,0,0.013733436662304869,0.009333059083663279,0.007398354753081584
2024,13,14,1,1,24.3,30.1,61.0,983.9,0.9,1.0,1,7.0,0,0.01236136343424864,0.009397336350079817,0.01186627769455184
2024,13,14,5,4,24.3,30.1,61.0,983.9,0.9,1.0,1,12.0,0,0.013860480479717559,0.010258651720059674,0.009277510578464652
2024,13,14,9,0,24.3,30.1,61.0,983.9,0.9,1.0,1,20.0,0,0.016045634139214685,0.014140998611611156,0.018410470708822783
2024,13,14,11,6,24.3,30.1,61.0,983.9,0.9,1.0,1,5.0,0,0.007292315119484867,0.007391885637887629,0.00904097348156328
2024,13,14,12,3,24.3,30.1,61.0,983.9,0.9,1.0,1,11.0,0,0.013986837370743832,0.01289401964313262,0.007858287997056413
2024,13,14,15,2,24.3,30.1,61.0,983.9,0.9,1.0,1,6.0,0,0.0037859057588962666,0.019257469018357648,0.009264369628636736
2024,13,14,16,3,24.3,30.1,61.0,983.9,0.9,1.0,1,15.0,0,0.020098331914677473,0.006774823880290033,0.01851559830744574
2024,13,14,18,5,24.3,30.1,61.0,983.9,0.9,1.0,1,1.0,0,0.006326782107148815,0.0,0.0
2024,13,14,19,0,24.3,30.1,61.0,983.9,0.9,1.0,1,19.0,0,0.016642740081053986,0.01241836787165126,0.019409182895739754
2024,13,14,20,8,24.3,30.1,61.0,983.9,0.9,1.0,1,16.0,0,0.009236085525897933,0.006003496683293037,0.011248653052642573
2024,13,14,21,5,24.3,30.1,61.0,983.9,0.9,1.0,1,2.0,0,0.006809548613316751,0.010670026225124677,0.0005782017924255162
2024,13,14,22,7,24.3,30.1,61.0,983.9,0.9,1.0,1,9.0,0,0.010989290206192232,0.007494729264153834,0.007280086204630898
2024,13,14,23,6,24.3,30.1,61.0,983.9,0.9,1.0,1,17.0,0,0.00538665785829541,0.006504859361341084,0.006123682619779678
2024,13,14,24,2,24.3,30.1,61.0,983.9,0.9,1.0,1,4.0,0,0.0,0.005103614953463331,0.0071092538568687325
2024,13,14,25,9,24.3,30.1,61.0,983.9,0.9,1.0,1,14.0,0,0.014889535400759867,0.010580038052141815,0.014060816315803403
2024,13,14,26,1,24.3,30.1,61.0,983.9,0.9,1.0,1,8.0,0,0.00701281872117702,0.0178819355170464,0.012970117480091392
2024,13,14,27,7,24.3,30.1,61.0,983.9,0.9,1.0,1,10.0,0,0.006949296812470765,0.023371214069008047,0.008489053588793408
2024,13,14,28,8,24.3,30.1,61.0,983.9,0.9,1.0,1,3.0,0,0.0035064093605886,0.0031238751478378313,0.0036926069016269274
2024,13,14,30,4,24.3,30.1,61.0,983.9,0.9,1.0,1,18.0,0,0.005932946273169782,0.029297578032601385,0.015677153144629266
2024,14,5,0,9,18.0,22.1,93.0,966.6,1.1,0.0,0,11.0,0,0.007032852223039158,0.015959319381967443,0.0483527331057459
2024,14,5,1,1,18.0,22.1,93.0,966.6,1.1,0.0,0,9.0,0,0.014984715396819318,0.012497555251320082,0.05351869370295727
2024,14,5,5,4,18.0,22.1,93.0,966.6,1.1,0.0,0,14.0,0,0.017248384475486604,0.013837277527870057,0.04052975774277141
2024,14,5,9,0,18.0,22.1,93.0,966.6,1.1,0.0,0,12.0,0,0.014133421042448618,0.01534324271464882,0.013243943569283918
2024,14,5,11,6,18.0,22.1,93.0,966.6,1.1,0.0,0,4.0,0,0.00877413612970627,0.012311754351652653,0.04266030518652578
2024,14,5,12,3,18.0,22.1,93.0,966.6,1.1,0.0,0,16.0,0,0.021988546221413885,0.015509485624877747,0.05326368609385921
2024,14,5,15,2,18.0,22.1,93.0,966.6,1.1,0.0,0,2.0,0,0.009035328715706357,0.005642479953060807,0.03675399991773951
2024,14,5,16,3,18.0,22.1,93.0,966.6,1.1,0.0,0,17.0,0,0.023604070734821788,0.011979268531194937,0.11185785382305774
2024,14,5,18,5,18.0,22.1,93.0,966.6,1.1,0.0,0,5.0,0,0.010089772859188237,0.0,0.014864475794842284
2024,14,5,19,0,18.0,22.1,93.0,966.6,1.1,0.0,0,10.0,0,0.013986837370743832,0.011157832974770106,0.030313001275038064
2024,14,5,20,8,18.0,22.1,93.0,966.6,1.1,0.0,0,3.0,0,0.009257826103780458,0.012165069430862504,0.04555587545757411
2024,14,5,21,5,18.0,22.1,93.0,966.6,1.1,0.0,0,6.0,0,0.005136787524668246,0.0021024838646586073,0.011787932381853387
2024,14,5,22,7,18.0,22.1,93.0,966.6,1.1,0.0,0,13.0,0,0.015265255581782329,0.015284568746332761,0.05630732529922263
2024,14,5,23,6,18.0,22.1,93.0,966.6,1.1,0.0,0,7.0,0,0.008251750957706095,0.010072364560923149,0.09937070702916145
2024,14,5,24,2,18.0,22.1,93.0,966.6,1.1,0.0,0,8.0,0,0.011627906976744169,0.008194797574809249,0.013468990841666749
2024,14,5,25,9,18.0,22.1,93.0,966.6,1.1,0.0,0,19.0,0,0.01875749719459822,0.019225503618227988,0.07942253115617161
2024,14,5,26,1,18.0,22.1,93.0,966.6,1.1,0.0,0,15.0,0,0.012837131911929712,0.012438881283004022,0.0367869041253651
2024,14,5,27,7,18.0,22.1,93.0,966.6,1.1,0.0,0,18.0,0,0.021204968463413625,0.020418540973987813,0.06481306297042727
2024,14,5,28,8,18.0,22.1,93.0,966.6,1.1,0.0,0,1.0,0,0.0,0.0021220418540973864,0.0
2024,14,5,30,4,18.0,22.1,93.0,966.6,1.1,0.0,0,20.0,0,0.02537437603993349,0.019968707216898116,0.07850943939456267
2024,15,8,0,9,24.4,30.2,67.0,1002.4,4.3,0.0,0,10.0,0,0.011573241890434492,0.011994002998500735,0.046021093000958746
2024,15,8,1,1,24.4,30.2,67.0,1002.4,4.3,0.0,0,7.0,0,0.029659024916346283,0.009264235806625006,0.014319333590666177
2024,15,8,5,4,24.4,30.2,67.0,1002.4,4.3,0.0,0,17.0,0,0.013986837370743832,0.021272382676586304,0.010509145696106312
2024,15,8,9,0,24.4,30.2,67.0,1002.4,4.3,0.0,0,9.0,0,0.1343159757750062,0.013323526915787493,0.0
2024,15,8,11,6,24.4,30.2,67.0,1002.4,4.3,0.0,0,11.0,0,0.009457703050247469,0.001569969732115134,0.047154188093785306
2024,15,8,12,3,24.4,30.2,67.0,1002.4,4.3,0.0,0,13.0,0,0.017159370592627413,0.036689202568527174,0.02543860741367922
2024,15,8,15,2,24.4,30.2,67.0,1002.4,4.3,0.0,0,6.0,0,0.027432869666214908,0.010480608752227656,0.047901283759385314
2024,15,8,16,3,24.4,30.2,67.0,1002.4,4.3,0.0,0,14.0,0,0.017629490334891064,0.010296738423241332,0.001730771625306568
2024,15,8,18,5,24.4,30.2,67.0,1002.4,4.3,0.0,0,1.0,0,0.0,0.003663262708268512,0.013397915603092893
2024,15,8,19,0,24.4,30.2,67.0,1002.4,4.3,0.0,0,16.0,0,0.04803517601836237,0.019221521314814416,0.016585523776319475
2024,15,8,20,8,24.4,30.2,67.0,1002.4,4.3,0.0,0,5.0,0,0.027059539282652492,0.0124324630137762,0.013468990841666749
2024,15,8,21,5,24.4,30.2,67.0,1002.4,4.3,0.0,0,3.0,0,0.012554962528691148,0.0008627761590903659,0.01916300382263933
2024,15,8,22,7,24.4,30.2,67.0,1002.4,4.3,0.0,0,15.0,0,0.05404994330908979,0.013125512715340404,0.06377706665338496
2024,15,8,23,6,24.4,30.2,67.0,1002.4,4.3,0.0,0,4.0,0,0.011338182019302468,0.0,0.04541096487405201
2024,15,8,24,2,24.4,30.2,67.0,1002.4,4.3,0.0,0,10.0,0,0.01039794253477497,0.03403015473395386,0.028364732103945803
2024,15,8,26,1,24.4,30.2,67.0,1002.4,4.3,0.0,0,8.0,0,0.02528967672354185,0.012361743656473584,0.020296098915466066
2024,15,8,27,7,24.4,30.2,67.0,1002.4,4.3,0.0,0,12.0,0,0.028981499405436845,0.009504681621453383,0.013468990841666749
2024,15,8,28,8,24.4,30.2,67.0,1002.4,4.3,0.0,0,2.0,0,0.002779237299853342,0.004016859494780997,0.05041650583357189
2024,15,8,30,4,24.4,30.2,67.0,1002.4,4.3,0.0,0,18.0,0,0.02271784519233429,0.01742524963933127,0.03647072007570554
2024,16,12,0,9,33.5,49.0,37.0,995.9,1.3,0.0,0,9.0,0,0.0066604632939908535,0.010577423270331185,0.0059787560692487135
2024,16,12,1,1,33.5,49.0,37.0,995.9,1.3,0.0,0,11.0,0,0.007823595670698806,0.007158958606851829,0.010621965375638117
2024,16,12,5,4,33.5,49.0,37.0,995.9,1.3,0.0,0,19.0,0,0.00552181791468722,0.0089548911293319,0.015477364354631287
2024,16,12,6,9,33.5,49.0,37.0,995.9,1.3,0.0,0,18.0,0,0.014741172437435642,0.012955485644925642,0.009835615412459236
2024,16,12,9,0,33.5,49.0,37.0,995.9,1.3,0.0,0,14.0,0,0.013308683089279632,0.013388986598627698,0.012956051774280074
2024,16,12,11,6,33.5,49.0,37.0,995.9,1.3,0.0,0,6.0,0,0.0065870023017777155,0.0,0.0
2024,16,12,12,3,33.5,49.0,37.0,995.9,1.3,0.0,0,10.0,0,0.018132621577942046,0.004979068096806968,0.010309921739455963
2024,16,12,15,2,33.5,49.0,37.0,995.9,1.3,0.0,0,4.0,0,0.002791517704099055,0.0019074041962891869,0.0013605102537538182
2024,16,12,16,3,33.5,49.0,37.0,995.9,1.3,0.0,0,13.0,0,0.010970174837161476,0.009425549307636994,0.013617584282986057
2024,16,12,18,5,33.5,49.0,37.0,995.9,1.3,0.0,0,1.0,0,0.002950683187227578,3.7157224603038394e-05,0.0018098530898560357
2024,16,12,19,0,33.5,49.0,37.0,995.9,1.3,0.0,0,15.0,0,0.014741172437435642,0.013983502192276313,0.014241671555350189
2024,16,12,20,8,33.5,49.0,37.0,995.9,1.3,0.0,0,8.0,0,0.007774621675890165,0.011642597042284894,0.014603642173321538
2024,16,12,21,5,33.5,49.0,37.0,995.9,1.3,0.0,0,2.0,0,0.006403349821244872,0.0014862889841215357,0.0016850356353831383
2024,16,12,22,7,33.5,49.0,37.0,995.9,1.3,0.0,0,12.0,0,0.011374210294333734,0.006960786742302232,0.011982475629391936
2024,16,12,23,6,33.5,49.0,37.0,995.9,1.3,0.0,0,3.0,0,0.013986837370743832,0.004310238053952278,0.0011608023265972179
2024,16,12,24,2,33.5,49.0,37.0,995.9,1.3,0.0,0,5.0,0,0.005509574415985146,0.0012757313780375342,0.004318683924759906
2024,16,12,26,1,33.5,49.0,37.0,995.9,1.3,0.0,0,17.0,0,0.014545276458200725,0.007741088458966038,0.012981015265174582
2024,16,12,27,7,33.5,49.0,37.0,995.9,1.3,0.0,0,16.0,0,0.012708751652872285,0.012348584309742623,0.012781307338018159
2024,16,12,28,8,33.5,49.0,37.0,995.9,1.3,0.0,0,7.0,0,0.0,0.010800366617949416,0.0031329181072680024
2024,16,12,30,4,33.5,49.0,37.0,995.9,1.3,0.0,0,20.0,0,0.01442284147117877,0.0183928261785033,0.023939987767889363
2024,17,3,0,9,27.1,37.2,37.0,1016.1,1.3,0.0,0,10.0,0,0.02282417145131025,0.0121081519848479,0.006633240337905133
2024,17,3,1,1,27.1,37.2,37.0,1016.1,1.3,0.0,0,8.0,0,0.008583934966744278,0.01158633218661834,0.009364574594689585
2024,17,3,3,3,27.1,37.2,37.0,1016.1,1.3,0.0,0,11.0,0,0.013520171299717587,0.010272119361447203,0.013468990841666749
2024,17,3,5,4,27.1,37.2,37.0,1016.1,1.3,0.0,0,17.0,0,0.019839690750952134,0.012571991805496521,0.016319722184287042
2024,17,3,6,9,27.1,37.2,37.0,1016.1,1.3,0.0,0,9.0,0,0.022312546188391694,0.012224111940010055,0.007062450006828373
2024,17,3,9,0,27.1,37.2,37.0,1016.1,1.3,0.0,0,15.0,0,0.029996399674075726,0.018427969541185214,0.013285990206215825
2024,17,3,11,6,27.1,37.2,37.0,1016.1,1.3,0.0,0,7.0,0,0.0029655316165462277,0.0006377797533918529,0.007677000214604894
2024,17,3,12,3,27.1,37.2,37.0,1016.1,1.3,0.0,0,13.0,0,0.015055047088473258,0.009576359630474273,0.016095362584622644
2024,17,3,15,2,27.1,37.2,37.0,1016.1,1.3,0.0,0,1.0,0,0.010061963504064556,0.0,0.0001268119476364714
2024,17,3,18,5,27.1,37.2,37.0,1016.1,1.3,0.0,0,16.0,0,0.004557254656737295,0.016157087085926437,0.00217531264022474
2024,17,3,19,0,27.1,37.2,37.0,1016.1,1.3,0.0,0,19.0,0,0.013986837370743832,0.022476904642263613,0.013468990841666749
2024,17,3,20,8,27.1,37.2,37.0,1016.1,1.3,0.0,0,4.0,0,0.003562427756617878,5.797997758107754e-05,0.00497493025342885
2024,17,3,21,5,27.1,37.2,37.0,1016.1,1.3,0.0,0,2.0,0,0.006973262842741458,0.00482200146882619,0.002292369822658363
2024,17,3,22,7,27.1,37.2,37.0,1016.1,1.3,0.0,0,15.0,0,0.010810452314630502,0.015190754126241764,0.013227461614999013
2024,17,3,23,6,27.1,37.2,37.0,1016.1,1.3,0.0,0,5.0,0,0.009190305648721872,0.01016582273588194,0.0
2024,17,3,24,2,27.1,37.2,37.0,1016.1,1.3,0.0,0,3.0,0,0.005940537774998534,0.004503111592130264,0.004428663402071988
2024,17,3,26,1,27.1,37.2,37.0,1016.1,1.3,0.0,0,14.0,0,0.01551929964186223,0.005884967724479232,0.010310786819361279
2024,17,3,27,7,27.1,37.2,37.0,1016.1,1.3,0.0,0,12.0,0,0.020483959600553235,0.011219125661938091,0.009647462785570793
2024,17,3,28,8,27.1,37.2,37.0,1016.1,1.3,0.0,0,6.0,0,0.0,0.005266514630281026,0.003394658290574936
2024,17,3,30,4,27.1,37.2,37.0,1016.1,1.3,0.0,0,18.0,0,0.03321774392208137,0.023800780797031504,0.022972472052597732
2024,18,23,0,9,29.4,32.0,79.0,1007.5,1.3,0.0,0,11.0,0,0.007497575275437683,0.010173377274681206,0.01453494857550808
2024,18,23,1,1,29.4,32.0,79.0,1007.5,1.3,0.0,0,7.0,0,0.00923029979403457,0.011275584996748444,0.016018561899024973
2024,18,23,5,4,29.4,32.0,79.0,1007.5,1.3,0.0,0,19.0,0,0.01876573346555795,0.022694456997365695,0.027352029092207106
2024,18,23,6,9,29.4,32.0,79.0,1007.5,1.3,0.0,0,12.0,0,0.009317480901888449,0.014659362703495082,0.014981148071302719
2024,18,23,9,0,29.4,32.0,79.0,1007.5,1.3,0.0,0,18.0,0,0.010145701426500849,0.01647800544490604,0.019197733306561403
2024,18,23,11,6,29.4,32.0,79.0,1007.5,1.3,0.0,0,3.0,0,0.009982236849274727,0.010823679830700886,0.013586774646944688
2024,18,23,12,3,29.4,32.0,79.0,1007.5,1.3,0.0,0,6.0,0,0.022165796671861117,0.010360752587432602,0.017189835575485764
2024,18,23,15,2,29.4,32.0,79.0,1007.5,1.3,0.0,0,9.0,0,0.0,0.0006392804787989543,0.010184503491511017
2024,18,23,16,3,29.4,32.0,79.0,1007.5,1.3,0.0,0,14.0,0,0.017588788509529878,0.011749534317237454,0.01805992459228521
2024,18,23,18,5,29.4,32.0,79.0,1007.5,1.3,0.0,0,1.0,0,0.0008282205246122447,0.0,0.0
2024,18,23,19,0,29.4,32.0,79.0,1007.5,1.3,0.0,0,15.0,0,0.009284787986443225,0.015342731491176782,0.02133949088637526
2024,18,23,20,8,29.4,32.0,79.0,1007.5,1.3,0.0,0,13.0,0,0.010941229035667868,0.009600229259206136,0.020012047386386417
2024,18,23,21,5,29.4,32.0,79.0,1007.5,1.3,0.0,0,5.0,0,0.00660396891993499,0.008233491683842735,0.008756665104968394
2024,18,23,22,7,29.4,32.0,79.0,1007.5,1.3,0.0,0,16.0,0,0.006669354750825439,0.008277579992725324,0.021361800861165098
2024,18,23,23,6,29.4,32.0,79.0,1007.5,1.3,0.0,0,4.0,0,0.017120190054815097,0.008387800764932112,0.005343238962139964
2024,18,23,24,2,29.4,32.0,79.0,1007.5,1.3,0.0,0,10.0,0,0.002059653673048973,0.0069328865718032194,0.012950940365437402
2024,18,23,26,1,29.4,32.0,79.0,1007.5,1.3,0.0,0,17.0,0,0.011061103058967127,0.013557154981427686,0.023124288869553502
2024,18,23,27,7,29.4,32.0,79.0,1007.5,1.3,0.0,0,8.0,0,0.005448819240870503,0.008167359220518694,0.01637552149566075
2024,18,23,28,8,29.4,32.0,79.0,1007.5,1.3,0.0,0,2.0,0,0.003639811252901376,0.014262567923550839,0.009972558731008694
2024,18,23,30,4,29.4,32.0,79.0,1007.5,1.3,0.0,0,20.0,0,0.019855497313731988,0.017988030024138246,0.033531892108961917
2024,19,24,0,9,28.5,38.6,38.0,1005.4,2.2,0.0,0,16.0,1,0.010854468921604144,0.012284809695372101,0.023924681955770077
2024,19,24,1,1,28.5,38.6,38.0,1005.4,2.2,0.0,0,8.0,1,0.005448601525608329,0.012284809695372101,0.015274740663341769
2024,19,24,5,4,28.5,38.6,38.0,1005.4,2.2,0.0,0,18.0,1,0.015373603128138211,0.012284809695372101,0.024937252916527503
2024,19,24,6,9,28.5,38.6,38.0,1005.4,2.2,0.0,0,17.0,1,0.017585094335591127,0.012284809695372101,0.012053903245613088
2024,19,24,9,0,28.5,38.6,38.0,1005.4,2.2,0.0,0,7.0,1,0.00825837054763783,0.012284809695372101,0.016481208191052765
2024,19,24,11,6,28.5,38.6,38.0,1005.4,2.2,0.0,0,19.0,1,0.003856755197538407,0.012284809695372101,0.005784580914114659
2024,19,24,12,3,28.5,38.6,38.0,1005.4,2.2,0.0,0,12.0,1,0.008140851691203184,0.012284809695372101,0.0037702110240971265
2024,19,24,14,7,28.5,38.6,38.0,1005.4,2.2,0.0,0,15.0,1,0.008984850751052263,0.012284809695372101,0.015630217702756646
2024,19,24,15,2,28.5,38.6,38.0,1005.4,2.2,0.0,0,4.0,1,0.00022435418046623783,0.012284809695372101,0.0024344791184169323
2024,19,24,16,3,28.5,38.6,38.0,1005.4,2.2,0.0,0,9.0,1,0.005277665007157964,0.012284809695372101,0.006086197796042332
2024,19,24,18,5,28.5,38.6,38.0,1005.4,2.2,0.0,0,1.0,1,0.00284181961923881,0.012284809695372101,0.0026930078743550244
2024,19,24,19,0,28.5,38.6,38.0,1005.4,2.2,0.0,0,13.0,1,0.01286297301339708,0.012284809695372101,0.02244891364062352
2024,19,24,20,8,28.5,38.6,38.0,1005.4,2.2,0.0,0,10.0,1,0.011068139569667328,0.012284809695372101,0.015199336442859774
2024,19,24,21,5,28.5,38.6,38.0,1005.4,2.2,0.0,0,5.0,1,0.0032691609153650283,0.012284809695372101,0.015640989734253964
2024,19,24,23,6,28.5,38.6,38.0,1005.4,2.2,0.0,0,6.0,1,0.005245614409948501,0.012284809695372101,0.0001292643779690461
2024,19,24,24,2,28.5,38.6,38.0,1005.4,2.2,0.0,0,3.0,1,0.0,0.012284809695372101,0.0027576400633395476
2024,19,24,26,1,28.5,38.6,38.0,1005.4,2.2,0.0,0,14.0,1,0.010865152454007349,0.012284809695372101,0.016061098962653363
2024,19,24,27,7,28.5,38.6,38.0,1005.4,2.2,0.0,0,11.0,1,0.007595991538642321,0.012284809695372101,0.010438098521000165
2024,19,24,28,8,28.5,38.6,38.0,1005.4,2.2,0.0,0,2.0,1,0.002702933697997907,0.012284809695372101,0.0
2024,19,24,30,4,28.5,38.6,38.0,1005.4,2.2,0.0,0,20.0,1,0.03864233670220711,0.012284809695372101,0.025421994333911426
2024,20,10,0,9,21.9,38.7,41.0,784.7,1.2,0.0,0,9.0,0,0.02325700658991247,0.012284809695372101,0.013321654552109909
2024,20,10,1,1,21.9,38.7,41.0,784.7,1.2,0.0,0,13.0,0,0.013986837370743832,0.011325757088250756,0.017073680907807316
2024,20,10,5,4,21.9,38.7,41.0,784.7,1.2,0.0,0,15.0,0,0.013461883638041964,0.008391356388113117,0.014995032160225793
2024,20,10,6,9,21.9,38.7,41.0,784.7,1.2,0.0,0,16.0,0,0.014243954973204312,0.015560045817835535,0.01594938032735448
2024,20,10,9,0,21.9,38.7,41.0,784.7,1.2,0.0,0,8.0,0,0.017205569373573665,0.01599763188715421,0.0256497411494011
2024,20,10,11,6,21.9,38.7,41.0,784.7,1.2,0.0,0,6.0,0,0.013986837370743832,0.007464703535438015,0.007425613136014195
2024,20,10,12,3,21.9,38.7,41.0,784.7,1.2,0.0,0,10.0,0,0.011615682453396134,0.011866304585644565,0.01734821942163884
2024,20,10,14,7,21.9,38.7,41.0,784.7,1.2,0.0,0,12.0,0,0.014038821508243786,0.011081223696572726,0.013099409088532072
2024,20,10,15,2,21.9,38.7,41.0,784.7,1.2,0.0,0,4.0,0,0.013986837370743832,0.0024195935597627048,0.009674214296919871
2024,20,10,16,3,21.9,38.7,41.0,784.7,1.2,0.0,0,7.0,0,0.01714146516577334,0.00694989639506308,0.012837943837264018
2024,20,10,18,5,21.9,38.7,41.0,784.7,1.2,0.0,0,3.0,0,0.013986837370743832,0.003204674448834544,0.0007713224912408814
2024,20,10,19,0,21.9,38.7,41.0,784.7,1.2,0.0,0,19.0,0,0.012795199876919797,0.012316760833472861,0.023950217016158466
2024,20,10,20,8,21.9,38.7,41.0,784.7,1.2,0.0,0,18.0,0,0.014051642349803705,0.008919033706997488,0.016929875019609915
2024,20,10,21,5,21.9,38.7,41.0,784.7,1.2,0.0,0,17.0,0,0.01230800789763832,0.0022908917746688796,0.0
2024,20,10,23,6,21.9,38.7,41.0,784.7,1.2,0.0,0,5.0,0,0.0,0.017271779559582475,0.011099199916330982
2024,20,10,24,2,21.9,38.7,41.0,784.7,1.2,0.0,0,1.0,0,0.004064206774532592,0.0,0.004444909271557668
2024,20,10,26,1,21.9,38.7,41.0,784.7,1.2,0.0,0,14.0,0,0.020538988179183947,0.01532838260466676,0.01840715368927471
2024,20,10,27,7,21.9,38.7,41.0,784.7,1.2,0.0,0,11.0,0,0.008987409933587955,0.002303761953178317,0.01058934267635834
2024,20,10,28,8,21.9,38.7,41.0,784.7,1.2,0.0,0,2.0,0,0.010782327751993562,0.13558733059627534,0.006680437169900064
2024,20,10,30,4,21.9,38.7,41.0,784.7,1.2,0.0,0,20.0,0,0.013986837370743832,0.016486698670510638,0.02530983632275261
2024,21,16,0,9,20.4,23.5,93.0,927.6,0.6,1.0,1,7.0,1,0.0048859934853420035,0.012284809695372101,0.013715728820447222
2024,21,16,1,1,20.4,23.5,93.0,927.6,0.6,1.0,1,9.0,1,0.008568191474295482,0.012284809695372101,0.030174603404984013
2024,21,16,3,3,20.4,23.5,93.0,927.6,0.6,1.0,1,17.0,1,0.0027616484917151593,0.012284809695372101,0.010595219088811217
2024,21,16,5,4,20.4,23.5,93.0,927.6,0.6,1.0,1,11.0,1,0.014742954255771093,0.012284809695372101,0.024615741883046167
2024,21,16,6,9,20.4,23.5,93.0,927.6,0.6,1.0,1,18.0,1,0.014289760657130723,0.012284809695372101,0.01997126228247151
2024,21,16,9,0,20.4,23.5,93.0,927.6,0.6,1.0,1,15.0,1,0.00858235377425286,0.012284809695372101,0.010319453112527011
2024,21,16,11,6,20.4,23.5,93.0,927.6,0.6,1.0,1,16.0,1,0.016201671151395064,0.012284809695372101,0.015123586699371567
2024,21,16,12,3,20.4,23.5,93.0,927.6,0.6,1.0,1,19.0,1,0.007279422178161674,0.012284809695372101,0.015457408670662821
2024,21,16,14,7,20.4,23.5,93.0,927.6,0.6,1.0,1,5.0,1,0.009786149270641588,0.012284809695372101,0.013468990841666749
2024,21,16,15,2,20.4,23.5,93.0,927.6,0.6,1.0,1,6.0,1,0.006061464381815569,0.012284809695372101,0.003686555682956282
2024,21,16,18,5,20.4,23.5,93.0,927.6,0.6,1.0,1,1.0,1,0.0,0.012284809695372101,0.0004209059638020343
2024,21,16,19,0,20.4,23.5,93.0,927.6,0.6,1.0,1,4.0,1,0.017235519048293426,0.012284809695372101,0.031248639312617104
2024,21,16,20,8,20.4,23.5,93.0,927.6,0.6,1.0,1,13.0,1,0.01749044044752867,0.012284809695372101,0.01632824859577062
2024,21,16,21,5,20.4,23.5,93.0,927.6,0.6,1.0,1,8.0,1,0.004815181985554503,0.012284809695372101,0.0
2024,21,16,23,6,20.4,23.5,93.0,927.6,0.6,1.0,1,2.0,1,0.002563376292309834,0.012284809695372101,0.007895615320977038
2024,21,16,24,2,20.4,23.5,93.0,927.6,0.6,1.0,1,14.0,1,0.006939526979181347,0.012284809695372101,0.005196011553143066
2024,21,16,26,1,20.4,23.5,93.0,927.6,0.6,1.0,1,10.0,1,0.016612377850162893,0.012284809695372101,0.03455783102802654
2024,21,16,27,7,20.4,23.5,93.0,927.6,0.6,1.0,1,3.0,1,0.012363687862909003,0.012284809695372101,0.03225010522649087
2024,21,16,28,8,20.4,23.5,93.0,927.6,0.6,1.0,1,12.0,1,0.015606854553179492,0.012284809695372101,0.004644479600574655
2024,21,16,30,4,20.4,23.5,93.0,927.6,0.6,1.0,1,20.0,1,0.032190907803427225,0.012284809695372101,0.05920260090857623
2024,22,19,0,9,11.8,13.95,26.0,941.3,0.7,0.0,0,18.0,0,0.02049452111030398,0.06185984545696778,0.008945174735492181
2024,22,19,1,1,11.8,13.95,26.0,941.3,0.7,0.0,0,17.0,0,0.013273544489005333,0.01721289634958694,0.025307256599337493
2024,22,19,5,4,11.8,13.95,26.0,941.3,0.7,0.0,0,19.0,0,0.029094430584941166,0.01273647748467885,0.030372982793630578
2024,22,19,6,9,11.8,13.95,26.0,941.3,0.7,0.0,0,14.0,0,0.03183124388164336,0.02177458033573133,0.01232232553168757
2024,22,19,9,0,11.8,13.95,26.0,941.3,0.7,0.0,0,3.0,0,0.015547204766265508,0.008803623767652475,0.014267393395319098
2024,22,19,11,6,11.8,13.95,26.0,941.3,0.7,0.0,0,10.0,0,0.0,0.0,0.008239820455274136
2024,22,19,12,3,11.8,13.95,26.0,941.3,0.7,0.0,0,9.0,0,0.02314712476710769,0.010583533173461177,0.014299454953510827
2024,22,19,14,7,11.8,13.95,26.0,941.3,0.7,0.0,0,15.0,0,0.039252218397701065,0.019674926725286476,0.031783691354066515
2024,22,19,15,2,11.8,13.95,26.0,941.3,0.7,0.0,0,4.0,0,0.01058936221723982,0.005201172395416995,0.014652132093619851
2024,22,19,16,3,11.8,13.95,26.0,941.3,0.7,0.0,0,12.0,0,0.019052431027041843,0.009176658673061595,0.014032275301913033
2024,22,19,18,5,11.8,13.95,26.0,941.3,0.7,0.0,0,6.0,0,0.010031473352911956,0.00011723954169992731,0.004680987495992331
2024,22,19,19,0,11.8,13.95,26.0,941.3,0.7,0.0,0,11.0,0,0.02264186692771651,0.014878763655742082,0.02019878166078872
2024,22,19,20,8,11.8,13.95,26.0,941.3,0.7,0.0,0,16.0,0,0.016157724655529906,0.023767652544631004,0.015934594421289024
2024,22,19,21,5,11.8,13.95,26.0,941.3,0.7,0.0,0,8.0,0,0.015262997231607968,0.01037037037037036,0.0022977450037405516
2024,22,19,23,6,11.8,13.95,26.0,941.3,0.7,0.0,0,1.0,0,0.0041683771749771135,0.002025046629363152,0.0
2024,22,19,24,2,11.8,13.95,26.0,941.3,0.7,0.0,0,2.0,0,0.012810391469563465,0.002984279243272061,0.003719140750240603
2024,22,19,26,1,11.8,13.95,26.0,941.3,0.7,0.0,0,20.0,0,0.01911558825696559,0.015198507860378385,0.036122688896013784
2024,22,19,27,7,11.8,13.95,26.0,941.3,0.7,0.0,0,7.0,0,0.03761013041967972,0.012491340261124402,0.0282676071390404
2024,22,19,28,8,11.8,13.95,26.0,941.3,0.7,0.0,0,5.0,0,0.010915674571846527,0.021412203570476955,0.006059634498236693
2024,22,19,30,4,11.8,13.95,26.0,941.3,0.7,0.0,0,13.0,0,0.035252260502520914,0.020676791899813456,0.03652880196644231
2024,23,21,0,9,18.9,21.6,59.0,1017.7,2.2,0.0,0,16.0,1,0.014740155943040503,0.012284809695372101,0.018688589344788373
2024,23,21,1,1,18.9,21.6,59.0,1017.7,2.2,0.0,0,8.0,1,0.015545495588935133,0.012284809695372101,0.017540611267466626
2024,23,21,5,4,18.9,21.6,59.0,1017.7,2.2,0.0,0,13.0,1,0.01355655070589228,0.012284809695372101,0.01844171233891275
2024,23,21,6,9,18.9,21.6,59.0,1017.7,2.2,0.0,0,19.0,1,0.027418154307956997,0.012284809695372101,0.029761023058312366
2024,23,21,9,0,18.9,21.6,59.0,1017.7,2.2,0.0,0,11.0,1,0.020340927116762064,0.012284809695372101,0.01192415938379492
2024,23,21,11,6,18.9,21.6,59.0,1017.7,2.2,0.0,0,6.0,1,0.015069613070906488,0.012284809695372101,0.005702858835728081
2024,23,21,12,3,18.9,21.6,59.0,1017.7,2.2,0.0,0,18.0,1,0.015765133674179123,0.012284809695372101,0.013281982916111112
2024,23,21,14,7,18.9,21.6,59.0,1017.7,2.2,0.0,0,17.0,1,0.019633204397642486,0.012284809695372101,0.013207919814348407
2024,23,21,15,2,18.9,21.6,59.0,1017.7,2.2,0.0,0,5.0,1,0.0,0.012284809695372101,0.0036537796869600364
2024,23,21,16,3,18.9,21.6,59.0,1017.7,2.2,0.0,0,10.0,1,0.021500128122216397,0.012284809695372101,0.019108280254777094
2024,23,21,18,5,18.9,21.6,59.0,1017.7,2.2,0.0,0,3.0,1,0.0051858992349273015,0.012284809695372101,0.0
2024,23,21,19,0,18.9,21.6,59.0,1017.7,2.2,0.0,0,20.0,1,0.028394323575708005,0.012284809695372101,0.023379252456426275
2024,23,21,20,8,18.9,21.6,59.0,1017.7,2.2,0.0,0,9.0,1,0.025453613656608035,0.012284809695372101,0.021058608601194923
2024,23,21,21,5,18.9,21.6,59.0,1017.7,2.2,0.0,0,4.0,1,0.005759398679730994,0.012284809695372101,0.0019626721967116725
2024,23,21,23,6,18.9,21.6,59.0,1017.7,2.2,0.0,0,2.0,1,0.014727953827193557,0.012284809695372101,0.0007776625685083986
2024,23,21,24,2,18.9,21.6,59.0,1017.7,2.2,0.0,0,7.0,1,0.007101631422888651,0.012284809695372101,0.0033204957290278656
2024,23,21,26,1,18.9,21.6,59.0,1017.7,2.2,0.0,0,15.0,1,0.013983624760533485,0.012284809695372101,0.018639213943613356
2024,23,21,27,7,18.9,21.6,59.0,1017.7,2.2,0.0,0,14.0,1,0.013324710504801517,0.012284809695372101,0.02110798400236994
2024,23,21,28,8,18.9,21.6,59.0,1017.7,2.2,0.0,0,1.0,1,0.01537466596707858,0.012284809695372101,0.0037401866390164083
2024,23,21,30,4,18.9,21.6,59.0,1017.7,2.2,0.0,0,12.0,1,0.023513477236952796,0.012284809695372101,0.023897694168765034
2024,24,0,0,9,25.8,29.5,66.0,1017.3,1.5,0.0,0,16.0,0,0.013986837370743832,0.009004154842726745,0.011326453561540314
2024,24,0,1,1,25.8,29.5,66.0,1017.3,1.5,0.0,0,8.0,0,0.014029719761388112,0.01265610594250275,0.01222537844737689
2024,24,0,5,4,25.8,29.5,66.0,1017.3,1.5,0.0,0,9.0,0,0.015298680044117198,0.008537184046361916,0.01253700574113351
2024,24,0,6,9,25.8,29.5,66.0,1017.3,1.5,0.0,0,19.0,0,0.012582867850239052,0.020929870565274192,0.01597689163760141
2024,24,0,8,0,25.8,29.5,66.0,1017.3,1.5,0.0,0,20.0,0,0.023517273277119628,0.017289893075661276,0.011997650809631567
2024,24,0,9,0,25.8,29.5,66.0,1017.3,1.5,0.0,0,6.0,0,0.012001755197400417,0.011973610163200307,0.011686023515874944
2024,24,0,11,6,25.8,29.5,66.0,1017.3,1.5,0.0,0,18.0,0,0.0057518293189122455,0.007208113318246631,0.004674409406349842
2024,24,0,12,3,25.8,29.5,66.0,1017.3,1.5,0.0,0,4.0,0,0.012476132873187067,0.005531807895398581,0.007910538995361507
2024,24,0,14,7,25.8,29.5,66.0,1017.3,1.5,0.0,0,12.0,0,0.014729426833173284,0.011805979620915553,0.013016432346913073
2024,24,0,15,2,25.8,29.5,66.0,1017.3,1.5,0.0,0,14.0,0,0.0,0.00818994935162898,0.007970467321083887
2024,24,0,16,3,25.8,29.5,66.0,1017.3,1.5,0.0,0,15.0,0,0.013318153247708218,0.008597052097177862,0.00792252466050588
2024,24,0,18,5,25.8,29.5,66.0,1017.3,1.5,0.0,0,1.0,0,0.0026209366587208838,0.0,0.002313233372886002
2024,24,0,20,8,25.8,29.5,66.0,1017.3,1.5,0.0,0,10.0,0,0.013780671481600148,0.01242860734940205,0.010187815372814045
2024,24,0,21,5,25.8,29.5,66.0,1017.3,1.5,0.0,0,2.0,0,0.013986837370743832,0.002801824778188978,0.0
2024,24,0,23,6,25.8,29.5,66.0,1017.3,1.5,0.0,0,7.0,0,0.010009368959096883,0.012177161535974833,0.007694797022760729
2024,24,0,24,2,25.8,29.5,66.0,1017.3,1.5,0.0,0,3.0,0,0.013986837370743832,0.006968641114982673,0.005249721333285249
2024,24,0,26,1,25.8,29.5,66.0,1017.3,1.5,0.0,0,13.0,0,0.013986837370743832,0.013997150280781292,0.013160260328646926
2024,24,0,27,7,25.8,29.5,66.0,1017.3,1.5,0.0,0,11.0,0,0.013986837370743832,0.011734137959936348,0.010906955281483305
2024,24,0,28,8,25.8,29.5,66.0,1017.3,1.5,0.0,0,5.0,0,0.013986837370743832,0.012943472586419568,0.004926108374384082
2024,24,0,30,4,25.8,29.5,66.0,1017.3,1.5,0.0,0,17.0,0,0.0189751070314632,0.012452554569728394,0.014802296453441676
