Year,Round,Circuit,Driver,Team,SubSession,LapTime_s,GridPosition,Sector1_s,Sector2_s,Sector3_s,TyreLife,Compound,FreshTyre,SpeedI1,SpeedI2,SpeedFL,SpeedST,AirTemp_C,TrackTemp_C,Humidity_pct,Pressure_hPa,WindSpeed_ms,Rainfall,FP1_s,FP2_s,FP3_s,IsSprintWeekend,SubSession_ord,Wet
2022,1,BAHRAIN GRAND PRIX,LEC,Ferrari,Q1,91.471,1.0,29.367,39.067,23.037,2.0,SOFT,True,241.0,269.0,286.0,314.0,19.4,25.4,56.0,1013.7,0.5,0.0,94.557,92.023,92.64,0,1,0
2022,1,BAHRAIN GRAND PRIX,SAI,Ferrari,Q1,91.567,3.0,29.394,39.218,22.955,2.0,SOFT,True,240.0,268.0,287.0,315.0,19.4,25.4,56.0,1013.7,0.5,0.0,94.611,92.52,93.053,0,1,0
2022,1,BAHRAIN GRAND PRIX,VER,Red Bull Racing,Q1,91.785,2.0,29.422,39.518,22.845,4.0,SOFT,True,237.0,270.0,288.0,321.0,19.4,25.4,56.0,1013.7,0.5,0.0,94.742,91.936,92.544,0,1,0
2022,1,BAHRAIN GRAND PRIX,BOT,Kick Sauber,Q1,91.919,6.0,29.391,39.5,23.028,2.0,SOFT,True,240.0,268.0,287.0,313.0,19.4,25.4,56.0,1013.7,0.5,0.0,,92.951,93.733,0,1,0
2022,1,BAHRAIN GRAND PRIX,MAG,Haas F1 Team,Q1,91.955,7.0,29.58,39.379,22.996,2.0,SOFT,True,240.0,270.0,288.0,318.0,19.4,25.4,56.0,1013.7,0.5,0.0,96.804,93.183,93.437,0,1,0
2022,1,BAHRAIN GRAND PRIX,OCO,Alpine,Q1,92.041,11.0,29.538,39.431,23.072,2.0,SOFT,True,239.0,269.0,286.0,317.0,19.4,25.4,56.0,1013.7,0.5,0.0,95.151,93.36,94.957,0,1,0
2022,1,BAHRAIN GRAND PRIX,GAS,Racing Bulls,Q1,92.096,10.0,29.597,39.481,23.018,2.0,SOFT,True,238.0,268.0,287.0,315.0,19.4,25.4,56.0,1013.7,0.5,0.0,94.193,93.621,94.176,0,1,0
2022,1,BAHRAIN GRAND PRIX,NOR,McLaren,Q1,92.239,13.0,29.632,39.514,23.093,2.0,SOFT,True,237.0,267.0,285.0,315.0,19.4,25.4,56.0,1013.7,0.5,0.0,96.304,93.28,93.955,0,1,0
2022,1,BAHRAIN GRAND PRIX,RUS,Mercedes,Q1,92.269,9.0,29.652,39.53,23.087,4.0,SOFT,True,237.0,266.0,282.0,309.0,19.4,25.4,56.0,1013.7,0.5,0.0,94.629,92.529,92.935,0,1,0
2022,1,BAHRAIN GRAND PRIX,HAM,Mercedes,Q1,92.285,5.0,29.549,39.74,22.996,2.0,SOFT,True,238.0,266.0,286.0,314.0,19.4,25.4,56.0,1013.7,0.5,0.0,94.943,93.144,93.121,0,1,0
2022,1,BAHRAIN GRAND PRIX,PER,Red Bull Racing,Q1,92.311,4.0,29.807,39.462,23.042,5.0,SOFT,False,236.0,269.0,289.0,320.0,19.4,25.4,56.0,1013.7,0.5,0.0,95.05,92.958,92.791,0,1,0
2022,1,BAHRAIN GRAND PRIX,ALO,Alpine,Q1,92.346,8.0,29.571,39.609,23.166,2.0,SOFT,True,241.0,268.0,287.0,318.0,19.4,25.4,56.0,1013.7,0.5,0.0,95.0,92.877,94.628,0,1,0
2022,1,BAHRAIN GRAND PRIX,MSC,Haas F1 Team,Q1,92.38,12.0,29.642,39.743,22.995,2.0,SOFT,True,239.0,271.0,289.0,318.0,19.4,25.4,56.0,1013.7,0.5,0.0,96.536,93.085,94.295,0,1,0
2022,1,BAHRAIN GRAND PRIX,ZHO,Kick Sauber,Q1,92.493,15.0,29.501,39.796,23.196,2.0,SOFT,True,240.0,268.0,288.0,314.0,19.4,25.4,56.0,1013.7,0.5,0.0,95.053,93.953,93.88,0,1,0
2022,1,BAHRAIN GRAND PRIX,ALB,Williams,Q1,92.726,14.0,29.64,39.785,23.301,2.0,SOFT,True,240.0,272.0,288.0,314.0,19.4,25.4,56.0,1013.7,0.5,0.0,95.923,94.735,94.868,0,1,0
2022,1,BAHRAIN GRAND PRIX,TSU,Racing Bulls,Q1,92.75,16.0,29.724,39.811,23.215,2.0,SOFT,True,235.0,267.0,286.0,318.0,19.4,25.4,56.0,1013.7,0.5,0.0,95.028,93.789,,0,1,0
2022,1,BAHRAIN GRAND PRIX,HUL,Aston Martin,Q1,92.777,17.0,29.833,39.76,23.184,2.0,SOFT,True,238.0,264.0,279.0,310.0,19.4,25.4,56.0,1013.7,0.5,0.0,95.815,94.061,93.971,0,1,0
2022,1,BAHRAIN GRAND PRIX,RIC,McLaren,Q1,92.945,18.0,29.763,39.862,23.32,2.0,SOFT,True,237.0,266.0,282.0,311.0,19.4,25.4,56.0,1013.7,0.5,0.0,96.402,94.166,94.378,0,1,0
2022,1,BAHRAIN GRAND PRIX,STR,Aston Martin,Q1,93.032,19.0,29.906,39.844,23.282,2.0,SOFT,True,238.0,267.0,284.0,311.0,19.4,25.4,56.0,1013.7,0.5,0.0,94.814,93.958,93.92,0,1,0
2022,1,BAHRAIN GRAND PRIX,LAT,Williams,Q1,93.634,20.0,29.81,40.495,23.329,2.0,SOFT,True,240.0,270.0,289.0,319.0,19.4,25.4,56.0,1013.7,0.5,0.0,95.644,94.486,95.667,0,1,0
2022,1,BAHRAIN GRAND PRIX,VER,Red Bull Racing,Q2,90.757,2.0,29.028,38.834,22.895,2.0,SOFT,True,239.0,271.0,288.0,322.0,19.4,25.4,56.0,1013.7,0.5,0.0,94.742,91.936,92.544,0,2,0
2022,1,BAHRAIN GRAND PRIX,SAI,Ferrari,Q2,90.787,3.0,29.089,38.885,22.813,2.0,SOFT,True,240.0,269.0,287.0,315.0,19.4,25.4,56.0,1013.7,0.5,0.0,94.611,92.52,93.053,0,2,0
2022,1,BAHRAIN GRAND PRIX,LEC,Ferrari,Q2,90.932,1.0,29.355,38.85,22.727,2.0,SOFT,True,242.0,271.0,286.0,312.0,19.4,25.4,56.0,1013.7,0.5,0.0,94.557,92.023,92.64,0,2,0
2022,1,BAHRAIN GRAND PRIX,PER,Red Bull Racing,Q2,91.008,4.0,29.165,39.097,22.746,2.0,SOFT,True,241.0,270.0,289.0,322.0,19.4,25.4,56.0,1013.7,0.5,0.0,95.05,92.958,92.791,0,2,0
2022,1,BAHRAIN GRAND PRIX,HAM,Mercedes,Q2,91.048,5.0,29.1,39.038,22.91,2.0,SOFT,True,240.0,268.0,285.0,314.0,19.4,25.4,56.0,1013.7,0.5,0.0,94.943,93.144,93.121,0,2,0
2022,1,BAHRAIN GRAND PRIX,RUS,Mercedes,Q2,91.252,9.0,29.197,39.104,22.951,2.0,SOFT,True,239.0,265.0,284.0,313.0,19.4,25.4,56.0,1013.7,0.5,0.0,94.629,92.529,92.935,0,2,0
2022,1,BAHRAIN GRAND PRIX,MAG,Haas F1 Team,Q2,91.461,7.0,29.391,39.191,22.879,2.0,SOFT,True,241.0,271.0,287.0,316.0,19.4,25.4,56.0,1013.7,0.5,0.0,96.804,93.183,93.437,0,2,0
2022,1,BAHRAIN GRAND PRIX,ALO,Alpine,Q2,91.621,8.0,29.306,39.305,23.01,2.0,SOFT,True,241.0,268.0,286.0,318.0,19.4,25.4,56.0,1013.7,0.5,0.0,95.0,92.877,94.628,0,2,0
2022,1,BAHRAIN GRAND PRIX,GAS,Racing Bulls,Q2,91.635,10.0,29.253,39.335,23.047,2.0,SOFT,True,239.0,269.0,279.0,314.0,19.4,25.4,56.0,1013.7,0.5,0.0,94.193,93.621,94.176,0,2,0
2022,1,BAHRAIN GRAND PRIX,BOT,Kick Sauber,Q2,91.717,6.0,29.402,39.454,22.861,2.0,SOFT,True,240.0,268.0,285.0,315.0,19.4,25.4,56.0,1013.7,0.5,0.0,,92.951,93.733,0,2,0
2022,1,BAHRAIN GRAND PRIX,OCO,Alpine,Q2,91.782,11.0,29.407,39.294,23.081,2.0,SOFT,True,240.0,269.0,287.0,320.0,19.4,25.4,56.0,1013.7,0.5,0.0,95.151,93.36,94.957,0,2,0
2022,1,BAHRAIN GRAND PRIX,MSC,Haas F1 Team,Q2,91.998,12.0,29.538,39.43,23.03,2.0,SOFT,True,241.0,271.0,287.0,317.0,19.4,25.4,56.0,1013.7,0.5,0.0,96.536,93.085,94.295,0,2,0
2022,1,BAHRAIN GRAND PRIX,NOR,McLaren,Q2,92.008,13.0,29.544,39.355,23.109,2.0,SOFT,True,237.0,267.0,283.0,313.0,19.4,25.4,56.0,1013.7,0.5,0.0,96.304,93.28,93.955,0,2,0
2022,1,BAHRAIN GRAND PRIX,ZHO,Kick Sauber,Q2,92.387,15.0,29.493,39.829,23.065,2.0,SOFT,True,241.0,268.0,286.0,315.0,19.4,25.4,56.0,1013.7,0.5,0.0,95.053,93.953,93.88,0,2,0
2022,1,BAHRAIN GRAND PRIX,ALB,Williams,Q2,92.664,14.0,29.564,39.897,23.203,2.0,SOFT,True,240.0,271.0,287.0,313.0,19.4,25.4,56.0,1013.7,0.5,0.0,95.923,94.735,94.868,0,2,0
2022,1,BAHRAIN GRAND PRIX,LEC,Ferrari,Q3,90.558,1.0,29.115,38.702,22.741,2.0,SOFT,True,241.0,270.0,288.0,316.0,19.4,25.4,56.0,1013.7,0.5,0.0,94.557,92.023,92.64,0,3,0
2022,1,BAHRAIN GRAND PRIX,VER,Red Bull Racing,Q3,90.681,2.0,28.97,38.832,22.879,2.0,SOFT,True,239.0,271.0,289.0,322.0,19.4,25.4,56.0,1013.7,0.5,0.0,94.742,91.936,92.544,0,3,0
2022,1,BAHRAIN GRAND PRIX,SAI,Ferrari,Q3,90.687,3.0,29.036,38.842,22.809,2.0,SOFT,True,240.0,270.0,284.0,315.0,19.4,25.4,56.0,1013.7,0.5,0.0,94.611,92.52,93.053,0,3,0
2022,1,BAHRAIN GRAND PRIX,PER,Red Bull Racing,Q3,90.921,4.0,29.18,38.894,22.847,2.0,SOFT,True,239.0,269.0,288.0,322.0,19.4,25.4,56.0,1013.7,0.5,0.0,95.05,92.958,92.791,0,3,0
2022,1,BAHRAIN GRAND PRIX,HAM,Mercedes,Q3,91.238,5.0,29.384,38.965,22.889,2.0,SOFT,True,239.0,268.0,285.0,312.0,19.4,25.4,56.0,1013.7,0.5,0.0,94.943,93.144,93.121,0,3,0
2022,1,BAHRAIN GRAND PRIX,BOT,Kick Sauber,Q3,91.56,6.0,29.203,39.296,23.061,2.0,SOFT,True,239.0,269.0,286.0,314.0,19.4,25.4,56.0,1013.7,0.5,0.0,,92.951,93.733,0,3,0
2022,1,BAHRAIN GRAND PRIX,MAG,Haas F1 Team,Q3,91.808,7.0,29.31,39.456,23.042,2.0,SOFT,True,241.0,270.0,278.0,318.0,19.4,25.4,56.0,1013.7,0.5,0.0,96.804,93.183,93.437,0,3,0
2022,1,BAHRAIN GRAND PRIX,ALO,Alpine,Q3,92.195,8.0,29.47,39.551,23.174,2.0,SOFT,True,239.0,268.0,287.0,320.0,19.4,25.4,56.0,1013.7,0.5,0.0,95.0,92.877,94.628,0,3,0
2022,1,BAHRAIN GRAND PRIX,RUS,Mercedes,Q3,92.216,9.0,30.002,39.362,22.852,2.0,SOFT,True,238.0,267.0,284.0,309.0,19.4,25.4,56.0,1013.7,0.5,0.0,94.629,92.529,92.935,0,3,0
2022,1,BAHRAIN GRAND PRIX,GAS,Racing Bulls,Q3,92.338,10.0,29.392,39.815,23.131,2.0,SOFT,True,239.0,269.0,276.0,315.0,19.4,25.4,56.0,1013.7,0.5,0.0,94.193,93.621,94.176,0,3,0
2022,2,SAUDI ARABIAN GRAND PRIX,SAI,Ferrari,Q1,88.855,3.0,32.426,28.519,27.91,5.0,SOFT,False,286.0,320.0,296.0,325.0,23.4,25.3,59.0,1014.5,3.0,0.0,91.139,90.32,90.009,0,1,0
2022,2,SAUDI ARABIAN GRAND PRIX,VER,Red Bull Racing,Q1,88.928,4.0,32.634,28.414,27.88,6.0,SOFT,False,288.0,326.0,308.0,331.0,23.4,25.3,59.0,1014.5,3.0,0.0,90.888,90.214,89.768,0,1,0
2022,2,SAUDI ARABIAN GRAND PRIX,LEC,Ferrari,Q1,89.039,2.0,32.57,28.486,27.983,5.0,SOFT,False,285.0,320.0,297.0,325.0,23.4,25.3,59.0,1014.5,3.0,0.0,90.772,90.074,89.735,0,1,0
2022,2,SAUDI ARABIAN GRAND PRIX,RUS,Mercedes,Q1,89.68,6.0,32.646,28.768,28.266,2.0,SOFT,True,287.0,319.0,296.0,324.0,23.4,25.3,59.0,1014.5,3.0,0.0,92.839,90.664,90.983,0,1,0
2022,2,SAUDI ARABIAN GRAND PRIX,BOT,Kick Sauber,Q1,89.683,8.0,32.829,28.765,28.089,6.0,SOFT,True,286.0,322.0,303.0,325.0,23.4,25.3,59.0,1014.5,3.0,0.0,91.084,90.832,90.03,0,1,0
2022,2,SAUDI ARABIAN GRAND PRIX,PER,Red Bull Racing,Q1,89.705,1.0,32.881,28.752,28.072,6.0,SOFT,False,288.0,327.0,307.0,332.0,23.4,25.3,59.0,1014.5,3.0,0.0,91.563,90.36,89.833,0,1,0
2022,2,SAUDI ARABIAN GRAND PRIX,MAG,Haas F1 Team,Q1,89.831,10.0,32.879,28.858,28.094,4.0,SOFT,True,283.0,323.0,303.0,329.0,23.4,25.3,59.0,1014.5,3.0,0.0,124.638,92.344,90.262,0,1,0
2022,2,SAUDI ARABIAN GRAND PRIX,GAS,Racing Bulls,Q1,89.891,9.0,32.896,28.787,28.208,4.0,SOFT,False,284.0,322.0,301.0,326.0,23.4,25.3,59.0,1014.5,3.0,0.0,91.317,90.963,90.148,0,1,0
2022,2,SAUDI ARABIAN GRAND PRIX,NOR,McLaren,Q1,89.957,11.0,32.832,28.797,28.328,4.0,SOFT,True,283.0,315.0,287.0,320.0,23.4,25.3,59.0,1014.5,3.0,0.0,92.594,90.735,91.529,0,1,0
2022,2,SAUDI ARABIAN GRAND PRIX,ALO,Alpine,Q1,89.978,7.0,32.853,28.843,28.282,6.0,SOFT,True,286.0,317.0,301.0,323.0,23.4,25.3,59.0,1014.5,3.0,0.0,92.381,90.944,90.296,0,1,0
2022,2,SAUDI ARABIAN GRAND PRIX,ZHO,Kick Sauber,Q1,89.978,13.0,32.985,28.735,28.258,6.0,SOFT,True,285.0,322.0,298.0,326.0,23.4,25.3,59.0,1014.5,3.0,0.0,92.608,91.615,90.946,0,1,0
2022,2,SAUDI ARABIAN GRAND PRIX,RIC,McLaren,Q1,90.009,12.0,32.741,28.833,28.435,4.0,SOFT,True,284.0,315.0,291.0,321.0,23.4,25.3,59.0,1014.5,3.0,0.0,92.506,91.527,91.186,0,1,0
2022,2,SAUDI ARABIAN GRAND PRIX,OCO,Alpine,Q1,90.093,5.0,32.894,28.85,28.349,6.0,SOFT,True,286.0,319.0,301.0,324.0,23.4,25.3,59.0,1014.5,3.0,0.0,92.026,90.76,90.139,0,1,0
2022,2,SAUDI ARABIAN GRAND PRIX,MSC,Haas F1 Team,Q1,90.167,14.0,32.896,29.035,28.236,3.0,SOFT,True,283.0,320.0,300.0,326.0,23.4,25.3,59.0,1014.5,3.0,0.0,94.429,91.169,90.765,0,1,0
2022,2,SAUDI ARABIAN GRAND PRIX,STR,Aston Martin,Q1,90.256,15.0,33.048,28.884,28.324,2.0,SOFT,True,288.0,320.0,303.0,326.0,23.4,25.3,59.0,1014.5,3.0,0.0,92.582,91.372,91.067,0,1,0
2022,2,SAUDI ARABIAN GRAND PRIX,HAM,Mercedes,Q1,90.343,16.0,33.085,28.967,28.291,6.0,SOFT,True,285.0,317.0,299.0,324.0,23.4,25.3,59.0,1014.5,3.0,0.0,92.364,90.513,90.707,0,1,0
2022,2,SAUDI ARABIAN GRAND PRIX,ALB,Williams,Q1,90.492,17.0,33.167,28.975,28.35,4.0,SOFT,True,288.0,323.0,304.0,326.0,23.4,25.3,59.0,1014.5,3.0,0.0,93.087,91.866,91.374,0,1,0
2022,2,SAUDI ARABIAN GRAND PRIX,HUL,Aston Martin,Q1,90.543,18.0,33.201,28.915,28.427,2.0,SOFT,True,287.0,318.0,302.0,325.0,23.4,25.3,59.0,1014.5,3.0,0.0,93.034,91.615,91.424,0,1,0
2022,2,SAUDI ARABIAN GRAND PRIX,LAT,Williams,Q1,91.817,19.0,33.926,29.247,28.644,2.0,SOFT,True,282.0,321.0,301.0,325.0,23.4,25.3,59.0,1014.5,3.0,0.0,93.529,91.814,91.992,0,1,0
2022,2,SAUDI ARABIAN GRAND PRIX,SAI,Ferrari,Q2,73.67,3.0,,33.035,31.369,2.0,SOFT,False,255.0,296.0,290.0,294.0,23.4,25.3,59.0,1014.5,3.0,0.0,91.139,90.32,90.009,0,2,0
2022,2,SAUDI ARABIAN GRAND PRIX,LEC,Ferrari,Q2,88.78,2.0,32.565,28.448,27.767,4.0,SOFT,False,282.0,322.0,300.0,326.0,23.4,25.3,59.0,1014.5,3.0,0.0,90.772,90.074,89.735,0,2,0
2022,2,SAUDI ARABIAN GRAND PRIX,PER,Red Bull Racing,Q2,88.924,1.0,32.69,28.48,27.754,2.0,SOFT,True,289.0,330.0,305.0,333.0,23.4,25.3,59.0,1014.5,3.0,0.0,91.563,90.36,89.833,0,2,0
2022,2,SAUDI ARABIAN GRAND PRIX,VER,Red Bull Racing,Q2,88.945,4.0,32.681,28.347,27.917,3.0,SOFT,True,288.0,328.0,306.0,332.0,23.4,25.3,59.0,1014.5,3.0,0.0,90.888,90.214,89.768,0,2,0
2022,2,SAUDI ARABIAN GRAND PRIX,ALO,Alpine,Q2,89.295,7.0,32.668,28.716,27.911,6.0,SOFT,False,282.0,315.0,299.0,326.0,23.4,25.3,59.0,1014.5,3.0,0.0,92.381,90.944,90.296,0,2,0
2022,2,SAUDI ARABIAN GRAND PRIX,BOT,Kick Sauber,Q2,89.404,8.0,32.795,28.654,27.955,3.0,SOFT,True,283.0,324.0,299.0,328.0,23.4,25.3,59.0,1014.5,3.0,0.0,91.084,90.832,90.03,0,2,0
2022,2,SAUDI ARABIAN GRAND PRIX,GAS,Racing Bulls,Q2,89.418,9.0,32.722,28.574,28.122,4.0,SOFT,False,284.0,323.0,295.0,326.0,23.4,25.3,59.0,1014.5,3.0,0.0,91.317,90.963,90.148,0,2,0
2022,2,SAUDI ARABIAN GRAND PRIX,MAG,Haas F1 Team,Q2,89.546,10.0,32.821,28.703,28.022,5.0,SOFT,False,280.0,324.0,298.0,329.0,23.4,25.3,59.0,1014.5,3.0,0.0,124.638,92.344,90.262,0,2,0
2022,2,SAUDI ARABIAN GRAND PRIX,OCO,Alpine,Q2,89.584,5.0,32.836,28.677,28.071,3.0,SOFT,True,284.0,319.0,299.0,326.0,23.4,25.3,59.0,1014.5,3.0,0.0,92.026,90.76,90.139,0,2,0
2022,2,SAUDI ARABIAN GRAND PRIX,RUS,Mercedes,Q2,89.618,6.0,32.607,28.672,28.339,6.0,MEDIUM,False,287.0,315.0,299.0,323.0,23.4,25.3,59.0,1014.5,3.0,0.0,92.839,90.664,90.983,0,2,0
2022,2,SAUDI ARABIAN GRAND PRIX,NOR,McLaren,Q2,89.651,11.0,32.721,28.669,28.261,3.0,SOFT,False,283.0,318.0,296.0,323.0,23.4,25.3,59.0,1014.5,3.0,0.0,92.594,90.735,91.529,0,2,0
2022,2,SAUDI ARABIAN GRAND PRIX,RIC,McLaren,Q2,89.773,12.0,32.78,28.776,28.217,4.0,SOFT,False,282.0,314.0,289.0,321.0,23.4,25.3,59.0,1014.5,3.0,0.0,92.506,91.527,91.186,0,2,0
2022,2,SAUDI ARABIAN GRAND PRIX,ZHO,Kick Sauber,Q2,89.819,13.0,33.028,28.714,28.077,5.0,SOFT,False,284.0,323.0,298.0,327.0,23.4,25.3,59.0,1014.5,3.0,0.0,92.608,91.615,90.946,0,2,0
2022,2,SAUDI ARABIAN GRAND PRIX,MSC,Haas F1 Team,Q2,89.92,14.0,32.914,28.765,28.241,6.0,SOFT,False,283.0,322.0,300.0,327.0,23.4,25.3,59.0,1014.5,3.0,0.0,94.429,91.169,90.765,0,2,0
2022,2,SAUDI ARABIAN GRAND PRIX,STR,Aston Martin,Q2,91.009,15.0,33.294,29.201,28.514,8.0,SOFT,False,285.0,322.0,302.0,325.0,23.4,25.3,59.0,1014.5,3.0,0.0,92.582,91.372,91.067,0,2,0
2022,2,SAUDI ARABIAN GRAND PRIX,PER,Red Bull Racing,Q3,88.2,1.0,32.299,28.323,27.578,2.0,SOFT,True,290.0,329.0,308.0,335.0,23.4,25.3,59.0,1014.5,3.0,0.0,91.563,90.36,89.833,0,3,0
2022,2,SAUDI ARABIAN GRAND PRIX,LEC,Ferrari,Q3,88.225,2.0,32.134,28.347,27.744,3.0,SOFT,True,287.0,320.0,300.0,325.0,23.4,25.3,59.0,1014.5,3.0,0.0,90.772,90.074,89.735,0,3,0
2022,2,SAUDI ARABIAN GRAND PRIX,SAI,Ferrari,Q3,88.402,3.0,32.289,28.482,27.631,7.0,SOFT,False,288.0,320.0,301.0,327.0,23.4,25.3,59.0,1014.5,3.0,0.0,91.139,90.32,90.009,0,3,0
2022,2,SAUDI ARABIAN GRAND PRIX,VER,Red Bull Racing,Q3,88.461,4.0,32.314,28.335,27.812,3.0,SOFT,True,290.0,326.0,302.0,334.0,23.4,25.3,59.0,1014.5,3.0,0.0,90.888,90.214,89.768,0,3,0
2022,2,SAUDI ARABIAN GRAND PRIX,OCO,Alpine,Q3,89.068,5.0,32.566,28.589,27.913,9.0,SOFT,False,288.0,320.0,302.0,326.0,23.4,25.3,59.0,1014.5,3.0,0.0,92.026,90.76,90.139,0,3,0
2022,2,SAUDI ARABIAN GRAND PRIX,RUS,Mercedes,Q3,89.104,6.0,32.501,28.548,28.055,3.0,SOFT,True,286.0,313.0,296.0,322.0,23.4,25.3,59.0,1014.5,3.0,0.0,92.839,90.664,90.983,0,3,0
2022,2,SAUDI ARABIAN GRAND PRIX,ALO,Alpine,Q3,89.147,7.0,32.724,28.581,27.842,2.0,SOFT,True,285.0,319.0,303.0,328.0,23.4,25.3,59.0,1014.5,3.0,0.0,92.381,90.944,90.296,0,3,0
2022,2,SAUDI ARABIAN GRAND PRIX,BOT,Kick Sauber,Q3,89.183,8.0,32.544,28.572,28.067,6.0,SOFT,True,285.0,321.0,297.0,326.0,23.4,25.3,59.0,1014.5,3.0,0.0,91.084,90.832,90.03,0,3,0
2022,2,SAUDI ARABIAN GRAND PRIX,GAS,Racing Bulls,Q3,89.254,9.0,32.698,28.586,27.97,5.0,SOFT,False,285.0,323.0,302.0,328.0,23.4,25.3,59.0,1014.5,3.0,0.0,91.317,90.963,90.148,0,3,0
2022,2,SAUDI ARABIAN GRAND PRIX,MAG,Haas F1 Team,Q3,89.588,10.0,32.765,28.706,28.117,7.0,SOFT,False,284.0,325.0,299.0,330.0,23.4,25.3,59.0,1014.5,3.0,0.0,124.638,92.344,90.262,0,3,0
2022,3,AUSTRALIAN GRAND PRIX,VER,Red Bull Racing,Q1,78.58,2.0,27.091,17.866,33.623,6.0,SOFT,True,281.0,303.0,299.0,318.0,23.2,29.1,57.0,1017.4,1.1,0.0,80.626,79.223,79.809,0,1,0
2022,3,AUSTRALIAN GRAND PRIX,PER,Red Bull Racing,Q1,78.834,3.0,27.198,17.946,33.69,6.0,SOFT,True,283.0,304.0,302.0,322.0,23.2,29.1,57.0,1017.4,1.1,0.0,80.399,79.658,79.265,0,1,0
2022,3,AUSTRALIAN GRAND PRIX,LEC,Ferrari,Q1,78.881,1.0,27.152,17.935,33.794,4.0,SOFT,True,283.0,301.0,298.0,310.0,23.2,29.1,57.0,1017.4,1.1,0.0,80.377,78.978,79.249,0,1,0
2022,3,AUSTRALIAN GRAND PRIX,SAI,Ferrari,Q1,78.983,9.0,27.213,18.025,33.745,6.0,SOFT,True,281.0,296.0,298.0,310.0,23.2,29.1,57.0,1017.4,1.1,0.0,79.806,79.376,79.419,0,1,0
2022,3,AUSTRALIAN GRAND PRIX,ALO,Alpine,Q1,79.192,10.0,27.193,17.86,34.139,4.0,SOFT,True,283.0,305.0,301.0,320.0,23.2,29.1,57.0,1017.4,1.1,0.0,81.229,79.537,79.275,0,1,0
2022,3,AUSTRALIAN GRAND PRIX,BOT,Kick Sauber,Q1,79.251,12.0,27.193,18.019,34.039,4.0,SOFT,True,283.0,304.0,300.0,314.0,23.2,29.1,57.0,1017.4,1.1,0.0,81.247,80.055,80.008,0,1,0
2022,3,AUSTRALIAN GRAND PRIX,NOR,McLaren,Q1,79.28,4.0,27.145,18.133,34.002,5.0,SOFT,True,278.0,294.0,296.0,312.0,23.2,29.1,57.0,1017.4,1.1,0.0,80.878,80.1,79.117,0,1,0
2022,3,AUSTRALIAN GRAND PRIX,HAM,Mercedes,Q1,79.401,5.0,27.163,18.116,34.122,5.0,SOFT,True,278.0,292.0,295.0,312.0,23.2,29.1,57.0,1017.4,1.1,0.0,81.027,80.521,79.896,0,1,0
2022,3,AUSTRALIAN GRAND PRIX,RUS,Mercedes,Q1,79.405,6.0,27.257,18.033,34.115,5.0,SOFT,True,278.0,294.0,297.0,313.0,23.2,29.1,57.0,1017.4,1.1,0.0,81.457,80.212,80.096,0,1,0
2022,3,AUSTRALIAN GRAND PRIX,GAS,Racing Bulls,Q1,79.58,11.0,27.419,18.049,34.112,7.0,SOFT,False,279.0,298.0,295.0,313.0,23.2,29.1,57.0,1017.4,1.1,0.0,81.701,80.142,80.133,0,1,0
2022,3,AUSTRALIAN GRAND PRIX,OCO,Alpine,Q1,79.605,8.0,27.462,17.945,34.198,4.0,SOFT,True,282.0,305.0,299.0,318.0,23.2,29.1,57.0,1017.4,1.1,0.0,81.004,79.842,80.205,0,1,0
2022,3,AUSTRALIAN GRAND PRIX,RIC,McLaren,Q1,79.665,7.0,27.451,18.194,34.02,5.0,SOFT,True,278.0,290.0,297.0,312.0,23.2,29.1,57.0,1017.4,1.1,0.0,81.155,80.203,79.693,0,1,0
2022,3,AUSTRALIAN GRAND PRIX,TSU,Racing Bulls,Q1,79.742,13.0,27.33,18.104,34.308,2.0,SOFT,True,278.0,302.0,298.0,316.0,23.2,29.1,57.0,1017.4,1.1,0.0,81.289,80.424,80.071,0,1,0
2022,3,AUSTRALIAN GRAND PRIX,ZHO,Kick Sauber,Q1,79.91,14.0,27.625,18.204,34.081,2.0,SOFT,True,278.0,300.0,299.0,313.0,23.2,29.1,57.0,1017.4,1.1,0.0,81.821,81.063,80.836,0,1,0
2022,3,AUSTRALIAN GRAND PRIX,MSC,Haas F1 Team,Q1,80.104,15.0,27.352,18.273,34.479,2.0,SOFT,True,278.0,299.0,299.0,313.0,23.2,29.1,57.0,1017.4,1.1,0.0,84.349,81.974,80.692,0,1,0
2022,3,AUSTRALIAN GRAND PRIX,ALB,Williams,Q1,80.135,16.0,27.401,18.067,34.667,2.0,SOFT,True,283.0,300.0,300.0,315.0,23.2,29.1,57.0,1017.4,1.1,0.0,82.754,81.912,80.958,0,1,0
2022,3,AUSTRALIAN GRAND PRIX,MAG,Haas F1 Team,Q1,80.254,17.0,27.859,18.237,34.158,2.0,SOFT,True,279.0,298.0,297.0,313.0,23.2,29.1,57.0,1017.4,1.1,0.0,83.186,81.191,81.025,0,1,0
2022,3,AUSTRALIAN GRAND PRIX,VET,Aston Martin,Q1,81.149,18.0,27.994,18.148,35.007,2.0,SOFT,True,279.0,299.0,299.0,313.0,23.2,29.1,57.0,1017.4,1.1,0.0,81.661,,94.542,0,1,0
2022,3,AUSTRALIAN GRAND PRIX,LAT,Williams,Q1,81.372,19.0,27.719,18.192,35.461,4.0,SOFT,True,281.0,301.0,302.0,317.0,23.2,29.1,57.0,1017.4,1.1,0.0,83.924,82.307,81.05,0,1,0
2022,3,AUSTRALIAN GRAND PRIX,STR,Aston Martin,Q1,106.833,20.0,43.939,20.806,42.088,1.0,SOFT,True,156.0,282.0,296.0,100.0,23.2,29.1,57.0,1017.4,1.1,0.0,81.869,80.611,81.636,0,1,0
2022,3,AUSTRALIAN GRAND PRIX,PER,Red Bull Racing,Q2,78.34,3.0,26.946,17.839,33.555,4.0,SOFT,True,283.0,306.0,304.0,321.0,23.2,29.1,57.0,1017.4,1.1,0.0,80.399,79.658,79.265,0,2,0
2022,3,AUSTRALIAN GRAND PRIX,SAI,Ferrari,Q2,78.469,9.0,27.01,17.772,33.687,5.0,SOFT,True,283.0,304.0,296.0,313.0,23.2,29.1,57.0,1017.4,1.1,0.0,79.806,79.376,79.419,0,2,0
2022,3,AUSTRALIAN GRAND PRIX,LEC,Ferrari,Q2,78.606,1.0,26.915,17.978,33.713,3.0,SOFT,True,283.0,299.0,298.0,312.0,23.2,29.1,57.0,1017.4,1.1,0.0,80.377,78.978,79.249,0,2,0
2022,3,AUSTRALIAN GRAND PRIX,VER,Red Bull Racing,Q2,78.611,2.0,27.11,17.831,33.67,2.0,SOFT,True,282.0,303.0,302.0,317.0,23.2,29.1,57.0,1017.4,1.1,0.0,80.626,79.223,79.809,0,2,0
2022,3,AUSTRALIAN GRAND PRIX,ALO,Alpine,Q2,78.815,10.0,27.015,17.78,34.02,2.0,SOFT,True,284.0,307.0,303.0,322.0,23.2,29.1,57.0,1017.4,1.1,0.0,81.229,79.537,79.275,0,2,0
2022,3,AUSTRALIAN GRAND PRIX,NOR,McLaren,Q2,79.066,4.0,27.244,17.971,33.851,2.0,SOFT,True,279.0,297.0,296.0,319.0,23.2,29.1,57.0,1017.4,1.1,0.0,80.878,80.1,79.117,0,2,0
2022,3,AUSTRALIAN GRAND PRIX,RUS,Mercedes,Q2,79.076,6.0,27.084,18.017,33.975,4.0,SOFT,True,280.0,293.0,298.0,315.0,23.2,29.1,57.0,1017.4,1.1,0.0,81.457,80.212,80.096,0,2,0
2022,3,AUSTRALIAN GRAND PRIX,HAM,Mercedes,Q2,79.106,5.0,27.237,18.059,33.81,3.0,SOFT,True,279.0,295.0,297.0,315.0,23.2,29.1,57.0,1017.4,1.1,0.0,81.027,80.521,79.896,0,2,0
2022,3,AUSTRALIAN GRAND PRIX,RIC,McLaren,Q2,79.13,7.0,27.236,17.981,33.913,4.0,SOFT,False,278.0,293.0,295.0,314.0,23.2,29.1,57.0,1017.4,1.1,0.0,81.155,80.203,79.693,0,2,0
2022,3,AUSTRALIAN GRAND PRIX,OCO,Alpine,Q2,79.136,8.0,27.193,17.929,34.014,2.0,SOFT,True,283.0,307.0,300.0,319.0,23.2,29.1,57.0,1017.4,1.1,0.0,81.004,79.842,80.205,0,2,0
2022,3,AUSTRALIAN GRAND PRIX,GAS,Racing Bulls,Q2,79.226,11.0,27.317,18.086,33.823,5.0,SOFT,False,278.0,298.0,300.0,316.0,23.2,29.1,57.0,1017.4,1.1,0.0,81.701,80.142,80.133,0,2,0
2022,3,AUSTRALIAN GRAND PRIX,BOT,Kick Sauber,Q2,79.41,12.0,27.318,17.996,34.096,2.0,SOFT,True,282.0,307.0,301.0,316.0,23.2,29.1,57.0,1017.4,1.1,0.0,81.247,80.055,80.008,0,2,0
2022,3,AUSTRALIAN GRAND PRIX,TSU,Racing Bulls,Q2,79.424,13.0,27.079,18.098,34.247,4.0,SOFT,True,281.0,303.0,299.0,317.0,23.2,29.1,57.0,1017.4,1.1,0.0,81.289,80.424,80.071,0,2,0
2022,3,AUSTRALIAN GRAND PRIX,ZHO,Kick Sauber,Q2,80.155,14.0,27.7,18.202,34.253,4.0,SOFT,True,279.0,302.0,296.0,314.0,23.2,29.1,57.0,1017.4,1.1,0.0,81.821,81.063,80.836,0,2,0
2022,3,AUSTRALIAN GRAND PRIX,MSC,Haas F1 Team,Q2,80.465,15.0,27.358,18.258,34.849,4.0,SOFT,True,280.0,295.0,299.0,313.0,23.2,29.1,57.0,1017.4,1.1,0.0,84.349,81.974,80.692,0,2,0
2022,3,AUSTRALIAN GRAND PRIX,LEC,Ferrari,Q3,77.868,1.0,26.74,17.786,33.342,3.0,SOFT,True,284.0,302.0,301.0,312.0,23.2,29.1,57.0,1017.4,1.1,0.0,80.377,78.978,79.249,0,3,0
2022,3,AUSTRALIAN GRAND PRIX,VER,Red Bull Racing,Q3,78.154,2.0,26.865,17.792,33.497,2.0,SOFT,True,281.0,304.0,298.0,318.0,23.2,29.1,57.0,1017.4,1.1,0.0,80.626,79.223,79.809,0,3,0
2022,3,AUSTRALIAN GRAND PRIX,PER,Red Bull Racing,Q3,78.24,3.0,26.845,17.76,33.635,2.0,SOFT,True,283.0,306.0,293.0,320.0,23.2,29.1,57.0,1017.4,1.1,0.0,80.399,79.658,79.265,0,3,0
2022,3,AUSTRALIAN GRAND PRIX,NOR,McLaren,Q3,78.703,4.0,27.047,17.991,33.665,2.0,SOFT,True,279.0,295.0,298.0,314.0,23.2,29.1,57.0,1017.4,1.1,0.0,80.878,80.1,79.117,0,3,0
2022,3,AUSTRALIAN GRAND PRIX,HAM,Mercedes,Q3,78.825,5.0,26.975,18.0,33.85,5.0,SOFT,True,280.0,294.0,297.0,313.0,23.2,29.1,57.0,1017.4,1.1,0.0,81.027,80.521,79.896,0,3,0
2022,3,AUSTRALIAN GRAND PRIX,RUS,Mercedes,Q3,78.933,6.0,27.037,18.05,33.846,5.0,SOFT,True,279.0,290.0,296.0,312.0,23.2,29.1,57.0,1017.4,1.1,0.0,81.457,80.212,80.096,0,3,0
2022,3,AUSTRALIAN GRAND PRIX,RIC,McLaren,Q3,79.032,7.0,27.143,18.066,33.823,5.0,SOFT,False,278.0,291.0,293.0,312.0,23.2,29.1,57.0,1017.4,1.1,0.0,81.155,80.203,79.693,0,3,0
2022,3,AUSTRALIAN GRAND PRIX,OCO,Alpine,Q3,79.061,8.0,26.96,17.963,34.138,2.0,SOFT,True,284.0,306.0,302.0,320.0,23.2,29.1,57.0,1017.4,1.1,0.0,81.004,79.842,80.205,0,3,0
2022,3,AUSTRALIAN GRAND PRIX,SAI,Ferrari,Q3,79.408,9.0,26.942,17.844,34.622,2.0,SOFT,True,283.0,301.0,299.0,312.0,23.2,29.1,57.0,1017.4,1.1,0.0,79.806,79.376,79.419,0,3,0
2022,3,AUSTRALIAN GRAND PRIX,ALO,Alpine,Q3,100.649,10.0,38.302,23.009,39.338,1.0,SOFT,True,255.0,267.0,305.0,209.0,23.2,29.1,57.0,1017.4,1.1,0.0,81.229,79.537,79.275,0,3,0
2022,4,GRAN PREMIO DEL MADE IN ITALY E DELL'EMILIA-ROMAGNA,LEC,Ferrari,Q1,78.796,2.0,25.581,26.959,26.256,9.0,SOFT,False,222.0,260.0,272.0,291.0,12.5,14.4,84.0,997.7,1.8,0.0,89.402,79.74,79.044,1,1,0
2022,4,GRAN PREMIO DEL MADE IN ITALY E DELL'EMILIA-ROMAGNA,VER,Red Bull Racing,Q1,79.295,1.0,25.546,26.935,26.814,7.0,SOFT,True,220.0,261.0,276.0,295.0,12.5,14.4,84.0,997.7,1.8,0.0,90.867,80.371,79.154,1,1,0
2022,4,GRAN PREMIO DEL MADE IN ITALY E DELL'EMILIA-ROMAGNA,SAI,Ferrari,Q1,79.305,10.0,25.882,26.917,26.506,9.0,SOFT,False,219.0,259.0,273.0,293.0,12.5,14.4,84.0,997.7,1.8,0.0,90.279,80.258,79.251,1,1,0
2022,4,GRAN PREMIO DEL MADE IN ITALY E DELL'EMILIA-ROMAGNA,ZHO,Kick Sauber,Q1,79.73,14.0,25.729,27.408,26.593,8.0,SOFT,True,218.0,256.0,270.0,287.0,12.5,14.4,84.0,997.7,1.8,0.0,97.45,80.498,,1,1,0
2022,4,GRAN PREMIO DEL MADE IN ITALY E DELL'EMILIA-ROMAGNA,PER,Red Bull Racing,Q1,79.773,7.0,25.771,27.213,26.789,8.0,SOFT,True,221.0,259.0,275.0,296.0,12.5,14.4,84.0,997.7,1.8,0.0,93.012,79.538,79.012,1,1,0
2022,4,GRAN PREMIO DEL MADE IN ITALY E DELL'EMILIA-ROMAGNA,RIC,McLaren,Q1,79.98,6.0,25.795,27.212,26.973,7.0,SOFT,True,220.0,256.0,273.0,290.0,12.5,14.4,84.0,997.7,1.8,0.0,95.625,,80.328,1,1,0
2022,4,GRAN PREMIO DEL MADE IN ITALY E DELL'EMILIA-ROMAGNA,MAG,Haas F1 Team,Q1,80.147,4.0,26.027,27.191,26.929,7.0,SOFT,True,215.0,259.0,269.0,286.0,12.5,14.4,84.0,997.7,1.8,0.0,92.439,80.74,80.557,1,1,0
2022,4,GRAN PREMIO DEL MADE IN ITALY E DELL'EMILIA-ROMAGNA,NOR,McLaren,Q1,80.168,3.0,26.165,27.254,26.749,4.0,SOFT,True,218.0,256.0,270.0,290.0,12.5,14.4,84.0,997.7,1.8,0.0,95.502,83.821,80.03,1,1,0
2022,4,GRAN PREMIO DEL MADE IN ITALY E DELL'EMILIA-ROMAGNA,ALO,Alpine,Q1,80.198,5.0,25.937,27.178,27.083,8.0,SOFT,True,220.0,258.0,270.0,291.0,12.5,14.4,84.0,997.7,1.8,0.0,93.16,80.174,80.639,1,1,0
2022,4,GRAN PREMIO DEL MADE IN ITALY E DELL'EMILIA-ROMAGNA,STR,Aston Martin,Q1,80.342,15.0,25.915,27.197,27.23,2.0,SOFT,True,218.0,260.0,273.0,295.0,12.5,14.4,84.0,997.7,1.8,0.0,96.033,81.149,80.948,1,1,0
2022,4,GRAN PREMIO DEL MADE IN ITALY E DELL'EMILIA-ROMAGNA,VET,Aston Martin,Q1,80.364,9.0,26.115,27.322,26.927,2.0,SOFT,True,220.0,259.0,273.0,296.0,12.5,14.4,84.0,997.7,1.8,0.0,93.365,81.155,81.044,1,1,0
2022,4,GRAN PREMIO DEL MADE IN ITALY E DELL'EMILIA-ROMAGNA,RUS,Mercedes,Q1,80.383,11.0,26.019,27.482,26.882,4.0,SOFT,False,216.0,254.0,272.0,282.0,12.5,14.4,84.0,997.7,1.8,0.0,94.262,79.457,80.756,1,1,0
2022,4,GRAN PREMIO DEL MADE IN ITALY E DELL'EMILIA-ROMAGNA,BOT,Kick Sauber,Q1,80.419,8.0,26.21,27.281,26.928,12.0,SOFT,False,217.0,257.0,264.0,281.0,12.5,14.4,84.0,997.7,1.8,0.0,94.615,,80.219,1,1,0
2022,4,GRAN PREMIO DEL MADE IN ITALY E DELL'EMILIA-ROMAGNA,MSC,Haas F1 Team,Q1,80.422,12.0,26.129,27.376,26.917,8.0,SOFT,True,221.0,256.0,269.0,290.0,12.5,14.4,84.0,997.7,1.8,0.0,92.988,80.977,80.567,1,1,0
2022,4,GRAN PREMIO DEL MADE IN ITALY E DELL'EMILIA-ROMAGNA,HAM,Mercedes,Q1,80.47,13.0,25.979,27.379,27.112,3.0,SOFT,True,211.0,255.0,274.0,284.0,12.5,14.4,84.0,997.7,1.8,0.0,96.464,79.992,80.663,1,1,0
2022,4,GRAN PREMIO DEL MADE IN ITALY E DELL'EMILIA-ROMAGNA,TSU,Racing Bulls,Q1,80.474,16.0,26.331,27.339,26.804,7.0,SOFT,True,218.0,258.0,267.0,290.0,12.5,14.4,84.0,997.7,1.8,0.0,93.611,80.381,80.909,1,1,0
2022,4,GRAN PREMIO DEL MADE IN ITALY E DELL'EMILIA-ROMAGNA,GAS,Racing Bulls,Q1,80.732,17.0,26.39,27.254,27.088,7.0,SOFT,True,217.0,256.0,271.0,289.0,12.5,14.4,84.0,997.7,1.8,0.0,95.104,80.439,80.599,1,1,0
2022,4,GRAN PREMIO DEL MADE IN ITALY E DELL'EMILIA-ROMAGNA,LAT,Williams,Q1,81.971,18.0,26.653,27.869,27.449,4.0,SOFT,True,210.0,259.0,274.0,295.0,12.5,14.4,84.0,997.7,1.8,0.0,99.698,81.263,81.437,1,1,0
2022,4,GRAN PREMIO DEL MADE IN ITALY E DELL'EMILIA-ROMAGNA,OCO,Alpine,Q1,82.338,19.0,26.48,28.024,27.834,6.0,SOFT,False,217.0,256.0,272.0,282.0,12.5,14.4,84.0,997.7,1.8,0.0,95.42,81.179,80.995,1,1,0
2022,4,GRAN PREMIO DEL MADE IN ITALY E DELL'EMILIA-ROMAGNA,ALB,Williams,Q1,123.171,20.0,59.055,32.59,31.526,1.0,SOFT,True,192.0,239.0,271.0,241.0,12.5,14.4,84.0,997.7,1.8,0.0,96.461,80.591,81.02,1,1,0
2022,4,GRAN PREMIO DEL MADE IN ITALY E DELL'EMILIA-ROMAGNA,SAI,Ferrari,Q2,78.678,10.0,25.325,27.087,26.266,3.0,SOFT,True,219.0,257.0,,293.0,12.5,14.4,84.0,997.7,1.8,0.0,90.279,80.258,79.251,1,2,0
2022,4,GRAN PREMIO DEL MADE IN ITALY E DELL'EMILIA-ROMAGNA,VER,Red Bull Racing,Q2,78.793,1.0,25.472,26.85,26.471,2.0,SOFT,True,220.0,259.0,275.0,294.0,12.5,14.4,84.0,997.7,1.8,0.0,90.867,80.371,79.154,1,2,0
2022,4,GRAN PREMIO DEL MADE IN ITALY E DELL'EMILIA-ROMAGNA,NOR,McLaren,Q2,79.294,3.0,25.742,27.08,26.472,2.0,SOFT,True,224.0,257.0,271.0,290.0,12.5,14.4,84.0,997.7,1.8,0.0,95.502,83.821,80.03,1,2,0
2022,4,GRAN PREMIO DEL MADE IN ITALY E DELL'EMILIA-ROMAGNA,PER,Red Bull Racing,Q2,79.296,7.0,25.6,27.042,26.654,2.0,SOFT,True,222.0,259.0,274.0,294.0,12.5,14.4,84.0,997.7,1.8,0.0,93.012,79.538,79.012,1,2,0
2022,4,GRAN PREMIO DEL MADE IN ITALY E DELL'EMILIA-ROMAGNA,LEC,Ferrari,Q2,79.584,2.0,25.953,27.189,26.442,2.0,SOFT,True,221.0,258.0,274.0,292.0,12.5,14.4,84.0,997.7,1.8,0.0,89.402,79.74,79.044,1,2,0
2022,4,GRAN PREMIO DEL MADE IN ITALY E DELL'EMILIA-ROMAGNA,ALO,Alpine,Q2,79.595,5.0,25.764,27.126,26.705,2.0,SOFT,True,223.0,258.0,269.0,290.0,12.5,14.4,84.0,997.7,1.8,0.0,93.16,80.174,80.639,1,2,0
2022,4,GRAN PREMIO DEL MADE IN ITALY E DELL'EMILIA-ROMAGNA,MAG,Haas F1 Team,Q2,79.902,4.0,26.054,27.081,26.767,2.0,SOFT,True,215.0,255.0,267.0,288.0,12.5,14.4,84.0,997.7,1.8,0.0,92.439,80.74,80.557,1,2,0
2022,4,GRAN PREMIO DEL MADE IN ITALY E DELL'EMILIA-ROMAGNA,VET,Aston Martin,Q2,79.957,9.0,25.833,27.325,26.799,2.0,SOFT,True,219.0,259.0,274.0,295.0,12.5,14.4,84.0,997.7,1.8,0.0,93.365,81.155,81.044,1,2,0
2022,4,GRAN PREMIO DEL MADE IN ITALY E DELL'EMILIA-ROMAGNA,RIC,McLaren,Q2,80.031,6.0,26.018,27.305,26.708,2.0,SOFT,True,219.0,256.0,268.0,290.0,12.5,14.4,84.0,997.7,1.8,0.0,95.625,,80.328,1,2,0
2022,4,GRAN PREMIO DEL MADE IN ITALY E DELL'EMILIA-ROMAGNA,BOT,Kick Sauber,Q2,80.192,8.0,26.045,27.455,26.692,2.0,SOFT,True,214.0,257.0,265.0,283.0,12.5,14.4,84.0,997.7,1.8,0.0,94.615,,80.219,1,2,0
2022,4,GRAN PREMIO DEL MADE IN ITALY E DELL'EMILIA-ROMAGNA,RUS,Mercedes,Q2,80.757,11.0,26.286,27.458,27.013,2.0,SOFT,True,218.0,253.0,273.0,285.0,12.5,14.4,84.0,997.7,1.8,0.0,94.262,79.457,80.756,1,2,0
2022,4,GRAN PREMIO DEL MADE IN ITALY E DELL'EMILIA-ROMAGNA,MSC,Haas F1 Team,Q2,80.916,12.0,25.96,28.152,26.804,2.0,SOFT,True,223.0,256.0,271.0,290.0,12.5,14.4,84.0,997.7,1.8,0.0,92.988,80.977,80.567,1,2,0
2022,4,GRAN PREMIO DEL MADE IN ITALY E DELL'EMILIA-ROMAGNA,HAM,Mercedes,Q2,81.138,13.0,26.356,27.725,27.057,2.0,SOFT,True,214.0,256.0,272.0,284.0,12.5,14.4,84.0,997.7,1.8,0.0,96.464,79.992,80.663,1,2,0
2022,4,GRAN PREMIO DEL MADE IN ITALY E DELL'EMILIA-ROMAGNA,ZHO,Kick Sauber,Q2,81.434,14.0,26.529,27.888,27.017,2.0,SOFT,True,215.0,257.0,273.0,291.0,12.5,14.4,84.0,997.7,1.8,0.0,97.45,80.498,,1,2,0
2022,4,GRAN PREMIO DEL MADE IN ITALY E DELL'EMILIA-ROMAGNA,STR,Aston Martin,Q2,88.119,15.0,25.81,27.564,34.745,2.0,SOFT,True,220.0,256.0,210.0,163.0,12.5,14.4,84.0,997.7,1.8,0.0,96.033,81.149,80.948,1,2,0
2022,4,GRAN PREMIO DEL MADE IN ITALY E DELL'EMILIA-ROMAGNA,VER,Red Bull Racing,Q3,87.999,1.0,27.642,29.779,30.578,3.0,INTERMEDIATE,True,212.0,250.0,269.0,238.0,12.5,14.4,84.0,997.7,1.8,0.0,90.867,80.371,79.154,1,3,0
2022,4,GRAN PREMIO DEL MADE IN ITALY E DELL'EMILIA-ROMAGNA,LEC,Ferrari,Q3,88.778,2.0,28.87,29.711,30.197,2.0,INTERMEDIATE,True,207.0,250.0,268.0,272.0,12.5,14.4,84.0,997.7,1.8,0.0,89.402,79.74,79.044,1,3,0
2022,4,GRAN PREMIO DEL MADE IN ITALY E DELL'EMILIA-ROMAGNA,NOR,McLaren,Q3,89.131,3.0,28.236,29.992,30.903,4.0,INTERMEDIATE,False,206.0,244.0,263.0,270.0,12.5,14.4,84.0,997.7,1.8,0.0,95.502,83.821,80.03,1,3,0
2022,4,GRAN PREMIO DEL MADE IN ITALY E DELL'EMILIA-ROMAGNA,MAG,Haas F1 Team,Q3,89.164,4.0,28.408,30.157,30.599,3.0,INTERMEDIATE,True,200.0,247.0,265.0,278.0,12.5,14.4,84.0,997.7,1.8,0.0,92.439,80.74,80.557,1,3,0
2022,4,GRAN PREMIO DEL MADE IN ITALY E DELL'EMILIA-ROMAGNA,ALO,Alpine,Q3,89.202,5.0,28.212,30.034,30.956,3.0,INTERMEDIATE,True,209.0,250.0,265.0,268.0,12.5,14.4,84.0,997.7,1.8,0.0,93.16,80.174,80.639,1,3,0
2022,4,GRAN PREMIO DEL MADE IN ITALY E DELL'EMILIA-ROMAGNA,RIC,McLaren,Q3,89.742,6.0,28.592,30.516,30.634,2.0,INTERMEDIATE,True,206.0,244.0,264.0,260.0,12.5,14.4,84.0,997.7,1.8,0.0,95.625,,80.328,1,3,0
2022,4,GRAN PREMIO DEL MADE IN ITALY E DELL'EMILIA-ROMAGNA,PER,Red Bull Racing,Q3,89.808,7.0,27.781,31.334,30.693,3.0,INTERMEDIATE,True,208.0,232.0,267.0,277.0,12.5,14.4,84.0,997.7,1.8,0.0,93.012,79.538,79.012,1,3,0
2022,4,GRAN PREMIO DEL MADE IN ITALY E DELL'EMILIA-ROMAGNA,BOT,Kick Sauber,Q3,90.439,8.0,28.796,30.289,31.354,7.0,INTERMEDIATE,False,201.0,245.0,258.0,252.0,12.5,14.4,84.0,997.7,1.8,0.0,94.615,,80.219,1,3,0
2022,4,GRAN PREMIO DEL MADE IN ITALY E DELL'EMILIA-ROMAGNA,VET,Aston Martin,Q3,91.062,9.0,28.933,30.824,31.305,2.0,INTERMEDIATE,True,199.0,249.0,267.0,235.0,12.5,14.4,84.0,997.7,1.8,0.0,93.365,81.155,81.044,1,3,0
2022,5,MIAMI GRAND PRIX,LEC,Ferrari,Q1,89.474,1.0,29.711,34.296,25.467,5.0,SOFT,False,219.0,192.0,286.0,325.0,33.2,50.8,40.0,1008.5,1.6,0.0,91.098,90.044,90.498,0,1,0
2022,5,MIAMI GRAND PRIX,VER,Red Bull Racing,Q1,89.836,3.0,30.186,34.142,25.508,5.0,SOFT,True,222.0,192.0,287.0,331.0,33.2,50.8,40.0,1008.5,1.6,0.0,91.277,,90.649,0,1,0
2022,5,MIAMI GRAND PRIX,PER,Red Bull Racing,Q1,90.055,4.0,30.172,34.353,25.53,8.0,SOFT,False,222.0,192.0,288.0,334.0,33.2,50.8,40.0,1008.5,1.6,0.0,91.301,90.15,90.304,0,1,0
2022,5,MIAMI GRAND PRIX,SAI,Ferrari,Q1,90.079,2.0,29.808,34.584,25.687,5.0,SOFT,False,223.0,190.0,286.0,321.0,33.2,50.8,40.0,1008.5,1.6,0.0,91.528,90.964,91.172,0,1,0
2022,5,MIAMI GRAND PRIX,HAM,Mercedes,Q1,90.388,6.0,29.957,34.59,25.841,2.0,SOFT,True,222.0,190.0,283.0,323.0,33.2,50.8,40.0,1008.5,1.6,0.0,91.956,90.179,91.89,0,1,0
2022,5,MIAMI GRAND PRIX,ALO,Alpine,Q1,90.407,11.0,30.005,34.413,25.989,2.0,SOFT,True,220.0,191.0,285.0,326.0,33.2,50.8,40.0,1008.5,1.6,0.0,92.884,90.372,91.036,0,1,0
2022,5,MIAMI GRAND PRIX,STR,Aston Martin,Q1,90.441,10.0,30.165,34.479,25.797,2.0,SOFT,True,220.0,191.0,287.0,324.0,33.2,50.8,40.0,1008.5,1.6,0.0,93.576,91.631,91.665,0,1,0
2022,5,MIAMI GRAND PRIX,TSU,Racing Bulls,Q1,90.485,9.0,30.135,34.645,25.705,2.0,SOFT,True,222.0,191.0,286.0,327.0,33.2,50.8,40.0,1008.5,1.6,0.0,94.043,91.26,91.659,0,1,0
2022,5,MIAMI GRAND PRIX,RUS,Mercedes,Q1,90.49,12.0,30.07,34.572,25.848,7.0,SOFT,True,221.0,191.0,285.0,322.0,33.2,50.8,40.0,1008.5,1.6,0.0,91.169,89.938,91.924,0,1,0
2022,5,MIAMI GRAND PRIX,RIC,McLaren,Q1,90.583,14.0,30.101,34.549,25.933,5.0,SOFT,True,221.0,191.0,284.0,322.0,33.2,50.8,40.0,1008.5,1.6,0.0,92.592,91.208,91.728,0,1,0
2022,5,MIAMI GRAND PRIX,MSC,Haas F1 Team,Q1,90.645,15.0,29.972,34.802,25.871,2.0,SOFT,True,221.0,190.0,284.0,323.0,33.2,50.8,40.0,1008.5,1.6,0.0,94.945,91.587,91.05,0,1,0
2022,5,MIAMI GRAND PRIX,VET,Aston Martin,Q1,90.677,13.0,30.776,34.324,25.577,2.0,SOFT,True,224.0,192.0,286.0,325.0,33.2,50.8,40.0,1008.5,1.6,0.0,93.024,91.393,91.049,0,1,0
2022,5,MIAMI GRAND PRIX,NOR,McLaren,Q1,90.761,8.0,30.354,34.416,25.991,5.0,SOFT,True,223.0,190.0,281.0,322.0,33.2,50.8,40.0,1008.5,1.6,0.0,92.615,90.535,91.594,0,1,0
2022,5,MIAMI GRAND PRIX,GAS,Racing Bulls,Q1,90.779,7.0,30.515,34.617,25.647,2.0,SOFT,True,223.0,191.0,286.0,327.0,33.2,50.8,40.0,1008.5,1.6,0.0,91.498,90.547,91.901,0,1,0
2022,5,MIAMI GRAND PRIX,BOT,Kick Sauber,Q1,90.845,5.0,29.962,35.002,25.881,2.0,SOFT,True,225.0,191.0,285.0,317.0,33.2,50.8,40.0,1008.5,1.6,0.0,93.773,,91.885,0,1,0
2022,5,MIAMI GRAND PRIX,MAG,Haas F1 Team,Q1,90.975,16.0,30.523,34.919,25.533,9.0,SOFT,True,218.0,189.0,287.0,326.0,33.2,50.8,40.0,1008.5,1.6,0.0,92.559,90.921,91.227,0,1,0
2022,5,MIAMI GRAND PRIX,ZHO,Kick Sauber,Q1,91.02,17.0,30.468,34.531,26.021,4.0,SOFT,True,219.0,190.0,281.0,326.0,33.2,50.8,40.0,1008.5,1.6,0.0,93.02,90.86,92.051,0,1,0
2022,5,MIAMI GRAND PRIX,ALB,Williams,Q1,91.266,18.0,30.641,34.81,25.815,2.0,SOFT,True,221.0,190.0,288.0,327.0,33.2,50.8,40.0,1008.5,1.6,0.0,91.854,91.71,91.501,0,1,0
2022,5,MIAMI GRAND PRIX,LAT,Williams,Q1,91.325,19.0,30.651,34.834,25.84,4.0,SOFT,True,217.0,190.0,284.0,324.0,33.2,50.8,40.0,1008.5,1.6,0.0,95.637,92.913,92.376,0,1,0
2022,5,MIAMI GRAND PRIX,LEC,Ferrari,Q2,89.13,1.0,29.504,34.19,25.436,2.0,SOFT,True,224.0,192.0,285.0,323.0,33.2,50.8,40.0,1008.5,1.6,0.0,91.098,90.044,90.498,0,2,0
2022,5,MIAMI GRAND PRIX,VER,Red Bull Racing,Q2,89.202,3.0,29.738,33.955,25.509,2.0,SOFT,True,222.0,192.0,287.0,332.0,33.2,50.8,40.0,1008.5,1.6,0.0,91.277,,90.649,0,2,0
2022,5,MIAMI GRAND PRIX,NOR,McLaren,Q2,89.634,8.0,29.709,34.057,25.868,2.0,SOFT,True,220.0,191.0,281.0,320.0,33.2,50.8,40.0,1008.5,1.6,0.0,92.615,90.535,91.594,0,2,0
2022,5,MIAMI GRAND PRIX,PER,Red Bull Racing,Q2,89.673,4.0,29.673,34.232,25.768,2.0,SOFT,True,219.0,191.0,286.0,332.0,33.2,50.8,40.0,1008.5,1.6,0.0,91.301,90.15,90.304,0,2,0
2022,5,MIAMI GRAND PRIX,SAI,Ferrari,Q2,89.729,2.0,29.568,34.423,25.738,12.0,SOFT,False,224.0,191.0,283.0,322.0,33.2,50.8,40.0,1008.5,1.6,0.0,91.528,90.964,91.172,0,2,0
2022,5,MIAMI GRAND PRIX,BOT,Kick Sauber,Q2,89.751,5.0,29.993,34.216,25.542,2.0,SOFT,True,223.0,192.0,286.0,324.0,33.2,50.8,40.0,1008.5,1.6,0.0,93.773,,91.885,0,2,0
2022,5,MIAMI GRAND PRIX,HAM,Mercedes,Q2,89.797,6.0,29.869,34.463,25.465,5.0,SOFT,False,220.0,192.0,282.0,327.0,33.2,50.8,40.0,1008.5,1.6,0.0,91.956,90.179,91.89,0,2,0
2022,5,MIAMI GRAND PRIX,STR,Aston Martin,Q2,89.996,10.0,30.112,34.357,25.527,2.0,SOFT,True,222.0,192.0,288.0,325.0,33.2,50.8,40.0,1008.5,1.6,0.0,93.576,91.631,91.665,0,2,0
2022,5,MIAMI GRAND PRIX,TSU,Racing Bulls,Q2,90.031,9.0,29.977,34.385,25.669,2.0,SOFT,True,222.0,190.0,284.0,325.0,33.2,50.8,40.0,1008.5,1.6,0.0,94.043,91.26,91.659,0,2,0
2022,5,MIAMI GRAND PRIX,GAS,Racing Bulls,Q2,90.128,7.0,30.145,34.201,25.782,2.0,SOFT,True,221.0,192.0,284.0,327.0,33.2,50.8,40.0,1008.5,1.6,0.0,91.498,90.547,91.901,0,2,0
2022,5,MIAMI GRAND PRIX,ALO,Alpine,Q2,90.16,11.0,29.773,34.616,25.771,2.0,SOFT,True,220.0,189.0,285.0,326.0,33.2,50.8,40.0,1008.5,1.6,0.0,92.884,90.372,91.036,0,2,0
2022,5,MIAMI GRAND PRIX,RUS,Mercedes,Q2,90.173,12.0,29.799,34.559,25.815,3.0,SOFT,True,221.0,190.0,286.0,322.0,33.2,50.8,40.0,1008.5,1.6,0.0,91.169,89.938,91.924,0,2,0
2022,5,MIAMI GRAND PRIX,VET,Aston Martin,Q2,90.214,13.0,30.193,34.403,25.618,2.0,SOFT,True,224.0,190.0,286.0,324.0,33.2,50.8,40.0,1008.5,1.6,0.0,93.024,91.393,91.049,0,2,0
2022,5,MIAMI GRAND PRIX,RIC,McLaren,Q2,90.31,14.0,29.834,34.501,25.975,2.0,SOFT,True,220.0,191.0,281.0,314.0,33.2,50.8,40.0,1008.5,1.6,0.0,92.592,91.208,91.728,0,2,0
2022,5,MIAMI GRAND PRIX,MSC,Haas F1 Team,Q2,90.423,15.0,30.044,34.532,25.847,6.0,SOFT,False,222.0,191.0,283.0,324.0,33.2,50.8,40.0,1008.5,1.6,0.0,94.945,91.587,91.05,0,2,0
2022,5,MIAMI GRAND PRIX,LEC,Ferrari,Q3,88.796,1.0,29.441,33.831,25.524,2.0,SOFT,True,222.0,194.0,284.0,323.0,33.2,50.8,40.0,1008.5,1.6,0.0,91.098,90.044,90.498,0,3,0
2022,5,MIAMI GRAND PRIX,SAI,Ferrari,Q3,88.986,2.0,29.278,34.017,25.691,2.0,SOFT,True,223.0,192.0,285.0,322.0,33.2,50.8,40.0,1008.5,1.6,0.0,91.528,90.964,91.172,0,3,0
2022,5,MIAMI GRAND PRIX,VER,Red Bull Racing,Q3,88.991,3.0,29.546,33.977,25.468,2.0,SOFT,True,223.0,192.0,287.0,334.0,33.2,50.8,40.0,1008.5,1.6,0.0,91.277,,90.649,0,3,0
2022,5,MIAMI GRAND PRIX,PER,Red Bull Racing,Q3,89.036,4.0,29.635,34.012,25.389,2.0,SOFT,True,223.0,192.0,287.0,332.0,33.2,50.8,40.0,1008.5,1.6,0.0,91.301,90.15,90.304,0,3,0
2022,5,MIAMI GRAND PRIX,BOT,Kick Sauber,Q3,89.475,5.0,29.833,34.074,25.568,2.0,SOFT,True,223.0,194.0,286.0,324.0,33.2,50.8,40.0,1008.5,1.6,0.0,93.773,,91.885,0,3,0
2022,5,MIAMI GRAND PRIX,HAM,Mercedes,Q3,89.625,6.0,29.687,34.29,25.648,2.0,SOFT,True,221.0,191.0,285.0,324.0,33.2,50.8,40.0,1008.5,1.6,0.0,91.956,90.179,91.89,0,3,0
2022,5,MIAMI GRAND PRIX,GAS,Racing Bulls,Q3,89.69,7.0,29.907,34.246,25.537,2.0,SOFT,True,221.0,191.0,285.0,326.0,33.2,50.8,40.0,1008.5,1.6,0.0,91.498,90.547,91.901,0,3,0
2022,5,MIAMI GRAND PRIX,NOR,McLaren,Q3,89.75,8.0,29.704,34.235,25.811,2.0,SOFT,True,222.0,190.0,280.0,322.0,33.2,50.8,40.0,1008.5,1.6,0.0,92.615,90.535,91.594,0,3,0
2022,5,MIAMI GRAND PRIX,TSU,Racing Bulls,Q3,89.932,9.0,29.975,34.286,25.671,2.0,SOFT,True,220.0,191.0,285.0,327.0,33.2,50.8,40.0,1008.5,1.6,0.0,94.043,91.26,91.659,0,3,0
2022,5,MIAMI GRAND PRIX,STR,Aston Martin,Q3,90.676,10.0,30.438,34.552,25.686,2.0,SOFT,True,220.0,190.0,288.0,323.0,33.2,50.8,40.0,1008.5,1.6,0.0,93.576,91.631,91.665,0,3,0
2022,6,GRAN PREMIO DE ESPAÑA,LEC,Ferrari,Q1,79.861,1.0,22.333,29.923,27.605,2.0,SOFT,True,285.0,305.0,286.0,319.0,34.7,47.2,18.0,1003.4,3.0,0.0,79.828,79.67,79.772,0,1,0
2022,6,GRAN PREMIO DE ESPAÑA,SAI,Ferrari,Q1,79.892,3.0,22.329,29.826,27.737,2.0,SOFT,True,285.0,304.0,285.0,315.0,34.7,47.2,18.0,1003.4,3.0,0.0,79.907,79.99,80.129,0,1,0
2022,6,GRAN PREMIO DE ESPAÑA,VER,Red Bull Racing,Q1,80.091,2.0,22.163,30.047,27.881,2.0,SOFT,True,287.0,304.0,281.0,321.0,34.7,47.2,18.0,1003.4,3.0,0.0,80.164,80.006,79.844,0,1,0
2022,6,GRAN PREMIO DE ESPAÑA,RUS,Mercedes,Q1,80.218,4.0,22.15,30.12,27.948,2.0,SOFT,True,286.0,291.0,282.0,321.0,34.7,47.2,18.0,1003.4,3.0,0.0,80.59,79.787,79.92,0,1,0
2022,6,GRAN PREMIO DE ESPAÑA,MAG,Haas F1 Team,Q1,80.227,8.0,22.452,30.061,27.714,2.0,SOFT,True,288.0,302.0,286.0,320.0,34.7,47.2,18.0,1003.4,3.0,0.0,82.089,81.013,80.646,0,1,0
2022,6,GRAN PREMIO DE ESPAÑA,HAM,Mercedes,Q1,80.252,6.0,22.161,29.9,28.191,2.0,SOFT,True,289.0,307.0,282.0,320.0,34.7,47.2,18.0,1003.4,3.0,0.0,80.811,79.874,80.002,0,1,0
2022,6,GRAN PREMIO DE ESPAÑA,BOT,Kick Sauber,Q1,80.355,7.0,22.345,30.127,27.883,2.0,SOFT,True,286.0,302.0,283.0,318.0,34.7,47.2,18.0,1003.4,3.0,0.0,82.614,81.828,80.781,0,1,0
2022,6,GRAN PREMIO DE ESPAÑA,PER,Red Bull Racing,Q1,80.447,5.0,22.395,30.118,27.934,2.0,SOFT,True,288.0,305.0,283.0,316.0,34.7,47.2,18.0,1003.4,3.0,0.0,,80.632,80.26,0,1,0
2022,6,GRAN PREMIO DE ESPAÑA,ZHO,Kick Sauber,Q1,80.476,15.0,22.376,30.23,27.87,2.0,SOFT,True,286.0,303.0,283.0,320.0,34.7,47.2,18.0,1003.4,3.0,0.0,,81.866,81.201,0,1,0
2022,6,GRAN PREMIO DE ESPAÑA,RIC,McLaren,Q1,80.549,9.0,22.251,30.259,28.039,2.0,SOFT,True,280.0,302.0,278.0,319.0,34.7,47.2,18.0,1003.4,3.0,0.0,81.737,81.385,80.91,0,1,0
2022,6,GRAN PREMIO DE ESPAÑA,MSC,Haas F1 Team,Q1,80.683,10.0,22.365,30.43,27.888,2.0,SOFT,True,284.0,303.0,286.0,321.0,34.7,47.2,18.0,1003.4,3.0,0.0,82.146,80.757,85.467,0,1,0
2022,6,GRAN PREMIO DE ESPAÑA,TSU,Racing Bulls,Q1,80.707,13.0,22.277,30.409,28.021,2.0,SOFT,True,289.0,305.0,285.0,322.0,34.7,47.2,18.0,1003.4,3.0,0.0,81.814,81.285,81.449,0,1,0
2022,6,GRAN PREMIO DE ESPAÑA,GAS,Racing Bulls,Q1,80.719,14.0,22.304,30.346,28.069,2.0,SOFT,True,285.0,303.0,283.0,322.0,34.7,47.2,18.0,1003.4,3.0,0.0,81.422,80.917,,0,1,0
2022,6,GRAN PREMIO DE ESPAÑA,NOR,McLaren,Q1,80.838,11.0,22.384,30.304,28.15,2.0,SOFT,True,281.0,296.0,278.0,317.0,34.7,47.2,18.0,1003.4,3.0,0.0,81.279,83.388,80.403,0,1,0
2022,6,GRAN PREMIO DE ESPAÑA,OCO,Alpine,Q1,80.88,12.0,22.376,30.36,28.144,2.0,SOFT,True,287.0,302.0,283.0,318.0,34.7,47.2,18.0,1003.4,3.0,0.0,81.891,80.745,80.882,0,1,0
2022,6,GRAN PREMIO DE ESPAÑA,VET,Aston Martin,Q1,80.954,16.0,22.433,30.324,28.197,2.0,SOFT,True,285.0,294.0,279.0,318.0,34.7,47.2,18.0,1003.4,3.0,0.0,82.164,80.703,80.944,0,1,0
2022,6,GRAN PREMIO DE ESPAÑA,ALO,Alpine,Q1,81.043,17.0,22.413,30.54,28.09,2.0,SOFT,True,284.0,295.0,282.0,317.0,34.7,47.2,18.0,1003.4,3.0,0.0,80.768,80.203,80.981,0,1,0
2022,6,GRAN PREMIO DE ESPAÑA,STR,Aston Martin,Q1,81.418,18.0,22.611,30.41,28.397,2.0,SOFT,True,287.0,298.0,277.0,318.0,34.7,47.2,18.0,1003.4,3.0,0.0,81.92,81.249,81.52,0,1,0
2022,6,GRAN PREMIO DE ESPAÑA,ALB,Williams,Q1,81.645,19.0,22.57,30.748,28.327,2.0,SOFT,True,283.0,293.0,285.0,322.0,34.7,47.2,18.0,1003.4,3.0,0.0,,82.319,81.572,0,1,0
2022,6,GRAN PREMIO DE ESPAÑA,LAT,Williams,Q1,81.915,20.0,22.517,30.812,28.586,2.0,SOFT,True,284.0,294.0,283.0,321.0,34.7,47.2,18.0,1003.4,3.0,0.0,83.011,83.197,82.419,0,1,0
2022,6,GRAN PREMIO DE ESPAÑA,VER,Red Bull Racing,Q2,79.219,2.0,22.068,29.662,27.489,2.0,SOFT,True,290.0,306.0,283.0,318.0,34.7,47.2,18.0,1003.4,3.0,0.0,80.164,80.006,79.844,0,2,0
2022,6,GRAN PREMIO DE ESPAÑA,SAI,Ferrari,Q2,79.453,3.0,22.08,29.819,27.554,2.0,SOFT,True,288.0,305.0,285.0,320.0,34.7,47.2,18.0,1003.4,3.0,0.0,79.907,79.99,80.129,0,2,0
2022,6,GRAN PREMIO DE ESPAÑA,RUS,Mercedes,Q2,79.47,4.0,21.995,29.776,27.699,2.0,SOFT,True,286.0,295.0,284.0,321.0,34.7,47.2,18.0,1003.4,3.0,0.0,80.59,79.787,79.92,0,2,0
2022,6,GRAN PREMIO DE ESPAÑA,HAM,Mercedes,Q2,79.794,6.0,22.115,29.723,27.956,2.0,SOFT,True,288.0,307.0,283.0,319.0,34.7,47.2,18.0,1003.4,3.0,0.0,80.811,79.874,80.002,0,2,0
2022,6,GRAN PREMIO DE ESPAÑA,MAG,Haas F1 Team,Q2,79.81,8.0,22.239,29.988,27.583,2.0,SOFT,True,289.0,304.0,285.0,320.0,34.7,47.2,18.0,1003.4,3.0,0.0,82.089,81.013,80.646,0,2,0
2022,6,GRAN PREMIO DE ESPAÑA,PER,Red Bull Racing,Q2,79.83,5.0,22.048,29.954,27.828,2.0,SOFT,True,289.0,307.0,286.0,323.0,34.7,47.2,18.0,1003.4,3.0,0.0,,80.632,80.26,0,2,0
2022,6,GRAN PREMIO DE ESPAÑA,LEC,Ferrari,Q2,79.969,1.0,22.19,29.954,27.825,5.0,SOFT,False,287.0,307.0,287.0,321.0,34.7,47.2,18.0,1003.4,3.0,0.0,79.828,79.67,79.772,0,2,0
2022,6,GRAN PREMIO DE ESPAÑA,NOR,McLaren,Q2,79.977,11.0,22.218,29.991,27.768,2.0,SOFT,True,281.0,299.0,278.0,315.0,34.7,47.2,18.0,1003.4,3.0,0.0,81.279,83.388,80.403,0,2,0
2022,6,GRAN PREMIO DE ESPAÑA,BOT,Kick Sauber,Q2,80.053,7.0,22.198,30.082,27.773,2.0,SOFT,True,286.0,303.0,285.0,321.0,34.7,47.2,18.0,1003.4,3.0,0.0,82.614,81.828,80.781,0,2,0
2022,6,GRAN PREMIO DE ESPAÑA,RIC,McLaren,Q2,80.287,9.0,22.243,30.158,27.886,2.0,SOFT,True,281.0,302.0,277.0,316.0,34.7,47.2,18.0,1003.4,3.0,0.0,81.737,81.385,80.91,0,2,0
2022,6,GRAN PREMIO DE ESPAÑA,MSC,Haas F1 Team,Q2,80.436,10.0,22.304,30.092,28.04,2.0,SOFT,True,286.0,310.0,288.0,324.0,34.7,47.2,18.0,1003.4,3.0,0.0,82.146,80.757,85.467,0,2,0
2022,6,GRAN PREMIO DE ESPAÑA,OCO,Alpine,Q2,80.638,12.0,22.353,30.389,27.896,2.0,SOFT,True,282.0,302.0,282.0,316.0,34.7,47.2,18.0,1003.4,3.0,0.0,81.891,80.745,80.882,0,2,0
2022,6,GRAN PREMIO DE ESPAÑA,TSU,Racing Bulls,Q2,80.639,13.0,22.262,30.393,27.984,2.0,SOFT,True,290.0,304.0,283.0,319.0,34.7,47.2,18.0,1003.4,3.0,0.0,81.814,81.285,81.449,0,2,0
2022,6,GRAN PREMIO DE ESPAÑA,GAS,Racing Bulls,Q2,80.861,14.0,22.422,30.404,28.035,2.0,SOFT,True,287.0,304.0,283.0,320.0,34.7,47.2,18.0,1003.4,3.0,0.0,81.422,80.917,,0,2,0
2022,6,GRAN PREMIO DE ESPAÑA,ZHO,Kick Sauber,Q2,81.094,15.0,22.578,30.503,28.013,5.0,SOFT,False,286.0,302.0,282.0,317.0,34.7,47.2,18.0,1003.4,3.0,0.0,,81.866,81.201,0,2,0
2022,6,GRAN PREMIO DE ESPAÑA,LEC,Ferrari,Q3,78.75,1.0,22.004,29.41,27.336,2.0,SOFT,True,285.0,306.0,282.0,316.0,34.7,47.2,18.0,1003.4,3.0,0.0,79.828,79.67,79.772,0,3,0
2022,6,GRAN PREMIO DE ESPAÑA,VER,Red Bull Racing,Q3,79.073,2.0,21.978,29.684,27.411,2.0,SOFT,True,290.0,302.0,285.0,318.0,34.7,47.2,18.0,1003.4,3.0,0.0,80.164,80.006,79.844,0,3,0
2022,6,GRAN PREMIO DE ESPAÑA,SAI,Ferrari,Q3,79.166,3.0,22.189,29.583,27.394,2.0,SOFT,True,284.0,307.0,284.0,316.0,34.7,47.2,18.0,1003.4,3.0,0.0,79.907,79.99,80.129,0,3,0
2022,6,GRAN PREMIO DE ESPAÑA,RUS,Mercedes,Q3,79.393,4.0,21.936,29.735,27.722,2.0,SOFT,True,283.0,301.0,281.0,322.0,34.7,47.2,18.0,1003.4,3.0,0.0,80.59,79.787,79.92,0,3,0
2022,6,GRAN PREMIO DE ESPAÑA,PER,Red Bull Racing,Q3,79.42,5.0,22.194,29.761,27.465,2.0,SOFT,True,289.0,306.0,285.0,320.0,34.7,47.2,18.0,1003.4,3.0,0.0,,80.632,80.26,0,3,0
2022,6,GRAN PREMIO DE ESPAÑA,HAM,Mercedes,Q3,79.512,6.0,22.095,29.596,27.821,2.0,SOFT,True,287.0,306.0,280.0,318.0,34.7,47.2,18.0,1003.4,3.0,0.0,80.811,79.874,80.002,0,3,0
2022,6,GRAN PREMIO DE ESPAÑA,BOT,Kick Sauber,Q3,79.608,7.0,22.245,29.92,27.443,2.0,SOFT,True,285.0,304.0,284.0,318.0,34.7,47.2,18.0,1003.4,3.0,0.0,82.614,81.828,80.781,0,3,0
2022,6,GRAN PREMIO DE ESPAÑA,MAG,Haas F1 Team,Q3,79.682,8.0,22.115,30.006,27.561,2.0,SOFT,True,288.0,300.0,278.0,322.0,34.7,47.2,18.0,1003.4,3.0,0.0,82.089,81.013,80.646,0,3,0
2022,6,GRAN PREMIO DE ESPAÑA,RIC,McLaren,Q3,80.297,9.0,22.19,30.24,27.867,2.0,SOFT,True,281.0,303.0,276.0,316.0,34.7,47.2,18.0,1003.4,3.0,0.0,81.737,81.385,80.91,0,3,0
2022,6,GRAN PREMIO DE ESPAÑA,MSC,Haas F1 Team,Q3,80.368,10.0,22.275,30.205,27.888,2.0,SOFT,True,286.0,306.0,286.0,321.0,34.7,47.2,18.0,1003.4,3.0,0.0,82.146,80.757,85.467,0,3,0
2022,7,GRAND PRIX DE MONACO,LEC,Ferrari,Q1,72.569,1.0,19.174,34.06,19.335,6.0,SOFT,True,218.0,202.0,265.0,281.0,26.6,47.8,45.0,1003.5,0.8,0.0,74.531,72.656,72.517,0,1,0
2022,7,GRAND PRIX DE MONACO,SAI,Ferrari,Q1,72.616,2.0,19.392,34.106,19.118,6.0,SOFT,True,217.0,204.0,270.0,282.0,26.6,47.8,45.0,1003.5,0.8,0.0,74.601,72.7,72.846,0,1,0
2022,7,GRAND PRIX DE MONACO,RUS,Mercedes,Q1,72.787,6.0,19.321,34.159,19.307,3.0,SOFT,True,213.0,206.0,271.0,281.0,26.6,47.8,45.0,1003.5,0.8,0.0,75.211,73.406,73.476,0,1,0
2022,7,GRAND PRIX DE MONACO,OCO,Alpine,Q1,72.848,10.0,19.37,34.193,19.285,2.0,SOFT,True,214.0,198.0,270.0,281.0,26.6,47.8,45.0,1003.5,0.8,0.0,76.315,75.216,74.26,0,1,0
2022,7,GRAND PRIX DE MONACO,NOR,McLaren,Q1,72.927,5.0,19.542,34.275,19.11,2.0,SOFT,True,209.0,201.0,269.0,282.0,26.6,47.8,45.0,1003.5,0.8,0.0,75.056,73.294,73.226,0,1,0
2022,7,GRAND PRIX DE MONACO,VER,Red Bull Racing,Q1,72.993,4.0,19.346,34.344,19.303,6.0,SOFT,True,213.0,199.0,268.0,281.0,26.6,47.8,45.0,1003.5,0.8,0.0,74.712,73.103,72.881,0,1,0
2022,7,GRAND PRIX DE MONACO,PER,Red Bull Racing,Q1,73.004,3.0,19.28,34.519,19.205,8.0,SOFT,True,216.0,201.0,268.0,280.0,26.6,47.8,45.0,1003.5,0.8,0.0,74.57,73.035,72.476,0,1,0
2022,7,GRAND PRIX DE MONACO,MAG,Haas F1 Team,Q1,73.069,13.0,19.506,34.316,19.247,3.0,SOFT,True,215.0,202.0,272.0,281.0,26.6,47.8,45.0,1003.5,0.8,0.0,75.806,74.239,73.436,0,1,0
2022,7,GRAND PRIX DE MONACO,TSU,Racing Bulls,Q1,73.11,11.0,19.491,34.17,19.449,2.0,SOFT,True,215.0,198.0,270.0,283.0,26.6,47.8,45.0,1003.5,0.8,0.0,75.536,74.134,73.645,0,1,0
2022,7,GRAND PRIX DE MONACO,VET,Aston Martin,Q1,73.313,9.0,19.537,34.331,19.445,6.0,SOFT,False,208.0,201.0,270.0,282.0,26.6,47.8,45.0,1003.5,0.8,0.0,75.387,74.059,73.838,0,1,0
2022,7,GRAND PRIX DE MONACO,RIC,McLaren,Q1,73.338,14.0,19.446,34.675,19.217,2.0,SOFT,True,212.0,202.0,271.0,283.0,26.6,47.8,45.0,1003.5,0.8,0.0,75.157,104.698,74.104,0,1,0
2022,7,GRAND PRIX DE MONACO,ALO,Alpine,Q1,73.394,7.0,19.563,34.527,19.304,5.0,SOFT,True,215.0,197.0,267.0,277.0,26.6,47.8,45.0,1003.5,0.8,0.0,75.749,73.912,73.585,0,1,0
2022,7,GRAND PRIX DE MONACO,HAM,Mercedes,Q1,73.444,8.0,19.504,34.49,19.45,7.0,SOFT,True,216.0,200.0,269.0,280.0,26.6,47.8,45.0,1003.5,0.8,0.0,75.499,74.267,73.375,0,1,0
2022,7,GRAND PRIX DE MONACO,MSC,Haas F1 Team,Q1,73.469,15.0,19.545,34.554,19.37,3.0,SOFT,True,217.0,199.0,271.0,282.0,26.6,47.8,45.0,1003.5,0.8,0.0,78.636,74.894,73.827,0,1,0
2022,7,GRAND PRIX DE MONACO,BOT,Kick Sauber,Q1,73.541,12.0,19.845,34.459,19.237,2.0,SOFT,True,219.0,198.0,269.0,278.0,26.6,47.8,45.0,1003.5,0.8,0.0,103.912,74.468,73.849,0,1,0
2022,7,GRAND PRIX DE MONACO,ALB,Williams,Q1,73.611,16.0,19.518,34.728,19.365,2.0,SOFT,True,210.0,197.0,269.0,284.0,26.6,47.8,45.0,1003.5,0.8,0.0,76.11,74.486,73.882,0,1,0
2022,7,GRAND PRIX DE MONACO,GAS,Racing Bulls,Q1,73.66,17.0,19.71,34.553,19.397,5.0,SOFT,True,216.0,198.0,269.0,283.0,26.6,47.8,45.0,1003.5,0.8,0.0,75.083,73.636,73.21,0,1,0
2022,7,GRAND PRIX DE MONACO,STR,Aston Martin,Q1,73.678,18.0,19.612,34.571,19.495,2.0,SOFT,True,208.0,198.0,269.0,283.0,26.6,47.8,45.0,1003.5,0.8,0.0,75.539,74.623,74.639,0,1,0
2022,7,GRAND PRIX DE MONACO,LAT,Williams,Q1,74.403,19.0,19.904,35.01,19.489,2.0,SOFT,True,209.0,196.0,271.0,285.0,26.6,47.8,45.0,1003.5,0.8,0.0,77.714,76.276,74.91,0,1,0
2022,7,GRAND PRIX DE MONACO,ZHO,Kick Sauber,Q1,75.606,20.0,20.382,35.354,19.87,4.0,SOFT,True,212.0,195.0,268.0,279.0,26.6,47.8,45.0,1003.5,0.8,0.0,76.417,74.525,74.861,0,1,0
2022,7,GRAND PRIX DE MONACO,LEC,Ferrari,Q2,71.864,1.0,18.907,33.928,19.029,5.0,SOFT,True,221.0,204.0,268.0,283.0,26.6,47.8,45.0,1003.5,0.8,0.0,74.531,72.656,72.517,0,2,0
2022,7,GRAND PRIX DE MONACO,PER,Red Bull Racing,Q2,71.954,3.0,18.967,34.045,18.942,3.0,SOFT,False,215.0,201.0,269.0,280.0,26.6,47.8,45.0,1003.5,0.8,0.0,74.57,73.035,72.476,0,2,0
2022,7,GRAND PRIX DE MONACO,SAI,Ferrari,Q2,72.074,2.0,19.212,33.899,18.963,2.0,SOFT,True,210.0,205.0,270.0,281.0,26.6,47.8,45.0,1003.5,0.8,0.0,74.601,72.7,72.846,0,2,0
2022,7,GRAND PRIX DE MONACO,VER,Red Bull Racing,Q2,72.117,4.0,19.099,33.995,19.023,2.0,SOFT,True,216.0,201.0,270.0,283.0,26.6,47.8,45.0,1003.5,0.8,0.0,74.712,73.103,72.881,0,2,0
2022,7,GRAND PRIX DE MONACO,NOR,McLaren,Q2,72.266,5.0,19.188,34.131,18.947,2.0,SOFT,True,215.0,203.0,270.0,281.0,26.6,47.8,45.0,1003.5,0.8,0.0,75.056,73.294,73.226,0,2,0
2022,7,GRAND PRIX DE MONACO,OCO,Alpine,Q2,72.528,10.0,19.294,34.084,19.15,2.0,SOFT,True,213.0,200.0,270.0,280.0,26.6,47.8,45.0,1003.5,0.8,0.0,76.315,75.216,74.26,0,2,0
2022,7,GRAND PRIX DE MONACO,HAM,Mercedes,Q2,72.595,8.0,19.272,34.231,19.092,4.0,SOFT,True,217.0,202.0,271.0,281.0,26.6,47.8,45.0,1003.5,0.8,0.0,75.499,74.267,73.375,0,2,0
2022,7,GRAND PRIX DE MONACO,VET,Aston Martin,Q2,72.613,9.0,19.337,34.096,19.18,3.0,SOFT,True,210.0,202.0,271.0,282.0,26.6,47.8,45.0,1003.5,0.8,0.0,75.387,74.059,73.838,0,2,0
2022,7,GRAND PRIX DE MONACO,RUS,Mercedes,Q2,72.617,6.0,19.221,34.207,19.189,2.0,SOFT,True,214.0,207.0,270.0,280.0,26.6,47.8,45.0,1003.5,0.8,0.0,75.211,73.406,73.476,0,2,0
2022,7,GRAND PRIX DE MONACO,ALO,Alpine,Q2,72.688,7.0,19.318,34.309,19.061,2.0,SOFT,True,215.0,199.0,268.0,276.0,26.6,47.8,45.0,1003.5,0.8,0.0,75.749,73.912,73.585,0,2,0
2022,7,GRAND PRIX DE MONACO,TSU,Racing Bulls,Q2,72.797,11.0,19.342,34.213,19.242,2.0,SOFT,True,213.0,200.0,270.0,281.0,26.6,47.8,45.0,1003.5,0.8,0.0,75.536,74.134,73.645,0,2,0
2022,7,GRAND PRIX DE MONACO,BOT,Kick Sauber,Q2,72.909,12.0,19.31,34.445,19.154,2.0,SOFT,True,216.0,200.0,269.0,280.0,26.6,47.8,45.0,1003.5,0.8,0.0,103.912,74.468,73.849,0,2,0
2022,7,GRAND PRIX DE MONACO,MAG,Haas F1 Team,Q2,72.921,13.0,19.406,34.037,19.478,3.0,SOFT,True,217.0,204.0,272.0,282.0,26.6,47.8,45.0,1003.5,0.8,0.0,75.806,74.239,73.436,0,2,0
2022,7,GRAND PRIX DE MONACO,RIC,McLaren,Q2,72.964,14.0,19.447,34.357,19.16,4.0,SOFT,True,213.0,203.0,271.0,282.0,26.6,47.8,45.0,1003.5,0.8,0.0,75.157,104.698,74.104,0,2,0
2022,7,GRAND PRIX DE MONACO,MSC,Haas F1 Team,Q2,73.081,15.0,19.297,34.393,19.391,3.0,SOFT,True,207.0,199.0,273.0,284.0,26.6,47.8,45.0,1003.5,0.8,0.0,78.636,74.894,73.827,0,2,0
2022,7,GRAND PRIX DE MONACO,LEC,Ferrari,Q3,71.376,1.0,18.872,33.738,18.766,2.0,SOFT,True,220.0,205.0,268.0,279.0,26.6,47.8,45.0,1003.5,0.8,0.0,74.531,72.656,72.517,0,3,0
2022,7,GRAND PRIX DE MONACO,SAI,Ferrari,Q3,71.601,2.0,18.964,33.738,18.899,2.0,SOFT,True,220.0,208.0,271.0,281.0,26.6,47.8,45.0,1003.5,0.8,0.0,74.601,72.7,72.846,0,3,0
2022,7,GRAND PRIX DE MONACO,PER,Red Bull Racing,Q3,71.629,3.0,18.909,33.891,18.829,2.0,SOFT,True,218.0,203.0,272.0,282.0,26.6,47.8,45.0,1003.5,0.8,0.0,74.57,73.035,72.476,0,3,0
2022,7,GRAND PRIX DE MONACO,VER,Red Bull Racing,Q3,71.666,4.0,18.987,33.827,18.852,2.0,SOFT,True,214.0,201.0,272.0,282.0,26.6,47.8,45.0,1003.5,0.8,0.0,74.712,73.103,72.881,0,3,0
2022,7,GRAND PRIX DE MONACO,NOR,McLaren,Q3,71.849,5.0,19.126,33.77,18.953,2.0,SOFT,True,218.0,205.0,269.0,280.0,26.6,47.8,45.0,1003.5,0.8,0.0,75.056,73.294,73.226,0,3,0
2022,7,GRAND PRIX DE MONACO,RUS,Mercedes,Q3,72.112,6.0,18.981,34.016,19.115,2.0,SOFT,True,218.0,207.0,269.0,277.0,26.6,47.8,45.0,1003.5,0.8,0.0,75.211,73.406,73.476,0,3,0
2022,7,GRAND PRIX DE MONACO,ALO,Alpine,Q3,72.247,7.0,19.08,34.086,19.081,2.0,SOFT,True,216.0,202.0,268.0,277.0,26.6,47.8,45.0,1003.5,0.8,0.0,75.749,73.912,73.585,0,3,0
2022,7,GRAND PRIX DE MONACO,HAM,Mercedes,Q3,72.56,8.0,19.142,34.23,19.188,7.0,SOFT,False,217.0,202.0,271.0,280.0,26.6,47.8,45.0,1003.5,0.8,0.0,75.499,74.267,73.375,0,3,0
2022,7,GRAND PRIX DE MONACO,VET,Aston Martin,Q3,72.732,9.0,19.487,34.085,19.16,3.0,SOFT,True,214.0,199.0,271.0,282.0,26.6,47.8,45.0,1003.5,0.8,0.0,75.387,74.059,73.838,0,3,0
2022,7,GRAND PRIX DE MONACO,OCO,Alpine,Q3,73.047,10.0,19.371,34.168,19.508,5.0,SOFT,False,214.0,197.0,268.0,279.0,26.6,47.8,45.0,1003.5,0.8,0.0,76.315,75.216,74.26,0,3,0
2022,8,GRAND PRIX DE MONACO,VER,Red Bull Racing,Q1,102.722,3.0,36.097,41.521,25.104,5.0,SOFT,False,225.0,231.0,336.0,315.0,24.9,34.6,69.0,1015.5,0.8,0.0,105.81,103.58,103.449,0,1,0
2022,8,GRAND PRIX DE MONACO,PER,Red Bull Racing,Q1,102.733,2.0,36.251,41.364,25.118,5.0,SOFT,True,224.0,231.0,337.0,316.0,24.9,34.6,69.0,1015.5,0.8,0.0,105.476,103.472,103.17,0,1,0
2022,8,GRAND PRIX DE MONACO,LEC,Ferrari,Q1,102.865,1.0,36.164,41.658,25.043,4.0,SOFT,True,231.0,229.0,337.0,319.0,24.9,34.6,69.0,1015.5,0.8,0.0,105.603,103.224,103.24,0,1,0
2022,8,GRAND PRIX DE MONACO,SAI,Ferrari,Q1,102.957,4.0,36.293,41.602,25.062,4.0,SOFT,True,230.0,229.0,335.0,317.0,24.9,34.6,69.0,1015.5,0.8,0.0,106.012,104.274,103.596,0,1,0
2022,8,GRAND PRIX DE MONACO,GAS,Racing Bulls,Q1,103.268,6.0,36.274,41.756,25.238,2.0,SOFT,True,225.0,237.0,336.0,313.0,24.9,34.6,69.0,1015.5,0.8,0.0,106.83,104.315,104.491,0,1,0
2022,8,GRAND PRIX DE MONACO,VET,Aston Martin,Q1,103.279,9.0,36.509,41.889,24.881,2.0,SOFT,True,208.0,230.0,342.0,323.0,24.9,34.6,69.0,1015.5,0.8,0.0,107.97,104.781,104.689,0,1,0
2022,8,GRAND PRIX DE MONACO,TSU,Racing Bulls,Q1,103.595,8.0,36.47,41.845,25.28,2.0,SOFT,True,213.0,228.0,337.0,314.0,24.9,34.6,69.0,1015.5,0.8,0.0,106.696,104.567,104.964,0,1,0
2022,8,GRAND PRIX DE MONACO,RUS,Mercedes,Q1,103.754,5.0,36.609,41.819,25.326,5.0,SOFT,False,209.0,236.0,331.0,309.0,24.9,34.6,69.0,1015.5,0.8,0.0,106.705,104.548,104.573,0,1,0
2022,8,GRAND PRIX DE MONACO,ZHO,Kick Sauber,Q1,103.777,14.0,36.564,41.94,25.273,4.0,SOFT,True,229.0,233.0,335.0,314.0,24.9,34.6,69.0,1015.5,0.8,0.0,108.222,105.264,104.913,0,1,0
2022,8,GRAND PRIX DE MONACO,OCO,Alpine,Q1,103.903,13.0,36.675,42.25,24.978,4.0,SOFT,True,215.0,224.0,342.0,323.0,24.9,34.6,69.0,1015.5,0.8,0.0,106.917,104.609,104.685,0,1,0
2022,8,GRAND PRIX DE MONACO,HAM,Mercedes,Q1,103.939,7.0,36.69,41.599,25.65,5.0,SOFT,False,228.0,236.0,325.0,305.0,24.9,34.6,69.0,1015.5,0.8,0.0,106.667,104.874,104.845,0,1,0
2022,8,GRAND PRIX DE MONACO,ALO,Alpine,Q1,104.083,10.0,36.825,42.307,24.951,4.0,SOFT,True,211.0,220.0,344.0,322.0,24.9,34.6,69.0,1015.5,0.8,0.0,106.571,104.142,104.842,0,1,0
2022,8,GRAND PRIX DE MONACO,NOR,McLaren,Q1,104.237,11.0,36.749,42.008,25.48,4.0,SOFT,True,225.0,239.0,326.0,310.0,24.9,34.6,69.0,1015.5,0.8,0.0,107.691,104.771,104.418,0,1,0
2022,8,GRAND PRIX DE MONACO,RIC,McLaren,Q1,104.437,12.0,36.769,42.167,25.501,4.0,SOFT,True,220.0,229.0,328.0,310.0,24.9,34.6,69.0,1015.5,0.8,0.0,108.81,105.059,104.476,0,1,0
2022,8,GRAND PRIX DE MONACO,BOT,Kick Sauber,Q1,104.478,15.0,36.843,42.457,25.178,3.0,SOFT,False,213.0,220.0,334.0,316.0,24.9,34.6,69.0,1015.5,0.8,0.0,108.078,105.115,105.574,0,1,0
2022,8,GRAND PRIX DE MONACO,MAG,Haas F1 Team,Q1,104.643,16.0,36.927,42.413,25.303,2.0,SOFT,True,219.0,205.0,338.0,317.0,24.9,34.6,69.0,1015.5,0.8,0.0,107.946,105.588,104.919,0,1,0
2022,8,GRAND PRIX DE MONACO,ALB,Williams,Q1,104.719,17.0,36.929,42.325,25.465,4.0,SOFT,True,210.0,237.0,336.0,318.0,24.9,34.6,69.0,1015.5,0.8,0.0,108.419,106.397,105.479,0,1,0
2022,8,GRAND PRIX DE MONACO,LAT,Williams,Q1,105.367,18.0,37.112,42.996,25.259,4.0,SOFT,True,201.0,217.0,337.0,320.0,24.9,34.6,69.0,1015.5,0.8,0.0,110.921,107.218,106.07,0,1,0
2022,8,GRAND PRIX DE MONACO,STR,Aston Martin,Q1,105.371,19.0,37.332,42.718,25.321,2.0,SOFT,True,216.0,227.0,332.0,316.0,24.9,34.6,69.0,1015.5,0.8,0.0,107.847,104.874,104.879,0,1,0
2022,8,GRAND PRIX DE MONACO,MSC,Haas F1 Team,Q1,105.775,20.0,37.205,43.183,25.387,2.0,SOFT,True,224.0,210.0,332.0,315.0,24.9,34.6,69.0,1015.5,0.8,0.0,118.332,106.425,105.532,0,1,0
2022,8,GRAND PRIX DE MONACO,PER,Red Bull Racing,Q2,101.955,2.0,35.937,41.032,24.986,5.0,SOFT,True,234.0,238.0,340.0,317.0,24.9,34.6,69.0,1015.5,0.8,0.0,105.476,103.472,103.17,0,2,0
2022,8,GRAND PRIX DE MONACO,LEC,Ferrari,Q2,102.046,1.0,35.799,41.232,25.015,5.0,SOFT,True,236.0,235.0,335.0,317.0,24.9,34.6,69.0,1015.5,0.8,0.0,105.603,103.224,103.24,0,2,0
2022,8,GRAND PRIX DE MONACO,SAI,Ferrari,Q2,102.088,4.0,35.88,41.182,25.026,2.0,SOFT,True,230.0,232.0,333.0,316.0,24.9,34.6,69.0,1015.5,0.8,0.0,106.012,104.274,103.596,0,2,0
2022,8,GRAND PRIX DE MONACO,VER,Red Bull Racing,Q2,102.227,3.0,36.071,41.125,25.031,2.0,SOFT,True,232.0,236.0,338.0,317.0,24.9,34.6,69.0,1015.5,0.8,0.0,105.81,103.58,103.449,0,2,0
2022,8,GRAND PRIX DE MONACO,GAS,Racing Bulls,Q2,103.129,6.0,36.236,41.517,25.376,3.0,SOFT,False,228.0,236.0,332.0,311.0,24.9,34.6,69.0,1015.5,0.8,0.0,106.83,104.315,104.491,0,2,0
2022,8,GRAND PRIX DE MONACO,HAM,Mercedes,Q2,103.182,7.0,36.332,41.491,25.359,3.0,SOFT,True,226.0,240.0,332.0,311.0,24.9,34.6,69.0,1015.5,0.8,0.0,106.667,104.874,104.845,0,2,0
2022,8,GRAND PRIX DE MONACO,VET,Aston Martin,Q2,103.268,9.0,36.43,41.679,25.159,5.0,SOFT,False,211.0,229.0,332.0,318.0,24.9,34.6,69.0,1015.5,0.8,0.0,107.97,104.781,104.689,0,2,0
2022,8,GRAND PRIX DE MONACO,RUS,Mercedes,Q2,103.281,5.0,36.419,41.585,25.277,6.0,SOFT,False,214.0,235.0,333.0,310.0,24.9,34.6,69.0,1015.5,0.8,0.0,106.705,104.548,104.573,0,2,0
2022,8,GRAND PRIX DE MONACO,ALO,Alpine,Q2,103.36,10.0,36.543,41.979,24.838,3.0,SOFT,False,208.0,224.0,342.0,323.0,24.9,34.6,69.0,1015.5,0.8,0.0,106.571,104.142,104.842,0,2,0
2022,8,GRAND PRIX DE MONACO,TSU,Racing Bulls,Q2,103.376,8.0,36.245,41.789,25.342,4.0,SOFT,False,216.0,236.0,336.0,314.0,24.9,34.6,69.0,1015.5,0.8,0.0,106.696,104.567,104.964,0,2,0
2022,8,GRAND PRIX DE MONACO,NOR,McLaren,Q2,103.398,11.0,36.236,41.485,25.677,2.0,SOFT,True,225.0,230.0,319.0,306.0,24.9,34.6,69.0,1015.5,0.8,0.0,107.691,104.771,104.418,0,2,0
2022,8,GRAND PRIX DE MONACO,RIC,McLaren,Q2,103.574,12.0,36.305,41.734,25.535,4.0,SOFT,True,221.0,230.0,323.0,309.0,24.9,34.6,69.0,1015.5,0.8,0.0,108.81,105.059,104.476,0,2,0
2022,8,GRAND PRIX DE MONACO,OCO,Alpine,Q2,103.585,13.0,36.517,42.068,25.0,4.0,SOFT,False,218.0,227.0,340.0,321.0,24.9,34.6,69.0,1015.5,0.8,0.0,106.917,104.609,104.685,0,2,0
2022,8,GRAND PRIX DE MONACO,ZHO,Kick Sauber,Q2,103.79,14.0,36.48,41.949,25.361,2.0,SOFT,True,227.0,230.0,331.0,315.0,24.9,34.6,69.0,1015.5,0.8,0.0,108.222,105.264,104.913,0,2,0
2022,8,GRAND PRIX DE MONACO,BOT,Kick Sauber,Q2,104.444,15.0,36.838,42.121,25.485,2.0,SOFT,True,225.0,223.0,322.0,311.0,24.9,34.6,69.0,1015.5,0.8,0.0,108.078,105.115,105.574,0,2,0
2022,8,GRAND PRIX DE MONACO,LEC,Ferrari,Q3,101.359,1.0,35.615,40.67,25.074,2.0,SOFT,True,236.0,245.0,332.0,315.0,24.9,34.6,69.0,1015.5,0.8,0.0,105.603,103.224,103.24,0,3,0
2022,8,GRAND PRIX DE MONACO,PER,Red Bull Racing,Q3,101.641,2.0,35.642,40.997,25.002,2.0,SOFT,True,237.0,239.0,336.0,315.0,24.9,34.6,69.0,1015.5,0.8,0.0,105.476,103.472,103.17,0,3,0
2022,8,GRAND PRIX DE MONACO,VER,Red Bull Racing,Q3,101.706,3.0,35.781,41.042,24.883,2.0,SOFT,True,224.0,235.0,342.0,320.0,24.9,34.6,69.0,1015.5,0.8,0.0,105.81,103.58,103.449,0,3,0
2022,8,GRAND PRIX DE MONACO,SAI,Ferrari,Q3,101.814,4.0,35.729,41.057,25.028,2.0,SOFT,True,226.0,236.0,330.0,314.0,24.9,34.6,69.0,1015.5,0.8,0.0,106.012,104.274,103.596,0,3,0
2022,8,GRAND PRIX DE MONACO,RUS,Mercedes,Q3,102.712,5.0,36.098,41.363,25.251,2.0,SOFT,True,213.0,238.0,332.0,309.0,24.9,34.6,69.0,1015.5,0.8,0.0,106.705,104.548,104.573,0,3,0
2022,8,GRAND PRIX DE MONACO,GAS,Racing Bulls,Q3,102.845,6.0,36.121,41.377,25.347,5.0,SOFT,False,231.0,232.0,332.0,310.0,24.9,34.6,69.0,1015.5,0.8,0.0,106.83,104.315,104.491,0,3,0
2022,8,GRAND PRIX DE MONACO,HAM,Mercedes,Q3,102.924,7.0,36.169,41.41,25.345,2.0,SOFT,True,221.0,232.0,330.0,309.0,24.9,34.6,69.0,1015.5,0.8,0.0,106.667,104.874,104.845,0,3,0
2022,8,GRAND PRIX DE MONACO,TSU,Racing Bulls,Q3,103.056,8.0,36.205,41.519,25.332,2.0,SOFT,True,222.0,237.0,333.0,312.0,24.9,34.6,69.0,1015.5,0.8,0.0,106.696,104.567,104.964,0,3,0
2022,8,GRAND PRIX DE MONACO,VET,Aston Martin,Q3,103.091,9.0,36.392,41.604,25.095,2.0,SOFT,True,214.0,221.0,329.0,318.0,24.9,34.6,69.0,1015.5,0.8,0.0,107.97,104.781,104.689,0,3,0
2022,8,GRAND PRIX DE MONACO,ALO,Alpine,Q3,103.173,10.0,36.435,41.836,24.902,2.0,SOFT,True,213.0,232.0,340.0,322.0,24.9,34.6,69.0,1015.5,0.8,0.0,106.571,104.142,104.842,0,3,0
2022,9,GRAND PRIX DU CANADA,VER,Red Bull Racing,Q1,92.219,1.0,26.937,29.604,35.678,14.0,WET,False,206.0,270.0,267.0,299.0,13.3,18.2,81.0,1007.0,1.7,1.0,75.158,74.127,94.616,0,1,1
2022,9,GRAND PRIX DU CANADA,ALO,Alpine,Q1,92.277,2.0,26.846,29.872,35.559,10.0,WET,True,209.0,268.0,268.0,295.0,13.3,18.2,81.0,1007.0,1.7,1.0,75.531,74.543,93.836,0,1,1
2022,9,GRAND PRIX DU CANADA,SAI,Ferrari,Q1,92.781,3.0,26.94,29.974,35.867,6.0,WET,True,206.0,266.0,261.0,296.0,13.3,18.2,81.0,1007.0,1.7,1.0,75.404,74.352,94.778,0,1,1
2022,9,GRAND PRIX DU CANADA,MAG,Haas F1 Team,Q1,92.957,5.0,27.269,29.785,35.903,11.0,WET,True,209.0,266.0,264.0,293.0,13.3,18.2,81.0,1007.0,1.7,1.0,77.555,75.499,95.643,0,1,1
2022,9,GRAND PRIX DU CANADA,LEC,Ferrari,Q1,93.008,15.0,26.783,30.379,35.846,9.0,WET,True,211.0,269.0,264.0,298.0,13.3,18.2,81.0,1007.0,1.7,1.0,75.666,74.208,138.129,0,1,1
2022,9,GRAND PRIX DU CANADA,OCO,Alpine,Q1,93.012,7.0,26.931,30.134,35.947,9.0,WET,True,213.0,268.0,268.0,296.0,13.3,18.2,81.0,1007.0,1.7,1.0,76.421,75.119,94.003,0,1,1
2022,9,GRAND PRIX DU CANADA,RUS,Mercedes,Q1,93.16,8.0,26.811,29.968,36.381,19.0,WET,False,210.0,265.0,265.0,292.0,13.3,18.2,81.0,1007.0,1.7,1.0,75.822,74.971,94.259,0,1,1
2022,9,GRAND PRIX DU CANADA,RIC,McLaren,Q1,93.636,9.0,27.328,30.111,36.197,10.0,WET,True,190.0,265.0,262.0,291.0,13.3,18.2,81.0,1007.0,1.7,1.0,76.083,75.033,94.11,0,1,1
2022,9,GRAND PRIX DU CANADA,BOT,Kick Sauber,Q1,93.689,11.0,27.437,30.05,36.202,9.0,WET,True,207.0,267.0,267.0,295.0,13.3,18.2,81.0,1007.0,1.7,1.0,76.426,,95.016,0,1,1
2022,9,GRAND PRIX DU CANADA,ZHO,Kick Sauber,Q1,93.692,10.0,27.034,29.825,36.833,10.0,WET,True,206.0,266.0,266.0,294.0,13.3,18.2,81.0,1007.0,1.7,1.0,77.152,75.526,95.213,0,1,1
2022,9,GRAND PRIX DU CANADA,MSC,Haas F1 Team,Q1,93.707,6.0,27.189,30.35,36.168,8.0,WET,True,204.0,263.0,265.0,293.0,13.3,18.2,81.0,1007.0,1.7,1.0,77.223,75.516,97.388,0,1,1
2022,9,GRAND PRIX DU CANADA,HAM,Mercedes,Q1,93.841,4.0,27.101,30.301,36.439,17.0,WET,False,199.0,269.0,270.0,300.0,13.3,18.2,81.0,1007.0,1.7,1.0,75.877,75.421,95.692,0,1,1
2022,9,GRAND PRIX DU CANADA,PER,Red Bull Racing,Q1,93.929,13.0,27.689,30.517,35.723,10.0,WET,True,213.0,264.0,267.0,299.0,13.3,18.2,81.0,1007.0,1.7,1.0,75.619,75.167,94.498,0,1,1
2022,9,GRAND PRIX DU CANADA,ALB,Williams,Q1,94.047,12.0,27.401,30.376,36.27,9.0,WET,True,199.0,269.0,270.0,300.0,13.3,18.2,81.0,1007.0,1.7,1.0,76.308,76.171,95.761,0,1,1
2022,9,GRAND PRIX DU CANADA,NOR,McLaren,Q1,94.066,14.0,27.64,30.186,36.24,9.0,WET,True,209.0,264.0,265.0,290.0,13.3,18.2,81.0,1007.0,1.7,1.0,76.211,74.987,94.248,0,1,1
2022,9,GRAND PRIX DU CANADA,GAS,Racing Bulls,Q1,94.492,16.0,27.408,30.742,36.342,3.0,WET,True,203.0,263.0,266.0,296.0,13.3,18.2,81.0,1007.0,1.7,1.0,76.165,74.879,93.889,0,1,1
2022,9,GRAND PRIX DU CANADA,VET,Aston Martin,Q1,94.512,17.0,27.469,30.436,36.607,4.0,WET,True,203.0,267.0,265.0,297.0,13.3,18.2,81.0,1007.0,1.7,1.0,76.041,74.442,93.891,0,1,1
2022,9,GRAND PRIX DU CANADA,STR,Aston Martin,Q1,95.532,18.0,27.833,30.977,36.722,3.0,WET,True,194.0,266.0,267.0,296.0,13.3,18.2,81.0,1007.0,1.7,1.0,75.877,75.396,95.531,0,1,1
2022,9,GRAND PRIX DU CANADA,LAT,Williams,Q1,95.66,19.0,28.092,31.003,36.565,10.0,WET,True,184.0,270.0,264.0,306.0,13.3,18.2,81.0,1007.0,1.7,1.0,77.241,76.509,98.394,0,1,1
2022,9,GRAND PRIX DU CANADA,TSU,Racing Bulls,Q1,96.575,20.0,28.055,31.422,37.098,3.0,WET,True,194.0,267.0,266.0,294.0,13.3,18.2,81.0,1007.0,1.7,1.0,76.322,75.567,96.261,0,1,1
2022,9,GRAND PRIX DU CANADA,VER,Red Bull Racing,Q2,83.746,1.0,24.157,26.844,32.745,9.0,WET,True,239.0,277.0,278.0,305.0,13.3,18.2,81.0,1007.0,1.7,1.0,75.158,74.127,94.616,0,2,1
2022,9,GRAND PRIX DU CANADA,ALO,Alpine,Q2,84.848,2.0,24.514,27.399,32.935,5.0,INTERMEDIATE,True,231.0,273.0,275.0,302.0,13.3,18.2,81.0,1007.0,1.7,1.0,75.531,74.543,93.836,0,2,1
2022,9,GRAND PRIX DU CANADA,RUS,Mercedes,Q2,84.95,8.0,24.302,27.154,33.494,6.0,INTERMEDIATE,True,238.0,270.0,272.0,296.0,13.3,18.2,81.0,1007.0,1.7,1.0,75.822,74.971,94.259,0,2,1
2022,9,GRAND PRIX DU CANADA,SAI,Ferrari,Q2,85.197,3.0,25.146,27.024,33.027,6.0,INTERMEDIATE,True,230.0,275.0,275.0,303.0,13.3,18.2,81.0,1007.0,1.7,1.0,75.404,74.352,94.778,0,2,1
2022,9,GRAND PRIX DU CANADA,HAM,Mercedes,Q2,85.543,4.0,24.589,27.612,33.342,6.0,INTERMEDIATE,True,228.0,276.0,275.0,306.0,13.3,18.2,81.0,1007.0,1.7,1.0,75.877,75.421,95.692,0,2,1
2022,9,GRAND PRIX DU CANADA,MSC,Haas F1 Team,Q2,85.684,6.0,24.761,27.616,33.307,6.0,INTERMEDIATE,True,230.0,272.0,267.0,292.0,13.3,18.2,81.0,1007.0,1.7,1.0,77.223,75.516,97.388,0,2,1
2022,9,GRAND PRIX DU CANADA,ZHO,Kick Sauber,Q2,86.116,10.0,24.82,27.534,33.762,6.0,INTERMEDIATE,True,221.0,269.0,272.0,295.0,13.3,18.2,81.0,1007.0,1.7,1.0,77.152,75.526,95.213,0,2,1
2022,9,GRAND PRIX DU CANADA,OCO,Alpine,Q2,86.135,7.0,24.724,27.716,33.695,6.0,INTERMEDIATE,True,230.0,273.0,275.0,302.0,13.3,18.2,81.0,1007.0,1.7,1.0,76.421,75.119,94.003,0,2,1
2022,9,GRAND PRIX DU CANADA,MAG,Haas F1 Team,Q2,86.254,5.0,24.717,27.853,33.684,6.0,INTERMEDIATE,True,233.0,273.0,268.0,303.0,13.3,18.2,81.0,1007.0,1.7,1.0,77.555,75.499,95.643,0,2,1
2022,9,GRAND PRIX DU CANADA,RIC,McLaren,Q2,86.375,9.0,24.475,27.842,34.058,6.0,INTERMEDIATE,True,234.0,270.0,265.0,295.0,13.3,18.2,81.0,1007.0,1.7,1.0,76.083,75.033,94.11,0,2,1
2022,9,GRAND PRIX DU CANADA,BOT,Kick Sauber,Q2,86.788,11.0,25.442,27.654,33.692,6.0,INTERMEDIATE,True,225.0,269.0,272.0,297.0,13.3,18.2,81.0,1007.0,1.7,1.0,76.426,,95.016,0,2,1
2022,9,GRAND PRIX DU CANADA,ALB,Williams,Q2,86.858,12.0,25.449,28.015,33.394,6.0,INTERMEDIATE,True,211.0,279.0,278.0,309.0,13.3,18.2,81.0,1007.0,1.7,1.0,76.308,76.171,95.761,0,2,1
2022,9,GRAND PRIX DU CANADA,PER,Red Bull Racing,Q2,93.127,13.0,27.049,29.57,36.508,2.0,INTERMEDIATE,True,214.0,270.0,266.0,302.0,13.3,18.2,81.0,1007.0,1.7,1.0,75.619,75.167,94.498,0,2,1
2022,9,GRAND PRIX DU CANADA,NOR,McLaren,Q2,101.141,14.0,30.559,35.086,35.496,1.0,INTERMEDIATE,True,192.0,260.0,269.0,295.0,13.3,18.2,81.0,1007.0,1.7,1.0,76.211,74.987,94.248,0,2,1
2022,9,GRAND PRIX DU CANADA,VER,Red Bull Racing,Q3,81.299,1.0,23.22,25.951,32.128,4.0,INTERMEDIATE,True,247.0,276.0,277.0,305.0,13.3,18.2,81.0,1007.0,1.7,1.0,75.158,74.127,94.616,0,3,1
2022,9,GRAND PRIX DU CANADA,ALO,Alpine,Q3,81.944,2.0,23.464,26.288,32.192,3.0,INTERMEDIATE,True,246.0,275.0,275.0,303.0,13.3,18.2,81.0,1007.0,1.7,1.0,75.531,74.543,93.836,0,3,1
2022,9,GRAND PRIX DU CANADA,SAI,Ferrari,Q3,82.096,3.0,23.149,26.092,32.855,4.0,INTERMEDIATE,True,251.0,276.0,272.0,302.0,13.3,18.2,81.0,1007.0,1.7,1.0,75.404,74.352,94.778,0,3,1
2022,9,GRAND PRIX DU CANADA,HAM,Mercedes,Q3,82.891,4.0,23.547,26.303,33.041,3.0,INTERMEDIATE,True,247.0,275.0,275.0,293.0,13.3,18.2,81.0,1007.0,1.7,1.0,75.877,75.421,95.692,0,3,1
2022,9,GRAND PRIX DU CANADA,MAG,Haas F1 Team,Q3,82.96,5.0,23.812,26.585,32.563,2.0,INTERMEDIATE,True,245.0,273.0,276.0,299.0,13.3,18.2,81.0,1007.0,1.7,1.0,77.555,75.499,95.643,0,3,1
2022,9,GRAND PRIX DU CANADA,MSC,Haas F1 Team,Q3,83.356,6.0,24.148,26.5,32.708,4.0,INTERMEDIATE,True,238.0,274.0,270.0,302.0,13.3,18.2,81.0,1007.0,1.7,1.0,77.223,75.516,97.388,0,3,1
2022,9,GRAND PRIX DU CANADA,OCO,Alpine,Q3,83.529,7.0,23.855,26.667,33.007,3.0,INTERMEDIATE,True,249.0,273.0,273.0,300.0,13.3,18.2,81.0,1007.0,1.7,1.0,76.421,75.119,94.003,0,3,1
2022,9,GRAND PRIX DU CANADA,RUS,Mercedes,Q3,83.557,8.0,23.985,26.718,32.854,3.0,INTERMEDIATE,True,240.0,268.0,272.0,297.0,13.3,18.2,81.0,1007.0,1.7,1.0,75.822,74.971,94.259,0,3,1
2022,9,GRAND PRIX DU CANADA,RIC,McLaren,Q3,83.749,9.0,23.609,26.834,33.306,2.0,INTERMEDIATE,True,242.0,271.0,268.0,295.0,13.3,18.2,81.0,1007.0,1.7,1.0,76.083,75.033,94.11,0,3,1
2022,9,GRAND PRIX DU CANADA,ZHO,Kick Sauber,Q3,84.03,10.0,23.535,27.325,33.17,3.0,INTERMEDIATE,True,246.0,270.0,271.0,299.0,13.3,18.2,81.0,1007.0,1.7,1.0,77.152,75.526,95.213,0,3,1
2022,10,BRITISH GRAND PRIX,VER,Red Bull Racing,Q1,99.129,2.0,31.307,40.26,27.562,9.0,INTERMEDIATE,True,294.0,246.0,230.0,296.0,14.4,20.3,89.0,999.7,2.7,1.0,,89.149,87.901,0,1,1
2022,10,BRITISH GRAND PRIX,LEC,Ferrari,Q1,99.846,3.0,31.399,40.38,28.067,10.0,INTERMEDIATE,True,293.0,243.0,230.0,295.0,14.4,20.3,89.0,999.7,2.7,1.0,103.801,89.404,88.348,0,1,1
2022,10,BRITISH GRAND PRIX,RUS,Mercedes,Q1,100.028,8.0,31.365,40.655,28.008,10.0,INTERMEDIATE,True,294.0,243.0,229.0,294.0,14.4,20.3,89.0,999.7,2.7,1.0,,89.799,88.426,0,1,1
2022,10,BRITISH GRAND PRIX,SAI,Ferrari,Q1,100.19,1.0,31.472,40.544,28.174,10.0,INTERMEDIATE,True,295.0,244.0,232.0,297.0,14.4,20.3,89.0,999.7,2.7,1.0,102.967,88.942,88.689,0,1,1
2022,10,BRITISH GRAND PRIX,HAM,Mercedes,Q1,100.428,5.0,31.47,40.747,28.211,10.0,INTERMEDIATE,True,294.0,245.0,222.0,298.0,14.4,20.3,89.0,999.7,2.7,1.0,102.781,89.105,88.488,0,1,1
2022,10,BRITISH GRAND PRIX,PER,Red Bull Racing,Q1,100.521,4.0,32.117,40.548,27.856,9.0,INTERMEDIATE,True,294.0,241.0,229.0,297.0,14.4,20.3,89.0,999.7,2.7,1.0,,89.753,88.311,0,1,1
2022,10,BRITISH GRAND PRIX,ZHO,Kick Sauber,Q1,100.791,9.0,32.167,40.837,27.787,10.0,INTERMEDIATE,True,293.0,244.0,235.0,293.0,14.4,20.3,89.0,999.7,2.7,1.0,106.171,90.271,89.752,0,1,1
2022,10,BRITISH GRAND PRIX,BOT,Kick Sauber,Q1,101.396,12.0,31.667,41.471,28.258,10.0,INTERMEDIATE,True,294.0,243.0,230.0,294.0,14.4,20.3,89.0,999.7,2.7,1.0,102.249,90.0,89.185,0,1,1
2022,10,BRITISH GRAND PRIX,NOR,McLaren,Q1,101.515,6.0,31.806,41.189,28.52,8.0,INTERMEDIATE,True,290.0,231.0,225.0,290.0,14.4,20.3,89.0,999.7,2.7,1.0,104.337,89.118,89.102,0,1,1
2022,10,BRITISH GRAND PRIX,ALO,Alpine,Q1,101.598,7.0,31.736,41.284,28.578,7.0,INTERMEDIATE,True,286.0,242.0,225.0,293.0,14.4,20.3,89.0,999.7,2.7,1.0,,89.695,89.52,0,1,1
2022,10,BRITISH GRAND PRIX,GAS,Racing Bulls,Q1,101.68,11.0,31.892,41.283,28.505,9.0,INTERMEDIATE,True,288.0,239.0,224.0,290.0,14.4,20.3,89.0,999.7,2.7,1.0,,90.51,89.885,0,1,1
2022,10,BRITISH GRAND PRIX,OCO,Alpine,Q1,101.73,15.0,31.879,41.366,28.485,7.0,INTERMEDIATE,True,293.0,239.0,226.0,295.0,14.4,20.3,89.0,999.7,2.7,1.0,,90.238,89.552,0,1,1
2022,10,BRITISH GRAND PRIX,TSU,Racing Bulls,Q1,101.893,13.0,32.062,41.511,28.32,9.0,INTERMEDIATE,True,292.0,243.0,227.0,294.0,14.4,20.3,89.0,999.7,2.7,1.0,109.972,90.338,90.039,0,1,1
2022,10,BRITISH GRAND PRIX,RIC,McLaren,Q1,101.933,14.0,31.939,41.455,28.539,3.0,INTERMEDIATE,True,284.0,242.0,225.0,286.0,14.4,20.3,89.0,999.7,2.7,1.0,115.899,89.902,90.293,0,1,1
2022,10,BRITISH GRAND PRIX,LAT,Williams,Q1,101.998,10.0,32.157,41.413,28.428,3.0,INTERMEDIATE,True,294.0,242.0,223.0,296.0,14.4,20.3,89.0,999.7,2.7,1.0,,91.326,90.489,0,1,1
2022,10,BRITISH GRAND PRIX,ALB,Williams,Q1,102.078,16.0,32.277,41.487,28.314,4.0,INTERMEDIATE,True,296.0,244.0,227.0,298.0,14.4,20.3,89.0,999.7,2.7,1.0,,90.263,89.78,0,1,1
2022,10,BRITISH GRAND PRIX,MAG,Haas F1 Team,Q1,102.159,17.0,32.243,41.401,28.515,3.0,INTERMEDIATE,True,291.0,243.0,231.0,290.0,14.4,20.3,89.0,999.7,2.7,1.0,108.161,90.48,90.523,0,1,1
2022,10,BRITISH GRAND PRIX,VET,Aston Martin,Q1,102.666,18.0,32.02,41.838,28.808,6.0,INTERMEDIATE,True,291.0,241.0,227.0,294.0,14.4,20.3,89.0,999.7,2.7,1.0,116.216,90.057,89.593,0,1,1
2022,10,BRITISH GRAND PRIX,MSC,Haas F1 Team,Q1,102.708,19.0,32.201,41.857,28.65,3.0,INTERMEDIATE,True,290.0,240.0,226.0,289.0,14.4,20.3,89.0,999.7,2.7,1.0,103.895,90.609,89.51,0,1,1
2022,10,BRITISH GRAND PRIX,STR,Aston Martin,Q1,103.43,20.0,32.708,42.224,28.498,2.0,INTERMEDIATE,True,289.0,237.0,226.0,292.0,14.4,20.3,89.0,999.7,2.7,1.0,111.243,89.942,89.892,0,1,1
2022,10,BRITISH GRAND PRIX,VER,Red Bull Racing,Q2,100.655,2.0,31.547,40.882,28.226,3.0,INTERMEDIATE,True,295.0,242.0,226.0,295.0,14.4,20.3,89.0,999.7,2.7,1.0,,89.149,87.901,0,2,1
2022,10,BRITISH GRAND PRIX,HAM,Mercedes,Q2,101.062,5.0,31.869,40.952,28.241,3.0,INTERMEDIATE,True,288.0,242.0,218.0,291.0,14.4,20.3,89.0,999.7,2.7,1.0,102.781,89.105,88.488,0,2,1
2022,10,BRITISH GRAND PRIX,LEC,Ferrari,Q2,101.247,3.0,31.624,41.027,28.596,3.0,INTERMEDIATE,True,292.0,239.0,220.0,287.0,14.4,20.3,89.0,999.7,2.7,1.0,103.801,89.404,88.348,0,2,1
2022,10,BRITISH GRAND PRIX,SAI,Ferrari,Q2,101.602,1.0,31.869,41.084,28.649,4.0,INTERMEDIATE,True,293.0,233.0,226.0,291.0,14.4,20.3,89.0,999.7,2.7,1.0,102.967,88.942,88.689,0,2,1
2022,10,BRITISH GRAND PRIX,RUS,Mercedes,Q2,101.725,8.0,31.696,41.388,28.641,3.0,INTERMEDIATE,True,292.0,241.0,224.0,291.0,14.4,20.3,89.0,999.7,2.7,1.0,,89.799,88.426,0,2,1
2022,10,BRITISH GRAND PRIX,NOR,McLaren,Q2,101.821,6.0,31.913,41.402,28.506,3.0,INTERMEDIATE,True,290.0,240.0,222.0,291.0,14.4,20.3,89.0,999.7,2.7,1.0,104.337,89.118,89.102,0,2,1
2022,10,BRITISH GRAND PRIX,ALO,Alpine,Q2,102.209,7.0,32.1,41.42,28.689,4.0,INTERMEDIATE,True,293.0,238.0,220.0,293.0,14.4,20.3,89.0,999.7,2.7,1.0,,89.695,89.52,0,2,1
2022,10,BRITISH GRAND PRIX,PER,Red Bull Racing,Q2,102.513,4.0,32.624,41.467,28.422,2.0,INTERMEDIATE,True,294.0,241.0,221.0,298.0,14.4,20.3,89.0,999.7,2.7,1.0,,89.753,88.311,0,2,1
2022,10,BRITISH GRAND PRIX,ZHO,Kick Sauber,Q2,102.64,9.0,32.449,42.001,28.19,3.0,INTERMEDIATE,True,290.0,238.0,230.0,285.0,14.4,20.3,89.0,999.7,2.7,1.0,106.171,90.271,89.752,0,2,1
2022,10,BRITISH GRAND PRIX,LAT,Williams,Q2,103.273,10.0,32.397,42.094,28.782,4.0,INTERMEDIATE,True,296.0,238.0,219.0,296.0,14.4,20.3,89.0,999.7,2.7,1.0,,91.326,90.489,0,2,1
2022,10,BRITISH GRAND PRIX,GAS,Racing Bulls,Q2,103.702,11.0,32.395,42.369,28.938,3.0,INTERMEDIATE,True,288.0,238.0,223.0,289.0,14.4,20.3,89.0,999.7,2.7,1.0,,90.51,89.885,0,2,1
2022,10,BRITISH GRAND PRIX,BOT,Kick Sauber,Q2,104.232,12.0,32.505,42.688,29.039,3.0,INTERMEDIATE,True,293.0,235.0,220.0,293.0,14.4,20.3,89.0,999.7,2.7,1.0,102.249,90.0,89.185,0,2,1
2022,10,BRITISH GRAND PRIX,TSU,Racing Bulls,Q2,104.311,13.0,32.21,42.617,29.484,3.0,INTERMEDIATE,True,293.0,236.0,220.0,294.0,14.4,20.3,89.0,999.7,2.7,1.0,109.972,90.338,90.039,0,2,1
2022,10,BRITISH GRAND PRIX,RIC,McLaren,Q2,104.355,14.0,32.78,42.638,28.937,3.0,INTERMEDIATE,True,281.0,236.0,219.0,287.0,14.4,20.3,89.0,999.7,2.7,1.0,115.899,89.902,90.293,0,2,1
2022,10,BRITISH GRAND PRIX,OCO,Alpine,Q2,105.19,15.0,32.985,43.17,29.035,5.0,INTERMEDIATE,True,281.0,224.0,222.0,284.0,14.4,20.3,89.0,999.7,2.7,1.0,,90.238,89.552,0,2,1
2022,10,BRITISH GRAND PRIX,SAI,Ferrari,Q3,100.983,1.0,32.09,40.617,28.276,7.0,INTERMEDIATE,True,294.0,236.0,231.0,282.0,14.4,20.3,89.0,999.7,2.7,1.0,102.967,88.942,88.689,0,3,1
2022,10,BRITISH GRAND PRIX,VER,Red Bull Racing,Q3,101.055,2.0,31.748,40.979,28.328,6.0,INTERMEDIATE,True,294.0,234.0,223.0,294.0,14.4,20.3,89.0,999.7,2.7,1.0,,89.149,87.901,0,3,1
2022,10,BRITISH GRAND PRIX,LEC,Ferrari,Q3,101.298,3.0,32.088,40.712,28.498,6.0,INTERMEDIATE,True,289.0,236.0,222.0,289.0,14.4,20.3,89.0,999.7,2.7,1.0,103.801,89.404,88.348,0,3,1
2022,10,BRITISH GRAND PRIX,PER,Red Bull Racing,Q3,101.616,4.0,32.269,40.95,28.397,7.0,INTERMEDIATE,True,295.0,237.0,218.0,296.0,14.4,20.3,89.0,999.7,2.7,1.0,,89.753,88.311,0,3,1
2022,10,BRITISH GRAND PRIX,HAM,Mercedes,Q3,101.995,5.0,32.369,41.106,28.52,7.0,INTERMEDIATE,True,289.0,242.0,219.0,292.0,14.4,20.3,89.0,999.7,2.7,1.0,102.781,89.105,88.488,0,3,1
2022,10,BRITISH GRAND PRIX,NOR,McLaren,Q3,102.084,6.0,32.3,41.285,28.499,6.0,INTERMEDIATE,True,287.0,238.0,223.0,288.0,14.4,20.3,89.0,999.7,2.7,1.0,104.337,89.118,89.102,0,3,1
2022,10,BRITISH GRAND PRIX,ALO,Alpine,Q3,102.116,7.0,31.9,41.404,28.812,8.0,INTERMEDIATE,False,290.0,239.0,219.0,282.0,14.4,20.3,89.0,999.7,2.7,1.0,,89.695,89.52,0,3,1
2022,10,BRITISH GRAND PRIX,RUS,Mercedes,Q3,102.161,8.0,32.238,41.164,28.759,7.0,INTERMEDIATE,True,290.0,235.0,216.0,293.0,14.4,20.3,89.0,999.7,2.7,1.0,,89.799,88.426,0,3,1
2022,10,BRITISH GRAND PRIX,ZHO,Kick Sauber,Q3,102.719,9.0,32.125,42.06,28.534,7.0,INTERMEDIATE,True,290.0,236.0,225.0,285.0,14.4,20.3,89.0,999.7,2.7,1.0,106.171,90.271,89.752,0,3,1
2022,10,BRITISH GRAND PRIX,LAT,Williams,Q3,112.556,10.0,34.752,44.642,33.162,4.0,INTERMEDIATE,True,291.0,212.0,,180.0,14.4,20.3,89.0,999.7,2.7,1.0,,91.326,90.489,0,3,1
2022,11,AUSTRIAN GRAND PRIX,LEC,Ferrari,Q1,65.419,2.0,16.698,29.069,19.652,2.0,SOFT,True,315.0,245.0,285.0,316.0,19.1,36.2,34.0,946.4,1.3,0.0,66.557,68.66,68.321,1,1,0
2022,11,AUSTRIAN GRAND PRIX,SAI,Ferrari,Q1,65.66,3.0,16.596,29.162,19.902,2.0,SOFT,True,317.0,245.0,281.0,317.0,19.1,36.2,34.0,946.4,1.3,0.0,67.039,68.61,68.409,1,1,0
2022,11,AUSTRIAN GRAND PRIX,VER,Red Bull Racing,Q1,65.852,1.0,16.543,29.356,19.953,5.0,SOFT,True,316.0,242.0,283.0,316.0,19.1,36.2,34.0,946.4,1.3,0.0,66.302,68.778,68.455,1,1,0
2022,11,AUSTRIAN GRAND PRIX,ALO,Alpine,Q1,66.016,8.0,16.704,29.243,20.069,2.0,SOFT,True,311.0,245.0,283.0,318.0,19.1,36.2,34.0,946.4,1.3,0.0,67.1,68.832,,1,1,0
2022,11,AUSTRIAN GRAND PRIX,HAM,Mercedes,Q1,66.079,9.0,16.633,29.436,20.01,4.0,SOFT,True,311.0,243.0,280.0,316.0,19.1,36.2,34.0,946.4,1.3,0.0,66.909,69.35,69.516,1,1,0
2022,11,AUSTRIAN GRAND PRIX,PER,Red Bull Racing,Q1,66.143,13.0,16.667,29.332,20.144,5.0,SOFT,True,314.0,243.0,282.0,318.0,19.1,36.2,34.0,946.4,1.3,0.0,66.839,69.179,69.085,1,1,0
2022,11,AUSTRIAN GRAND PRIX,RUS,Mercedes,Q1,66.235,4.0,16.718,29.521,19.996,4.0,SOFT,True,310.0,243.0,280.0,316.0,19.1,36.2,34.0,946.4,1.3,0.0,66.702,69.24,68.979,1,1,0
2022,11,AUSTRIAN GRAND PRIX,NOR,McLaren,Q1,66.33,15.0,16.768,29.38,20.182,2.0,SOFT,True,311.0,242.0,282.0,314.0,19.1,36.2,34.0,946.4,1.3,0.0,69.915,69.519,69.909,1,1,0
2022,11,AUSTRIAN GRAND PRIX,MAG,Haas F1 Team,Q1,66.366,6.0,16.862,29.303,20.201,2.0,SOFT,True,314.0,243.0,281.0,319.0,19.1,36.2,34.0,946.4,1.3,0.0,66.965,69.96,69.232,1,1,0
2022,11,AUSTRIAN GRAND PRIX,MSC,Haas F1 Team,Q1,66.405,7.0,16.677,29.444,20.284,5.0,SOFT,True,313.0,242.0,282.0,318.0,19.1,36.2,34.0,946.4,1.3,0.0,67.246,69.7,69.457,1,1,0
2022,11,AUSTRIAN GRAND PRIX,BOT,Kick Sauber,Q1,66.442,12.0,16.879,29.482,20.081,2.0,SOFT,True,311.0,244.0,283.0,315.0,19.1,36.2,34.0,946.4,1.3,0.0,67.522,69.251,69.674,1,1,0
2022,11,AUSTRIAN GRAND PRIX,TSU,Racing Bulls,Q1,66.463,14.0,16.73,29.639,20.094,2.0,SOFT,True,311.0,241.0,283.0,315.0,19.1,36.2,34.0,946.4,1.3,0.0,67.296,70.005,70.267,1,1,0
2022,11,AUSTRIAN GRAND PRIX,OCO,Alpine,Q1,66.468,5.0,16.813,29.395,20.26,4.0,SOFT,True,308.0,244.0,282.0,313.0,19.1,36.2,34.0,946.4,1.3,0.0,67.462,68.848,69.384,1,1,0
2022,11,AUSTRIAN GRAND PRIX,ALB,Williams,Q1,66.511,11.0,16.775,29.449,20.287,2.0,SOFT,True,316.0,244.0,282.0,319.0,19.1,36.2,34.0,946.4,1.3,0.0,67.582,69.74,70.367,1,1,0
2022,11,AUSTRIAN GRAND PRIX,GAS,Racing Bulls,Q1,66.589,10.0,16.758,29.76,20.071,2.0,SOFT,True,314.0,238.0,283.0,317.0,19.1,36.2,34.0,946.4,1.3,0.0,67.592,69.579,70.409,1,1,0
2022,11,AUSTRIAN GRAND PRIX,RIC,McLaren,Q1,66.613,16.0,16.81,29.553,20.25,2.0,SOFT,True,310.0,245.0,283.0,317.0,19.1,36.2,34.0,946.4,1.3,0.0,67.743,69.852,69.996,1,1,0
2022,11,AUSTRIAN GRAND PRIX,VET,Aston Martin,Q1,66.652,20.0,16.938,29.523,20.191,5.0,SOFT,True,307.0,242.0,282.0,316.0,19.1,36.2,34.0,946.4,1.3,0.0,67.476,69.602,70.317,1,1,0
2022,11,AUSTRIAN GRAND PRIX,STR,Aston Martin,Q1,66.847,17.0,17.055,29.54,20.252,5.0,SOFT,True,306.0,242.0,279.0,315.0,19.1,36.2,34.0,946.4,1.3,0.0,67.431,69.525,70.295,1,1,0
2022,11,AUSTRIAN GRAND PRIX,ZHO,Kick Sauber,Q1,66.901,18.0,16.916,29.631,20.354,2.0,SOFT,True,310.0,241.0,279.0,315.0,19.1,36.2,34.0,946.4,1.3,0.0,67.889,69.665,70.165,1,1,0
2022,11,AUSTRIAN GRAND PRIX,LAT,Williams,Q1,67.003,19.0,16.657,29.916,20.43,2.0,SOFT,True,315.0,237.0,283.0,319.0,19.1,36.2,34.0,946.4,1.3,0.0,68.149,70.261,70.284,1,1,0
2022,11,AUSTRIAN GRAND PRIX,LEC,Ferrari,Q2,65.287,2.0,16.611,28.991,19.685,2.0,SOFT,True,312.0,245.0,285.0,313.0,19.1,36.2,34.0,946.4,1.3,0.0,66.557,68.66,68.321,1,2,0
2022,11,AUSTRIAN GRAND PRIX,VER,Red Bull Racing,Q2,65.374,1.0,16.595,29.039,19.74,2.0,SOFT,True,316.0,243.0,283.0,316.0,19.1,36.2,34.0,946.4,1.3,0.0,66.302,68.778,68.455,1,2,0
2022,11,AUSTRIAN GRAND PRIX,HAM,Mercedes,Q2,65.475,9.0,16.502,29.213,19.76,4.0,SOFT,True,312.0,245.0,278.0,314.0,19.1,36.2,34.0,946.4,1.3,0.0,66.909,69.35,69.516,1,2,0
2022,11,AUSTRIAN GRAND PRIX,SAI,Ferrari,Q2,65.576,3.0,16.65,28.994,19.932,2.0,SOFT,True,311.0,248.0,280.0,313.0,19.1,36.2,34.0,946.4,1.3,0.0,67.039,68.61,68.409,1,2,0
2022,11,AUSTRIAN GRAND PRIX,RUS,Mercedes,Q2,65.697,4.0,16.57,29.442,19.685,3.0,SOFT,True,312.0,242.0,284.0,313.0,19.1,36.2,34.0,946.4,1.3,0.0,66.702,69.24,68.979,1,2,0
2022,11,AUSTRIAN GRAND PRIX,PER,Red Bull Racing,Q2,65.805,13.0,16.596,29.318,19.891,2.0,SOFT,True,318.0,239.0,283.0,318.0,19.1,36.2,34.0,946.4,1.3,0.0,66.839,69.179,69.085,1,2,0
2022,11,AUSTRIAN GRAND PRIX,MAG,Haas F1 Team,Q2,65.894,6.0,16.566,29.152,20.176,2.0,SOFT,True,316.0,245.0,279.0,315.0,19.1,36.2,34.0,946.4,1.3,0.0,66.965,69.96,69.232,1,2,0
2022,11,AUSTRIAN GRAND PRIX,OCO,Alpine,Q2,65.993,5.0,16.727,29.238,20.028,2.0,SOFT,True,308.0,246.0,281.0,310.0,19.1,36.2,34.0,946.4,1.3,0.0,67.462,68.848,69.384,1,2,0
2022,11,AUSTRIAN GRAND PRIX,ALO,Alpine,Q2,66.082,8.0,16.696,29.383,20.003,2.0,SOFT,True,310.0,247.0,280.0,313.0,19.1,36.2,34.0,946.4,1.3,0.0,67.1,68.832,,1,2,0
2022,11,AUSTRIAN GRAND PRIX,MSC,Haas F1 Team,Q2,66.151,7.0,16.747,29.295,20.109,2.0,SOFT,True,315.0,245.0,278.0,315.0,19.1,36.2,34.0,946.4,1.3,0.0,67.246,69.7,69.457,1,2,0
2022,11,AUSTRIAN GRAND PRIX,GAS,Racing Bulls,Q2,66.16,10.0,16.763,29.436,19.961,2.0,SOFT,True,314.0,244.0,280.0,314.0,19.1,36.2,34.0,946.4,1.3,0.0,67.592,69.579,70.409,1,2,0
2022,11,AUSTRIAN GRAND PRIX,ALB,Williams,Q2,66.23,11.0,16.669,29.384,20.177,2.0,SOFT,True,315.0,247.0,283.0,316.0,19.1,36.2,34.0,946.4,1.3,0.0,67.582,69.74,70.367,1,2,0
2022,11,AUSTRIAN GRAND PRIX,BOT,Kick Sauber,Q2,66.319,12.0,16.882,29.379,20.058,2.0,SOFT,True,309.0,242.0,280.0,311.0,19.1,36.2,34.0,946.4,1.3,0.0,67.522,69.251,69.674,1,2,0
2022,11,AUSTRIAN GRAND PRIX,NOR,McLaren,Q2,66.625,15.0,16.798000000000002,29.594,20.233,2.0,SOFT,True,311.0,229.0,283.0,313.0,19.1,36.2,34.0,946.4,1.3,0.0,69.915,69.519,69.909,1,2,0
2022,11,AUSTRIAN GRAND PRIX,TSU,Racing Bulls,Q2,66.851,14.0,16.794,29.721,20.336,5.0,SOFT,False,309.0,243.0,279.0,312.0,19.1,36.2,34.0,946.4,1.3,0.0,67.296,70.005,70.267,1,2,0
2022,11,AUSTRIAN GRAND PRIX,VER,Red Bull Racing,Q3,64.984,1.0,16.478,28.959,19.547,2.0,SOFT,True,316.0,247.0,285.0,316.0,19.1,36.2,34.0,946.4,1.3,0.0,66.302,68.778,68.455,1,3,0
2022,11,AUSTRIAN GRAND PRIX,LEC,Ferrari,Q3,65.013,2.0,16.548000000000002,28.92,19.545,3.0,SOFT,False,313.0,249.0,283.0,315.0,19.1,36.2,34.0,946.4,1.3,0.0,66.557,68.66,68.321,1,3,0
2022,11,AUSTRIAN GRAND PRIX,SAI,Ferrari,Q3,65.066,3.0,16.519,28.891,19.656,3.0,SOFT,False,315.0,250.0,281.0,317.0,19.1,36.2,34.0,946.4,1.3,0.0,67.039,68.61,68.409,1,3,0
2022,11,AUSTRIAN GRAND PRIX,PER,Red Bull Racing,Q3,65.404,13.0,16.455,29.113,19.836,2.0,SOFT,True,318.0,249.0,282.0,320.0,19.1,36.2,34.0,946.4,1.3,0.0,66.839,69.179,69.085,1,3,0
2022,11,AUSTRIAN GRAND PRIX,RUS,Mercedes,Q3,65.431,4.0,16.55,29.199,19.682,4.0,SOFT,True,309.0,246.0,284.0,312.0,19.1,36.2,34.0,946.4,1.3,0.0,66.702,69.24,68.979,1,3,0
2022,11,AUSTRIAN GRAND PRIX,OCO,Alpine,Q3,65.726,5.0,16.664,29.188,19.874,3.0,SOFT,False,311.0,248.0,282.0,313.0,19.1,36.2,34.0,946.4,1.3,0.0,67.462,68.848,69.384,1,3,0
2022,11,AUSTRIAN GRAND PRIX,MAG,Haas F1 Team,Q3,65.879,6.0,16.737,29.133,20.009,3.0,SOFT,False,312.0,245.0,280.0,314.0,19.1,36.2,34.0,946.4,1.3,0.0,66.965,69.96,69.232,1,3,0
2022,11,AUSTRIAN GRAND PRIX,MSC,Haas F1 Team,Q3,66.011,7.0,16.686,29.091,20.234,3.0,SOFT,False,315.0,237.0,280.0,316.0,19.1,36.2,34.0,946.4,1.3,0.0,67.246,69.7,69.457,1,3,0
2022,11,AUSTRIAN GRAND PRIX,ALO,Alpine,Q3,66.103,8.0,16.783,29.261,20.059,2.0,SOFT,True,309.0,247.0,280.0,313.0,19.1,36.2,34.0,946.4,1.3,0.0,67.1,68.832,,1,3,0
2022,11,AUSTRIAN GRAND PRIX,HAM,Mercedes,Q3,73.151,9.0,16.528,32.654,23.969,2.0,SOFT,True,309.0,214.0,283.0,303.0,19.1,36.2,34.0,946.4,1.3,0.0,66.909,69.35,69.516,1,3,0
2022,12,GRAND PRIX DE FRANCE,LEC,Ferrari,Q1,91.727,1.0,22.971,28.083,40.673,2.0,SOFT,True,121.0,279.0,301.0,330.0,30.6,54.8,45.0,967.7,1.8,0.0,93.93,92.628,92.909,0,1,0
2022,12,GRAND PRIX DE FRANCE,VER,Red Bull Racing,Q1,91.891,2.0,22.984,28.008,40.899,2.0,SOFT,True,118.0,282.0,304.0,339.0,30.6,54.8,45.0,967.7,1.8,0.0,94.021,93.077,92.272,0,1,0
2022,12,GRAND PRIX DE FRANCE,SAI,Ferrari,Q1,92.297,9.0,23.074,28.27,40.953,2.0,SOFT,True,120.0,279.0,301.0,331.0,30.6,54.8,45.0,967.7,1.8,0.0,94.268,92.527,92.626,0,1,0
2022,12,GRAND PRIX DE FRANCE,PER,Red Bull Racing,Q1,92.354,3.0,23.278,28.043,41.033,2.0,SOFT,True,113.0,283.0,301.0,337.0,30.6,54.8,45.0,967.7,1.8,0.0,95.174,94.06,93.293,0,1,0
2022,12,GRAND PRIX DE FRANCE,NOR,McLaren,Q1,92.672,5.0,23.032,28.474,41.166,2.0,SOFT,True,118.0,277.0,297.0,330.0,30.6,54.8,45.0,967.7,1.8,0.0,95.232,93.607,93.669,0,1,0
2022,12,GRAND PRIX DE FRANCE,MAG,Haas F1 Team,Q1,92.756,10.0,23.126,28.387,41.243,2.0,SOFT,True,117.0,278.0,300.0,334.0,30.6,54.8,45.0,967.7,1.8,0.0,96.104,93.928,94.031,0,1,0
2022,12,GRAND PRIX DE FRANCE,ALO,Alpine,Q1,92.819,7.0,23.247,28.27,41.302,2.0,SOFT,True,119.0,277.0,302.0,331.0,30.6,54.8,45.0,967.7,1.8,0.0,95.875,94.259,93.505,0,1,0
2022,12,GRAND PRIX DE FRANCE,BOT,Kick Sauber,Q1,93.034,13.0,23.434,28.317,41.283,2.0,SOFT,True,115.0,277.0,297.0,327.0,30.6,54.8,45.0,967.7,1.8,0.0,,94.264,93.872,0,1,0
2022,12,GRAND PRIX DE FRANCE,HAM,Mercedes,Q1,93.041,4.0,23.338,28.349,41.354,2.0,SOFT,True,120.0,279.0,302.0,329.0,30.6,54.8,45.0,967.7,1.8,0.0,,93.517,93.255,0,1,0
2022,12,GRAND PRIX DE FRANCE,RUS,Mercedes,Q1,93.109,6.0,23.403,28.394,41.312,2.0,SOFT,True,117.0,279.0,297.0,332.0,30.6,54.8,45.0,967.7,1.8,0.0,94.881,93.291,93.376,0,1,0
2022,12,GRAND PRIX DE FRANCE,MSC,Haas F1 Team,Q1,93.114,19.0,23.272,28.433,41.409,2.0,SOFT,True,121.0,278.0,300.0,334.0,30.6,54.8,45.0,967.7,1.8,0.0,96.022,95.195,94.222,0,1,0
2022,12,GRAND PRIX DE FRANCE,VET,Aston Martin,Q1,93.285,14.0,23.273,28.554,41.458,2.0,SOFT,True,113.0,278.0,295.0,329.0,30.6,54.8,45.0,967.7,1.8,0.0,95.851,94.42,94.536,0,1,0
2022,12,GRAND PRIX DE FRANCE,OCO,Alpine,Q1,93.346,12.0,23.673,28.347,41.326,2.0,SOFT,True,120.0,278.0,298.0,329.0,30.6,54.8,45.0,967.7,1.8,0.0,95.828,94.66,94.122,0,1,0
2022,12,GRAND PRIX DE FRANCE,TSU,Racing Bulls,Q1,93.394,8.0,23.615,28.486,41.293,4.0,SOFT,True,115.0,279.0,299.0,330.0,30.6,54.8,45.0,967.7,1.8,0.0,96.127,94.54,93.751,0,1,0
2022,12,GRAND PRIX DE FRANCE,RIC,McLaren,Q1,93.404,11.0,23.468,28.382,41.554,2.0,SOFT,True,117.0,277.0,297.0,330.0,30.6,54.8,45.0,967.7,1.8,0.0,95.66,93.984,93.788,0,1,0
2022,12,GRAND PRIX DE FRANCE,ALB,Williams,Q1,93.423,15.0,23.429,28.26,41.734,2.0,SOFT,True,119.0,279.0,299.0,332.0,30.6,54.8,45.0,967.7,1.8,0.0,95.414,94.653,93.558,0,1,0
2022,12,GRAND PRIX DE FRANCE,GAS,Racing Bulls,Q1,93.439,16.0,23.458,28.47,41.511,4.0,SOFT,True,113.0,278.0,299.0,329.0,30.6,54.8,45.0,967.7,1.8,0.0,94.979,93.906,93.869,0,1,0
2022,12,GRAND PRIX DE FRANCE,STR,Aston Martin,Q1,93.439,17.0,23.263,28.614,41.562,2.0,SOFT,True,114.0,278.0,294.0,329.0,30.6,54.8,45.0,967.7,1.8,0.0,95.81,94.595,94.177,0,1,0
2022,12,GRAND PRIX DE FRANCE,ZHO,Kick Sauber,Q1,93.674,18.0,23.687,28.617,41.37,2.0,SOFT,True,117.0,276.0,294.0,326.0,30.6,54.8,45.0,967.7,1.8,0.0,95.676,94.654,93.911,0,1,0
2022,12,GRAND PRIX DE FRANCE,LAT,Williams,Q1,93.794,20.0,23.32,28.604,41.87,2.0,SOFT,True,120.0,279.0,301.0,333.0,30.6,54.8,45.0,967.7,1.8,0.0,97.043,95.412,93.841,0,1,0
2022,12,GRAND PRIX DE FRANCE,SAI,Ferrari,Q2,91.081,9.0,22.699,27.963,40.419,2.0,SOFT,True,120.0,278.0,301.0,330.0,30.6,54.8,45.0,967.7,1.8,0.0,94.268,92.527,92.626,0,2,0
2022,12,GRAND PRIX DE FRANCE,LEC,Ferrari,Q2,91.216,1.0,22.75,27.988,40.478,2.0,SOFT,True,122.0,281.0,298.0,333.0,30.6,54.8,45.0,967.7,1.8,0.0,93.93,92.628,92.909,0,2,0
2022,12,GRAND PRIX DE FRANCE,VER,Red Bull Racing,Q2,91.99,2.0,22.867,28.134,40.989,2.0,SOFT,True,118.0,283.0,304.0,339.0,30.6,54.8,45.0,967.7,1.8,0.0,94.021,93.077,92.272,0,2,0
2022,12,GRAND PRIX DE FRANCE,PER,Red Bull Racing,Q2,92.12,3.0,22.999,28.075,41.046,2.0,SOFT,True,115.0,283.0,302.0,339.0,30.6,54.8,45.0,967.7,1.8,0.0,95.174,94.06,93.293,0,2,0
2022,12,GRAND PRIX DE FRANCE,HAM,Mercedes,Q2,92.274,4.0,22.905,28.335,41.034,2.0,SOFT,True,120.0,280.0,297.0,328.0,30.6,54.8,45.0,967.7,1.8,0.0,,93.517,93.255,0,2,0
2022,12,GRAND PRIX DE FRANCE,ALO,Alpine,Q2,92.631,7.0,23.025,28.494,41.112,2.0,SOFT,True,119.0,278.0,299.0,331.0,30.6,54.8,45.0,967.7,1.8,0.0,95.875,94.259,93.505,0,2,0
2022,12,GRAND PRIX DE FRANCE,RUS,Mercedes,Q2,92.633,6.0,23.245,28.36,41.028,2.0,SOFT,True,113.0,281.0,298.0,331.0,30.6,54.8,45.0,967.7,1.8,0.0,94.881,93.291,93.376,0,2,0
2022,12,GRAND PRIX DE FRANCE,MAG,Haas F1 Team,Q2,92.649,10.0,23.105,28.432,41.112,2.0,SOFT,True,118.0,276.0,301.0,332.0,30.6,54.8,45.0,967.7,1.8,0.0,96.104,93.928,94.031,0,2,0
2022,12,GRAND PRIX DE FRANCE,NOR,McLaren,Q2,92.777,5.0,23.057,28.441,41.279,2.0,SOFT,True,113.0,280.0,295.0,330.0,30.6,54.8,45.0,967.7,1.8,0.0,95.232,93.607,93.669,0,2,0
2022,12,GRAND PRIX DE FRANCE,TSU,Racing Bulls,Q2,92.836,8.0,23.451,28.274,41.111,2.0,SOFT,True,118.0,280.0,299.0,332.0,30.6,54.8,45.0,967.7,1.8,0.0,96.127,94.54,93.751,0,2,0
2022,12,GRAND PRIX DE FRANCE,RIC,McLaren,Q2,92.922,11.0,23.191,28.507,41.224,2.0,SOFT,True,107.0,277.0,297.0,331.0,30.6,54.8,45.0,967.7,1.8,0.0,95.66,93.984,93.788,0,2,0
2022,12,GRAND PRIX DE FRANCE,OCO,Alpine,Q2,93.048,12.0,23.306,28.541,41.201,2.0,SOFT,True,115.0,278.0,299.0,329.0,30.6,54.8,45.0,967.7,1.8,0.0,95.828,94.66,94.122,0,2,0
2022,12,GRAND PRIX DE FRANCE,BOT,Kick Sauber,Q2,93.052,13.0,23.417,28.46,41.175,2.0,SOFT,True,116.0,279.0,298.0,329.0,30.6,54.8,45.0,967.7,1.8,0.0,,94.264,93.872,0,2,0
2022,12,GRAND PRIX DE FRANCE,VET,Aston Martin,Q2,93.276,14.0,23.302,28.471,41.503,2.0,SOFT,True,113.0,280.0,295.0,329.0,30.6,54.8,45.0,967.7,1.8,0.0,95.851,94.42,94.536,0,2,0
2022,12,GRAND PRIX DE FRANCE,ALB,Williams,Q2,93.307,15.0,23.361,28.451,41.495,2.0,SOFT,True,117.0,279.0,298.0,333.0,30.6,54.8,45.0,967.7,1.8,0.0,95.414,94.653,93.558,0,2,0
2022,12,GRAND PRIX DE FRANCE,LEC,Ferrari,Q3,90.872,1.0,22.66,27.96,40.252,2.0,SOFT,True,119.0,280.0,299.0,330.0,30.6,54.8,45.0,967.7,1.8,0.0,93.93,92.628,92.909,0,3,0
2022,12,GRAND PRIX DE FRANCE,VER,Red Bull Racing,Q3,91.176,2.0,22.821,27.878,40.477,2.0,SOFT,True,123.0,283.0,303.0,338.0,30.6,54.8,45.0,967.7,1.8,0.0,94.021,93.077,92.272,0,3,0
2022,12,GRAND PRIX DE FRANCE,PER,Red Bull Racing,Q3,91.335,3.0,22.794,27.969,40.572,2.0,SOFT,True,113.0,283.0,302.0,337.0,30.6,54.8,45.0,967.7,1.8,0.0,95.174,94.06,93.293,0,3,0
2022,12,GRAND PRIX DE FRANCE,HAM,Mercedes,Q3,91.765,4.0,22.686,28.224,40.855,2.0,SOFT,True,123.0,278.0,297.0,328.0,30.6,54.8,45.0,967.7,1.8,0.0,,93.517,93.255,0,3,0
2022,12,GRAND PRIX DE FRANCE,NOR,McLaren,Q3,92.032,5.0,22.994,28.272,40.766,2.0,SOFT,True,119.0,277.0,296.0,328.0,30.6,54.8,45.0,967.7,1.8,0.0,95.232,93.607,93.669,0,3,0
2022,12,GRAND PRIX DE FRANCE,RUS,Mercedes,Q3,92.131,6.0,22.926,28.224,40.981,2.0,SOFT,True,120.0,279.0,298.0,330.0,30.6,54.8,45.0,967.7,1.8,0.0,94.881,93.291,93.376,0,3,0
2022,12,GRAND PRIX DE FRANCE,ALO,Alpine,Q3,92.552,7.0,23.157,28.41,40.985,2.0,SOFT,True,118.0,278.0,299.0,330.0,30.6,54.8,45.0,967.7,1.8,0.0,95.875,94.259,93.505,0,3,0
2022,12,GRAND PRIX DE FRANCE,TSU,Racing Bulls,Q3,92.78,8.0,23.336,28.354,41.09,2.0,SOFT,True,119.0,279.0,299.0,331.0,30.6,54.8,45.0,967.7,1.8,0.0,96.127,94.54,93.751,0,3,0
2022,13,HUNGARIAN GRAND PRIX,HAM,Mercedes,Q1,78.374,7.0,28.271,28.052,22.051,2.0,SOFT,True,280.0,249.0,256.0,301.0,22.2,30.3,70.0,984.4,3.0,0.0,79.71,79.547,104.832,0,1,0
2022,13,HUNGARIAN GRAND PRIX,RUS,Mercedes,Q1,78.407,1.0,28.4,27.936,22.071,2.0,SOFT,True,279.0,250.0,258.0,301.0,22.2,30.3,70.0,984.4,3.0,0.0,79.606,79.355,103.434,0,1,0
2022,13,HUNGARIAN GRAND PRIX,SAI,Ferrari,Q1,78.434,2.0,28.43,27.838,22.166,7.0,SOFT,False,278.0,253.0,256.0,298.0,22.2,30.3,70.0,984.4,3.0,0.0,78.75,78.676,103.589,0,1,0
2022,13,HUNGARIAN GRAND PRIX,VER,Red Bull Racing,Q1,78.509,10.0,28.485,27.983,22.041,6.0,SOFT,True,279.0,251.0,255.0,300.0,22.2,30.3,70.0,984.4,3.0,0.0,78.88,78.728,103.205,0,1,0
2022,13,HUNGARIAN GRAND PRIX,NOR,McLaren,Q1,78.653,4.0,28.585,27.971,22.097,2.0,SOFT,True,277.0,246.0,255.0,303.0,22.2,30.3,70.0,984.4,3.0,0.0,79.299,78.662,103.743,0,1,0
2022,13,HUNGARIAN GRAND PRIX,ALO,Alpine,Q1,78.716,6.0,28.666,27.849,22.201,2.0,SOFT,True,280.0,250.0,255.0,300.0,22.2,30.3,70.0,984.4,3.0,0.0,80.377,79.049,103.57,0,1,0
2022,13,HUNGARIAN GRAND PRIX,RIC,McLaren,Q1,78.775,9.0,28.29,28.125,22.36,2.0,SOFT,True,281.0,246.0,257.0,303.0,22.2,30.3,70.0,984.4,3.0,0.0,79.841,78.872,105.624,0,1,0
2022,13,HUNGARIAN GRAND PRIX,LEC,Ferrari,Q1,78.806,3.0,28.56,28.075,22.171,4.0,SOFT,True,279.0,249.0,255.0,300.0,22.2,30.3,70.0,984.4,3.0,0.0,79.039,78.445,102.141,0,1,0
2022,13,HUNGARIAN GRAND PRIX,OCO,Alpine,Q1,78.866,5.0,28.518,28.131,22.217,2.0,SOFT,True,279.0,250.0,257.0,300.0,22.2,30.3,70.0,984.4,3.0,0.0,80.348,79.614,105.57,0,1,0
2022,13,HUNGARIAN GRAND PRIX,BOT,Kick Sauber,Q1,78.935,8.0,28.4,28.306,22.229,2.0,SOFT,True,277.0,247.0,257.0,299.0,22.2,30.3,70.0,984.4,3.0,0.0,,79.411,105.93,0,1,0
2022,13,HUNGARIAN GRAND PRIX,ZHO,Kick Sauber,Q1,78.973,12.0,28.574,28.123,22.276,2.0,SOFT,True,275.0,247.0,254.0,296.0,22.2,30.3,70.0,984.4,3.0,0.0,80.81,79.605,105.691,0,1,0
2022,13,HUNGARIAN GRAND PRIX,MAG,Haas F1 Team,Q1,78.993,13.0,28.448,28.194,22.351,4.0,SOFT,True,279.0,248.0,257.0,302.0,22.2,30.3,70.0,984.4,3.0,0.0,80.921,79.818,104.655,0,1,0
2022,13,HUNGARIAN GRAND PRIX,GAS,Racing Bulls,Q1,79.116,19.0,28.592,28.17,22.354,2.0,SOFT,True,279.0,245.0,255.0,300.0,22.2,30.3,70.0,984.4,3.0,0.0,80.456,79.73,106.091,0,1,0
2022,13,HUNGARIAN GRAND PRIX,PER,Red Bull Racing,Q1,79.118,11.0,28.597,28.147,22.374,4.0,SOFT,True,281.0,247.0,255.0,304.0,22.2,30.3,70.0,984.4,3.0,0.0,79.622,79.397,108.24,0,1,0
2022,13,HUNGARIAN GRAND PRIX,MSC,Haas F1 Team,Q1,79.164,15.0,28.59,28.379,22.195,2.0,SOFT,True,278.0,244.0,255.0,301.0,22.2,30.3,70.0,984.4,3.0,0.0,81.027,79.985,105.156,0,1,0
2022,13,HUNGARIAN GRAND PRIX,STR,Aston Martin,Q1,79.205,14.0,28.493,28.237,22.475,5.0,SOFT,True,279.0,248.0,254.0,300.0,22.2,30.3,70.0,984.4,3.0,0.0,80.414,79.702,105.638,0,1,0
2022,13,HUNGARIAN GRAND PRIX,TSU,Racing Bulls,Q1,79.24,16.0,28.731,28.215,22.294,2.0,SOFT,True,280.0,249.0,256.0,301.0,22.2,30.3,70.0,984.4,3.0,0.0,80.695,80.521,105.85,0,1,0
2022,13,HUNGARIAN GRAND PRIX,ALB,Williams,Q1,79.256,17.0,28.29,28.442,22.524,4.0,SOFT,True,283.0,249.0,258.0,310.0,22.2,30.3,70.0,984.4,3.0,0.0,80.834,80.615,102.381,0,1,0
2022,13,HUNGARIAN GRAND PRIX,VET,Aston Martin,Q1,79.273,18.0,28.498,28.376,22.399,2.0,SOFT,True,281.0,247.0,253.0,299.0,22.2,30.3,70.0,984.4,3.0,0.0,80.383,79.253,104.178,0,1,0
2022,13,HUNGARIAN GRAND PRIX,LAT,Williams,Q1,79.57,20.0,28.54,28.585,22.445,2.0,SOFT,True,283.0,246.0,256.0,304.0,22.2,30.3,70.0,984.4,3.0,0.0,81.413,80.488,101.48,0,1,0
2022,13,HUNGARIAN GRAND PRIX,VER,Red Bull Racing,Q2,77.703,10.0,28.265,27.626,21.812,2.0,SOFT,True,279.0,252.0,255.0,300.0,22.2,30.3,70.0,984.4,3.0,0.0,78.88,78.728,103.205,0,2,0
2022,13,HUNGARIAN GRAND PRIX,LEC,Ferrari,Q2,77.768,3.0,28.343,27.67,21.755,2.0,SOFT,True,280.0,250.0,255.0,296.0,22.2,30.3,70.0,984.4,3.0,0.0,79.039,78.445,102.141,0,2,0
2022,13,HUNGARIAN GRAND PRIX,ALO,Alpine,Q2,77.904,6.0,28.353,27.603,21.948,2.0,SOFT,True,279.0,250.0,255.0,298.0,22.2,30.3,70.0,984.4,3.0,0.0,80.377,79.049,103.57,0,2,0
2022,13,HUNGARIAN GRAND PRIX,SAI,Ferrari,Q2,77.946,2.0,28.45,27.721,21.775,2.0,SOFT,True,280.0,251.0,255.0,296.0,22.2,30.3,70.0,984.4,3.0,0.0,78.75,78.676,103.589,0,2,0
2022,13,HUNGARIAN GRAND PRIX,HAM,Mercedes,Q2,78.035,7.0,28.334,27.822,21.879,2.0,SOFT,True,279.0,250.0,255.0,299.0,22.2,30.3,70.0,984.4,3.0,0.0,79.71,79.547,104.832,0,2,0
2022,13,HUNGARIAN GRAND PRIX,NOR,McLaren,Q2,78.121,4.0,28.423,27.842,21.856,2.0,SOFT,True,277.0,247.0,255.0,300.0,22.2,30.3,70.0,984.4,3.0,0.0,79.299,78.662,103.743,0,2,0
2022,13,HUNGARIAN GRAND PRIX,RUS,Mercedes,Q2,78.154,1.0,28.37,27.849,21.935,2.0,SOFT,True,278.0,248.0,257.0,299.0,22.2,30.3,70.0,984.4,3.0,0.0,79.606,79.355,103.434,0,2,0
2022,13,HUNGARIAN GRAND PRIX,RIC,McLaren,Q2,78.198,9.0,28.356,27.838,22.004,2.0,SOFT,True,280.0,248.0,254.0,298.0,22.2,30.3,70.0,984.4,3.0,0.0,79.841,78.872,105.624,0,2,0
2022,13,HUNGARIAN GRAND PRIX,OCO,Alpine,Q2,78.216,5.0,28.458,27.837,21.921,2.0,SOFT,True,279.0,252.0,255.0,297.0,22.2,30.3,70.0,984.4,3.0,0.0,80.348,79.614,105.57,0,2,0
2022,13,HUNGARIAN GRAND PRIX,BOT,Kick Sauber,Q2,78.445,8.0,28.518,27.927,22.0,2.0,SOFT,True,276.0,248.0,254.0,296.0,22.2,30.3,70.0,984.4,3.0,0.0,,79.411,105.93,0,2,0
2022,13,HUNGARIAN GRAND PRIX,PER,Red Bull Racing,Q2,78.516,11.0,28.385,28.061,22.07,2.0,SOFT,True,280.0,248.0,255.0,298.0,22.2,30.3,70.0,984.4,3.0,0.0,79.622,79.397,108.24,0,2,0
2022,13,HUNGARIAN GRAND PRIX,ZHO,Kick Sauber,Q2,78.573,12.0,28.695,27.796,22.082,2.0,SOFT,True,276.0,249.0,251.0,297.0,22.2,30.3,70.0,984.4,3.0,0.0,80.81,79.605,105.691,0,2,0
2022,13,HUNGARIAN GRAND PRIX,MAG,Haas F1 Team,Q2,78.825,13.0,28.423,28.341,22.061,2.0,SOFT,True,279.0,246.0,256.0,300.0,22.2,30.3,70.0,984.4,3.0,0.0,80.921,79.818,104.655,0,2,0
2022,13,HUNGARIAN GRAND PRIX,STR,Aston Martin,Q2,79.137,14.0,28.529,28.363,22.245,2.0,SOFT,True,278.0,245.0,254.0,299.0,22.2,30.3,70.0,984.4,3.0,0.0,80.414,79.702,105.638,0,2,0
2022,13,HUNGARIAN GRAND PRIX,MSC,Haas F1 Team,Q2,79.202,15.0,28.726,28.398,22.078,4.0,SOFT,True,278.0,243.0,254.0,300.0,22.2,30.3,70.0,984.4,3.0,0.0,81.027,79.985,105.156,0,2,0
2022,13,HUNGARIAN GRAND PRIX,RUS,Mercedes,Q3,77.377,1.0,28.038,27.428,21.911,2.0,SOFT,True,278.0,253.0,256.0,301.0,22.2,30.3,70.0,984.4,3.0,0.0,79.606,79.355,103.434,0,3,0
2022,13,HUNGARIAN GRAND PRIX,SAI,Ferrari,Q3,77.421,2.0,28.012,27.592,21.817,2.0,SOFT,True,280.0,252.0,256.0,299.0,22.2,30.3,70.0,984.4,3.0,0.0,78.75,78.676,103.589,0,3,0
2022,13,HUNGARIAN GRAND PRIX,LEC,Ferrari,Q3,77.567,3.0,28.191,27.553,21.823,2.0,SOFT,True,282.0,249.0,256.0,300.0,22.2,30.3,70.0,984.4,3.0,0.0,79.039,78.445,102.141,0,3,0
2022,13,HUNGARIAN GRAND PRIX,NOR,McLaren,Q3,77.769,4.0,28.219,27.637,21.913,2.0,SOFT,True,277.0,249.0,255.0,299.0,22.2,30.3,70.0,984.4,3.0,0.0,79.299,78.662,103.743,0,3,0
2022,13,HUNGARIAN GRAND PRIX,OCO,Alpine,Q3,78.018,5.0,28.339,27.792,21.887,2.0,SOFT,True,278.0,255.0,255.0,296.0,22.2,30.3,70.0,984.4,3.0,0.0,80.348,79.614,105.57,0,3,0
2022,13,HUNGARIAN GRAND PRIX,ALO,Alpine,Q3,78.078,6.0,28.365,27.754,21.959,2.0,SOFT,True,279.0,251.0,253.0,298.0,22.2,30.3,70.0,984.4,3.0,0.0,80.377,79.049,103.57,0,3,0
2022,13,HUNGARIAN GRAND PRIX,HAM,Mercedes,Q3,78.142,7.0,28.278,27.776,22.088,5.0,SOFT,False,278.0,249.0,256.0,301.0,22.2,30.3,70.0,984.4,3.0,0.0,79.71,79.547,104.832,0,3,0
2022,13,HUNGARIAN GRAND PRIX,BOT,Kick Sauber,Q3,78.157,8.0,28.359,27.812,21.986,2.0,SOFT,True,277.0,249.0,254.0,298.0,22.2,30.3,70.0,984.4,3.0,0.0,,79.411,105.93,0,3,0
2022,13,HUNGARIAN GRAND PRIX,RIC,McLaren,Q3,78.379,9.0,28.442,27.942,21.995,2.0,SOFT,True,280.0,248.0,254.0,299.0,22.2,30.3,70.0,984.4,3.0,0.0,79.841,78.872,105.624,0,3,0
2022,13,HUNGARIAN GRAND PRIX,VER,Red Bull Racing,Q3,78.823,10.0,29.375,27.509,21.939,2.0,SOFT,True,280.0,251.0,255.0,298.0,22.2,30.3,70.0,984.4,3.0,0.0,78.88,78.728,103.205,0,3,0
2022,14,BELGIAN GRAND PRIX,VER,Red Bull Racing,Q1,104.581,1.0,30.736,44.857,28.988,2.0,SOFT,True,339.0,202.0,223.0,309.0,15.1,20.7,85.0,969.0,1.2,0.0,106.755,105.507,105.184,0,1,0
2022,14,BELGIAN GRAND PRIX,SAI,Ferrari,Q1,105.05,2.0,31.033,44.856,29.161,2.0,SOFT,True,331.0,209.0,221.0,307.0,15.1,20.7,85.0,969.0,1.2,0.0,106.538,106.649,105.824,0,1,0
2022,14,BELGIAN GRAND PRIX,PER,Red Bull Racing,Q1,105.377,3.0,30.972,45.161,29.244,2.0,SOFT,True,337.0,195.0,223.0,308.0,15.1,20.7,85.0,969.0,1.2,0.0,108.474,107.346,105.047,0,1,0
2022,14,BELGIAN GRAND PRIX,LEC,Ferrari,Q1,105.572,4.0,31.105,45.267,29.2,2.0,SOFT,True,329.0,206.0,221.0,306.0,15.1,20.7,85.0,969.0,1.2,0.0,106.607,106.369,106.12,0,1,0
2022,14,BELGIAN GRAND PRIX,RUS,Mercedes,Q1,105.65,8.0,31.152,45.117,29.381,2.0,SOFT,True,330.0,206.0,222.0,305.0,15.1,20.7,85.0,969.0,1.2,0.0,107.396,107.042,106.071,0,1,0
2022,14,BELGIAN GRAND PRIX,ALB,Williams,Q1,105.672,9.0,30.799,45.726,29.147,2.0,SOFT,True,334.0,202.0,221.0,311.0,15.1,20.7,85.0,969.0,1.2,0.0,107.835,107.52,106.836,0,1,0
2022,14,BELGIAN GRAND PRIX,HAM,Mercedes,Q1,105.736,7.0,30.976,45.311,29.449,2.0,SOFT,True,332.0,196.0,221.0,305.0,15.1,20.7,85.0,969.0,1.2,0.0,108.42,106.893,106.769,0,1,0
2022,14,BELGIAN GRAND PRIX,NOR,McLaren,Q1,105.745,10.0,31.093,45.537,29.115,2.0,SOFT,True,331.0,204.0,222.0,311.0,15.1,20.7,85.0,969.0,1.2,0.0,109.47,106.589,105.965,0,1,0
2022,14,BELGIAN GRAND PRIX,RIC,McLaren,Q1,106.033,11.0,31.074,45.63,29.329,2.0,SOFT,True,329.0,203.0,222.0,306.0,15.1,20.7,85.0,969.0,1.2,0.0,108.081,107.255,106.646,0,1,0
2022,14,BELGIAN GRAND PRIX,OCO,Alpine,Q1,106.039,5.0,31.071,45.604,29.364,2.0,SOFT,True,329.0,205.0,222.0,309.0,15.1,20.7,85.0,969.0,1.2,0.0,110.315,107.944,106.601,0,1,0
2022,14,BELGIAN GRAND PRIX,ALO,Alpine,Q1,106.075,6.0,31.222,45.541,29.312,2.0,SOFT,True,328.0,206.0,220.0,308.0,15.1,20.7,85.0,969.0,1.2,0.0,109.664,106.975,106.061,0,1,0
2022,14,BELGIAN GRAND PRIX,ZHO,Kick Sauber,Q1,106.178,13.0,31.04,45.941,29.197,2.0,SOFT,True,337.0,204.0,216.0,309.0,15.1,20.7,85.0,969.0,1.2,0.0,108.672,107.617,107.089,0,1,0
2022,14,BELGIAN GRAND PRIX,GAS,Racing Bulls,Q1,106.183,12.0,30.991,45.9,29.292,2.0,SOFT,True,333.0,199.0,224.0,308.0,15.1,20.7,85.0,969.0,1.2,0.0,,107.782,106.604,0,1,0
2022,14,BELGIAN GRAND PRIX,STR,Aston Martin,Q1,106.256,14.0,31.381,45.47,29.405,2.0,SOFT,True,328.0,202.0,221.0,307.0,15.1,20.7,85.0,969.0,1.2,0.0,107.437,106.635,106.975,0,1,0
2022,14,BELGIAN GRAND PRIX,MSC,Haas F1 Team,Q1,106.342,15.0,31.13,45.584,29.628,2.0,SOFT,True,329.0,206.0,214.0,306.0,15.1,20.7,85.0,969.0,1.2,0.0,111.259,109.941,112.494,0,1,0
2022,14,BELGIAN GRAND PRIX,VET,Aston Martin,Q1,106.344,16.0,31.182,45.84,29.322,2.0,SOFT,True,327.0,205.0,223.0,308.0,15.1,20.7,85.0,969.0,1.2,0.0,109.813,107.867,106.166,0,1,0
2022,14,BELGIAN GRAND PRIX,LAT,Williams,Q1,106.401,17.0,31.226,45.799,29.376,2.0,SOFT,True,330.0,203.0,221.0,306.0,15.1,20.7,85.0,969.0,1.2,0.0,108.485,108.612,106.811,0,1,0
2022,14,BELGIAN GRAND PRIX,MAG,Haas F1 Team,Q1,106.557,18.0,31.134,45.704,29.719,2.0,SOFT,True,328.0,203.0,218.0,305.0,15.1,20.7,85.0,969.0,1.2,0.0,110.982,108.208,106.982,0,1,0
2022,14,BELGIAN GRAND PRIX,TSU,Racing Bulls,Q1,106.692,19.0,31.339,45.878,29.475,2.0,SOFT,True,334.0,204.0,222.0,307.0,15.1,20.7,85.0,969.0,1.2,0.0,108.31,107.658,107.035,0,1,0
2022,14,BELGIAN GRAND PRIX,BOT,Kick Sauber,Q1,107.866,20.0,32.379,46.176,29.311,2.0,SOFT,True,332.0,202.0,219.0,308.0,15.1,20.7,85.0,969.0,1.2,0.0,122.076,108.419,106.881,0,1,0
2022,14,BELGIAN GRAND PRIX,LEC,Ferrari,Q2,104.551,4.0,30.93,44.55,29.071,2.0,SOFT,True,332.0,205.0,221.0,309.0,15.1,20.7,85.0,969.0,1.2,0.0,106.607,106.369,106.12,0,2,0
2022,14,BELGIAN GRAND PRIX,VER,Red Bull Racing,Q2,104.723,1.0,30.708,44.926,29.089,5.0,SOFT,False,337.0,205.0,222.0,309.0,15.1,20.7,85.0,969.0,1.2,0.0,106.755,105.507,105.184,0,2,0
2022,14,BELGIAN GRAND PRIX,PER,Red Bull Racing,Q2,104.794,3.0,30.884,44.852,29.058,2.0,SOFT,True,339.0,203.0,223.0,310.0,15.1,20.7,85.0,969.0,1.2,0.0,108.474,107.346,105.047,0,2,0
2022,14,BELGIAN GRAND PRIX,SAI,Ferrari,Q2,105.418,2.0,30.907,45.186,29.325,5.0,SOFT,False,334.0,204.0,221.0,310.0,15.1,20.7,85.0,969.0,1.2,0.0,106.538,106.649,105.824,0,2,0
2022,14,BELGIAN GRAND PRIX,HAM,Mercedes,Q2,105.42,7.0,30.924,44.954,29.542,2.0,SOFT,True,332.0,207.0,222.0,306.0,15.1,20.7,85.0,969.0,1.2,0.0,108.42,106.893,106.769,0,2,0
2022,14,BELGIAN GRAND PRIX,RUS,Mercedes,Q2,105.461,8.0,31.22,44.875,29.366,2.0,SOFT,True,333.0,208.0,223.0,305.0,15.1,20.7,85.0,969.0,1.2,0.0,107.396,107.042,106.071,0,2,0
2022,14,BELGIAN GRAND PRIX,OCO,Alpine,Q2,105.475,5.0,31.008,45.191,29.276,2.0,SOFT,True,329.0,203.0,222.0,309.0,15.1,20.7,85.0,969.0,1.2,0.0,110.315,107.944,106.601,0,2,0
2022,14,BELGIAN GRAND PRIX,ALO,Alpine,Q2,105.552,6.0,30.996,45.23,29.326,2.0,SOFT,True,330.0,206.0,220.0,311.0,15.1,20.7,85.0,969.0,1.2,0.0,109.664,106.975,106.061,0,2,0
2022,14,BELGIAN GRAND PRIX,NOR,McLaren,Q2,105.603,10.0,30.951,45.514,29.138,2.0,SOFT,True,333.0,204.0,221.0,311.0,15.1,20.7,85.0,969.0,1.2,0.0,109.47,106.589,105.965,0,2,0
2022,14,BELGIAN GRAND PRIX,ALB,Williams,Q2,105.675,9.0,30.52,45.804,29.351,2.0,SOFT,True,338.0,202.0,221.0,314.0,15.1,20.7,85.0,969.0,1.2,0.0,107.835,107.52,106.836,0,2,0
2022,14,BELGIAN GRAND PRIX,RIC,McLaren,Q2,105.767,11.0,30.927,45.454,29.386,2.0,SOFT,True,332.0,205.0,222.0,310.0,15.1,20.7,85.0,969.0,1.2,0.0,108.081,107.255,106.646,0,2,0
2022,14,BELGIAN GRAND PRIX,GAS,Racing Bulls,Q2,105.827,12.0,30.954,45.583,29.29,2.0,SOFT,True,334.0,203.0,224.0,309.0,15.1,20.7,85.0,969.0,1.2,0.0,,107.782,106.604,0,2,0
2022,14,BELGIAN GRAND PRIX,ZHO,Kick Sauber,Q2,106.085,13.0,31.142,45.61,29.333,2.0,SOFT,True,336.0,202.0,216.0,310.0,15.1,20.7,85.0,969.0,1.2,0.0,108.672,107.617,107.089,0,2,0
2022,14,BELGIAN GRAND PRIX,STR,Aston Martin,Q2,106.611,14.0,31.253,45.841,29.517,2.0,SOFT,True,328.0,200.0,222.0,309.0,15.1,20.7,85.0,969.0,1.2,0.0,107.437,106.635,106.975,0,2,0
2022,14,BELGIAN GRAND PRIX,MSC,Haas F1 Team,Q2,107.718,15.0,31.432,46.703,29.583,5.0,SOFT,False,330.0,203.0,217.0,305.0,15.1,20.7,85.0,969.0,1.2,0.0,111.259,109.941,112.494,0,2,0
2022,14,BELGIAN GRAND PRIX,VER,Red Bull Racing,Q3,103.665,1.0,30.536,44.22,28.909,2.0,SOFT,True,339.0,204.0,224.0,310.0,15.1,20.7,85.0,969.0,1.2,0.0,106.755,105.507,105.184,0,3,0
2022,14,BELGIAN GRAND PRIX,SAI,Ferrari,Q3,104.297,2.0,30.59,44.577,29.13,2.0,SOFT,True,342.0,205.0,222.0,313.0,15.1,20.7,85.0,969.0,1.2,0.0,106.538,106.649,105.824,0,3,0
2022,14,BELGIAN GRAND PRIX,PER,Red Bull Racing,Q3,104.462,3.0,30.687,44.668,29.107,2.0,SOFT,True,337.0,204.0,224.0,309.0,15.1,20.7,85.0,969.0,1.2,0.0,108.474,107.346,105.047,0,3,0
2022,14,BELGIAN GRAND PRIX,LEC,Ferrari,Q3,104.553,4.0,30.92,44.548,29.085,5.0,SOFT,False,331.0,206.0,214.0,308.0,15.1,20.7,85.0,969.0,1.2,0.0,106.607,106.369,106.12,0,3,0
2022,14,BELGIAN GRAND PRIX,OCO,Alpine,Q3,105.18,5.0,30.836,45.166,29.178,2.0,SOFT,True,334.0,204.0,222.0,312.0,15.1,20.7,85.0,969.0,1.2,0.0,110.315,107.944,106.601,0,3,0
2022,14,BELGIAN GRAND PRIX,ALO,Alpine,Q3,105.368,6.0,30.798,45.248,29.322,2.0,SOFT,True,332.0,199.0,220.0,312.0,15.1,20.7,85.0,969.0,1.2,0.0,109.664,106.975,106.061,0,3,0
2022,14,BELGIAN GRAND PRIX,HAM,Mercedes,Q3,105.503,7.0,31.015,45.075,29.413,2.0,SOFT,True,332.0,202.0,222.0,306.0,15.1,20.7,85.0,969.0,1.2,0.0,108.42,106.893,106.769,0,3,0
2022,14,BELGIAN GRAND PRIX,RUS,Mercedes,Q3,105.776,8.0,31.174,45.207,29.395,2.0,SOFT,True,332.0,205.0,222.0,305.0,15.1,20.7,85.0,969.0,1.2,0.0,107.396,107.042,106.071,0,3,0
2022,14,BELGIAN GRAND PRIX,ALB,Williams,Q3,105.837,9.0,30.995,45.612,29.23,2.0,SOFT,True,331.0,200.0,222.0,312.0,15.1,20.7,85.0,969.0,1.2,0.0,107.835,107.52,106.836,0,3,0
2022,14,BELGIAN GRAND PRIX,NOR,McLaren,Q3,106.178,10.0,30.966,45.94,29.272,5.0,SOFT,False,333.0,200.0,220.0,311.0,15.1,20.7,85.0,969.0,1.2,0.0,109.47,106.589,105.965,0,3,0
2022,15,DUTCH GRAND PRIX,VER,Red Bull Racing,Q1,71.317,1.0,24.455,24.776,22.086,2.0,SOFT,True,287.0,284.0,313.0,325.0,27.0,39.05,30.0,1010.0,1.2,0.0,74.714,73.042,71.793,0,1,0
2022,15,DUTCH GRAND PRIX,HAM,Mercedes,Q1,71.331,4.0,24.5,24.879,21.952,5.0,SOFT,False,276.0,283.0,310.0,317.0,27.0,39.05,30.0,1010.0,1.2,0.0,72.695,72.417,72.156,0,1,0
2022,15,DUTCH GRAND PRIX,TSU,Racing Bulls,Q1,71.427,9.0,24.584,24.772,22.071,2.0,SOFT,True,278.0,284.0,313.0,321.0,27.0,39.05,30.0,1010.0,1.2,0.0,74.63,73.419,73.256,0,1,0
2022,15,DUTCH GRAND PRIX,LEC,Ferrari,Q1,71.443,2.0,24.563,25.033,21.847,5.0,SOFT,True,283.0,285.0,313.0,320.0,27.0,39.05,30.0,1010.0,1.2,0.0,73.127,72.345,71.632,0,1,0
2022,15,DUTCH GRAND PRIX,NOR,McLaren,Q1,71.556,7.0,24.375,25.086,22.095,2.0,SOFT,True,280.0,285.0,310.0,320.0,27.0,39.05,30.0,1010.0,1.2,0.0,72.929,72.448,72.591,0,1,0
2022,15,DUTCH GRAND PRIX,RUS,Mercedes,Q1,71.561,6.0,24.617,25.011,21.933,2.0,SOFT,True,280.0,282.0,313.0,318.0,27.0,39.05,30.0,1010.0,1.2,0.0,72.455,72.655,71.698,0,1,0
2022,15,DUTCH GRAND PRIX,STR,Aston Martin,Q1,71.568,10.0,24.358,25.095,22.115,2.0,SOFT,True,281.0,282.0,312.0,317.0,27.0,39.05,30.0,1010.0,1.2,0.0,74.257,72.746,72.773,0,1,0
2022,15,DUTCH GRAND PRIX,PER,Red Bull Racing,Q1,71.641,5.0,24.645,25.005,21.991,5.0,SOFT,True,283.0,287.0,317.0,327.0,27.0,39.05,30.0,1010.0,1.2,0.0,73.416,73.493,72.176,0,1,0
2022,15,DUTCH GRAND PRIX,ALO,Alpine,Q1,71.667,13.0,24.684,24.984,21.999,2.0,SOFT,True,281.0,284.0,315.0,320.0,27.0,39.05,30.0,1010.0,1.2,0.0,73.633,72.848,72.327,0,1,0
2022,15,DUTCH GRAND PRIX,ALB,Williams,Q1,71.695,15.0,24.606,25.238,21.851,2.0,SOFT,True,281.0,287.0,314.0,322.0,27.0,39.05,30.0,1010.0,1.2,0.0,74.063,73.837,72.775,0,1,0
2022,15,DUTCH GRAND PRIX,GAS,Racing Bulls,Q1,71.705,11.0,24.635,25.064,22.006,2.0,SOFT,True,279.0,281.0,309.0,323.0,27.0,39.05,30.0,1010.0,1.2,0.0,74.474,73.666,73.046,0,1,0
2022,15,DUTCH GRAND PRIX,MSC,Haas F1 Team,Q1,71.741,8.0,24.557,25.246,21.938,2.0,SOFT,True,280.0,283.0,316.0,320.0,27.0,39.05,30.0,1010.0,1.2,0.0,74.163,73.604,72.558,0,1,0
2022,15,DUTCH GRAND PRIX,OCO,Alpine,Q1,71.748,12.0,24.806,24.835,22.107,2.0,SOFT,True,280.0,284.0,314.0,320.0,27.0,39.05,30.0,1010.0,1.2,0.0,73.963,73.305,73.003,0,1,0
2022,15,DUTCH GRAND PRIX,SAI,Ferrari,Q1,71.767,3.0,24.632,25.057,22.078,2.0,SOFT,True,284.0,283.0,318.0,317.0,27.0,39.05,30.0,1010.0,1.2,0.0,72.845,72.349,71.971,0,1,0
2022,15,DUTCH GRAND PRIX,ZHO,Kick Sauber,Q1,71.826,14.0,24.743,25.113,21.97,2.0,SOFT,True,277.0,282.0,310.0,316.0,27.0,39.05,30.0,1010.0,1.2,0.0,74.534,73.624,73.421,0,1,0
2022,15,DUTCH GRAND PRIX,BOT,Kick Sauber,Q1,71.961,16.0,24.856,25.106,21.999,2.0,SOFT,True,278.0,283.0,312.0,317.0,27.0,39.05,30.0,1010.0,1.2,0.0,74.695,74.167,73.359,0,1,0
2022,15,DUTCH GRAND PRIX,MAG,Haas F1 Team,Q1,72.041,18.0,24.742,25.265,22.034,2.0,SOFT,True,279.0,284.0,317.0,319.0,27.0,39.05,30.0,1010.0,1.2,0.0,74.405,74.282,72.606,0,1,0
2022,15,DUTCH GRAND PRIX,RIC,McLaren,Q1,72.081,17.0,24.604,25.147,22.33,2.0,SOFT,True,279.0,283.0,311.0,319.0,27.0,39.05,30.0,1010.0,1.2,0.0,73.077,73.362,73.299,0,1,0
2022,15,DUTCH GRAND PRIX,VET,Aston Martin,Q1,72.391,19.0,24.829,25.404,22.158,5.0,SOFT,False,277.0,284.0,310.0,317.0,27.0,39.05,30.0,1010.0,1.2,0.0,74.5,73.611,72.491,0,1,0
2022,15,DUTCH GRAND PRIX,LAT,Williams,Q1,73.353,20.0,25.08,25.871,22.402,2.0,SOFT,True,279.0,283.0,311.0,321.0,27.0,39.05,30.0,1010.0,1.2,0.0,75.122,74.797,73.625,0,1,0
2022,15,DUTCH GRAND PRIX,SAI,Ferrari,Q2,70.814,3.0,24.412,24.735,21.667,2.0,SOFT,True,283.0,284.0,316.0,323.0,27.0,39.05,30.0,1010.0,1.2,0.0,72.845,72.349,71.971,0,2,0
2022,15,DUTCH GRAND PRIX,RUS,Mercedes,Q2,70.824,6.0,24.4,24.759,21.665,2.0,SOFT,True,279.0,282.0,314.0,322.0,27.0,39.05,30.0,1010.0,1.2,0.0,72.455,72.655,71.698,0,2,0
2022,15,DUTCH GRAND PRIX,VER,Red Bull Racing,Q2,70.927,1.0,24.529,24.644,21.754,5.0,SOFT,False,283.0,285.0,317.0,324.0,27.0,39.05,30.0,1010.0,1.2,0.0,74.714,73.042,71.793,0,2,0
2022,15,DUTCH GRAND PRIX,LEC,Ferrari,Q2,70.988,2.0,24.341,24.975,21.672,2.0,SOFT,True,283.0,283.0,317.0,321.0,27.0,39.05,30.0,1010.0,1.2,0.0,73.127,72.345,71.632,0,2,0
2022,15,DUTCH GRAND PRIX,HAM,Mercedes,Q2,71.075,4.0,24.528,24.699,21.848,2.0,SOFT,True,278.0,281.0,314.0,315.0,27.0,39.05,30.0,1010.0,1.2,0.0,72.695,72.417,72.156,0,2,0
2022,15,DUTCH GRAND PRIX,NOR,McLaren,Q2,71.116,7.0,24.281,25.003,21.832,2.0,SOFT,True,280.0,282.0,314.0,322.0,27.0,39.05,30.0,1010.0,1.2,0.0,72.929,72.448,72.591,0,2,0
2022,15,DUTCH GRAND PRIX,PER,Red Bull Racing,Q2,71.314,5.0,24.472,24.872,21.97,4.0,SOFT,False,285.0,286.0,318.0,326.0,27.0,39.05,30.0,1010.0,1.2,0.0,73.416,73.493,72.176,0,2,0
2022,15,DUTCH GRAND PRIX,STR,Aston Martin,Q2,71.416,10.0,24.321,25.247,21.848,2.0,SOFT,True,283.0,280.0,310.0,318.0,27.0,39.05,30.0,1010.0,1.2,0.0,74.257,72.746,72.773,0,2,0
2022,15,DUTCH GRAND PRIX,MSC,Haas F1 Team,Q2,71.42,8.0,24.467,25.117,21.836,2.0,SOFT,True,279.0,283.0,317.0,324.0,27.0,39.05,30.0,1010.0,1.2,0.0,74.163,73.604,72.558,0,2,0
2022,15,DUTCH GRAND PRIX,TSU,Racing Bulls,Q2,71.428,9.0,24.519,24.915,21.994,2.0,SOFT,True,280.0,282.0,311.0,323.0,27.0,39.05,30.0,1010.0,1.2,0.0,74.63,73.419,73.256,0,2,0
2022,15,DUTCH GRAND PRIX,GAS,Racing Bulls,Q2,71.512,11.0,24.701,25.003,21.808,2.0,SOFT,True,279.0,280.0,312.0,323.0,27.0,39.05,30.0,1010.0,1.2,0.0,74.474,73.666,73.046,0,2,0
2022,15,DUTCH GRAND PRIX,OCO,Alpine,Q2,71.605,12.0,24.818,24.897,21.89,2.0,SOFT,True,280.0,282.0,313.0,322.0,27.0,39.05,30.0,1010.0,1.2,0.0,73.963,73.305,73.003,0,2,0
2022,15,DUTCH GRAND PRIX,ALO,Alpine,Q2,71.613,13.0,24.716,24.952,21.945,2.0,SOFT,True,280.0,286.0,312.0,318.0,27.0,39.05,30.0,1010.0,1.2,0.0,73.633,72.848,72.327,0,2,0
2022,15,DUTCH GRAND PRIX,ZHO,Kick Sauber,Q2,71.704,14.0,24.606,25.144,21.954,2.0,SOFT,True,278.0,282.0,313.0,321.0,27.0,39.05,30.0,1010.0,1.2,0.0,74.534,73.624,73.421,0,2,0
2022,15,DUTCH GRAND PRIX,ALB,Williams,Q2,71.802,15.0,24.66,25.274,21.868,2.0,SOFT,True,282.0,286.0,316.0,322.0,27.0,39.05,30.0,1010.0,1.2,0.0,74.063,73.837,72.775,0,2,0
2022,15,DUTCH GRAND PRIX,VER,Red Bull Racing,Q3,70.342,1.0,24.229,24.556,21.557,2.0,SOFT,True,285.0,286.0,321.0,327.0,27.0,39.05,30.0,1010.0,1.2,0.0,74.714,73.042,71.793,0,3,0
2022,15,DUTCH GRAND PRIX,LEC,Ferrari,Q3,70.363,2.0,24.155,24.747,21.461,2.0,SOFT,True,282.0,284.0,315.0,315.0,27.0,39.05,30.0,1010.0,1.2,0.0,73.127,72.345,71.632,0,3,0
2022,15,DUTCH GRAND PRIX,SAI,Ferrari,Q3,70.434,3.0,24.176,24.627,21.631,2.0,SOFT,True,283.0,284.0,311.0,320.0,27.0,39.05,30.0,1010.0,1.2,0.0,72.845,72.349,71.971,0,3,0
2022,15,DUTCH GRAND PRIX,HAM,Mercedes,Q3,70.648,4.0,24.328,24.574,21.746,2.0,SOFT,True,276.0,281.0,310.0,317.0,27.0,39.05,30.0,1010.0,1.2,0.0,72.695,72.417,72.156,0,3,0
2022,15,DUTCH GRAND PRIX,PER,Red Bull Racing,Q3,71.077,5.0,24.347,24.965,21.765,4.0,SOFT,False,286.0,285.0,318.0,326.0,27.0,39.05,30.0,1010.0,1.2,0.0,73.416,73.493,72.176,0,3,0
2022,15,DUTCH GRAND PRIX,RUS,Mercedes,Q3,71.147,6.0,24.525,24.832,21.79,5.0,SOFT,False,277.0,282.0,312.0,318.0,27.0,39.05,30.0,1010.0,1.2,0.0,72.455,72.655,71.698,0,3,0
2022,15,DUTCH GRAND PRIX,NOR,McLaren,Q3,71.174,7.0,24.372,25.109,21.693,2.0,SOFT,True,279.0,282.0,313.0,317.0,27.0,39.05,30.0,1010.0,1.2,0.0,72.929,72.448,72.591,0,3,0
2022,15,DUTCH GRAND PRIX,MSC,Haas F1 Team,Q3,71.442,8.0,24.629,25.062,21.751,2.0,SOFT,True,280.0,282.0,316.0,320.0,27.0,39.05,30.0,1010.0,1.2,0.0,74.163,73.604,72.558,0,3,0
2022,15,DUTCH GRAND PRIX,TSU,Racing Bulls,Q3,72.556,9.0,24.92,25.318,22.318,5.0,SOFT,False,280.0,281.0,313.0,318.0,27.0,39.05,30.0,1010.0,1.2,0.0,74.63,73.419,73.256,0,3,0
2022,16,GRAN PREMIO D’ITALIA,VER,Red Bull Racing,Q1,80.922,2.0,27.116,27.149,26.657,5.0,SOFT,True,313.0,334.0,309.0,342.0,27.7,40.5,34.5,990.7,1.0,0.0,82.84,81.807,81.252,0,1,0
2022,16,GRAN PREMIO D’ITALIA,LEC,Ferrari,Q1,81.28,1.0,26.962,27.304,27.014,2.0,SOFT,True,323.0,337.0,314.0,342.0,27.7,40.5,34.5,990.7,1.0,0.0,82.41,81.857,81.599,0,1,0
2022,16,GRAN PREMIO D’ITALIA,SAI,Ferrari,Q1,81.348,3.0,26.963,27.447,26.938,2.0,SOFT,True,324.0,337.0,314.0,341.0,27.7,40.5,34.5,990.7,1.0,0.0,82.487,81.664,81.897,0,1,0
2022,16,GRAN PREMIO D’ITALIA,PER,Red Bull Racing,Q1,81.495,4.0,27.208,27.332,26.955,5.0,SOFT,True,315.0,337.0,309.0,343.0,27.7,40.5,34.5,990.7,1.0,0.0,83.661,82.394,81.848,0,1,0
2022,16,GRAN PREMIO D’ITALIA,RUS,Mercedes,Q1,81.785,6.0,27.123,27.682,26.98,2.0,SOFT,True,319.0,332.0,310.0,337.0,27.7,40.5,34.5,990.7,1.0,0.0,82.689,82.386,82.357,0,1,0
2022,16,GRAN PREMIO D’ITALIA,ZHO,Kick Sauber,Q1,82.003,14.0,27.068,27.652,27.283,2.0,SOFT,True,321.0,335.0,309.0,343.0,27.7,40.5,34.5,990.7,1.0,0.0,83.57,82.938,82.657,0,1,0
2022,16,GRAN PREMIO D’ITALIA,GAS,Racing Bulls,Q1,82.01,9.0,27.103,27.684,27.223,2.0,SOFT,True,317.0,332.0,307.0,342.0,27.7,40.5,34.5,990.7,1.0,0.0,83.64,83.135,82.755,0,1,0
2022,16,GRAN PREMIO D’ITALIA,TSU,Racing Bulls,Q1,82.02,15.0,27.156,27.549,27.315,2.0,SOFT,True,316.0,335.0,307.0,342.0,27.7,40.5,34.5,990.7,1.0,0.0,83.26,83.217,82.43,0,1,0
2022,16,GRAN PREMIO D’ITALIA,HAM,Mercedes,Q1,82.048,5.0,27.093,27.665,27.29,5.0,SOFT,False,318.0,332.0,310.0,340.0,27.7,40.5,34.5,990.7,1.0,0.0,82.831,82.503,82.567,0,1,0
2022,16,GRAN PREMIO D’ITALIA,ALO,Alpine,Q1,82.089,10.0,27.204,27.59,27.295,2.0,SOFT,True,317.0,335.0,308.0,339.0,27.7,40.5,34.5,990.7,1.0,0.0,83.099,82.752,82.306,0,1,0
2022,16,GRAN PREMIO D’ITALIA,NOR,McLaren,Q1,82.13,7.0,27.136,27.794,27.2,2.0,SOFT,True,316.0,327.0,308.0,336.0,27.7,40.5,34.5,990.7,1.0,0.0,83.856,82.338,82.319,0,1,0
2022,16,GRAN PREMIO D’ITALIA,RIC,McLaren,Q1,82.139,8.0,27.095,27.812,27.232,2.0,SOFT,True,318.0,328.0,309.0,341.0,27.7,40.5,34.5,990.7,1.0,0.0,83.511,82.911,82.871,0,1,0
2022,16,GRAN PREMIO D’ITALIA,OCO,Alpine,Q1,82.166,11.0,27.214,27.517,27.435,2.0,SOFT,True,316.0,333.0,308.0,336.0,27.7,40.5,34.5,990.7,1.0,0.0,83.075,82.728,82.506,0,1,0
2022,16,GRAN PREMIO D’ITALIA,DEV,Williams,Q1,82.176,13.0,27.251,27.661,27.264,2.0,SOFT,True,322.0,338.0,312.0,346.0,27.7,40.5,34.5,990.7,1.0,0.0,84.731,,82.869,0,1,0
2022,16,GRAN PREMIO D’ITALIA,BOT,Kick Sauber,Q1,82.254,12.0,27.136,27.772,27.346,2.0,SOFT,True,320.0,334.0,310.0,340.0,27.7,40.5,34.5,990.7,1.0,0.0,83.394,82.993,82.95,0,1,0
2022,16,GRAN PREMIO D’ITALIA,MAG,Haas F1 Team,Q1,82.399,19.0,27.443,27.582,27.374,2.0,SOFT,True,312.0,327.0,304.0,333.0,27.7,40.5,34.5,990.7,1.0,0.0,84.006,83.557,83.203,0,1,0
2022,16,GRAN PREMIO D’ITALIA,LAT,Williams,Q1,82.587,16.0,27.045,27.982,27.56,4.0,SOFT,True,321.0,337.0,310.0,344.0,27.7,40.5,34.5,990.7,1.0,0.0,84.941,83.982,82.776,0,1,0
2022,16,GRAN PREMIO D’ITALIA,VET,Aston Martin,Q1,82.636,17.0,27.233,27.765,27.638,2.0,SOFT,True,315.0,328.0,308.0,334.0,27.7,40.5,34.5,990.7,1.0,0.0,,83.731,83.104,0,1,0
2022,16,GRAN PREMIO D’ITALIA,STR,Aston Martin,Q1,82.748,18.0,27.251,27.959,27.538,2.0,SOFT,True,318.0,330.0,309.0,339.0,27.7,40.5,34.5,990.7,1.0,0.0,83.688,83.785,83.739,0,1,0
2022,16,GRAN PREMIO D’ITALIA,MSC,Haas F1 Team,Q1,83.005,20.0,27.835,27.568,27.602,2.0,SOFT,True,309.0,323.0,303.0,329.0,27.7,40.5,34.5,990.7,1.0,0.0,,84.586,83.392,0,1,0
2022,16,GRAN PREMIO D’ITALIA,SAI,Ferrari,Q2,80.878,3.0,26.722,27.281,26.875,5.0,SOFT,False,325.0,339.0,310.0,346.0,27.7,40.5,34.5,990.7,1.0,0.0,82.487,81.664,81.897,0,2,0
2022,16,GRAN PREMIO D’ITALIA,LEC,Ferrari,Q2,81.208,1.0,27.201,27.158,26.849,6.0,SOFT,False,322.0,333.0,309.0,337.0,27.7,40.5,34.5,990.7,1.0,0.0,82.41,81.857,81.599,0,2,0
2022,16,GRAN PREMIO D’ITALIA,VER,Red Bull Racing,Q2,81.265,2.0,27.182,27.322,26.761,8.0,SOFT,False,316.0,332.0,307.0,338.0,27.7,40.5,34.5,990.7,1.0,0.0,82.84,81.807,81.252,0,2,0
2022,16,GRAN PREMIO D’ITALIA,PER,Red Bull Racing,Q2,81.358,4.0,27.248,27.322,26.788,2.0,SOFT,True,316.0,331.0,307.0,339.0,27.7,40.5,34.5,990.7,1.0,0.0,83.661,82.394,81.848,0,2,0
2022,16,GRAN PREMIO D’ITALIA,HAM,Mercedes,Q2,81.708,5.0,27.047,27.554,27.107,2.0,SOFT,True,320.0,332.0,309.0,340.0,27.7,40.5,34.5,990.7,1.0,0.0,82.831,82.503,82.567,0,2,0
2022,16,GRAN PREMIO D’ITALIA,RUS,Mercedes,Q2,81.747,6.0,27.121,27.678,26.948,2.0,SOFT,True,321.0,331.0,310.0,340.0,27.7,40.5,34.5,990.7,1.0,0.0,82.689,82.386,82.357,0,2,0
2022,16,GRAN PREMIO D’ITALIA,NOR,McLaren,Q2,81.831,7.0,27.081,27.637,27.113,2.0,SOFT,True,316.0,332.0,307.0,340.0,27.7,40.5,34.5,990.7,1.0,0.0,83.856,82.338,82.319,0,2,0
2022,16,GRAN PREMIO D’ITALIA,RIC,McLaren,Q2,81.855,8.0,27.136,27.689,27.03,2.0,SOFT,True,318.0,333.0,308.0,340.0,27.7,40.5,34.5,990.7,1.0,0.0,83.511,82.911,82.871,0,2,0
2022,16,GRAN PREMIO D’ITALIA,ALO,Alpine,Q2,81.861,10.0,27.213,27.506,27.142,2.0,SOFT,True,318.0,334.0,305.0,339.0,27.7,40.5,34.5,990.7,1.0,0.0,83.099,82.752,82.306,0,2,0
2022,16,GRAN PREMIO D’ITALIA,GAS,Racing Bulls,Q2,82.062,9.0,27.075,27.813,27.174,2.0,SOFT,True,317.0,333.0,303.0,340.0,27.7,40.5,34.5,990.7,1.0,0.0,83.64,83.135,82.755,0,2,0
2022,16,GRAN PREMIO D’ITALIA,OCO,Alpine,Q2,82.13,11.0,27.111,27.619,27.4,2.0,SOFT,True,318.0,333.0,306.0,341.0,27.7,40.5,34.5,990.7,1.0,0.0,83.075,82.728,82.506,0,2,0
2022,16,GRAN PREMIO D’ITALIA,BOT,Kick Sauber,Q2,82.235,12.0,27.159,27.765,27.311,2.0,SOFT,True,321.0,329.0,306.0,339.0,27.7,40.5,34.5,990.7,1.0,0.0,83.394,82.993,82.95,0,2,0
2022,16,GRAN PREMIO D’ITALIA,DEV,Williams,Q2,82.471,13.0,27.068,27.835,27.568,2.0,SOFT,True,323.0,335.0,310.0,345.0,27.7,40.5,34.5,990.7,1.0,0.0,84.731,,82.869,0,2,0
2022,16,GRAN PREMIO D’ITALIA,ZHO,Kick Sauber,Q2,82.577,14.0,27.077,28.07,27.43,5.0,SOFT,False,324.0,336.0,309.0,344.0,27.7,40.5,34.5,990.7,1.0,0.0,83.57,82.938,82.657,0,2,0
2022,16,GRAN PREMIO D’ITALIA,LEC,Ferrari,Q3,80.161,1.0,26.733,26.875,26.553,2.0,SOFT,True,324.0,339.0,310.0,341.0,27.7,40.5,34.5,990.7,1.0,0.0,82.41,81.857,81.599,0,3,0
2022,16,GRAN PREMIO D’ITALIA,VER,Red Bull Racing,Q3,80.306,2.0,26.918,26.813,26.575,2.0,SOFT,True,317.0,338.0,311.0,342.0,27.7,40.5,34.5,990.7,1.0,0.0,82.84,81.807,81.252,0,3,0
2022,16,GRAN PREMIO D’ITALIA,SAI,Ferrari,Q3,80.429,3.0,26.85,27.055,26.524,2.0,SOFT,True,320.0,334.0,311.0,337.0,27.7,40.5,34.5,990.7,1.0,0.0,82.487,81.664,81.897,0,3,0
2022,16,GRAN PREMIO D’ITALIA,PER,Red Bull Racing,Q3,81.206,4.0,27.256,27.179,26.771,2.0,SOFT,True,314.0,332.0,306.0,337.0,27.7,40.5,34.5,990.7,1.0,0.0,83.661,82.394,81.848,0,3,0
2022,16,GRAN PREMIO D’ITALIA,HAM,Mercedes,Q3,81.524,5.0,27.022,27.419,27.083,2.0,SOFT,True,320.0,333.0,311.0,338.0,27.7,40.5,34.5,990.7,1.0,0.0,82.831,82.503,82.567,0,3,0
2022,16,GRAN PREMIO D’ITALIA,RUS,Mercedes,Q3,81.542,6.0,27.163,27.527,26.852,2.0,SOFT,True,318.0,332.0,308.0,337.0,27.7,40.5,34.5,990.7,1.0,0.0,82.689,82.386,82.357,0,3,0
2022,16,GRAN PREMIO D’ITALIA,NOR,McLaren,Q3,81.584,7.0,27.06,27.583,26.941,2.0,SOFT,True,315.0,334.0,310.0,341.0,27.7,40.5,34.5,990.7,1.0,0.0,83.856,82.338,82.319,0,3,0
2022,16,GRAN PREMIO D’ITALIA,ALO,Alpine,Q3,81.829,10.0,27.158,27.6,27.071,2.0,SOFT,True,317.0,334.0,308.0,336.0,27.7,40.5,34.5,990.7,1.0,0.0,83.099,82.752,82.306,0,3,0
2022,16,GRAN PREMIO D’ITALIA,GAS,Racing Bulls,Q3,81.91,9.0,27.191,27.588,27.131,2.0,SOFT,True,317.0,334.0,307.0,340.0,27.7,40.5,34.5,990.7,1.0,0.0,83.64,83.135,82.755,0,3,0
2022,16,GRAN PREMIO D’ITALIA,RIC,McLaren,Q3,81.925,8.0,27.21,27.669,27.046,2.0,SOFT,True,316.0,332.0,310.0,337.0,27.7,40.5,34.5,990.7,1.0,0.0,83.511,82.911,82.871,0,3,0
2022,17,SINGAPORE GRAND PRIX,VER,Red Bull Racing,Q1,113.057,8.0,29.978,43.751,39.328,2.0,INTERMEDIATE,True,292.0,265.0,244.0,285.0,26.9,27.7,81.0,1009.0,0.6,0.0,103.117,102.926,118.308,0,1,0
2022,17,SINGAPORE GRAND PRIX,HAM,Mercedes,Q1,113.161,3.0,30.268,43.664,39.229,2.0,INTERMEDIATE,True,289.0,265.0,245.0,281.0,26.9,27.7,81.0,1009.0,0.6,0.0,103.033,103.182,121.22,0,1,0
2022,17,SINGAPORE GRAND PRIX,LEC,Ferrari,Q1,114.129,1.0,30.387,44.322,39.42,6.0,INTERMEDIATE,True,288.0,264.0,246.0,279.0,26.9,27.7,81.0,1009.0,0.6,0.0,103.435,102.795,117.782,0,1,0
2022,17,SINGAPORE GRAND PRIX,PER,Red Bull Racing,Q1,114.404,2.0,30.261,44.612,39.531,4.0,INTERMEDIATE,True,292.0,266.0,244.0,283.0,26.9,27.7,81.0,1009.0,0.6,0.0,103.839,103.906,119.526,0,1,0
2022,17,SINGAPORE GRAND PRIX,SAI,Ferrari,Q1,114.559,4.0,30.272,44.681,39.606,5.0,INTERMEDIATE,True,291.0,264.0,245.0,281.0,26.9,27.7,81.0,1009.0,0.6,0.0,104.138,102.587,118.848,0,1,0
2022,17,SINGAPORE GRAND PRIX,RUS,Mercedes,Q1,114.633,11.0,30.502,44.531,39.6,2.0,INTERMEDIATE,True,289.0,264.0,245.0,280.0,26.9,27.7,81.0,1009.0,0.6,0.0,104.066,102.911,121.01,0,1,0
2022,17,SINGAPORE GRAND PRIX,MAG,Haas F1 Team,Q1,115.103,9.0,30.584,44.707,39.812,4.0,INTERMEDIATE,True,288.0,264.0,241.0,280.0,26.9,27.7,81.0,1009.0,0.6,0.0,106.028,104.422,121.089,0,1,0
2022,17,SINGAPORE GRAND PRIX,TSU,Racing Bulls,Q1,115.314,10.0,30.513,44.255,40.546,2.0,INTERMEDIATE,True,291.0,264.0,240.0,281.0,26.9,27.7,81.0,1009.0,0.6,0.0,106.081,105.211,121.679,0,1,0
2022,17,SINGAPORE GRAND PRIX,ALO,Alpine,Q1,115.36,5.0,30.624,44.786,39.95,7.0,INTERMEDIATE,True,286.0,261.0,243.0,278.0,26.9,27.7,81.0,1009.0,0.6,0.0,105.336,103.52,119.429,0,1,0
2022,17,SINGAPORE GRAND PRIX,ZHO,Kick Sauber,Q1,115.375,15.0,30.57,45.174,39.631,5.0,INTERMEDIATE,True,286.0,261.0,245.0,277.0,26.9,27.7,81.0,1009.0,0.6,0.0,106.408,104.524,122.599,0,1,0
2022,17,SINGAPORE GRAND PRIX,VET,Aston Martin,Q1,115.602,14.0,30.414,45.118,40.07,7.0,INTERMEDIATE,False,290.0,264.0,241.0,279.0,26.9,27.7,81.0,1009.0,0.6,0.0,105.354,104.249,121.007,0,1,0
2022,17,SINGAPORE GRAND PRIX,GAS,Racing Bulls,Q1,115.606,7.0,30.493,45.107,40.006,2.0,INTERMEDIATE,True,290.0,263.0,240.0,282.0,26.9,27.7,81.0,1009.0,0.6,0.0,105.258,104.469,121.245,0,1,0
2022,17,SINGAPORE GRAND PRIX,STR,Aston Martin,Q1,115.629,12.0,30.53,44.973,40.126,4.0,INTERMEDIATE,True,287.0,263.0,234.0,279.0,26.9,27.7,81.0,1009.0,0.6,0.0,105.221,103.982,120.373,0,1,0
2022,17,SINGAPORE GRAND PRIX,MSC,Haas F1 Team,Q1,115.736,13.0,30.502,45.06,40.174,4.0,INTERMEDIATE,True,290.0,265.0,235.0,281.0,26.9,27.7,81.0,1009.0,0.6,0.0,106.601,105.623,121.502,0,1,0
2022,17,SINGAPORE GRAND PRIX,NOR,McLaren,Q1,115.914,6.0,30.765,44.95,40.199,8.0,INTERMEDIATE,True,288.0,264.0,237.0,280.0,26.9,27.7,81.0,1009.0,0.6,0.0,106.68,104.013,121.791,0,1,0
2022,17,SINGAPORE GRAND PRIX,BOT,Kick Sauber,Q1,116.083,16.0,30.64,45.02,40.423,5.0,INTERMEDIATE,True,286.0,260.0,242.0,276.0,26.9,27.7,81.0,1009.0,0.6,0.0,105.725,103.431,122.066,0,1,0
2022,17,SINGAPORE GRAND PRIX,RIC,McLaren,Q1,116.226,17.0,30.592,45.297,40.337,4.0,INTERMEDIATE,True,289.0,263.0,246.0,281.0,26.9,27.7,81.0,1009.0,0.6,0.0,105.724,105.447,121.036,0,1,0
2022,17,SINGAPORE GRAND PRIX,OCO,Alpine,Q1,116.337,18.0,30.589,45.499,40.249,5.0,INTERMEDIATE,True,286.0,260.0,240.0,277.0,26.9,27.7,81.0,1009.0,0.6,0.0,104.736,103.412,120.911,0,1,0
2022,17,SINGAPORE GRAND PRIX,ALB,Williams,Q1,116.985,19.0,30.493,45.748,40.744,2.0,INTERMEDIATE,True,291.0,266.0,244.0,285.0,26.9,27.7,81.0,1009.0,0.6,0.0,106.119,105.144,121.907,0,1,0
2022,17,SINGAPORE GRAND PRIX,LAT,Williams,Q1,117.532,20.0,30.674,46.091,40.767,2.0,INTERMEDIATE,True,289.0,267.0,242.0,285.0,26.9,27.7,81.0,1009.0,0.6,0.0,107.092,106.553,123.51,0,1,0
2022,17,SINGAPORE GRAND PRIX,LEC,Ferrari,Q2,112.343,1.0,29.895,43.573,38.875,2.0,INTERMEDIATE,True,289.0,264.0,246.0,278.0,26.9,27.7,81.0,1009.0,0.6,0.0,103.435,102.795,117.782,0,2,0
2022,17,SINGAPORE GRAND PRIX,HAM,Mercedes,Q2,112.691,3.0,29.913,43.546,39.232,2.0,INTERMEDIATE,True,289.0,265.0,245.0,280.0,26.9,27.7,81.0,1009.0,0.6,0.0,103.033,103.182,121.22,0,2,0
2022,17,SINGAPORE GRAND PRIX,VER,Red Bull Racing,Q2,112.723,8.0,29.803,43.756,39.164,5.0,INTERMEDIATE,False,292.0,265.0,246.0,282.0,26.9,27.7,81.0,1009.0,0.6,0.0,103.117,102.926,118.308,0,2,0
2022,17,SINGAPORE GRAND PRIX,PER,Red Bull Racing,Q2,112.818,2.0,29.97,43.652,39.196,2.0,INTERMEDIATE,True,292.0,266.0,247.0,283.0,26.9,27.7,81.0,1009.0,0.6,0.0,103.839,103.906,119.526,0,2,0
2022,17,SINGAPORE GRAND PRIX,ALO,Alpine,Q2,113.127,5.0,30.067,43.442,39.618,2.0,INTERMEDIATE,True,290.0,262.0,246.0,280.0,26.9,27.7,81.0,1009.0,0.6,0.0,105.336,103.52,119.429,0,2,0
2022,17,SINGAPORE GRAND PRIX,SAI,Ferrari,Q2,113.219,4.0,29.694,43.944,39.581,2.0,INTERMEDIATE,True,291.0,266.0,248.0,281.0,26.9,27.7,81.0,1009.0,0.6,0.0,104.138,102.587,118.848,0,2,0
2022,17,SINGAPORE GRAND PRIX,GAS,Racing Bulls,Q2,113.546,7.0,30.213,43.791,39.542,2.0,INTERMEDIATE,True,290.0,265.0,244.0,282.0,26.9,27.7,81.0,1009.0,0.6,0.0,105.258,104.469,121.245,0,2,0
2022,17,SINGAPORE GRAND PRIX,TSU,Racing Bulls,Q2,113.848,10.0,30.131,43.99,39.727,2.0,INTERMEDIATE,True,288.0,264.0,244.0,281.0,26.9,27.7,81.0,1009.0,0.6,0.0,106.081,105.211,121.679,0,2,0
2022,17,SINGAPORE GRAND PRIX,NOR,McLaren,Q2,113.942,6.0,30.094,44.06,39.788,2.0,INTERMEDIATE,True,288.0,264.0,243.0,281.0,26.9,27.7,81.0,1009.0,0.6,0.0,106.68,104.013,121.791,0,2,0
2022,17,SINGAPORE GRAND PRIX,MAG,Haas F1 Team,Q2,114.006,9.0,30.121,44.201,39.684,2.0,INTERMEDIATE,True,286.0,263.0,244.0,278.0,26.9,27.7,81.0,1009.0,0.6,0.0,106.028,104.422,121.089,0,2,0
2022,17,SINGAPORE GRAND PRIX,RUS,Mercedes,Q2,114.012,11.0,30.118,43.96,39.934,2.0,INTERMEDIATE,True,289.0,265.0,247.0,278.0,26.9,27.7,81.0,1009.0,0.6,0.0,104.066,102.911,121.01,0,2,0
2022,17,SINGAPORE GRAND PRIX,STR,Aston Martin,Q2,114.211,12.0,30.322,44.268,39.621,2.0,INTERMEDIATE,True,290.0,264.0,243.0,278.0,26.9,27.7,81.0,1009.0,0.6,0.0,105.221,103.982,120.373,0,2,0
2022,17,SINGAPORE GRAND PRIX,MSC,Haas F1 Team,Q2,114.37,13.0,30.101,44.481,39.788,2.0,INTERMEDIATE,True,288.0,263.0,243.0,279.0,26.9,27.7,81.0,1009.0,0.6,0.0,106.601,105.623,121.502,0,2,0
2022,17,SINGAPORE GRAND PRIX,VET,Aston Martin,Q2,114.38,14.0,30.37,44.405,39.605,7.0,INTERMEDIATE,False,289.0,265.0,241.0,278.0,26.9,27.7,81.0,1009.0,0.6,0.0,105.354,104.249,121.007,0,2,0
2022,17,SINGAPORE GRAND PRIX,ZHO,Kick Sauber,Q2,115.518,15.0,30.536,45.211,39.771,4.0,INTERMEDIATE,True,284.0,262.0,244.0,276.0,26.9,27.7,81.0,1009.0,0.6,0.0,106.408,104.524,122.599,0,2,0
2022,17,SINGAPORE GRAND PRIX,LEC,Ferrari,Q3,109.412,1.0,29.391,41.602,38.419,5.0,SOFT,True,291.0,266.0,252.0,283.0,26.9,27.7,81.0,1009.0,0.6,0.0,103.435,102.795,117.782,0,3,0
2022,17,SINGAPORE GRAND PRIX,PER,Red Bull Racing,Q3,109.434,2.0,28.94,41.455,39.039,6.0,SOFT,True,293.0,266.0,253.0,287.0,26.9,27.7,81.0,1009.0,0.6,0.0,103.839,103.906,119.526,0,3,0
2022,17,SINGAPORE GRAND PRIX,HAM,Mercedes,Q3,109.466,3.0,29.169,41.186,39.111,6.0,SOFT,True,293.0,266.0,251.0,283.0,26.9,27.7,81.0,1009.0,0.6,0.0,103.033,103.182,121.22,0,3,0
2022,17,SINGAPORE GRAND PRIX,SAI,Ferrari,Q3,109.583,4.0,28.961,41.463,39.159,6.0,SOFT,True,290.0,265.0,250.0,284.0,26.9,27.7,81.0,1009.0,0.6,0.0,104.138,102.587,118.848,0,3,0
2022,17,SINGAPORE GRAND PRIX,ALO,Alpine,Q3,109.966,5.0,29.388,41.723,38.855,6.0,SOFT,True,288.0,263.0,248.0,282.0,26.9,27.7,81.0,1009.0,0.6,0.0,105.336,103.52,119.429,0,3,0
2022,17,SINGAPORE GRAND PRIX,NOR,McLaren,Q3,110.584,6.0,29.312,42.141,39.131,6.0,SOFT,True,289.0,265.0,251.0,283.0,26.9,27.7,81.0,1009.0,0.6,0.0,106.68,104.013,121.791,0,3,0
2022,17,SINGAPORE GRAND PRIX,GAS,Racing Bulls,Q3,111.211,7.0,29.55,42.31,39.351,6.0,SOFT,True,290.0,263.0,251.0,285.0,26.9,27.7,81.0,1009.0,0.6,0.0,105.258,104.469,121.245,0,3,0
2022,17,SINGAPORE GRAND PRIX,VER,Red Bull Racing,Q3,111.395,8.0,29.085,42.253,40.057,4.0,SOFT,True,290.0,265.0,252.0,284.0,26.9,27.7,81.0,1009.0,0.6,0.0,103.117,102.926,118.308,0,3,0
2022,17,SINGAPORE GRAND PRIX,MAG,Haas F1 Team,Q3,111.573,9.0,29.559,42.412,39.602,4.0,SOFT,True,289.0,265.0,249.0,282.0,26.9,27.7,81.0,1009.0,0.6,0.0,106.028,104.422,121.089,0,3,0
2022,17,SINGAPORE GRAND PRIX,TSU,Racing Bulls,Q3,111.983,10.0,29.452,42.774,39.757,3.0,SOFT,True,290.0,265.0,250.0,283.0,26.9,27.7,81.0,1009.0,0.6,0.0,106.081,105.211,121.679,0,3,0
2022,18,JAPANESE GRAND PRIX,VER,Red Bull Racing,Q1,90.224,1.0,31.574,40.748,17.902,2.0,SOFT,True,282.0,304.0,266.0,302.0,19.8,26.7,57.0,1014.7,2.7,0.0,103.362,102.786,90.671,0,1,0
2022,18,JAPANESE GRAND PRIX,SAI,Ferrari,Q1,90.336,3.0,31.591,40.721,18.024,2.0,SOFT,True,282.0,302.0,265.0,303.0,19.8,26.7,57.0,1014.7,2.7,0.0,102.563,103.204,90.965,0,1,0
2022,18,JAPANESE GRAND PRIX,LEC,Ferrari,Q1,90.402,2.0,31.778,40.666,17.958,2.0,SOFT,True,280.0,302.0,265.0,302.0,19.8,26.7,57.0,1014.7,2.7,0.0,102.634,104.709,90.98,0,1,0
2022,18,JAPANESE GRAND PRIX,ALO,Alpine,Q1,90.603,7.0,31.692,40.85,18.061,2.0,SOFT,True,280.0,302.0,263.0,302.0,19.8,26.7,57.0,1014.7,2.7,0.0,102.248,103.533,91.32,0,1,0
2022,18,JAPANESE GRAND PRIX,PER,Red Bull Racing,Q1,90.622,4.0,31.75,40.84,18.032,2.0,SOFT,True,282.0,304.0,264.0,303.0,19.8,26.7,57.0,1014.7,2.7,0.0,104.234,102.834,91.514,0,1,0
2022,18,JAPANESE GRAND PRIX,OCO,Alpine,Q1,90.696,5.0,31.619,40.937,18.14,2.0,SOFT,True,280.0,302.0,264.0,301.0,19.8,26.7,57.0,1014.7,2.7,0.0,103.022,103.884,91.75,0,1,0
2022,18,JAPANESE GRAND PRIX,RUS,Mercedes,Q1,90.865,8.0,31.635,41.002,18.228,2.0,SOFT,True,275.0,294.0,263.0,291.0,19.8,26.7,57.0,1014.7,2.7,0.0,106.103,101.935,91.53,0,1,0
2022,18,JAPANESE GRAND PRIX,RIC,McLaren,Q1,90.88,11.0,31.692,40.98,18.208,2.0,SOFT,True,278.0,300.0,263.0,294.0,19.8,26.7,57.0,1014.7,2.7,0.0,104.486,106.03,91.86,0,1,0
2022,18,JAPANESE GRAND PRIX,NOR,McLaren,Q1,90.881,10.0,31.565,40.987,18.329,2.0,SOFT,True,278.0,298.0,262.0,296.0,19.8,26.7,57.0,1014.7,2.7,0.0,103.889,105.885,91.747,0,1,0
2022,18,JAPANESE GRAND PRIX,ZHO,Kick Sauber,Q1,90.894,14.0,31.826,40.92,18.148,2.0,SOFT,True,277.0,297.0,263.0,297.0,19.8,26.7,57.0,1014.7,2.7,0.0,104.429,104.525,92.385,0,1,0
2022,18,JAPANESE GRAND PRIX,HAM,Mercedes,Q1,90.906,6.0,31.765,41.074,18.067,2.0,SOFT,True,274.0,293.0,263.0,291.0,19.8,26.7,57.0,1014.7,2.7,0.0,104.558,102.17,91.589,0,1,0
2022,18,JAPANESE GRAND PRIX,TSU,Racing Bulls,Q1,91.13,13.0,31.883,41.042,18.205,2.0,SOFT,True,281.0,302.0,265.0,301.0,19.8,26.7,57.0,1014.7,2.7,0.0,106.192,105.257,92.377,0,1,0
2022,18,JAPANESE GRAND PRIX,MSC,Haas F1 Team,Q1,91.152,15.0,31.745,41.082,18.325,2.0,SOFT,True,276.0,296.0,260.0,294.0,19.8,26.7,57.0,1014.7,2.7,0.0,103.761,,92.366,0,1,0
2022,18,JAPANESE GRAND PRIX,BOT,Kick Sauber,Q1,91.226,12.0,31.996,41.164,18.066,2.0,SOFT,True,276.0,297.0,263.0,297.0,19.8,26.7,57.0,1014.7,2.7,0.0,103.969,103.733,91.971,0,1,0
2022,18,JAPANESE GRAND PRIX,VET,Aston Martin,Q1,91.256,9.0,31.962,41.094,18.2,2.0,SOFT,True,276.0,296.0,263.0,295.0,19.8,26.7,57.0,1014.7,2.7,0.0,108.09,105.261,92.222,0,1,0
2022,18,JAPANESE GRAND PRIX,ALB,Williams,Q1,91.311,16.0,32.089,41.037,18.185,2.0,SOFT,True,284.0,308.0,266.0,306.0,19.8,26.7,57.0,1014.7,2.7,0.0,104.791,105.039,91.946,0,1,0
2022,18,JAPANESE GRAND PRIX,GAS,Racing Bulls,Q1,91.322,17.0,31.898,41.228,18.196,2.0,SOFT,True,279.0,301.0,264.0,300.0,19.8,26.7,57.0,1014.7,2.7,0.0,104.878,107.109,92.881,0,1,0
2022,18,JAPANESE GRAND PRIX,MAG,Haas F1 Team,Q1,91.352,18.0,31.765,41.227,18.36,2.0,SOFT,True,276.0,296.0,261.0,295.0,19.8,26.7,57.0,1014.7,2.7,0.0,103.258,103.187,92.29,0,1,0
2022,18,JAPANESE GRAND PRIX,STR,Aston Martin,Q1,91.419,19.0,31.755,41.402,18.262,2.0,SOFT,True,276.0,296.0,261.0,295.0,19.8,26.7,57.0,1014.7,2.7,0.0,104.57,106.776,91.838,0,1,0
2022,18,JAPANESE GRAND PRIX,LAT,Williams,Q1,91.511,20.0,32.311,41.17,18.03,2.0,SOFT,True,284.0,308.0,267.0,307.0,19.8,26.7,57.0,1014.7,2.7,0.0,105.424,104.962,92.868,0,1,0
2022,18,JAPANESE GRAND PRIX,PER,Red Bull Racing,Q2,89.925,4.0,31.383,40.626,17.916,2.0,SOFT,True,282.0,303.0,266.0,303.0,19.8,26.7,57.0,1014.7,2.7,0.0,104.234,102.834,91.514,0,2,0
2022,18,JAPANESE GRAND PRIX,ALO,Alpine,Q2,90.343,7.0,31.509,40.77,18.064,2.0,SOFT,True,281.0,301.0,264.0,301.0,19.8,26.7,57.0,1014.7,2.7,0.0,102.248,103.533,91.32,0,2,0
2022,18,JAPANESE GRAND PRIX,VER,Red Bull Racing,Q2,90.346,1.0,31.578,40.794,17.974,5.0,SOFT,False,282.0,304.0,266.0,303.0,19.8,26.7,57.0,1014.7,2.7,0.0,103.362,102.786,90.671,0,2,0
2022,18,JAPANESE GRAND PRIX,OCO,Alpine,Q2,90.357,5.0,31.501,40.798,18.058,2.0,SOFT,True,280.0,300.0,265.0,301.0,19.8,26.7,57.0,1014.7,2.7,0.0,103.022,103.884,91.75,0,2,0
2022,18,JAPANESE GRAND PRIX,HAM,Mercedes,Q2,90.443,6.0,31.401,40.851,18.191,2.0,SOFT,True,276.0,296.0,262.0,294.0,19.8,26.7,57.0,1014.7,2.7,0.0,104.558,102.17,91.589,0,2,0
2022,18,JAPANESE GRAND PRIX,SAI,Ferrari,Q2,90.444,3.0,31.612,40.887,17.945,5.0,SOFT,False,282.0,301.0,267.0,301.0,19.8,26.7,57.0,1014.7,2.7,0.0,102.563,103.204,90.965,0,2,0
2022,18,JAPANESE GRAND PRIX,RUS,Mercedes,Q2,90.465,8.0,31.43,40.869,18.166,2.0,SOFT,True,276.0,295.0,263.0,292.0,19.8,26.7,57.0,1014.7,2.7,0.0,106.103,101.935,91.53,0,2,0
2022,18,JAPANESE GRAND PRIX,NOR,McLaren,Q2,90.473,10.0,31.427,41.017,18.029,2.0,SOFT,True,278.0,298.0,263.0,297.0,19.8,26.7,57.0,1014.7,2.7,0.0,103.889,105.885,91.747,0,2,0
2022,18,JAPANESE GRAND PRIX,LEC,Ferrari,Q2,90.486,2.0,31.643,40.759,18.084,5.0,SOFT,False,281.0,301.0,265.0,302.0,19.8,26.7,57.0,1014.7,2.7,0.0,102.634,104.709,90.98,0,2,0
2022,18,JAPANESE GRAND PRIX,VET,Aston Martin,Q2,90.656,9.0,31.701,40.849,18.106,2.0,SOFT,True,276.0,295.0,264.0,295.0,19.8,26.7,57.0,1014.7,2.7,0.0,108.09,105.261,92.222,0,2,0
2022,18,JAPANESE GRAND PRIX,RIC,McLaren,Q2,90.659,11.0,31.565,40.938,18.156,2.0,SOFT,True,279.0,298.0,263.0,295.0,19.8,26.7,57.0,1014.7,2.7,0.0,104.486,106.03,91.86,0,2,0
2022,18,JAPANESE GRAND PRIX,BOT,Kick Sauber,Q2,90.709,12.0,31.723,40.981,18.005,2.0,SOFT,True,276.0,295.0,266.0,296.0,19.8,26.7,57.0,1014.7,2.7,0.0,103.969,103.733,91.971,0,2,0
2022,18,JAPANESE GRAND PRIX,TSU,Racing Bulls,Q2,90.808,13.0,31.787,40.879,18.142,2.0,SOFT,True,281.0,301.0,265.0,301.0,19.8,26.7,57.0,1014.7,2.7,0.0,106.192,105.257,92.377,0,2,0
2022,18,JAPANESE GRAND PRIX,ZHO,Kick Sauber,Q2,90.953,14.0,31.803,41.044,18.106,2.0,SOFT,True,277.0,296.0,264.0,296.0,19.8,26.7,57.0,1014.7,2.7,0.0,104.429,104.525,92.385,0,2,0
2022,18,JAPANESE GRAND PRIX,MSC,Haas F1 Team,Q2,91.439,15.0,31.817,41.259,18.363,2.0,SOFT,True,276.0,295.0,263.0,292.0,19.8,26.7,57.0,1014.7,2.7,0.0,103.761,,92.366,0,2,0
2022,18,JAPANESE GRAND PRIX,VER,Red Bull Racing,Q3,89.304,1.0,31.116,40.406,17.782,2.0,SOFT,True,283.0,304.0,267.0,303.0,19.8,26.7,57.0,1014.7,2.7,0.0,103.362,102.786,90.671,0,3,0
2022,18,JAPANESE GRAND PRIX,LEC,Ferrari,Q3,89.314,2.0,31.149,40.166,17.999,2.0,SOFT,True,281.0,300.0,262.0,300.0,19.8,26.7,57.0,1014.7,2.7,0.0,102.634,104.709,90.98,0,3,0
2022,18,JAPANESE GRAND PRIX,SAI,Ferrari,Q3,89.361,3.0,31.127,40.275,17.959,2.0,SOFT,True,282.0,302.0,265.0,302.0,19.8,26.7,57.0,1014.7,2.7,0.0,102.563,103.204,90.965,0,3,0
2022,18,JAPANESE GRAND PRIX,PER,Red Bull Racing,Q3,89.709,4.0,31.373,40.433,17.903,2.0,SOFT,True,281.0,303.0,266.0,301.0,19.8,26.7,57.0,1014.7,2.7,0.0,104.234,102.834,91.514,0,3,0
2022,18,JAPANESE GRAND PRIX,OCO,Alpine,Q3,90.165,5.0,31.333,40.786,18.046,2.0,SOFT,True,279.0,300.0,265.0,300.0,19.8,26.7,57.0,1014.7,2.7,0.0,103.022,103.884,91.75,0,3,0
2022,18,JAPANESE GRAND PRIX,HAM,Mercedes,Q3,90.261,6.0,31.321,40.766,18.174,2.0,SOFT,True,275.0,294.0,263.0,292.0,19.8,26.7,57.0,1014.7,2.7,0.0,104.558,102.17,91.589,0,3,0
2022,18,JAPANESE GRAND PRIX,ALO,Alpine,Q3,90.322,7.0,31.455,40.707,18.16,2.0,SOFT,True,279.0,300.0,263.0,301.0,19.8,26.7,57.0,1014.7,2.7,0.0,102.248,103.533,91.32,0,3,0
2022,18,JAPANESE GRAND PRIX,RUS,Mercedes,Q3,90.389,8.0,31.474,40.73,18.185,2.0,SOFT,True,274.0,295.0,263.0,292.0,19.8,26.7,57.0,1014.7,2.7,0.0,106.103,101.935,91.53,0,3,0
2022,18,JAPANESE GRAND PRIX,VET,Aston Martin,Q3,90.554,9.0,31.655,40.741,18.158,2.0,SOFT,True,276.0,295.0,263.0,295.0,19.8,26.7,57.0,1014.7,2.7,0.0,108.09,105.261,92.222,0,3,0
2022,18,JAPANESE GRAND PRIX,NOR,McLaren,Q3,91.003,10.0,31.535,41.317,18.151,2.0,SOFT,True,278.0,296.0,263.0,297.0,19.8,26.7,57.0,1014.7,2.7,0.0,103.889,105.885,91.747,0,3,0
2022,19,UNITED STATES GRAND PRIX,SAI,Ferrari,Q1,95.297,1.0,25.832,38.413,31.052,3.0,SOFT,True,233.0,192.0,208.0,322.0,30.1,36.5,37.0,991.2,5.0,0.0,96.857,98.232,96.271,0,1,0
2022,19,UNITED STATES GRAND PRIX,LEC,Ferrari,Q1,95.795,2.0,25.999,38.617,31.179,2.0,SOFT,True,225.0,189.0,208.0,320.0,30.1,36.5,37.0,991.2,5.0,0.0,,96.81,96.145,0,1,0
2022,19,UNITED STATES GRAND PRIX,VER,Red Bull Racing,Q1,95.864,3.0,26.05,38.405,31.409,2.0,SOFT,True,228.0,187.0,208.0,325.0,30.1,36.5,37.0,991.2,5.0,0.0,97.081,99.575,95.825,0,1,0
2022,19,UNITED STATES GRAND PRIX,HAM,Mercedes,Q1,95.878,5.0,25.974,38.627,31.277,5.0,SOFT,False,236.0,191.0,206.0,316.0,30.1,36.5,37.0,991.2,5.0,0.0,97.332,99.698,96.401,0,1,0
2022,19,UNITED STATES GRAND PRIX,PER,Red Bull Racing,Q1,96.163,4.0,26.522,38.418,31.223,2.0,SOFT,True,222.0,188.0,209.0,323.0,30.1,36.5,37.0,991.2,5.0,0.0,97.515,99.852,96.397,0,1,0
2022,19,UNITED STATES GRAND PRIX,RUS,Mercedes,Q1,96.195,6.0,26.138,38.74,31.317,2.0,SOFT,True,225.0,191.0,207.0,316.0,30.1,36.5,37.0,991.2,5.0,0.0,97.802,100.562,97.064,0,1,0
2022,19,UNITED STATES GRAND PRIX,ALO,Alpine,Q1,96.446,9.0,26.127,38.85,31.469,2.0,SOFT,True,226.0,190.0,209.0,320.0,30.1,36.5,37.0,991.2,5.0,0.0,97.713,101.334,96.928,0,1,0
2022,19,UNITED STATES GRAND PRIX,NOR,McLaren,Q1,96.465,8.0,26.077,39.007,31.381,2.0,SOFT,True,226.0,190.0,206.0,315.0,30.1,36.5,37.0,991.2,5.0,0.0,97.856,99.547,97.449,0,1,0
2022,19,UNITED STATES GRAND PRIX,GAS,Racing Bulls,Q1,96.577,13.0,26.088,39.014,31.475,2.0,SOFT,True,222.0,185.0,207.0,317.0,30.1,36.5,37.0,991.2,5.0,0.0,97.81,99.84,97.29,0,1,0
2022,19,UNITED STATES GRAND PRIX,ZHO,Kick Sauber,Q1,96.656,14.0,26.073,39.055,31.528,2.0,SOFT,True,231.0,191.0,205.0,319.0,30.1,36.5,37.0,991.2,5.0,0.0,98.276,100.664,99.735,0,1,0
2022,19,UNITED STATES GRAND PRIX,VET,Aston Martin,Q1,96.695,12.0,26.336,38.797,31.562,2.0,SOFT,True,224.0,191.0,206.0,312.0,30.1,36.5,37.0,991.2,5.0,0.0,98.041,101.857,97.151,0,1,0
2022,19,UNITED STATES GRAND PRIX,BOT,Kick Sauber,Q1,96.746,10.0,26.209,39.084,31.453,2.0,SOFT,True,227.0,191.0,205.0,315.0,30.1,36.5,37.0,991.2,5.0,0.0,,97.525,97.31,0,1,0
2022,19,UNITED STATES GRAND PRIX,TSU,Racing Bulls,Q1,96.808,15.0,26.188,38.944,31.676,2.0,SOFT,True,225.0,187.0,207.0,319.0,30.1,36.5,37.0,991.2,5.0,0.0,98.898,100.178,97.888,0,1,0
2022,19,UNITED STATES GRAND PRIX,STR,Aston Martin,Q1,96.86,7.0,26.382,38.828,31.65,2.0,SOFT,True,219.0,187.0,206.0,315.0,30.1,36.5,37.0,991.2,5.0,0.0,97.46,100.806,97.215,0,1,0
2022,19,UNITED STATES GRAND PRIX,ALB,Williams,Q1,96.932,11.0,26.05,39.211,31.671,2.0,SOFT,True,221.0,190.0,206.0,323.0,30.1,36.5,37.0,991.2,5.0,0.0,98.422,101.853,97.904,0,1,0
2022,19,UNITED STATES GRAND PRIX,MAG,Haas F1 Team,Q1,96.949,16.0,26.438,38.758,31.753,2.0,SOFT,True,228.0,187.0,207.0,318.0,30.1,36.5,37.0,991.2,5.0,0.0,,100.084,97.519,0,1,0
2022,19,UNITED STATES GRAND PRIX,RIC,McLaren,Q1,97.046,17.0,26.202,39.208,31.636,2.0,SOFT,True,227.0,191.0,209.0,313.0,30.1,36.5,37.0,991.2,5.0,0.0,,97.627,97.622,0,1,0
2022,19,UNITED STATES GRAND PRIX,OCO,Alpine,Q1,97.068,18.0,26.144,39.279,31.645,2.0,SOFT,True,231.0,190.0,208.0,317.0,30.1,36.5,37.0,991.2,5.0,0.0,98.102,101.31,97.468,0,1,0
2022,19,UNITED STATES GRAND PRIX,MSC,Haas F1 Team,Q1,97.111,19.0,26.295,39.012,31.804,5.0,SOFT,True,221.0,188.0,204.0,318.0,30.1,36.5,37.0,991.2,5.0,0.0,98.922,99.507,98.132,0,1,0
2022,19,UNITED STATES GRAND PRIX,LAT,Williams,Q1,97.244,20.0,26.088,39.149,32.007,2.0,SOFT,True,221.0,190.0,208.0,325.0,30.1,36.5,37.0,991.2,5.0,0.0,,102.317,98.028,0,1,0
2022,19,UNITED STATES GRAND PRIX,LEC,Ferrari,Q2,95.246,2.0,25.751,38.449,31.046,6.0,SOFT,False,235.0,191.0,210.0,320.0,30.1,36.5,37.0,991.2,5.0,0.0,,96.81,96.145,0,2,0
2022,19,UNITED STATES GRAND PRIX,VER,Red Bull Racing,Q2,95.294,3.0,25.78,38.437,31.077,5.0,SOFT,False,230.0,188.0,207.0,325.0,30.1,36.5,37.0,991.2,5.0,0.0,97.081,99.575,95.825,0,2,0
2022,19,UNITED STATES GRAND PRIX,SAI,Ferrari,Q2,95.59,1.0,25.866,38.497,31.227,6.0,SOFT,False,234.0,187.0,210.0,320.0,30.1,36.5,37.0,991.2,5.0,0.0,96.857,98.232,96.271,0,2,0
2022,19,UNITED STATES GRAND PRIX,RUS,Mercedes,Q2,95.692,6.0,25.967,38.64,31.085,2.0,SOFT,True,227.0,191.0,208.0,316.0,30.1,36.5,37.0,991.2,5.0,0.0,97.802,100.562,97.064,0,2,0
2022,19,UNITED STATES GRAND PRIX,HAM,Mercedes,Q2,95.732,5.0,25.904,38.49,31.338,5.0,SOFT,False,233.0,190.0,207.0,318.0,30.1,36.5,37.0,991.2,5.0,0.0,97.332,99.698,96.401,0,2,0
2022,19,UNITED STATES GRAND PRIX,PER,Red Bull Racing,Q2,95.864,4.0,26.065,38.778,31.021,5.0,SOFT,False,221.0,189.0,207.0,322.0,30.1,36.5,37.0,991.2,5.0,0.0,97.515,99.852,96.397,0,2,0
2022,19,UNITED STATES GRAND PRIX,ALO,Alpine,Q2,95.988,9.0,26.155,38.758,31.075,2.0,SOFT,True,223.0,192.0,212.0,320.0,30.1,36.5,37.0,991.2,5.0,0.0,97.713,101.334,96.928,0,2,0
2022,19,UNITED STATES GRAND PRIX,STR,Aston Martin,Q2,96.032,7.0,25.924,38.584,31.524,2.0,SOFT,True,220.0,190.0,205.0,315.0,30.1,36.5,37.0,991.2,5.0,0.0,97.46,100.806,97.215,0,2,0
2022,19,UNITED STATES GRAND PRIX,ZHO,Kick Sauber,Q2,96.196,14.0,26.143,38.556,31.497,2.0,SOFT,True,234.0,191.0,205.0,321.0,30.1,36.5,37.0,991.2,5.0,0.0,98.276,100.664,99.735,0,2,0
2022,19,UNITED STATES GRAND PRIX,BOT,Kick Sauber,Q2,96.321,10.0,26.097,38.783,31.441,2.0,SOFT,True,225.0,190.0,207.0,317.0,30.1,36.5,37.0,991.2,5.0,0.0,,97.525,97.31,0,2,0
2022,19,UNITED STATES GRAND PRIX,NOR,McLaren,Q2,96.341,8.0,25.939,38.839,31.563,2.0,SOFT,True,229.0,189.0,205.0,318.0,30.1,36.5,37.0,991.2,5.0,0.0,97.856,99.547,97.449,0,2,0
2022,19,UNITED STATES GRAND PRIX,ALB,Williams,Q2,96.368,11.0,25.936,38.879,31.553,2.0,SOFT,True,217.0,191.0,208.0,324.0,30.1,36.5,37.0,991.2,5.0,0.0,98.422,101.853,97.904,0,2,0
2022,19,UNITED STATES GRAND PRIX,VET,Aston Martin,Q2,96.398,12.0,26.222,38.712,31.464,2.0,SOFT,True,225.0,192.0,207.0,315.0,30.1,36.5,37.0,991.2,5.0,0.0,98.041,101.857,97.151,0,2,0
2022,19,UNITED STATES GRAND PRIX,TSU,Racing Bulls,Q2,96.439,15.0,26.039,38.869,31.531,2.0,SOFT,True,225.0,187.0,209.0,320.0,30.1,36.5,37.0,991.2,5.0,0.0,98.898,100.178,97.888,0,2,0
2022,19,UNITED STATES GRAND PRIX,GAS,Racing Bulls,Q2,96.74,13.0,26.083,39.081,31.576,2.0,SOFT,True,227.0,187.0,206.0,319.0,30.1,36.5,37.0,991.2,5.0,0.0,97.81,99.84,97.29,0,2,0
2022,19,UNITED STATES GRAND PRIX,SAI,Ferrari,Q3,94.356,1.0,25.525,38.097,30.734,2.0,SOFT,True,233.0,193.0,210.0,320.0,30.1,36.5,37.0,991.2,5.0,0.0,96.857,98.232,96.271,0,3,0
2022,19,UNITED STATES GRAND PRIX,LEC,Ferrari,Q3,94.421,2.0,25.505,38.11,30.806,2.0,SOFT,True,239.0,192.0,206.0,320.0,30.1,36.5,37.0,991.2,5.0,0.0,,96.81,96.145,0,3,0
2022,19,UNITED STATES GRAND PRIX,VER,Red Bull Racing,Q3,94.448,3.0,25.599,37.846,31.003,3.0,SOFT,True,232.0,189.0,209.0,326.0,30.1,36.5,37.0,991.2,5.0,0.0,97.081,99.575,95.825,0,3,0
2022,19,UNITED STATES GRAND PRIX,PER,Red Bull Racing,Q3,94.645,4.0,25.664,38.094,30.887,2.0,SOFT,True,225.0,192.0,208.0,323.0,30.1,36.5,37.0,991.2,5.0,0.0,97.515,99.852,96.397,0,3,0
2022,19,UNITED STATES GRAND PRIX,HAM,Mercedes,Q3,94.947,5.0,25.722,38.09,31.135,2.0,SOFT,True,234.0,191.0,210.0,318.0,30.1,36.5,37.0,991.2,5.0,0.0,97.332,99.698,96.401,0,3,0
2022,19,UNITED STATES GRAND PRIX,RUS,Mercedes,Q3,94.988,6.0,25.772,38.174,31.042,2.0,SOFT,True,231.0,192.0,207.0,318.0,30.1,36.5,37.0,991.2,5.0,0.0,97.802,100.562,97.064,0,3,0
2022,19,UNITED STATES GRAND PRIX,STR,Aston Martin,Q3,95.598,7.0,25.847,38.481,31.27,2.0,SOFT,True,222.0,191.0,208.0,315.0,30.1,36.5,37.0,991.2,5.0,0.0,97.46,100.806,97.215,0,3,0
2022,19,UNITED STATES GRAND PRIX,NOR,McLaren,Q3,95.69,8.0,25.856,38.526,31.308,2.0,SOFT,True,229.0,190.0,205.0,320.0,30.1,36.5,37.0,991.2,5.0,0.0,97.856,99.547,97.449,0,3,0
2022,19,UNITED STATES GRAND PRIX,ALO,Alpine,Q3,95.876,9.0,26.055,38.558,31.263,2.0,SOFT,True,228.0,191.0,208.0,321.0,30.1,36.5,37.0,991.2,5.0,0.0,97.713,101.334,96.928,0,3,0
2022,19,UNITED STATES GRAND PRIX,BOT,Kick Sauber,Q3,96.319,10.0,26.07,38.792,31.457,2.0,SOFT,True,227.0,190.0,208.0,318.0,30.1,36.5,37.0,991.2,5.0,0.0,,97.525,97.31,0,3,0
2022,20,GRAN PREMIO DE LA CIUDAD DE MÉXICO,HAM,Mercedes,Q1,79.169,3.0,27.937,30.598,20.634,6.0,SOFT,False,311.0,292.0,250.0,344.0,25.75,48.75,36.0,782.5,1.2,0.0,80.849,81.509,78.543,0,1,0
2022,20,GRAN PREMIO DE LA CIUDAD DE MÉXICO,VER,Red Bull Racing,Q1,79.222,1.0,28.015,30.813,20.394,3.0,SOFT,True,313.0,293.0,252.0,349.0,25.75,48.75,36.0,782.5,1.2,0.0,80.827,81.588,78.876,0,1,0
2022,20,GRAN PREMIO DE LA CIUDAD DE MÉXICO,LEC,Ferrari,Q1,79.505,7.0,28.161,30.765,20.579,2.0,SOFT,True,309.0,288.0,250.0,344.0,25.75,48.75,36.0,782.5,1.2,0.0,80.753,81.618,79.123,0,1,0
2022,20,GRAN PREMIO DE LA CIUDAD DE MÉXICO,BOT,Kick Sauber,Q1,79.523,6.0,28.036,30.844,20.643,2.0,SOFT,True,311.0,291.0,251.0,346.0,25.75,48.75,36.0,782.5,1.2,0.0,81.083,81.993,79.39,0,1,0
2022,20,GRAN PREMIO DE LA CIUDAD DE MÉXICO,SAI,Ferrari,Q1,79.566,5.0,28.102,30.795,20.669,3.0,SOFT,True,311.0,290.0,249.0,346.0,25.75,48.75,36.0,782.5,1.2,0.0,80.707,81.693,79.301,0,1,0
2022,20,GRAN PREMIO DE LA CIUDAD DE MÉXICO,RUS,Mercedes,Q1,79.583,2.0,28.153,30.783,20.647,6.0,SOFT,False,310.0,293.0,251.0,344.0,25.75,48.75,36.0,782.5,1.2,0.0,,79.97,78.399,0,1,0
2022,20,GRAN PREMIO DE LA CIUDAD DE MÉXICO,MSC,Haas F1 Team,Q1,79.695,16.0,27.966,31.032,20.697,2.0,SOFT,True,312.0,290.0,250.0,347.0,25.75,48.75,36.0,782.5,1.2,0.0,81.952,82.879,80.598,0,1,0
2022,20,GRAN PREMIO DE LA CIUDAD DE MÉXICO,PER,Red Bull Racing,Q1,79.706,4.0,27.972,30.957,20.777,5.0,SOFT,False,312.0,285.0,252.0,346.0,25.75,48.75,36.0,782.5,1.2,0.0,80.827,81.579,79.241,0,1,0
2022,20,GRAN PREMIO DE LA CIUDAD DE MÉXICO,NOR,McLaren,Q1,79.857,8.0,28.05,31.144,20.663,2.0,SOFT,True,309.0,290.0,249.0,346.0,25.75,48.75,36.0,782.5,1.2,0.0,81.12,82.738,79.317,0,1,0
2022,20,GRAN PREMIO DE LA CIUDAD DE MÉXICO,TSU,Racing Bulls,Q1,79.907,13.0,28.12,30.969,20.818,2.0,SOFT,True,309.0,292.0,252.0,343.0,25.75,48.75,36.0,782.5,1.2,0.0,,80.798,79.882,0,1,0
2022,20,GRAN PREMIO DE LA CIUDAD DE MÉXICO,OCO,Alpine,Q1,79.945,10.0,28.032,31.066,20.847,2.0,SOFT,True,311.0,292.0,250.0,344.0,25.75,48.75,36.0,782.5,1.2,0.0,,81.177,79.96,0,1,0
2022,20,GRAN PREMIO DE LA CIUDAD DE MÉXICO,ALO,Alpine,Q1,80.006,9.0,28.239,30.846,20.921,2.0,SOFT,True,310.0,291.0,249.0,345.0,25.75,48.75,36.0,782.5,1.2,0.0,80.899,82.337,80.037,0,1,0
2022,20,GRAN PREMIO DE LA CIUDAD DE MÉXICO,GAS,Racing Bulls,Q1,80.256,14.0,28.003,31.301,20.952,3.0,SOFT,True,310.0,290.0,252.0,347.0,25.75,48.75,36.0,782.5,1.2,0.0,81.31,82.104,80.33,0,1,0
2022,20,GRAN PREMIO DE LA CIUDAD DE MÉXICO,RIC,McLaren,Q1,80.279,11.0,28.215,31.213,20.851,3.0,SOFT,True,311.0,288.0,249.0,345.0,25.75,48.75,36.0,782.5,1.2,0.0,81.762,82.763,80.139,0,1,0
2022,20,GRAN PREMIO DE LA CIUDAD DE MÉXICO,ZHO,Kick Sauber,Q1,80.283,12.0,28.393,31.151,20.739,2.0,SOFT,True,309.0,289.0,249.0,345.0,25.75,48.75,36.0,782.5,1.2,0.0,81.82,83.369,80.019,0,1,0
2022,20,GRAN PREMIO DE LA CIUDAD DE MÉXICO,MAG,Haas F1 Team,Q1,80.293,15.0,27.997,31.286,21.01,2.0,SOFT,True,311.0,289.0,249.0,348.0,25.75,48.75,36.0,782.5,1.2,0.0,,83.316,81.271,0,1,0
2022,20,GRAN PREMIO DE LA CIUDAD DE MÉXICO,VET,Aston Martin,Q1,80.419,17.0,28.367,31.224,20.828,3.0,SOFT,True,308.0,289.0,250.0,343.0,25.75,48.75,36.0,782.5,1.2,0.0,81.525,82.371,80.986,0,1,0
2022,20,GRAN PREMIO DE LA CIUDAD DE MÉXICO,STR,Aston Martin,Q1,80.52,18.0,28.298,31.189,21.033,3.0,SOFT,True,310.0,290.0,249.0,343.0,25.75,48.75,36.0,782.5,1.2,0.0,81.865,82.84,80.477,0,1,0
2022,20,GRAN PREMIO DE LA CIUDAD DE MÉXICO,ALB,Williams,Q1,80.859,19.0,27.963,31.907,20.989,3.0,SOFT,True,313.0,290.0,249.0,348.0,25.75,48.75,36.0,782.5,1.2,0.0,,82.447,79.917,0,1,0
2022,20,GRAN PREMIO DE LA CIUDAD DE MÉXICO,LAT,Williams,Q1,81.167,20.0,28.219,31.847,21.101,3.0,SOFT,True,313.0,290.0,249.0,348.0,25.75,48.75,36.0,782.5,1.2,0.0,82.912,83.32,80.848,0,1,0
2022,20,GRAN PREMIO DE LA CIUDAD DE MÉXICO,HAM,Mercedes,Q2,78.552,3.0,27.732,30.442,20.378,2.0,SOFT,True,311.0,291.0,250.0,342.0,25.75,48.75,36.0,782.5,1.2,0.0,80.849,81.509,78.543,0,2,0
2022,20,GRAN PREMIO DE LA CIUDAD DE MÉXICO,SAI,Ferrari,Q2,78.56,5.0,27.875,30.452,20.233,2.0,SOFT,True,311.0,291.0,250.0,344.0,25.75,48.75,36.0,782.5,1.2,0.0,80.707,81.693,79.301,0,2,0
2022,20,GRAN PREMIO DE LA CIUDAD DE MÉXICO,RUS,Mercedes,Q2,78.565,2.0,27.835,30.394,20.336,2.0,SOFT,True,312.0,293.0,252.0,344.0,25.75,48.75,36.0,782.5,1.2,0.0,,79.97,78.399,0,2,0
2022,20,GRAN PREMIO DE LA CIUDAD DE MÉXICO,VER,Red Bull Racing,Q2,78.566,1.0,27.781,30.545,20.24,2.0,SOFT,True,313.0,295.0,251.0,346.0,25.75,48.75,36.0,782.5,1.2,0.0,80.827,81.588,78.876,0,2,0
2022,20,GRAN PREMIO DE LA CIUDAD DE MÉXICO,PER,Red Bull Racing,Q2,78.615,4.0,27.757,30.414,20.444,2.0,SOFT,True,312.0,294.0,253.0,347.0,25.75,48.75,36.0,782.5,1.2,0.0,80.827,81.579,79.241,0,2,0
2022,20,GRAN PREMIO DE LA CIUDAD DE MÉXICO,BOT,Kick Sauber,Q2,78.762,6.0,27.92,30.453,20.389,2.0,SOFT,True,311.0,292.0,250.0,344.0,25.75,48.75,36.0,782.5,1.2,0.0,81.083,81.993,79.39,0,2,0
2022,20,GRAN PREMIO DE LA CIUDAD DE MÉXICO,OCO,Alpine,Q2,79.081,10.0,27.892,30.591,20.598,2.0,SOFT,True,312.0,291.0,249.0,344.0,25.75,48.75,36.0,782.5,1.2,0.0,,81.177,79.96,0,2,0
2022,20,GRAN PREMIO DE LA CIUDAD DE MÉXICO,LEC,Ferrari,Q2,79.109,7.0,27.995,30.613,20.501,9.0,SOFT,False,310.0,288.0,249.0,346.0,25.75,48.75,36.0,782.5,1.2,0.0,80.753,81.618,79.123,0,2,0
2022,20,GRAN PREMIO DE LA CIUDAD DE MÉXICO,NOR,McLaren,Q2,79.119,8.0,27.806,30.805,20.508,2.0,SOFT,True,311.0,291.0,248.0,346.0,25.75,48.75,36.0,782.5,1.2,0.0,81.12,82.738,79.317,0,2,0
2022,20,GRAN PREMIO DE LA CIUDAD DE MÉXICO,ALO,Alpine,Q2,79.272,9.0,28.093,30.596,20.583,2.0,SOFT,True,312.0,292.0,248.0,344.0,25.75,48.75,36.0,782.5,1.2,0.0,80.899,82.337,80.037,0,2,0
2022,20,GRAN PREMIO DE LA CIUDAD DE MÉXICO,RIC,McLaren,Q2,79.325,11.0,27.867,30.954,20.504,2.0,SOFT,True,312.0,291.0,249.0,345.0,25.75,48.75,36.0,782.5,1.2,0.0,81.762,82.763,80.139,0,2,0
2022,20,GRAN PREMIO DE LA CIUDAD DE MÉXICO,ZHO,Kick Sauber,Q2,79.476,12.0,28.119,30.864,20.493,2.0,SOFT,True,310.0,291.0,249.0,343.0,25.75,48.75,36.0,782.5,1.2,0.0,81.82,83.369,80.019,0,2,0
2022,20,GRAN PREMIO DE LA CIUDAD DE MÉXICO,TSU,Racing Bulls,Q2,79.589,13.0,27.96,30.86,20.769,2.0,SOFT,True,313.0,295.0,252.0,346.0,25.75,48.75,36.0,782.5,1.2,0.0,,80.798,79.882,0,2,0
2022,20,GRAN PREMIO DE LA CIUDAD DE MÉXICO,GAS,Racing Bulls,Q2,79.672,14.0,27.929,30.971,20.772,2.0,SOFT,True,312.0,292.0,252.0,346.0,25.75,48.75,36.0,782.5,1.2,0.0,81.31,82.104,80.33,0,2,0
2022,20,GRAN PREMIO DE LA CIUDAD DE MÉXICO,MAG,Haas F1 Team,Q2,79.833,15.0,28.004,31.144,20.685,2.0,SOFT,True,312.0,292.0,249.0,348.0,25.75,48.75,36.0,782.5,1.2,0.0,,83.316,81.271,0,2,0
2022,20,GRAN PREMIO DE LA CIUDAD DE MÉXICO,VER,Red Bull Racing,Q3,77.775,1.0,27.49,30.244,20.041,2.0,SOFT,True,314.0,295.0,252.0,349.0,25.75,48.75,36.0,782.5,1.2,0.0,80.827,81.588,78.876,0,3,0
2022,20,GRAN PREMIO DE LA CIUDAD DE MÉXICO,RUS,Mercedes,Q3,78.079,2.0,27.718,30.138,20.223,2.0,SOFT,True,313.0,295.0,252.0,345.0,25.75,48.75,36.0,782.5,1.2,0.0,,79.97,78.399,0,3,0
2022,20,GRAN PREMIO DE LA CIUDAD DE MÉXICO,HAM,Mercedes,Q3,78.084,3.0,27.715,30.069,20.3,2.0,SOFT,True,311.0,293.0,250.0,344.0,25.75,48.75,36.0,782.5,1.2,0.0,80.849,81.509,78.543,0,3,0
2022,20,GRAN PREMIO DE LA CIUDAD DE MÉXICO,PER,Red Bull Racing,Q3,78.128,4.0,27.585,30.283,20.26,2.0,SOFT,True,313.0,296.0,253.0,348.0,25.75,48.75,36.0,782.5,1.2,0.0,80.827,81.579,79.241,0,3,0
2022,20,GRAN PREMIO DE LA CIUDAD DE MÉXICO,SAI,Ferrari,Q3,78.351,5.0,27.662,30.479,20.21,2.0,SOFT,True,312.0,291.0,250.0,345.0,25.75,48.75,36.0,782.5,1.2,0.0,80.707,81.693,79.301,0,3,0
2022,20,GRAN PREMIO DE LA CIUDAD DE MÉXICO,BOT,Kick Sauber,Q3,78.401,6.0,27.667,30.338,20.396,2.0,SOFT,True,312.0,293.0,251.0,345.0,25.75,48.75,36.0,782.5,1.2,0.0,81.083,81.993,79.39,0,3,0
2022,20,GRAN PREMIO DE LA CIUDAD DE MÉXICO,LEC,Ferrari,Q3,78.555,7.0,27.943,30.33,20.282,2.0,SOFT,True,308.0,283.0,249.0,342.0,25.75,48.75,36.0,782.5,1.2,0.0,80.753,81.618,79.123,0,3,0
2022,20,GRAN PREMIO DE LA CIUDAD DE MÉXICO,NOR,McLaren,Q3,78.721,8.0,27.767,30.544,20.41,2.0,SOFT,True,310.0,294.0,247.0,347.0,25.75,48.75,36.0,782.5,1.2,0.0,81.12,82.738,79.317,0,3,0
2022,20,GRAN PREMIO DE LA CIUDAD DE MÉXICO,ALO,Alpine,Q3,78.939,9.0,28.049,30.393,20.497,2.0,SOFT,True,311.0,292.0,247.0,342.0,25.75,48.75,36.0,782.5,1.2,0.0,80.899,82.337,80.037,0,3,0
2022,20,GRAN PREMIO DE LA CIUDAD DE MÉXICO,OCO,Alpine,Q3,79.01,10.0,27.966,30.574,20.47,2.0,SOFT,True,311.0,292.0,249.0,345.0,25.75,48.75,36.0,782.5,1.2,0.0,,81.177,79.96,0,3,0
2022,21,GRANDE PRÊMIO DE SÃO PAULO,NOR,McLaren,Q1,73.106,4.0,18.683,36.944,17.479,5.0,SOFT,True,306.0,260.0,302.0,303.0,19.2,27.0,94.0,924.2,1.1,0.0,72.955,75.851,75.38,1,1,0
2022,21,GRANDE PRÊMIO DE SÃO PAULO,HAM,Mercedes,Q1,73.403,8.0,18.72,37.192,17.491,4.0,SOFT,True,307.0,261.0,301.0,304.0,19.2,27.0,94.0,924.2,1.1,0.0,72.04,75.137,74.317,1,1,0
2022,21,GRANDE PRÊMIO DE SÃO PAULO,ALO,Alpine,Q1,73.542,7.0,18.944,36.962,17.636,4.0,SOFT,True,306.0,257.0,302.0,303.0,19.2,27.0,94.0,924.2,1.1,0.0,72.554,75.049,74.764,1,1,0
2022,21,GRANDE PRÊMIO DE SÃO PAULO,VET,Aston Martin,Q1,73.597,13.0,18.781,37.311,17.505,5.0,SOFT,True,305.0,256.0,303.0,301.0,19.2,27.0,94.0,924.2,1.1,0.0,72.157,76.4,75.451,1,1,0
2022,21,GRANDE PRÊMIO DE SÃO PAULO,PER,Red Bull Racing,Q1,73.613,9.0,18.919,37.356,17.338,4.0,SOFT,True,310.0,255.0,308.0,307.0,19.2,27.0,94.0,924.2,1.1,0.0,71.853,74.788,74.699,1,1,0
2022,21,GRANDE PRÊMIO DE SÃO PAULO,VER,Red Bull Racing,Q1,73.625,2.0,18.767,37.407,17.451,4.0,SOFT,True,309.0,258.0,306.0,307.0,19.2,27.0,94.0,924.2,1.1,0.0,71.861,75.098,74.507,1,1,0
2022,21,GRANDE PRÊMIO DE SÃO PAULO,MAG,Haas F1 Team,Q1,73.954,1.0,18.891,37.457,17.606,3.0,SOFT,True,300.0,259.0,297.0,299.0,19.2,27.0,94.0,924.2,1.1,0.0,72.997,75.815,75.11,1,1,0
2022,21,GRANDE PRÊMIO DE SÃO PAULO,ALB,Williams,Q1,74.324,11.0,18.894,37.819,17.611,5.0,SOFT,True,309.0,235.0,308.0,301.0,19.2,27.0,94.0,924.2,1.1,0.0,72.633,,75.998,1,1,0
2022,21,GRANDE PRÊMIO DE SÃO PAULO,GAS,Racing Bulls,Q1,74.371,12.0,19.083,37.817,17.471,7.0,SOFT,True,310.0,258.0,308.0,298.0,19.2,27.0,94.0,924.2,1.1,0.0,72.467,75.636,75.29,1,1,0
2022,21,GRANDE PRÊMIO DE SÃO PAULO,STR,Aston Martin,Q1,74.398,15.0,18.685,37.907,17.806,5.0,SOFT,True,304.0,255.0,303.0,301.0,19.2,27.0,94.0,924.2,1.1,0.0,72.759,76.263,75.425,1,1,0
2022,21,GRANDE PRÊMIO DE SÃO PAULO,RUS,Mercedes,Q1,74.427,3.0,18.823,37.95,17.654,4.0,SOFT,True,292.0,246.0,303.0,301.0,19.2,27.0,94.0,924.2,1.1,0.0,72.055,74.916,74.233,1,1,0
2022,21,GRANDE PRÊMIO DE SÃO PAULO,LEC,Ferrari,Q1,74.486,10.0,19.355,37.497,17.634,3.0,SOFT,True,301.0,255.0,306.0,305.0,19.2,27.0,94.0,924.2,1.1,0.0,71.857,75.868,75.236,1,1,0
2022,21,GRANDE PRÊMIO DE SÃO PAULO,OCO,Alpine,Q1,74.663,6.0,18.832,38.019,17.812,4.0,SOFT,True,304.0,244.0,304.0,298.0,19.2,27.0,94.0,924.2,1.1,0.0,72.705,74.604,76.097,1,1,0
2022,21,GRANDE PRÊMIO DE SÃO PAULO,SAI,Ferrari,Q1,74.68,5.0,19.082,37.905,17.693,3.0,SOFT,True,304.0,253.0,309.0,305.0,19.2,27.0,94.0,924.2,1.1,0.0,72.039,75.856,74.522,1,1,0
2022,21,GRANDE PRÊMIO DE SÃO PAULO,RIC,McLaren,Q1,74.931,14.0,18.987,38.149,17.795,5.0,SOFT,True,302.0,251.0,302.0,304.0,19.2,27.0,94.0,924.2,1.1,0.0,73.359,75.994,75.385,1,1,0
2022,21,GRANDE PRÊMIO DE SÃO PAULO,LAT,Williams,Q1,75.095,16.0,18.915,38.45,17.73,6.0,SOFT,True,310.0,242.0,308.0,308.0,19.2,27.0,94.0,924.2,1.1,0.0,73.019,76.181,76.525,1,1,0
2022,21,GRANDE PRÊMIO DE SÃO PAULO,ZHO,Kick Sauber,Q1,75.197,17.0,19.43,38.004,17.763,3.0,SOFT,True,303.0,255.0,299.0,295.0,19.2,27.0,94.0,924.2,1.1,0.0,73.115,76.468,75.765,1,1,0
2022,21,GRANDE PRÊMIO DE SÃO PAULO,BOT,Kick Sauber,Q1,75.486,18.0,19.029,38.574,17.883,3.0,SOFT,True,293.0,249.0,299.0,300.0,19.2,27.0,94.0,924.2,1.1,0.0,72.466,76.047,75.98,1,1,0
2022,21,GRANDE PRÊMIO DE SÃO PAULO,TSU,Racing Bulls,Q1,76.264,19.0,19.316,39.221,17.727,3.0,SOFT,True,304.0,244.0,300.0,300.0,19.2,27.0,94.0,924.2,1.1,0.0,73.347,75.865,76.413,1,1,0
2022,21,GRANDE PRÊMIO DE SÃO PAULO,MSC,Haas F1 Team,Q1,76.361,20.0,19.272,38.906,18.183,3.0,SOFT,True,303.0,238.0,300.0,299.0,19.2,27.0,94.0,924.2,1.1,0.0,72.314,75.684,75.771,1,1,0
2022,21,GRANDE PRÊMIO DE SÃO PAULO,VER,Red Bull Racing,Q2,70.881,2.0,18.093,35.772,17.016,2.0,SOFT,True,325.0,263.0,326.0,330.0,19.2,27.0,94.0,924.2,1.1,0.0,71.861,75.098,74.507,1,2,0
2022,21,GRANDE PRÊMIO DE SÃO PAULO,SAI,Ferrari,Q2,70.89,5.0,18.087,35.787,17.016,3.0,SOFT,True,320.0,260.0,320.0,322.0,19.2,27.0,94.0,924.2,1.1,0.0,72.039,75.856,74.522,1,2,0
2022,21,GRANDE PRÊMIO DE SÃO PAULO,LEC,Ferrari,Q2,70.95,10.0,18.381,35.591,16.978,2.0,SOFT,True,320.0,266.0,320.0,319.0,19.2,27.0,94.0,924.2,1.1,0.0,71.857,75.868,75.236,1,2,0
2022,21,GRANDE PRÊMIO DE SÃO PAULO,RUS,Mercedes,Q2,71.318,3.0,18.293,36.092,16.933,5.0,SOFT,True,317.0,259.0,319.0,320.0,19.2,27.0,94.0,924.2,1.1,0.0,72.055,74.916,74.233,1,2,0
2022,21,GRANDE PRÊMIO DE SÃO PAULO,NOR,McLaren,Q2,71.377,4.0,18.274,36.066,17.037,2.0,SOFT,True,322.0,260.0,319.0,326.0,19.2,27.0,94.0,924.2,1.1,0.0,72.955,75.851,75.38,1,2,0
2022,21,GRANDE PRÊMIO DE SÃO PAULO,ALO,Alpine,Q2,71.394,7.0,18.224,36.136,17.034,4.0,SOFT,True,321.0,260.0,329.0,327.0,19.2,27.0,94.0,924.2,1.1,0.0,72.554,75.049,74.764,1,2,0
2022,21,GRANDE PRÊMIO DE SÃO PAULO,MAG,Haas F1 Team,Q2,71.41,1.0,18.166,36.152,17.092,4.0,SOFT,True,320.0,260.0,318.0,323.0,19.2,27.0,94.0,924.2,1.1,0.0,72.997,75.815,75.11,1,2,0
2022,21,GRANDE PRÊMIO DE SÃO PAULO,PER,Red Bull Racing,Q2,71.456,9.0,18.222,36.255,16.979,2.0,SOFT,True,325.0,260.0,327.0,332.0,19.2,27.0,94.0,924.2,1.1,0.0,71.853,74.788,74.699,1,2,0
2022,21,GRANDE PRÊMIO DE SÃO PAULO,HAM,Mercedes,Q2,71.539,8.0,18.328,36.173,17.038,2.0,SOFT,True,317.0,260.0,317.0,320.0,19.2,27.0,94.0,924.2,1.1,0.0,72.04,75.137,74.317,1,2,0
2022,21,GRANDE PRÊMIO DE SÃO PAULO,OCO,Alpine,Q2,71.587,6.0,18.394,36.1,17.093,2.0,SOFT,True,322.0,259.0,321.0,326.0,19.2,27.0,94.0,924.2,1.1,0.0,72.705,74.604,76.097,1,2,0
2022,21,GRANDE PRÊMIO DE SÃO PAULO,ALB,Williams,Q2,71.631,11.0,18.421,36.316,16.894,2.0,SOFT,True,325.0,254.0,329.0,318.0,19.2,27.0,94.0,924.2,1.1,0.0,72.633,,75.998,1,2,0
2022,21,GRANDE PRÊMIO DE SÃO PAULO,GAS,Racing Bulls,Q2,71.675,12.0,18.281,36.531,16.863,3.0,SOFT,True,323.0,261.0,322.0,329.0,19.2,27.0,94.0,924.2,1.1,0.0,72.467,75.636,75.29,1,2,0
2022,21,GRANDE PRÊMIO DE SÃO PAULO,VET,Aston Martin,Q2,71.678,13.0,18.212,36.318,17.148,3.0,SOFT,True,318.0,258.0,317.0,321.0,19.2,27.0,94.0,924.2,1.1,0.0,72.157,76.4,75.451,1,2,0
2022,21,GRANDE PRÊMIO DE SÃO PAULO,RIC,McLaren,Q2,72.14,14.0,18.388,36.607,17.145,4.0,SOFT,True,319.0,256.0,319.0,326.0,19.2,27.0,94.0,924.2,1.1,0.0,73.359,75.994,75.385,1,2,0
2022,21,GRANDE PRÊMIO DE SÃO PAULO,STR,Aston Martin,Q2,72.21,15.0,18.412,36.585,17.213,4.0,SOFT,True,316.0,259.0,317.0,321.0,19.2,27.0,94.0,924.2,1.1,0.0,72.759,76.263,75.425,1,2,0
2022,21,GRANDE PRÊMIO DE SÃO PAULO,MAG,Haas F1 Team,Q3,71.674,1.0,18.41,36.29,16.974,2.0,SOFT,True,319.0,261.0,319.0,317.0,19.2,27.0,94.0,924.2,1.1,0.0,72.997,75.815,75.11,1,3,0
2022,21,GRANDE PRÊMIO DE SÃO PAULO,VER,Red Bull Racing,Q3,71.877,2.0,18.331,36.607,16.939,2.0,SOFT,True,323.0,260.0,324.0,327.0,19.2,27.0,94.0,924.2,1.1,0.0,71.861,75.098,74.507,1,3,0
2022,21,GRANDE PRÊMIO DE SÃO PAULO,RUS,Mercedes,Q3,72.059,3.0,18.712,36.161,17.186,2.0,SOFT,True,316.0,257.0,318.0,320.0,19.2,27.0,94.0,924.2,1.1,0.0,72.055,74.916,74.233,1,3,0
2022,21,GRANDE PRÊMIO DE SÃO PAULO,NOR,McLaren,Q3,72.263,4.0,18.55,36.643,17.07,2.0,SOFT,True,320.0,258.0,318.0,323.0,19.2,27.0,94.0,924.2,1.1,0.0,72.955,75.851,75.38,1,3,0
2022,21,GRANDE PRÊMIO DE SÃO PAULO,SAI,Ferrari,Q3,72.357,5.0,18.808,36.371,17.178,2.0,SOFT,True,316.0,255.0,317.0,318.0,19.2,27.0,94.0,924.2,1.1,0.0,72.039,75.856,74.522,1,3,0
2022,21,GRANDE PRÊMIO DE SÃO PAULO,OCO,Alpine,Q3,72.425,6.0,18.673,36.605,17.147,2.0,SOFT,True,320.0,257.0,321.0,323.0,19.2,27.0,94.0,924.2,1.1,0.0,72.705,74.604,76.097,1,3,0
2022,21,GRANDE PRÊMIO DE SÃO PAULO,ALO,Alpine,Q3,72.504,7.0,18.909,36.462,17.133,2.0,SOFT,True,320.0,257.0,322.0,297.0,19.2,27.0,94.0,924.2,1.1,0.0,72.554,75.049,74.764,1,3,0
2022,21,GRANDE PRÊMIO DE SÃO PAULO,HAM,Mercedes,Q3,72.611,8.0,18.776,36.748,17.087,2.0,SOFT,True,320.0,251.0,319.0,322.0,19.2,27.0,94.0,924.2,1.1,0.0,72.04,75.137,74.317,1,3,0
2022,21,GRANDE PRÊMIO DE SÃO PAULO,PER,Red Bull Racing,Q3,75.601,9.0,18.831,39.043,17.727,2.0,SOFT,True,330.0,231.0,324.0,299.0,19.2,27.0,94.0,924.2,1.1,0.0,71.853,74.788,74.699,1,3,0
2022,21,GRANDE PRÊMIO DE SÃO PAULO,LEC,Ferrari,Q3,80.329,10.0,18.957,38.972,22.4,2.0,INTERMEDIATE,True,315.0,249.0,,316.0,19.2,27.0,94.0,924.2,1.1,0.0,71.857,75.868,75.236,1,3,0
2022,22,ABU DHABI GRAND PRIX,VER,Red Bull Racing,Q1,84.754,1.0,17.354,36.456,30.944,2.0,SOFT,True,290.0,322.0,217.0,329.0,28.8,33.4,70.0,1014.7,1.6,0.0,,85.146,85.134,0,1,0
2022,22,ABU DHABI GRAND PRIX,PER,Red Bull Racing,Q1,84.82,2.0,17.437,36.442,30.941,2.0,SOFT,True,291.0,323.0,217.0,329.0,28.8,33.4,70.0,1014.7,1.6,0.0,86.967,85.852,84.982,0,1,0
2022,22,ABU DHABI GRAND PRIX,SAI,Ferrari,Q1,85.09,4.0,17.508,36.601,30.981,3.0,SOFT,True,290.0,320.0,219.0,323.0,28.8,33.4,70.0,1014.7,1.6,0.0,,85.932,85.605,0,1,0
2022,22,ABU DHABI GRAND PRIX,LEC,Ferrari,Q1,85.211,3.0,17.487,36.603,31.121,2.0,SOFT,True,290.0,319.0,220.0,325.0,28.8,33.4,70.0,1014.7,1.6,0.0,86.888,85.599,85.571,0,1,0
2022,22,ABU DHABI GRAND PRIX,NOR,McLaren,Q1,85.387,7.0,17.614,36.738,31.035,5.0,SOFT,False,286.0,315.0,216.0,317.0,28.8,33.4,70.0,1014.7,1.6,0.0,,86.377,85.518,0,1,0
2022,22,ABU DHABI GRAND PRIX,VET,Aston Martin,Q1,85.523,9.0,17.532,36.872,31.119,2.0,SOFT,True,286.0,311.0,218.0,312.0,28.8,33.4,70.0,1014.7,1.6,0.0,87.268,86.395,86.012,0,1,0
2022,22,ABU DHABI GRAND PRIX,RUS,Mercedes,Q1,85.545,6.0,17.584,36.713,31.248,2.0,SOFT,True,284.0,316.0,218.0,317.0,28.8,33.4,70.0,1014.7,1.6,0.0,86.853,85.487,85.395,0,1,0
2022,22,ABU DHABI GRAND PRIX,HAM,Mercedes,Q1,85.594,5.0,17.621,36.872,31.101,2.0,SOFT,True,287.0,317.0,216.0,318.0,28.8,33.4,70.0,1014.7,1.6,0.0,86.633,85.761,85.222,0,1,0
2022,22,ABU DHABI GRAND PRIX,ZHO,Kick Sauber,Q1,85.594,15.0,17.633,36.805,31.156,2.0,SOFT,True,284.0,316.0,216.0,321.0,28.8,33.4,70.0,1014.7,1.6,0.0,,86.479,86.482,0,1,0
2022,22,ABU DHABI GRAND PRIX,TSU,Racing Bulls,Q1,85.63,12.0,17.714,36.593,31.323,2.0,SOFT,True,289.0,323.0,217.0,328.0,28.8,33.4,70.0,1014.7,1.6,0.0,87.991,86.68,86.17,0,1,0
2022,22,ABU DHABI GRAND PRIX,MSC,Haas F1 Team,Q1,85.711,13.0,17.79,36.727,31.194,2.0,SOFT,True,286.0,318.0,217.0,323.0,28.8,33.4,70.0,1014.7,1.6,0.0,,86.839,86.473,0,1,0
2022,22,ABU DHABI GRAND PRIX,OCO,Alpine,Q1,85.735,8.0,17.65,36.882,31.203,2.0,SOFT,True,289.0,317.0,219.0,323.0,28.8,33.4,70.0,1014.7,1.6,0.0,87.891,86.038,86.073,0,1,0
2022,22,ABU DHABI GRAND PRIX,STR,Aston Martin,Q1,85.741,14.0,17.642,36.883,31.216,2.0,SOFT,True,285.0,313.0,217.0,314.0,28.8,33.4,70.0,1014.7,1.6,0.0,,86.547,86.298,0,1,0
2022,22,ABU DHABI GRAND PRIX,RIC,McLaren,Q1,85.766,10.0,17.934,36.67,31.162,2.0,SOFT,True,287.0,319.0,214.0,318.0,28.8,33.4,70.0,1014.7,1.6,0.0,87.619,86.124,85.95,0,1,0
2022,22,ABU DHABI GRAND PRIX,ALO,Alpine,Q1,85.782,11.0,17.6,37.025,31.157,2.0,SOFT,True,290.0,321.0,216.0,327.0,28.8,33.4,70.0,1014.7,1.6,0.0,,86.043,86.076,0,1,0
2022,22,ABU DHABI GRAND PRIX,MAG,Haas F1 Team,Q1,85.834,16.0,17.637,36.876,31.321,2.0,SOFT,True,289.0,319.0,212.0,325.0,28.8,33.4,70.0,1014.7,1.6,0.0,88.142,86.915,86.356,0,1,0
2022,22,ABU DHABI GRAND PRIX,GAS,Racing Bulls,Q1,85.859,17.0,17.559,36.854,31.446,2.0,SOFT,True,287.0,320.0,217.0,324.0,28.8,33.4,70.0,1014.7,1.6,0.0,87.845,87.036,86.239,0,1,0
2022,22,ABU DHABI GRAND PRIX,BOT,Kick Sauber,Q1,85.892,18.0,17.808,36.913,31.171,2.0,SOFT,True,286.0,316.0,219.0,321.0,28.8,33.4,70.0,1014.7,1.6,0.0,87.655,86.3,86.189,0,1,0
2022,22,ABU DHABI GRAND PRIX,ALB,Williams,Q1,86.028,19.0,17.561,36.708,31.759,2.0,SOFT,True,294.0,328.0,216.0,334.0,28.8,33.4,70.0,1014.7,1.6,0.0,87.84,86.75,86.051,0,1,0
2022,22,ABU DHABI GRAND PRIX,LAT,Williams,Q1,86.054,20.0,17.584,36.54,31.93,2.0,SOFT,True,294.0,325.0,218.0,330.0,28.8,33.4,70.0,1014.7,1.6,0.0,,87.262,86.646,0,1,0
2022,22,ABU DHABI GRAND PRIX,PER,Red Bull Racing,Q2,84.419,2.0,17.414,36.027,30.978,2.0,SOFT,True,291.0,326.0,219.0,331.0,28.8,33.4,70.0,1014.7,1.6,0.0,86.967,85.852,84.982,0,2,0
2022,22,ABU DHABI GRAND PRIX,LEC,Ferrari,Q2,84.517,3.0,17.316,36.382,30.819,2.0,SOFT,True,291.0,320.0,219.0,325.0,28.8,33.4,70.0,1014.7,1.6,0.0,86.888,85.599,85.571,0,2,0
2022,22,ABU DHABI GRAND PRIX,SAI,Ferrari,Q2,84.521,4.0,17.372,36.345,30.804,2.0,SOFT,True,290.0,319.0,219.0,324.0,28.8,33.4,70.0,1014.7,1.6,0.0,,85.932,85.605,0,2,0
2022,22,ABU DHABI GRAND PRIX,VER,Red Bull Racing,Q2,84.622,1.0,17.398,36.433,30.791,5.0,SOFT,False,289.0,323.0,219.0,328.0,28.8,33.4,70.0,1014.7,1.6,0.0,,85.146,85.134,0,2,0
2022,22,ABU DHABI GRAND PRIX,HAM,Mercedes,Q2,84.774,5.0,17.422,36.61,30.742,2.0,SOFT,True,286.0,314.0,217.0,317.0,28.8,33.4,70.0,1014.7,1.6,0.0,86.633,85.761,85.222,0,2,0
2022,22,ABU DHABI GRAND PRIX,NOR,McLaren,Q2,84.903,7.0,17.389,36.484,31.03,2.0,SOFT,True,286.0,319.0,217.0,322.0,28.8,33.4,70.0,1014.7,1.6,0.0,,86.377,85.518,0,2,0
2022,22,ABU DHABI GRAND PRIX,RUS,Mercedes,Q2,84.94,6.0,17.538,36.598,30.804,2.0,SOFT,True,285.0,316.0,218.0,319.0,28.8,33.4,70.0,1014.7,1.6,0.0,86.853,85.487,85.395,0,2,0
2022,22,ABU DHABI GRAND PRIX,VET,Aston Martin,Q2,84.974,9.0,17.391,36.511,31.072,2.0,SOFT,True,287.0,315.0,215.0,315.0,28.8,33.4,70.0,1014.7,1.6,0.0,87.268,86.395,86.012,0,2,0
2022,22,ABU DHABI GRAND PRIX,OCO,Alpine,Q2,85.007,8.0,17.584,36.543,30.88,2.0,SOFT,True,290.0,318.0,218.0,324.0,28.8,33.4,70.0,1014.7,1.6,0.0,87.891,86.038,86.073,0,2,0
2022,22,ABU DHABI GRAND PRIX,RIC,McLaren,Q2,85.068,10.0,17.522,36.542,31.004,2.0,SOFT,True,288.0,318.0,217.0,318.0,28.8,33.4,70.0,1014.7,1.6,0.0,87.619,86.124,85.95,0,2,0
2022,22,ABU DHABI GRAND PRIX,ALO,Alpine,Q2,85.096,11.0,17.321,36.722,31.053,2.0,SOFT,True,290.0,320.0,218.0,326.0,28.8,33.4,70.0,1014.7,1.6,0.0,,86.043,86.076,0,2,0
2022,22,ABU DHABI GRAND PRIX,TSU,Racing Bulls,Q2,85.219,12.0,17.466,36.639,31.114,2.0,SOFT,True,289.0,320.0,218.0,325.0,28.8,33.4,70.0,1014.7,1.6,0.0,87.991,86.68,86.17,0,2,0
2022,22,ABU DHABI GRAND PRIX,MSC,Haas F1 Team,Q2,85.225,13.0,17.536,36.513,31.176,2.0,SOFT,True,287.0,318.0,215.0,323.0,28.8,33.4,70.0,1014.7,1.6,0.0,,86.839,86.473,0,2,0
2022,22,ABU DHABI GRAND PRIX,STR,Aston Martin,Q2,85.359,14.0,17.486,36.729,31.144,2.0,SOFT,True,286.0,312.0,219.0,314.0,28.8,33.4,70.0,1014.7,1.6,0.0,,86.547,86.298,0,2,0
2022,22,ABU DHABI GRAND PRIX,ZHO,Kick Sauber,Q2,85.408,15.0,17.58,36.711,31.117,2.0,SOFT,True,285.0,315.0,216.0,322.0,28.8,33.4,70.0,1014.7,1.6,0.0,,86.479,86.482,0,2,0
2022,22,ABU DHABI GRAND PRIX,VER,Red Bull Racing,Q3,83.824,1.0,17.287,36.056,30.481,2.0,SOFT,True,290.0,323.0,220.0,327.0,28.8,33.4,70.0,1014.7,1.6,0.0,,85.146,85.134,0,3,0
2022,22,ABU DHABI GRAND PRIX,PER,Red Bull Racing,Q3,84.052,2.0,17.343,35.993,30.716,2.0,SOFT,True,291.0,325.0,217.0,330.0,28.8,33.4,70.0,1014.7,1.6,0.0,86.967,85.852,84.982,0,3,0
2022,22,ABU DHABI GRAND PRIX,LEC,Ferrari,Q3,84.092,3.0,17.298,36.318,30.476,2.0,SOFT,True,291.0,318.0,220.0,323.0,28.8,33.4,70.0,1014.7,1.6,0.0,86.888,85.599,85.571,0,3,0
2022,22,ABU DHABI GRAND PRIX,SAI,Ferrari,Q3,84.242,4.0,17.307,36.289,30.646,2.0,SOFT,True,290.0,321.0,219.0,324.0,28.8,33.4,70.0,1014.7,1.6,0.0,,85.932,85.605,0,3,0
2022,22,ABU DHABI GRAND PRIX,HAM,Mercedes,Q3,84.508,5.0,17.22,36.471,30.817,2.0,SOFT,True,287.0,315.0,220.0,318.0,28.8,33.4,70.0,1014.7,1.6,0.0,86.633,85.761,85.222,0,3,0
2022,22,ABU DHABI GRAND PRIX,RUS,Mercedes,Q3,84.511,6.0,17.39,36.51,30.611,2.0,SOFT,True,286.0,319.0,220.0,322.0,28.8,33.4,70.0,1014.7,1.6,0.0,86.853,85.487,85.395,0,3,0
2022,22,ABU DHABI GRAND PRIX,NOR,McLaren,Q3,84.769,7.0,17.421,36.498,30.85,2.0,SOFT,True,286.0,319.0,217.0,321.0,28.8,33.4,70.0,1014.7,1.6,0.0,,86.377,85.518,0,3,0
2022,22,ABU DHABI GRAND PRIX,OCO,Alpine,Q3,84.83,8.0,17.468,36.49,30.872,2.0,SOFT,True,289.0,318.0,219.0,323.0,28.8,33.4,70.0,1014.7,1.6,0.0,87.891,86.038,86.073,0,3,0
2022,22,ABU DHABI GRAND PRIX,VET,Aston Martin,Q3,84.961,9.0,17.411,36.723,30.827,2.0,SOFT,True,285.0,314.0,218.0,313.0,28.8,33.4,70.0,1014.7,1.6,0.0,87.268,86.395,86.012,0,3,0
2022,22,ABU DHABI GRAND PRIX,RIC,McLaren,Q3,85.045,10.0,17.485,36.666,30.894,2.0,SOFT,True,287.0,314.0,218.0,317.0,28.8,33.4,70.0,1014.7,1.6,0.0,87.619,86.124,85.95,0,3,0
2023,1,BAHRAIN GRAND PRIX,SAI,Ferrari,Q1,90.993,4.0,28.887,39.206,22.9,2.0,SOFT,True,242.0,271.0,288.0,326.0,24.0,28.2,17.0,1017.7,0.6,0.0,96.072,91.956,92.945,0,1,0
2023,1,BAHRAIN GRAND PRIX,RUS,Mercedes,Q1,91.057,6.0,28.967,39.224,22.866,2.0,SOFT,True,242.0,271.0,289.0,320.0,24.0,28.2,17.0,1017.7,0.6,0.0,94.966,91.882,92.731,0,1,0
2023,1,BAHRAIN GRAND PRIX,LEC,Ferrari,Q1,91.094,3.0,29.099,39.134,22.861,2.0,SOFT,True,242.0,274.0,285.0,324.0,24.0,28.2,17.0,1017.7,0.6,0.0,94.257,91.367,92.624,0,1,0
2023,1,BAHRAIN GRAND PRIX,ALO,Aston Martin,Q1,91.158,5.0,29.259,39.038,22.861,2.0,SOFT,True,240.0,268.0,285.0,318.0,24.0,28.2,17.0,1017.7,0.6,0.0,93.196,90.907,92.34,0,1,0
2023,1,BAHRAIN GRAND PRIX,STR,Aston Martin,Q1,91.184,8.0,28.966,39.39,22.828,2.0,SOFT,True,242.0,268.0,287.0,318.0,24.0,28.2,17.0,1017.7,0.6,0.0,94.298,91.45,92.919,0,1,0
2023,1,BAHRAIN GRAND PRIX,HUL,Haas F1 Team,Q1,91.204,10.0,29.049,39.215,22.94,2.0,SOFT,True,241.0,270.0,284.0,318.0,24.0,28.2,17.0,1017.7,0.6,0.0,95.043,91.376,93.423,0,1,0
2023,1,BAHRAIN GRAND PRIX,VER,Red Bull Racing,Q1,91.295,1.0,29.152,39.195,22.948,3.0,SOFT,False,240.0,270.0,288.0,322.0,24.0,28.2,17.0,1017.7,0.6,0.0,93.375,91.076,92.345,0,1,0
2023,1,BAHRAIN GRAND PRIX,TSU,Racing Bulls,Q1,91.4,14.0,29.242,39.229,22.929,2.0,SOFT,True,239.0,270.0,290.0,316.0,24.0,28.2,17.0,1017.7,0.6,0.0,95.015,92.525,93.475,0,1,0
2023,1,BAHRAIN GRAND PRIX,ALB,Williams,Q1,91.461,15.0,29.25,39.224,22.987,2.0,SOFT,True,241.0,274.0,291.0,322.0,24.0,28.2,17.0,1017.7,0.6,0.0,96.018,92.44,93.882,0,1,0
2023,1,BAHRAIN GRAND PRIX,PER,Red Bull Racing,Q1,91.479,2.0,29.218,39.397,22.864,3.0,SOFT,False,240.0,270.0,288.0,324.0,24.0,28.2,17.0,1017.7,0.6,0.0,92.758,91.078,92.446,0,1,0
2023,1,BAHRAIN GRAND PRIX,BOT,Kick Sauber,Q1,91.504,12.0,29.198,39.32,22.986,2.0,SOFT,True,240.0,268.0,282.0,316.0,24.0,28.2,17.0,1017.7,0.6,0.0,94.689,91.793,93.629,0,1,0
2023,1,BAHRAIN GRAND PRIX,OCO,Alpine,Q1,91.508,9.0,29.221,39.356,22.931,2.0,SOFT,True,240.0,268.0,286.0,321.0,24.0,28.2,17.0,1017.7,0.6,0.0,95.105,91.608,93.116,0,1,0
2023,1,BAHRAIN GRAND PRIX,HAM,Mercedes,Q1,91.543,7.0,29.062,39.442,23.039,2.0,SOFT,True,244.0,271.0,286.0,321.0,24.0,28.2,17.0,1017.7,0.6,0.0,94.917,91.543,92.555,0,1,0
2023,1,BAHRAIN GRAND PRIX,ZHO,Kick Sauber,Q1,91.615,13.0,29.212,39.338,23.065,2.0,SOFT,True,239.0,269.0,286.0,317.0,24.0,28.2,17.0,1017.7,0.6,0.0,94.575,91.586,93.18,0,1,0
2023,1,BAHRAIN GRAND PRIX,NOR,McLaren,Q1,91.652,11.0,29.304,39.257,23.091,2.0,SOFT,True,241.0,269.0,286.0,318.0,24.0,28.2,17.0,1017.7,0.6,0.0,94.165,91.57,93.202,0,1,0
2023,1,BAHRAIN GRAND PRIX,SAR,Williams,Q1,91.652,16.0,29.352,39.343,22.957,2.0,SOFT,True,241.0,271.0,285.0,322.0,24.0,28.2,17.0,1017.7,0.6,0.0,95.749,92.749,93.665,0,1,0
2023,1,BAHRAIN GRAND PRIX,GAS,Alpine,Q1,91.818,20.0,29.247,39.412,23.159,2.0,SOFT,True,241.0,270.0,285.0,322.0,24.0,28.2,17.0,1017.7,0.6,0.0,95.455,91.475,93.064,0,1,0
2023,1,BAHRAIN GRAND PRIX,MAG,Haas F1 Team,Q1,91.892,17.0,29.428,39.369,23.095,2.0,SOFT,True,240.0,271.0,289.0,317.0,24.0,28.2,17.0,1017.7,0.6,0.0,94.402,92.11,93.381,0,1,0
2023,1,BAHRAIN GRAND PRIX,PIA,McLaren,Q1,92.101,18.0,29.561,39.454,23.086,2.0,SOFT,True,241.0,268.0,285.0,316.0,24.0,28.2,17.0,1017.7,0.6,0.0,94.997,92.024,93.045,0,1,0
2023,1,BAHRAIN GRAND PRIX,DEV,Racing Bulls,Q1,92.121,19.0,29.382,39.634,23.105,2.0,SOFT,True,240.0,270.0,285.0,315.0,24.0,28.2,17.0,1017.7,0.6,0.0,95.402,92.605,94.082,0,1,0
2023,1,BAHRAIN GRAND PRIX,LEC,Ferrari,Q2,90.282,3.0,28.884,38.729,22.669,2.0,SOFT,True,243.0,272.0,290.0,325.0,24.0,28.2,17.0,1017.7,0.6,0.0,94.257,91.367,92.624,0,2,0
2023,1,BAHRAIN GRAND PRIX,VER,Red Bull Racing,Q2,90.503,1.0,28.925,38.915,22.663,2.0,SOFT,True,240.0,270.0,288.0,323.0,24.0,28.2,17.0,1017.7,0.6,0.0,93.375,91.076,92.345,0,2,0
2023,1,BAHRAIN GRAND PRIX,RUS,Mercedes,Q2,90.507,6.0,28.845,39.046,22.616,2.0,SOFT,True,243.0,270.0,290.0,320.0,24.0,28.2,17.0,1017.7,0.6,0.0,94.966,91.882,92.731,0,2,0
2023,1,BAHRAIN GRAND PRIX,HAM,Mercedes,Q2,90.513,7.0,28.844,39.045,22.624,2.0,SOFT,True,242.0,270.0,289.0,322.0,24.0,28.2,17.0,1017.7,0.6,0.0,94.917,91.543,92.555,0,2,0
2023,1,BAHRAIN GRAND PRIX,SAI,Ferrari,Q2,90.515,4.0,28.78,39.032,22.703,2.0,SOFT,True,242.0,270.0,290.0,326.0,24.0,28.2,17.0,1017.7,0.6,0.0,96.072,91.956,92.945,0,2,0
2023,1,BAHRAIN GRAND PRIX,ALO,Aston Martin,Q2,90.645,5.0,29.012,38.987,22.646,2.0,SOFT,True,241.0,267.0,287.0,320.0,24.0,28.2,17.0,1017.7,0.6,0.0,93.196,90.907,92.34,0,2,0
2023,1,BAHRAIN GRAND PRIX,PER,Red Bull Racing,Q2,90.746,2.0,28.964,38.997,22.785,2.0,SOFT,True,240.0,270.0,288.0,323.0,24.0,28.2,17.0,1017.7,0.6,0.0,92.758,91.078,92.446,0,2,0
2023,1,BAHRAIN GRAND PRIX,HUL,Haas F1 Team,Q2,90.809,10.0,29.042,38.957,22.81,2.0,SOFT,True,241.0,270.0,286.0,317.0,24.0,28.2,17.0,1017.7,0.6,0.0,95.043,91.376,93.423,0,2,0
2023,1,BAHRAIN GRAND PRIX,OCO,Alpine,Q2,90.914,9.0,29.111,39.107,22.696,2.0,SOFT,True,241.0,269.0,287.0,320.0,24.0,28.2,17.0,1017.7,0.6,0.0,95.105,91.608,93.116,0,2,0
2023,1,BAHRAIN GRAND PRIX,STR,Aston Martin,Q2,91.127,8.0,29.038,39.302,22.787,2.0,SOFT,True,242.0,267.0,280.0,320.0,24.0,28.2,17.0,1017.7,0.6,0.0,94.298,91.45,92.919,0,2,0
2023,1,BAHRAIN GRAND PRIX,NOR,McLaren,Q2,91.381,11.0,29.235,39.21,22.936,2.0,SOFT,True,240.0,267.0,286.0,320.0,24.0,28.2,17.0,1017.7,0.6,0.0,94.165,91.57,93.202,0,2,0
2023,1,BAHRAIN GRAND PRIX,BOT,Kick Sauber,Q2,91.443,12.0,29.235,39.327,22.881,5.0,SOFT,False,240.0,268.0,280.0,318.0,24.0,28.2,17.0,1017.7,0.6,0.0,94.689,91.793,93.629,0,2,0
2023,1,BAHRAIN GRAND PRIX,ZHO,Kick Sauber,Q2,91.473,13.0,29.041,39.427,23.005,2.0,SOFT,True,240.0,267.0,286.0,318.0,24.0,28.2,17.0,1017.7,0.6,0.0,94.575,91.586,93.18,0,2,0
2023,1,BAHRAIN GRAND PRIX,TSU,Racing Bulls,Q2,92.51,14.0,29.54,39.859,23.111,5.0,SOFT,False,238.0,268.0,287.0,320.0,24.0,28.2,17.0,1017.7,0.6,0.0,95.015,92.525,93.475,0,2,0
2023,1,BAHRAIN GRAND PRIX,ALB,Williams,Q2,125.534,15.0,30.014,59.6,35.92,2.0,SOFT,True,227.0,159.0,,322.0,24.0,28.2,17.0,1017.7,0.6,0.0,96.018,92.44,93.882,0,2,0
2023,1,BAHRAIN GRAND PRIX,VER,Red Bull Racing,Q3,89.708,1.0,28.736,38.514,22.458,2.0,SOFT,False,241.0,271.0,288.0,321.0,24.0,28.2,17.0,1017.7,0.6,0.0,93.375,91.076,92.345,0,3,0
2023,1,BAHRAIN GRAND PRIX,PER,Red Bull Racing,Q3,89.846,2.0,28.723,38.537,22.586,2.0,SOFT,False,241.0,271.0,288.0,324.0,24.0,28.2,17.0,1017.7,0.6,0.0,92.758,91.078,92.446,0,3,0
2023,1,BAHRAIN GRAND PRIX,LEC,Ferrari,Q3,90.0,3.0,28.825,38.614,22.561,2.0,SOFT,True,243.0,273.0,289.0,322.0,24.0,28.2,17.0,1017.7,0.6,0.0,94.257,91.367,92.624,0,3,0
2023,1,BAHRAIN GRAND PRIX,SAI,Ferrari,Q3,90.154,4.0,28.739,38.7,22.715,2.0,SOFT,False,243.0,270.0,288.0,323.0,24.0,28.2,17.0,1017.7,0.6,0.0,96.072,91.956,92.945,0,3,0
2023,1,BAHRAIN GRAND PRIX,ALO,Aston Martin,Q3,90.336,5.0,28.852,38.774,22.71,2.0,SOFT,True,242.0,267.0,284.0,317.0,24.0,28.2,17.0,1017.7,0.6,0.0,93.196,90.907,92.34,0,3,0
2023,1,BAHRAIN GRAND PRIX,RUS,Mercedes,Q3,90.34,6.0,28.911,38.87,22.559,2.0,SOFT,True,244.0,270.0,288.0,317.0,24.0,28.2,17.0,1017.7,0.6,0.0,94.966,91.882,92.731,0,3,0
2023,1,BAHRAIN GRAND PRIX,HAM,Mercedes,Q3,90.384,7.0,28.939,38.829,22.616,2.0,SOFT,True,242.0,271.0,288.0,319.0,24.0,28.2,17.0,1017.7,0.6,0.0,94.917,91.543,92.555,0,3,0
2023,1,BAHRAIN GRAND PRIX,STR,Aston Martin,Q3,90.836,8.0,29.033,39.07,22.733,2.0,SOFT,True,243.0,266.0,285.0,317.0,24.0,28.2,17.0,1017.7,0.6,0.0,94.298,91.45,92.919,0,3,0
2023,1,BAHRAIN GRAND PRIX,OCO,Alpine,Q3,90.984,9.0,29.026,39.104,22.854,2.0,SOFT,False,242.0,270.0,286.0,320.0,24.0,28.2,17.0,1017.7,0.6,0.0,95.105,91.608,93.116,0,3,0
2023,1,BAHRAIN GRAND PRIX,HUL,Haas F1 Team,Q3,91.055,10.0,29.132,39.069,22.854,2.0,SOFT,True,242.0,270.0,286.0,315.0,24.0,28.2,17.0,1017.7,0.6,0.0,95.043,91.376,93.423,0,3,0
2023,2,SAUDI ARABIAN GRAND PRIX,VER,Red Bull Racing,Q1,88.761,15.0,32.268,28.188,28.305,2.0,SOFT,True,293.0,331.0,311.0,337.0,27.0,31.7,45.0,1010.5,1.6,0.0,89.617,89.603,88.485,0,1,0
2023,2,SAUDI ARABIAN GRAND PRIX,PER,Red Bull Racing,Q1,89.244,1.0,32.699,28.193,28.352,6.0,SOFT,False,292.0,329.0,308.0,334.0,27.0,31.7,45.0,1010.5,1.6,0.0,90.1,89.902,89.098,0,1,0
2023,2,SAUDI ARABIAN GRAND PRIX,ALO,Aston Martin,Q1,89.298,3.0,32.48,28.185,28.633,6.0,SOFT,True,290.0,320.0,300.0,327.0,27.0,31.7,45.0,1010.5,1.6,0.0,90.315,89.811,89.483,0,1,0
2023,2,SAUDI ARABIAN GRAND PRIX,STR,Aston Martin,Q1,89.335,6.0,32.276,28.39,28.669,6.0,SOFT,True,292.0,319.0,299.0,321.0,27.0,31.7,45.0,1010.5,1.6,0.0,90.577,90.11,89.509,0,1,0
2023,2,SAUDI ARABIAN GRAND PRIX,LEC,Ferrari,Q1,89.376,2.0,32.544,28.337,28.495,4.0,SOFT,True,289.0,327.0,305.0,331.0,27.0,31.7,45.0,1010.5,1.6,0.0,91.118,90.341,89.588,0,1,0
2023,2,SAUDI ARABIAN GRAND PRIX,SAI,Ferrari,Q1,89.411,5.0,32.645,28.294,28.472,8.0,SOFT,True,290.0,327.0,306.0,332.0,27.0,31.7,45.0,1010.5,1.6,0.0,90.924,90.592,89.761,0,1,0
2023,2,SAUDI ARABIAN GRAND PRIX,HUL,Haas F1 Team,Q1,89.547,11.0,32.706,28.312,28.529,4.0,SOFT,True,291.0,328.0,304.0,333.0,27.0,31.7,45.0,1010.5,1.6,0.0,91.552,90.181,89.933,0,1,0
2023,2,SAUDI ARABIAN GRAND PRIX,RUS,Mercedes,Q1,89.592,4.0,32.581,28.305,28.706,4.0,SOFT,True,290.0,321.0,302.0,328.0,27.0,31.7,45.0,1010.5,1.6,0.0,90.771,90.07,89.811,0,1,0
2023,2,SAUDI ARABIAN GRAND PRIX,ZHO,Kick Sauber,Q1,89.654,12.0,32.633,28.436,28.585,4.0,SOFT,True,289.0,322.0,298.0,328.0,27.0,31.7,45.0,1010.5,1.6,0.0,91.986,90.837,89.917,0,1,0
2023,2,SAUDI ARABIAN GRAND PRIX,HAM,Mercedes,Q1,89.689,8.0,32.573,28.392,28.724,4.0,SOFT,True,289.0,322.0,301.0,327.0,27.0,31.7,45.0,1010.5,1.6,0.0,90.787,90.599,89.568,0,1,0
2023,2,SAUDI ARABIAN GRAND PRIX,PIA,McLaren,Q1,89.706,9.0,32.645,28.401,28.66,4.0,SOFT,True,290.0,320.0,301.0,319.0,27.0,31.7,45.0,1010.5,1.6,0.0,91.491,90.964,89.698,0,1,0
2023,2,SAUDI ARABIAN GRAND PRIX,OCO,Alpine,Q1,89.707,7.0,32.613,28.393,28.701,7.0,SOFT,True,290.0,320.0,306.0,325.0,27.0,31.7,45.0,1010.5,1.6,0.0,91.181,90.039,89.953,0,1,0
2023,2,SAUDI ARABIAN GRAND PRIX,SAR,Williams,Q1,89.721,20.0,32.779,28.335,28.607,2.0,SOFT,True,293.0,325.0,302.0,332.0,27.0,31.7,45.0,1010.5,1.6,0.0,91.922,90.959,90.035,0,1,0
2023,2,SAUDI ARABIAN GRAND PRIX,MAG,Haas F1 Team,Q1,89.744,13.0,32.69,28.387,28.667,2.0,SOFT,True,289.0,328.0,308.0,335.0,27.0,31.7,45.0,1010.5,1.6,0.0,91.566,90.82,90.131,0,1,0
2023,2,SAUDI ARABIAN GRAND PRIX,GAS,Alpine,Q1,89.89,10.0,32.726,28.573,28.591,7.0,SOFT,True,287.0,316.0,303.0,328.0,27.0,31.7,45.0,1010.5,1.6,0.0,90.949,90.1,89.701,0,1,0
2023,2,SAUDI ARABIAN GRAND PRIX,BOT,Kick Sauber,Q1,89.929,14.0,32.75,28.478,28.701,4.0,SOFT,True,289.0,321.0,299.0,328.0,27.0,31.7,45.0,1010.5,1.6,0.0,91.97,91.052,90.317,0,1,0
2023,2,SAUDI ARABIAN GRAND PRIX,TSU,Racing Bulls,Q1,89.939,16.0,32.665,28.598,28.676,4.0,SOFT,True,289.0,322.0,300.0,326.0,27.0,31.7,45.0,1010.5,1.6,0.0,91.11,90.776,90.797,0,1,0
2023,2,SAUDI ARABIAN GRAND PRIX,ALB,Williams,Q1,89.994,17.0,32.811,28.333,28.85,4.0,SOFT,True,291.0,326.0,302.0,331.0,27.0,31.7,45.0,1010.5,1.6,0.0,91.03,90.81,89.983,0,1,0
2023,2,SAUDI ARABIAN GRAND PRIX,DEV,Racing Bulls,Q1,90.244,18.0,32.774,28.451,29.019,4.0,SOFT,True,288.0,322.0,293.0,316.0,27.0,31.7,45.0,1010.5,1.6,0.0,91.45,90.921,,0,1,0
2023,2,SAUDI ARABIAN GRAND PRIX,NOR,McLaren,Q1,90.447,19.0,32.845,28.718,28.884,2.0,SOFT,True,285.0,313.0,300.0,315.0,27.0,31.7,45.0,1010.5,1.6,0.0,92.149,90.721,89.69,0,1,0
2023,2,SAUDI ARABIAN GRAND PRIX,PER,Red Bull Racing,Q2,88.635,1.0,32.222,28.147,28.266,5.0,SOFT,False,293.0,331.0,310.0,335.0,27.0,31.7,45.0,1010.5,1.6,0.0,90.1,89.902,89.098,0,2,0
2023,2,SAUDI ARABIAN GRAND PRIX,ALO,Aston Martin,Q2,88.757,3.0,32.176,28.074,28.507,2.0,SOFT,True,292.0,320.0,300.0,326.0,27.0,31.7,45.0,1010.5,1.6,0.0,90.315,89.811,89.483,0,2,0
2023,2,SAUDI ARABIAN GRAND PRIX,LEC,Ferrari,Q2,88.903,2.0,32.355,28.197,28.351,4.0,SOFT,True,289.0,325.0,298.0,329.0,27.0,31.7,45.0,1010.5,1.6,0.0,91.118,90.341,89.588,0,2,0
2023,2,SAUDI ARABIAN GRAND PRIX,SAI,Ferrari,Q2,88.957,5.0,32.321,28.247,28.389,3.0,SOFT,True,289.0,326.0,304.0,331.0,27.0,31.7,45.0,1010.5,1.6,0.0,90.924,90.592,89.761,0,2,0
2023,2,SAUDI ARABIAN GRAND PRIX,STR,Aston Martin,Q2,88.962,6.0,32.21,28.218,28.534,4.0,SOFT,True,291.0,318.0,300.0,320.0,27.0,31.7,45.0,1010.5,1.6,0.0,90.577,90.11,89.509,0,2,0
2023,2,SAUDI ARABIAN GRAND PRIX,RUS,Mercedes,Q2,89.132,4.0,32.307,28.253,28.572,2.0,SOFT,True,290.0,323.0,301.0,327.0,27.0,31.7,45.0,1010.5,1.6,0.0,90.771,90.07,89.811,0,2,0
2023,2,SAUDI ARABIAN GRAND PRIX,OCO,Alpine,Q2,89.255,7.0,32.262,28.357,28.636,3.0,SOFT,True,289.0,320.0,304.0,326.0,27.0,31.7,45.0,1010.5,1.6,0.0,91.181,90.039,89.953,0,2,0
2023,2,SAUDI ARABIAN GRAND PRIX,HAM,Mercedes,Q2,89.374,8.0,32.581,28.304,28.489,2.0,SOFT,True,288.0,325.0,299.0,328.0,27.0,31.7,45.0,1010.5,1.6,0.0,90.787,90.599,89.568,0,2,0
2023,2,SAUDI ARABIAN GRAND PRIX,PIA,McLaren,Q2,89.378,9.0,32.493,28.307,28.578,4.0,SOFT,True,287.0,317.0,300.0,319.0,27.0,31.7,45.0,1010.5,1.6,0.0,91.491,90.964,89.698,0,2,0
2023,2,SAUDI ARABIAN GRAND PRIX,GAS,Alpine,Q2,89.411,10.0,32.392,28.446,28.573,3.0,SOFT,True,289.0,317.0,303.0,328.0,27.0,31.7,45.0,1010.5,1.6,0.0,90.949,90.1,89.701,0,2,0
2023,2,SAUDI ARABIAN GRAND PRIX,HUL,Haas F1 Team,Q2,89.451,11.0,32.657,28.239,28.555,3.0,SOFT,True,291.0,330.0,307.0,334.0,27.0,31.7,45.0,1010.5,1.6,0.0,91.552,90.181,89.933,0,2,0
2023,2,SAUDI ARABIAN GRAND PRIX,ZHO,Kick Sauber,Q2,89.461,12.0,32.628,28.302,28.531,4.0,SOFT,True,289.0,321.0,303.0,330.0,27.0,31.7,45.0,1010.5,1.6,0.0,91.986,90.837,89.917,0,2,0
2023,2,SAUDI ARABIAN GRAND PRIX,MAG,Haas F1 Team,Q2,89.517,13.0,32.601,28.364,28.552,3.0,SOFT,True,289.0,328.0,302.0,332.0,27.0,31.7,45.0,1010.5,1.6,0.0,91.566,90.82,90.131,0,2,0
2023,2,SAUDI ARABIAN GRAND PRIX,BOT,Kick Sauber,Q2,89.668,14.0,32.591,28.533,28.544,4.0,SOFT,True,287.0,320.0,303.0,328.0,27.0,31.7,45.0,1010.5,1.6,0.0,91.97,91.052,90.317,0,2,0
2023,2,SAUDI ARABIAN GRAND PRIX,VER,Red Bull Racing,Q2,109.953,15.0,39.578,38.283,32.092,2.0,SOFT,True,221.0,265.0,310.0,291.0,27.0,31.7,45.0,1010.5,1.6,0.0,89.617,89.603,88.485,0,2,0
2023,2,SAUDI ARABIAN GRAND PRIX,PER,Red Bull Racing,Q3,88.265,1.0,32.139,27.982,28.144,2.0,SOFT,True,294.0,330.0,307.0,337.0,27.0,31.7,45.0,1010.5,1.6,0.0,90.1,89.902,89.098,0,3,0
2023,2,SAUDI ARABIAN GRAND PRIX,LEC,Ferrari,Q3,88.42,2.0,32.154,28.027,28.239,2.0,SOFT,True,290.0,327.0,306.0,331.0,27.0,31.7,45.0,1010.5,1.6,0.0,91.118,90.341,89.588,0,3,0
2023,2,SAUDI ARABIAN GRAND PRIX,ALO,Aston Martin,Q3,88.73,3.0,32.171,28.084,28.475,2.0,SOFT,True,291.0,318.0,297.0,325.0,27.0,31.7,45.0,1010.5,1.6,0.0,90.315,89.811,89.483,0,3,0
2023,2,SAUDI ARABIAN GRAND PRIX,RUS,Mercedes,Q3,88.857,4.0,32.231,28.161,28.465,2.0,SOFT,True,291.0,323.0,302.0,328.0,27.0,31.7,45.0,1010.5,1.6,0.0,90.771,90.07,89.811,0,3,0
2023,2,SAUDI ARABIAN GRAND PRIX,SAI,Ferrari,Q3,88.931,5.0,32.552,28.125,28.254,3.0,SOFT,True,290.0,323.0,302.0,329.0,27.0,31.7,45.0,1010.5,1.6,0.0,90.924,90.592,89.761,0,3,0
2023,2,SAUDI ARABIAN GRAND PRIX,STR,Aston Martin,Q3,88.945,6.0,32.068,28.137,28.74,4.0,SOFT,True,293.0,317.0,295.0,317.0,27.0,31.7,45.0,1010.5,1.6,0.0,90.577,90.11,89.509,0,3,0
2023,2,SAUDI ARABIAN GRAND PRIX,OCO,Alpine,Q3,89.078,7.0,32.301,28.3,28.477,3.0,SOFT,True,289.0,319.0,302.0,326.0,27.0,31.7,45.0,1010.5,1.6,0.0,91.181,90.039,89.953,0,3,0
2023,2,SAUDI ARABIAN GRAND PRIX,HAM,Mercedes,Q3,89.223,8.0,32.468,28.203,28.552,2.0,SOFT,True,290.0,322.0,296.0,326.0,27.0,31.7,45.0,1010.5,1.6,0.0,90.787,90.599,89.568,0,3,0
2023,2,SAUDI ARABIAN GRAND PRIX,PIA,McLaren,Q3,89.243,9.0,32.426,28.272,28.545,4.0,SOFT,True,287.0,313.0,299.0,316.0,27.0,31.7,45.0,1010.5,1.6,0.0,91.491,90.964,89.698,0,3,0
2023,2,SAUDI ARABIAN GRAND PRIX,GAS,Alpine,Q3,89.357,10.0,32.403,28.357,28.597,3.0,SOFT,True,289.0,320.0,303.0,325.0,27.0,31.7,45.0,1010.5,1.6,0.0,90.949,90.1,89.701,0,3,0
2023,3,AUSTRALIAN GRAND PRIX,VER,Red Bull Racing,Q1,77.384,1.0,26.94,17.462,32.982,8.0,SOFT,False,284.0,324.0,307.0,327.0,15.3,22.9,52.0,1019.0,1.2,0.0,78.79,79.502,77.565,0,1,0
2023,3,AUSTRALIAN GRAND PRIX,RUS,Mercedes,Q1,77.654,2.0,26.875,17.622,33.157,10.0,SOFT,False,283.0,316.0,305.0,320.0,15.3,22.9,52.0,1019.0,1.2,0.0,79.699,79.672,77.955,0,1,0
2023,3,AUSTRALIAN GRAND PRIX,HAM,Mercedes,Q1,77.689,3.0,27.052,17.679,32.958,8.0,SOFT,False,285.0,316.0,305.0,323.0,15.3,22.9,52.0,1019.0,1.2,0.0,79.223,80.323,78.138,0,1,0
2023,3,AUSTRALIAN GRAND PRIX,OCO,Alpine,Q1,77.77,11.0,27.14,17.587,33.043,7.0,SOFT,True,285.0,321.0,302.0,319.0,15.3,22.9,52.0,1019.0,1.2,0.0,80.175,79.725,77.938,0,1,0
2023,3,AUSTRALIAN GRAND PRIX,ALO,Aston Martin,Q1,77.832,4.0,26.852,17.67,33.31,6.0,SOFT,False,282.0,313.0,303.0,320.0,15.3,22.9,52.0,1019.0,1.2,0.0,79.317,78.887,77.727,0,1,0
2023,3,AUSTRALIAN GRAND PRIX,STR,Aston Martin,Q1,77.873,6.0,27.065,17.704,33.104,8.0,SOFT,True,280.0,315.0,303.0,322.0,15.3,22.9,52.0,1019.0,1.2,0.0,79.766,80.579,78.198,0,1,0
2023,3,AUSTRALIAN GRAND PRIX,SAI,Ferrari,Q1,77.928,5.0,27.059,17.718,33.151,9.0,SOFT,False,284.0,317.0,307.0,319.0,15.3,22.9,52.0,1019.0,1.2,0.0,79.505,79.695,78.127,0,1,0
2023,3,AUSTRALIAN GRAND PRIX,ALB,Williams,Q1,77.962,8.0,27.06,17.468,33.434,5.0,SOFT,True,288.0,319.0,308.0,325.0,15.3,22.9,52.0,1019.0,1.2,0.0,79.766,81.182,78.553,0,1,0
2023,3,AUSTRALIAN GRAND PRIX,HUL,Haas F1 Team,Q1,78.029,10.0,27.245,17.563,33.221,5.0,SOFT,True,285.0,323.0,307.0,322.0,15.3,22.9,52.0,1019.0,1.2,0.0,79.806,80.194,78.41,0,1,0
2023,3,AUSTRALIAN GRAND PRIX,MAG,Haas F1 Team,Q1,78.159,14.0,27.1,17.713,33.346,5.0,SOFT,True,285.0,321.0,301.0,320.0,15.3,22.9,52.0,1019.0,1.2,0.0,81.147,81.266,79.056,0,1,0
2023,3,AUSTRALIAN GRAND PRIX,LEC,Ferrari,Q1,78.218,7.0,27.208,17.691,33.319,7.0,SOFT,False,285.0,316.0,305.0,319.0,15.3,22.9,52.0,1019.0,1.2,0.0,79.378,79.332,78.691,0,1,0
2023,3,AUSTRALIAN GRAND PRIX,NOR,McLaren,Q1,78.243,13.0,27.265,17.841,33.137,8.0,SOFT,True,280.0,311.0,302.0,322.0,15.3,22.9,52.0,1019.0,1.2,0.0,79.536,80.176,79.146,0,1,0
2023,3,AUSTRALIAN GRAND PRIX,GAS,Alpine,Q1,78.312,9.0,27.167,17.638,33.507,7.0,SOFT,True,285.0,320.0,304.0,321.0,15.3,22.9,52.0,1019.0,1.2,0.0,79.646,80.206,78.094,0,1,0
2023,3,AUSTRALIAN GRAND PRIX,DEV,Racing Bulls,Q1,78.45,15.0,27.219,17.841,33.39,5.0,SOFT,True,282.0,315.0,303.0,320.0,15.3,22.9,52.0,1019.0,1.2,0.0,79.933,80.6,79.092,0,1,0
2023,3,AUSTRALIAN GRAND PRIX,TSU,Racing Bulls,Q1,78.471,12.0,27.095,17.923000000000002,33.453,5.0,SOFT,True,281.0,314.0,300.0,319.0,15.3,22.9,52.0,1019.0,1.2,0.0,80.399,80.22,78.901,0,1,0
2023,3,AUSTRALIAN GRAND PRIX,PIA,McLaren,Q1,78.517,16.0,27.289,17.865,33.363,7.0,SOFT,True,280.0,310.0,301.0,321.0,15.3,22.9,52.0,1019.0,1.2,0.0,79.777,80.38,78.713,0,1,0
2023,3,AUSTRALIAN GRAND PRIX,ZHO,Kick Sauber,Q1,78.54,17.0,27.348,17.828,33.364,5.0,SOFT,True,283.0,316.0,302.0,319.0,15.3,22.9,52.0,1019.0,1.2,0.0,80.569,80.47,78.33,0,1,0
2023,3,AUSTRALIAN GRAND PRIX,SAR,Williams,Q1,78.557,18.0,27.329,17.552,33.676,5.0,SOFT,True,286.0,322.0,306.0,325.0,15.3,22.9,52.0,1019.0,1.2,0.0,80.074,,78.947,0,1,0
2023,3,AUSTRALIAN GRAND PRIX,BOT,Kick Sauber,Q1,78.714,19.0,27.133,17.961,33.62,7.0,SOFT,True,283.0,314.0,305.0,317.0,15.3,22.9,52.0,1019.0,1.2,0.0,80.419,80.312,78.809,0,1,0
2023,3,AUSTRALIAN GRAND PRIX,PER,Red Bull Racing,Q1,100.187,20.0,35.024,19.208,45.955,1.0,SOFT,True,267.0,282.0,309.0,205.0,15.3,22.9,52.0,1019.0,1.2,0.0,79.293,80.083,78.123,0,1,0
2023,3,AUSTRALIAN GRAND PRIX,VER,Red Bull Racing,Q2,77.056,1.0,26.737,17.49,32.829,6.0,SOFT,False,283.0,320.0,309.0,327.0,15.3,22.9,52.0,1019.0,1.2,0.0,78.79,79.502,77.565,0,2,0
2023,3,AUSTRALIAN GRAND PRIX,ALO,Aston Martin,Q2,77.283,4.0,26.768,17.628,32.887,4.0,SOFT,True,284.0,310.0,303.0,320.0,15.3,22.9,52.0,1019.0,1.2,0.0,79.317,78.887,77.727,0,2,0
2023,3,AUSTRALIAN GRAND PRIX,SAI,Ferrari,Q2,77.349,5.0,26.79,17.608,32.951,3.0,SOFT,True,285.0,318.0,307.0,321.0,15.3,22.9,52.0,1019.0,1.2,0.0,79.505,79.695,78.127,0,2,0
2023,3,AUSTRALIAN GRAND PRIX,LEC,Ferrari,Q2,77.39,7.0,26.856,17.549,32.985,3.0,SOFT,True,284.0,319.0,306.0,323.0,15.3,22.9,52.0,1019.0,1.2,0.0,79.378,79.332,78.691,0,2,0
2023,3,AUSTRALIAN GRAND PRIX,HUL,Haas F1 Team,Q2,77.412,10.0,26.937,17.643,32.832,3.0,SOFT,True,286.0,321.0,308.0,322.0,15.3,22.9,52.0,1019.0,1.2,0.0,79.806,80.194,78.41,0,2,0
2023,3,AUSTRALIAN GRAND PRIX,RUS,Mercedes,Q2,77.513,2.0,26.894,17.608,33.011,9.0,SOFT,True,283.0,314.0,306.0,319.0,15.3,22.9,52.0,1019.0,1.2,0.0,79.699,79.672,77.955,0,2,0
2023,3,AUSTRALIAN GRAND PRIX,HAM,Mercedes,Q2,77.551,3.0,26.911,17.599,33.041,9.0,SOFT,True,282.0,316.0,306.0,321.0,15.3,22.9,52.0,1019.0,1.2,0.0,79.223,80.323,78.138,0,2,0
2023,3,AUSTRALIAN GRAND PRIX,GAS,Alpine,Q2,77.574,9.0,26.963,17.471,33.14,7.0,SOFT,True,285.0,326.0,306.0,323.0,15.3,22.9,52.0,1019.0,1.2,0.0,79.646,80.206,78.094,0,2,0
2023,3,AUSTRALIAN GRAND PRIX,STR,Aston Martin,Q2,77.616,6.0,26.958,17.591,33.067,2.0,SOFT,True,282.0,316.0,302.0,317.0,15.3,22.9,52.0,1019.0,1.2,0.0,79.766,80.579,78.198,0,2,0
2023,3,AUSTRALIAN GRAND PRIX,ALB,Williams,Q2,77.761,8.0,26.879,17.486,33.396,3.0,SOFT,True,286.0,320.0,306.0,324.0,15.3,22.9,52.0,1019.0,1.2,0.0,79.766,81.182,78.553,0,2,0
2023,3,AUSTRALIAN GRAND PRIX,OCO,Alpine,Q2,77.768,11.0,26.987,17.678,33.103,5.0,SOFT,True,285.0,319.0,306.0,319.0,15.3,22.9,52.0,1019.0,1.2,0.0,80.175,79.725,77.938,0,2,0
2023,3,AUSTRALIAN GRAND PRIX,TSU,Racing Bulls,Q2,78.099,12.0,26.996,17.86,33.243,3.0,SOFT,True,282.0,314.0,300.0,319.0,15.3,22.9,52.0,1019.0,1.2,0.0,80.399,80.22,78.901,0,2,0
2023,3,AUSTRALIAN GRAND PRIX,NOR,McLaren,Q2,78.119,13.0,27.11,17.716,33.293,6.0,SOFT,True,280.0,312.0,302.0,322.0,15.3,22.9,52.0,1019.0,1.2,0.0,79.536,80.176,79.146,0,2,0
2023,3,AUSTRALIAN GRAND PRIX,MAG,Haas F1 Team,Q2,78.129,14.0,26.959,17.743,33.427,3.0,SOFT,True,286.0,321.0,305.0,323.0,15.3,22.9,52.0,1019.0,1.2,0.0,81.147,81.266,79.056,0,2,0
2023,3,AUSTRALIAN GRAND PRIX,DEV,Racing Bulls,Q2,78.335,15.0,27.215,17.843,33.277,2.0,SOFT,True,282.0,314.0,301.0,318.0,15.3,22.9,52.0,1019.0,1.2,0.0,79.933,80.6,79.092,0,2,0
2023,3,AUSTRALIAN GRAND PRIX,VER,Red Bull Racing,Q3,76.732,1.0,26.574,17.456,32.702,2.0,SOFT,True,284.0,321.0,306.0,325.0,15.3,22.9,52.0,1019.0,1.2,0.0,78.79,79.502,77.565,0,3,0
2023,3,AUSTRALIAN GRAND PRIX,RUS,Mercedes,Q3,76.968,2.0,26.638,17.463,32.867,3.0,SOFT,True,284.0,315.0,304.0,322.0,15.3,22.9,52.0,1019.0,1.2,0.0,79.699,79.672,77.955,0,3,0
2023,3,AUSTRALIAN GRAND PRIX,HAM,Mercedes,Q3,77.104,3.0,26.748,17.519,32.837,3.0,SOFT,True,286.0,321.0,306.0,322.0,15.3,22.9,52.0,1019.0,1.2,0.0,79.223,80.323,78.138,0,3,0
2023,3,AUSTRALIAN GRAND PRIX,ALO,Aston Martin,Q3,77.139,4.0,26.648,17.563,32.928,3.0,SOFT,True,284.0,312.0,303.0,318.0,15.3,22.9,52.0,1019.0,1.2,0.0,79.317,78.887,77.727,0,3,0
2023,3,AUSTRALIAN GRAND PRIX,SAI,Ferrari,Q3,77.27,5.0,26.959,17.553,32.758,3.0,SOFT,True,285.0,319.0,304.0,319.0,15.3,22.9,52.0,1019.0,1.2,0.0,79.505,79.695,78.127,0,3,0
2023,3,AUSTRALIAN GRAND PRIX,STR,Aston Martin,Q3,77.308,6.0,26.846,17.601,32.861,5.0,SOFT,True,281.0,312.0,302.0,318.0,15.3,22.9,52.0,1019.0,1.2,0.0,79.766,80.579,78.198,0,3,0
2023,3,AUSTRALIAN GRAND PRIX,LEC,Ferrari,Q3,77.369,7.0,26.851,17.659,32.859,2.0,SOFT,True,285.0,318.0,305.0,321.0,15.3,22.9,52.0,1019.0,1.2,0.0,79.378,79.332,78.691,0,3,0
2023,3,AUSTRALIAN GRAND PRIX,ALB,Williams,Q3,77.609,8.0,26.959,17.459,33.191,5.0,SOFT,True,286.0,320.0,305.0,322.0,15.3,22.9,52.0,1019.0,1.2,0.0,79.766,81.182,78.553,0,3,0
2023,3,AUSTRALIAN GRAND PRIX,GAS,Alpine,Q3,77.675,9.0,26.846,17.652,33.177,5.0,SOFT,True,285.0,315.0,303.0,318.0,15.3,22.9,52.0,1019.0,1.2,0.0,79.646,80.206,78.094,0,3,0
2023,3,AUSTRALIAN GRAND PRIX,HUL,Haas F1 Team,Q3,77.735,10.0,26.986,17.649,33.1,3.0,SOFT,True,286.0,323.0,308.0,320.0,15.3,22.9,52.0,1019.0,1.2,0.0,79.806,80.194,78.41,0,3,0
2023,4,GRAND PRIX DE MONACO,LEC,Ferrari,Q1,101.269,1.0,35.502,40.891,24.876,9.0,SOFT,False,232.0,243.0,330.0,317.0,19.4,32.9,81.0,1011.7,0.8,0.0,102.352,,101.697,1,1,0
2023,4,GRAND PRIX DE MONACO,VER,Red Bull Racing,Q1,101.398,2.0,35.752,40.891,24.755,7.0,SOFT,False,228.0,238.0,338.0,318.0,19.4,32.9,81.0,1011.7,0.8,0.0,102.315,,101.987,1,1,0
2023,4,GRAND PRIX DE MONACO,ALO,Aston Martin,Q1,101.72,6.0,35.776,41.125,24.819,9.0,SOFT,False,225.0,242.0,333.0,321.0,19.4,32.9,81.0,1011.7,0.8,0.0,103.56,,102.976,1,1,0
2023,4,GRAND PRIX DE MONACO,PER,Red Bull Racing,Q1,101.756,3.0,35.922,41.03,24.804,8.0,SOFT,False,224.0,239.0,338.0,319.0,19.4,32.9,81.0,1011.7,0.8,0.0,102.454,,101.844,1,1,0
2023,4,GRAND PRIX DE MONACO,RUS,Mercedes,Q1,102.073,11.0,35.887,41.096,25.09,6.0,SOFT,False,223.0,244.0,330.0,312.0,19.4,32.9,81.0,1011.7,0.8,0.0,105.082,,102.252,1,1,0
2023,4,GRAND PRIX DE MONACO,HAM,Mercedes,Q1,102.113,5.0,35.922,41.179,25.012,4.0,SOFT,False,229.0,240.0,331.0,313.0,19.4,32.9,81.0,1011.7,0.8,0.0,103.798,,102.502,1,1,0
2023,4,GRAND PRIX DE MONACO,NOR,McLaren,Q1,102.154,7.0,35.797,41.248,25.109,2.0,SOFT,True,226.0,247.0,328.0,313.0,19.4,32.9,81.0,1011.7,0.8,0.0,103.125,,103.395,1,1,0
2023,4,GRAND PRIX DE MONACO,ALB,Williams,Q1,102.171,13.0,36.102,41.041,25.028,2.0,SOFT,True,222.0,236.0,334.0,315.0,19.4,32.9,81.0,1011.7,0.8,0.0,103.628,,102.846,1,1,0
2023,4,GRAND PRIX DE MONACO,SAI,Ferrari,Q1,102.197,4.0,36.055,41.156,24.986,4.0,SOFT,True,222.0,234.0,331.0,316.0,19.4,32.9,81.0,1011.7,0.8,0.0,102.899,,102.287,1,1,0
2023,4,GRAND PRIX DE MONACO,TSU,Racing Bulls,Q1,102.234,8.0,36.113,41.023,25.098,4.0,SOFT,True,220.0,236.0,333.0,316.0,19.4,32.9,81.0,1011.7,0.8,0.0,104.137,,105.436,1,1,0
2023,4,GRAND PRIX DE MONACO,SAR,Williams,Q1,102.242,15.0,35.885,41.532,24.825,4.0,SOFT,True,215.0,228.0,340.0,320.0,19.4,32.9,81.0,1011.7,0.8,0.0,104.9,,104.042,1,1,0
2023,4,GRAND PRIX DE MONACO,PIA,McLaren,Q1,102.455,10.0,35.869,41.521,25.065,4.0,SOFT,True,221.0,236.0,330.0,314.0,19.4,32.9,81.0,1011.7,0.8,0.0,103.98,,103.427,1,1,0
2023,4,GRAND PRIX DE MONACO,STR,Aston Martin,Q1,102.524,9.0,36.241,41.358,24.925,2.0,SOFT,True,223.0,244.0,330.0,318.0,19.4,32.9,81.0,1011.7,0.8,0.0,103.455,,103.064,1,1,0
2023,4,GRAND PRIX DE MONACO,BOT,Kick Sauber,Q1,102.582,14.0,36.069,41.333,25.18,4.0,SOFT,True,224.0,226.0,325.0,314.0,19.4,32.9,81.0,1011.7,0.8,0.0,104.01,,105.352,1,1,0
2023,4,GRAND PRIX DE MONACO,OCO,Alpine,Q1,102.622,12.0,36.097,41.492,25.033,2.0,SOFT,True,225.0,229.0,332.0,316.0,19.4,32.9,81.0,1011.7,0.8,0.0,105.955,,104.088,1,1,0
2023,4,GRAND PRIX DE MONACO,ZHO,Kick Sauber,Q1,102.642,16.0,36.052,41.578,25.012,4.0,SOFT,True,218.0,233.0,334.0,316.0,19.4,32.9,81.0,1011.7,0.8,0.0,103.748,,105.177,1,1,0
2023,4,GRAND PRIX DE MONACO,HUL,Haas F1 Team,Q1,102.755,17.0,36.636,41.152,24.967,4.0,SOFT,True,221.0,223.0,334.0,319.0,19.4,32.9,81.0,1011.7,0.8,0.0,104.323,,103.806,1,1,0
2023,4,GRAND PRIX DE MONACO,MAG,Haas F1 Team,Q1,103.417,18.0,36.39,41.541,25.486,4.0,SOFT,True,216.0,235.0,328.0,315.0,19.4,32.9,81.0,1011.7,0.8,0.0,107.498,,104.101,1,1,0
2023,4,GRAND PRIX DE MONACO,GAS,Alpine,Q1,104.853,19.0,37.311,42.427,25.115,2.0,SOFT,True,203.0,235.0,331.0,315.0,19.4,32.9,81.0,1011.7,0.8,0.0,106.321,,106.951,1,1,0
2023,4,GRAND PRIX DE MONACO,DEV,Racing Bulls,Q1,115.282,20.0,41.203,47.497,26.582,2.0,SOFT,True,179.0,192.0,330.0,301.0,19.4,32.9,81.0,1011.7,0.8,0.0,103.414,,108.18,1,1,0
2023,4,GRAND PRIX DE MONACO,VER,Red Bull Racing,Q2,100.822,2.0,35.474,40.61,24.738,5.0,SOFT,False,226.0,241.0,337.0,318.0,19.4,32.9,81.0,1011.7,0.8,0.0,102.315,,101.987,1,2,0
2023,4,GRAND PRIX DE MONACO,LEC,Ferrari,Q2,101.037,1.0,35.494,40.703,24.84,4.0,SOFT,True,234.0,240.0,329.0,317.0,19.4,32.9,81.0,1011.7,0.8,0.0,102.352,,101.697,1,2,0
2023,4,GRAND PRIX DE MONACO,PER,Red Bull Racing,Q2,101.131,3.0,35.49,40.747,24.894,2.0,SOFT,True,226.0,240.0,337.0,318.0,19.4,32.9,81.0,1011.7,0.8,0.0,102.454,,101.844,1,2,0
2023,4,GRAND PRIX DE MONACO,SAI,Ferrari,Q2,101.369,4.0,35.701,40.879,24.789,6.0,SOFT,True,223.0,243.0,333.0,318.0,19.4,32.9,81.0,1011.7,0.8,0.0,102.899,,102.287,1,2,0
2023,4,GRAND PRIX DE MONACO,ALO,Aston Martin,Q2,101.37,6.0,35.673,40.763,24.934,4.0,SOFT,True,240.0,243.0,321.0,317.0,19.4,32.9,81.0,1011.7,0.8,0.0,103.56,,102.976,1,2,0
2023,4,GRAND PRIX DE MONACO,NOR,McLaren,Q2,101.485,7.0,35.689,40.768,25.028,4.0,SOFT,True,220.0,230.0,325.0,312.0,19.4,32.9,81.0,1011.7,0.8,0.0,103.125,,103.395,1,2,0
2023,4,GRAND PRIX DE MONACO,TSU,Racing Bulls,Q2,101.569,8.0,35.78,40.906,24.883,2.0,SOFT,True,225.0,232.0,335.0,318.0,19.4,32.9,81.0,1011.7,0.8,0.0,104.137,,105.436,1,2,0
2023,4,GRAND PRIX DE MONACO,STR,Aston Martin,Q2,101.576,9.0,35.838,40.829,24.909,6.0,SOFT,False,223.0,237.0,319.0,318.0,19.4,32.9,81.0,1011.7,0.8,0.0,103.455,,103.064,1,2,0
2023,4,GRAND PRIX DE MONACO,PIA,McLaren,Q2,101.636,10.0,35.636,41.075,24.925,4.0,SOFT,True,214.0,237.0,331.0,317.0,19.4,32.9,81.0,1011.7,0.8,0.0,103.98,,103.427,1,2,0
2023,4,GRAND PRIX DE MONACO,HAM,Mercedes,Q2,101.65,5.0,35.772,40.918,24.96,2.0,SOFT,True,227.0,242.0,331.0,313.0,19.4,32.9,81.0,1011.7,0.8,0.0,103.798,,102.502,1,2,0
2023,4,GRAND PRIX DE MONACO,RUS,Mercedes,Q2,101.654,11.0,35.794,40.933,24.927,2.0,SOFT,True,228.0,240.0,331.0,313.0,19.4,32.9,81.0,1011.7,0.8,0.0,105.082,,102.252,1,2,0
2023,4,GRAND PRIX DE MONACO,OCO,Alpine,Q2,101.798,12.0,35.7,41.037,25.061,2.0,SOFT,True,228.0,241.0,334.0,316.0,19.4,32.9,81.0,1011.7,0.8,0.0,105.955,,104.088,1,2,0
2023,4,GRAND PRIX DE MONACO,ALB,Williams,Q2,101.818,13.0,35.854,40.976,24.988,4.0,SOFT,True,224.0,232.0,334.0,316.0,19.4,32.9,81.0,1011.7,0.8,0.0,103.628,,102.846,1,2,0
2023,4,GRAND PRIX DE MONACO,BOT,Kick Sauber,Q2,102.259,14.0,35.918,41.257,25.084,2.0,SOFT,True,223.0,233.0,331.0,314.0,19.4,32.9,81.0,1011.7,0.8,0.0,104.01,,105.352,1,2,0
2023,4,GRAND PRIX DE MONACO,SAR,Williams,Q2,102.395,15.0,35.858,41.47,25.067,2.0,SOFT,True,218.0,232.0,337.0,319.0,19.4,32.9,81.0,1011.7,0.8,0.0,104.9,,104.042,1,2,0
2023,4,GRAND PRIX DE MONACO,LEC,Ferrari,Q3,100.203,1.0,35.224,40.191,24.788,2.0,SOFT,True,237.0,245.0,333.0,317.0,19.4,32.9,81.0,1011.7,0.8,0.0,102.352,,101.697,1,3,0
2023,4,GRAND PRIX DE MONACO,VER,Red Bull Racing,Q3,100.391,2.0,35.277,40.447,24.667,2.0,SOFT,True,226.0,241.0,339.0,319.0,19.4,32.9,81.0,1011.7,0.8,0.0,102.315,,101.987,1,3,0
2023,4,GRAND PRIX DE MONACO,PER,Red Bull Racing,Q3,100.495,3.0,35.177,40.554,24.764,2.0,SOFT,True,238.0,250.0,338.0,318.0,19.4,32.9,81.0,1011.7,0.8,0.0,102.454,,101.844,1,3,0
2023,4,GRAND PRIX DE MONACO,SAI,Ferrari,Q3,101.016,4.0,35.512,40.689,24.815,2.0,SOFT,True,224.0,243.0,332.0,317.0,19.4,32.9,81.0,1011.7,0.8,0.0,102.899,,102.287,1,3,0
2023,4,GRAND PRIX DE MONACO,HAM,Mercedes,Q3,101.177,5.0,35.702,40.708,24.767,2.0,SOFT,True,218.0,239.0,335.0,317.0,19.4,32.9,81.0,1011.7,0.8,0.0,103.798,,102.502,1,3,0
2023,4,GRAND PRIX DE MONACO,ALO,Aston Martin,Q3,101.253,6.0,35.727,40.757,24.769,2.0,SOFT,True,229.0,239.0,325.0,321.0,19.4,32.9,81.0,1011.7,0.8,0.0,103.56,,102.976,1,3,0
2023,4,GRAND PRIX DE MONACO,NOR,McLaren,Q3,101.281,7.0,35.461,40.735,25.085,2.0,SOFT,True,223.0,239.0,326.0,312.0,19.4,32.9,81.0,1011.7,0.8,0.0,103.125,,103.395,1,3,0
2023,4,GRAND PRIX DE MONACO,TSU,Racing Bulls,Q3,101.581,8.0,35.717,40.835,25.029,7.0,SOFT,False,222.0,241.0,332.0,315.0,19.4,32.9,81.0,1011.7,0.8,0.0,104.137,,105.436,1,3,0
2023,4,GRAND PRIX DE MONACO,PIA,McLaren,Q3,101.611,10.0,35.737,40.903,24.971,6.0,SOFT,False,221.0,238.0,330.0,316.0,19.4,32.9,81.0,1011.7,0.8,0.0,103.98,,103.427,1,3,0
2023,4,GRAND PRIX DE MONACO,STR,Aston Martin,Q3,101.611,9.0,35.813,40.77,25.028,4.0,SOFT,True,229.0,242.0,318.0,315.0,19.4,32.9,81.0,1011.7,0.8,0.0,103.455,,103.064,1,3,0
2023,5,MIAMI GRAND PRIX,VER,Red Bull Racing,Q1,87.363,9.0,29.281,33.176,24.906,5.0,SOFT,True,224.0,193.0,283.0,340.0,28.6,42.7,59.0,1017.4,3.5,0.0,90.549,87.93,87.535,0,1,0
2023,5,MIAMI GRAND PRIX,SAI,Ferrari,Q1,87.686,3.0,29.458,33.284,24.944,7.0,SOFT,True,225.0,194.0,284.0,332.0,28.6,42.7,59.0,1017.4,3.5,0.0,90.724,88.315,88.125,0,1,0
2023,5,MIAMI GRAND PRIX,LEC,Ferrari,Q1,87.713,7.0,29.504,33.323,24.886,7.0,SOFT,True,224.0,195.0,286.0,334.0,28.6,42.7,59.0,1017.4,3.5,0.0,90.449,88.398,87.941,0,1,0
2023,5,MIAMI GRAND PRIX,PER,Red Bull Racing,Q1,87.713,1.0,29.404,33.522,24.787,5.0,SOFT,True,220.0,193.0,284.0,341.0,28.6,42.7,59.0,1017.4,3.5,0.0,91.566,88.419,88.05,0,1,0
2023,5,MIAMI GRAND PRIX,MAG,Haas F1 Team,Q1,87.809,4.0,29.34,33.451,25.018,3.0,SOFT,True,224.0,191.0,283.0,336.0,28.6,42.7,59.0,1017.4,3.5,0.0,91.853,89.171,88.607,0,1,0
2023,5,MIAMI GRAND PRIX,HAM,Mercedes,Q1,87.846,13.0,29.396,33.363,25.087,2.0,SOFT,True,221.0,193.0,280.0,337.0,28.6,42.7,59.0,1017.4,3.5,0.0,90.337,88.858,88.718,0,1,0
2023,5,MIAMI GRAND PRIX,BOT,Kick Sauber,Q1,87.864,10.0,29.59,33.32,24.954,4.0,SOFT,True,226.0,194.0,281.0,337.0,28.6,42.7,59.0,1017.4,3.5,0.0,91.902,89.189,88.456,0,1,0
2023,5,MIAMI GRAND PRIX,OCO,Alpine,Q1,87.872,8.0,29.476,33.44,24.956,2.0,SOFT,True,222.0,193.0,280.0,339.0,28.6,42.7,59.0,1017.4,3.5,0.0,91.542,88.937,88.407,0,1,0
2023,5,MIAMI GRAND PRIX,HUL,Haas F1 Team,Q1,87.945,12.0,29.487,33.564,24.894,4.0,SOFT,True,225.0,193.0,283.0,338.0,28.6,42.7,59.0,1017.4,3.5,0.0,91.392,89.393,88.497,0,1,0
2023,5,MIAMI GRAND PRIX,GAS,Alpine,Q1,88.061,5.0,29.456,33.226,25.379,2.0,SOFT,True,217.0,194.0,281.0,336.0,28.6,42.7,59.0,1017.4,3.5,0.0,91.104,89.098,88.428,0,1,0
2023,5,MIAMI GRAND PRIX,RUS,Mercedes,Q1,88.086,6.0,29.468,33.48,25.138,2.0,SOFT,True,221.0,192.0,276.0,335.0,28.6,42.7,59.0,1017.4,3.5,0.0,90.125,89.216,88.606,0,1,0
2023,5,MIAMI GRAND PRIX,ALO,Aston Martin,Q1,88.179,2.0,29.676,33.59,24.913,7.0,SOFT,True,221.0,193.0,281.0,336.0,28.6,42.7,59.0,1017.4,3.5,0.0,91.231,88.66,88.618,0,1,0
2023,5,MIAMI GRAND PRIX,ZHO,Kick Sauber,Q1,88.18,14.0,29.565,33.461,25.154,4.0,SOFT,True,222.0,193.0,281.0,338.0,28.6,42.7,59.0,1017.4,3.5,0.0,92.134,89.181,89.074,0,1,0
2023,5,MIAMI GRAND PRIX,ALB,Williams,Q1,88.234,11.0,29.568,33.497,25.169,2.0,SOFT,True,225.0,189.0,278.0,332.0,28.6,42.7,59.0,1017.4,3.5,0.0,91.903,89.046,88.561,0,1,0
2023,5,MIAMI GRAND PRIX,DEV,Racing Bulls,Q1,88.325,15.0,29.529,33.683,25.113,2.0,SOFT,True,223.0,194.0,281.0,332.0,28.6,42.7,59.0,1017.4,3.5,0.0,94.637,89.928,89.447,0,1,0
2023,5,MIAMI GRAND PRIX,NOR,McLaren,Q1,88.394,16.0,29.471,33.652,25.271,2.0,SOFT,True,224.0,193.0,278.0,334.0,28.6,42.7,59.0,1017.4,3.5,0.0,91.997,88.741,89.401,0,1,0
2023,5,MIAMI GRAND PRIX,TSU,Racing Bulls,Q1,88.429,17.0,29.609,33.691,25.129,4.0,SOFT,True,221.0,190.0,281.0,334.0,28.6,42.7,59.0,1017.4,3.5,0.0,92.169,89.613,89.179,0,1,0
2023,5,MIAMI GRAND PRIX,STR,Aston Martin,Q1,88.476,18.0,29.768,33.756,24.952,7.0,SOFT,True,221.0,193.0,281.0,335.0,28.6,42.7,59.0,1017.4,3.5,0.0,91.337,88.93,88.723,0,1,0
2023,5,MIAMI GRAND PRIX,PIA,McLaren,Q1,88.484,19.0,29.756,33.681,25.047,2.0,SOFT,True,219.0,194.0,281.0,337.0,28.6,42.7,59.0,1017.4,3.5,0.0,91.81,89.339,89.375,0,1,0
2023,5,MIAMI GRAND PRIX,SAR,Williams,Q1,88.577,20.0,29.832,33.759,24.986,4.0,SOFT,True,219.0,191.0,284.0,338.0,28.6,42.7,59.0,1017.4,3.5,0.0,92.619,90.038,89.264,0,1,0
2023,5,MIAMI GRAND PRIX,VER,Red Bull Racing,Q2,86.814,9.0,29.073,32.956,24.785,5.0,SOFT,False,225.0,194.0,284.0,341.0,28.6,42.7,59.0,1017.4,3.5,0.0,90.549,87.93,87.535,0,2,0
2023,5,MIAMI GRAND PRIX,LEC,Ferrari,Q2,86.964,7.0,29.245,32.935,24.784,5.0,SOFT,True,224.0,194.0,284.0,336.0,28.6,42.7,59.0,1017.4,3.5,0.0,90.449,88.398,87.941,0,2,0
2023,5,MIAMI GRAND PRIX,ALO,Aston Martin,Q2,87.097,2.0,29.216,33.125,24.756,2.0,SOFT,True,224.0,195.0,282.0,335.0,28.6,42.7,59.0,1017.4,3.5,0.0,91.231,88.66,88.618,0,2,0
2023,5,MIAMI GRAND PRIX,SAI,Ferrari,Q2,87.148,3.0,29.123,33.113,24.912,2.0,SOFT,True,225.0,195.0,282.0,332.0,28.6,42.7,59.0,1017.4,3.5,0.0,90.724,88.315,88.125,0,2,0
2023,5,MIAMI GRAND PRIX,PER,Red Bull Racing,Q2,87.328,1.0,29.224,33.297,24.807,2.0,SOFT,True,223.0,193.0,282.0,342.0,28.6,42.7,59.0,1017.4,3.5,0.0,91.566,88.419,88.05,0,2,0
2023,5,MIAMI GRAND PRIX,OCO,Alpine,Q2,87.444,8.0,29.288,33.193,24.963,2.0,SOFT,True,224.0,193.0,280.0,333.0,28.6,42.7,59.0,1017.4,3.5,0.0,91.542,88.937,88.407,0,2,0
2023,5,MIAMI GRAND PRIX,BOT,Kick Sauber,Q2,87.564,10.0,29.166,33.347,25.051,2.0,SOFT,True,226.0,194.0,280.0,333.0,28.6,42.7,59.0,1017.4,3.5,0.0,91.902,89.189,88.456,0,2,0
2023,5,MIAMI GRAND PRIX,GAS,Alpine,Q2,87.612,5.0,29.325,33.305,24.982,2.0,SOFT,True,222.0,192.0,279.0,333.0,28.6,42.7,59.0,1017.4,3.5,0.0,91.104,89.098,88.428,0,2,0
2023,5,MIAMI GRAND PRIX,MAG,Haas F1 Team,Q2,87.673,4.0,29.338,33.268,25.067,2.0,SOFT,True,222.0,193.0,282.0,332.0,28.6,42.7,59.0,1017.4,3.5,0.0,91.853,89.171,88.607,0,2,0
2023,5,MIAMI GRAND PRIX,RUS,Mercedes,Q2,87.743,6.0,29.439,33.165,25.139,2.0,SOFT,True,223.0,194.0,279.0,336.0,28.6,42.7,59.0,1017.4,3.5,0.0,90.125,89.216,88.606,0,2,0
2023,5,MIAMI GRAND PRIX,ALB,Williams,Q2,87.795,11.0,29.414,33.399,24.982,2.0,SOFT,True,224.0,194.0,283.0,338.0,28.6,42.7,59.0,1017.4,3.5,0.0,91.903,89.046,88.561,0,2,0
2023,5,MIAMI GRAND PRIX,HUL,Haas F1 Team,Q2,87.903,12.0,29.653,33.348,24.902,7.0,SOFT,False,225.0,194.0,282.0,337.0,28.6,42.7,59.0,1017.4,3.5,0.0,91.392,89.393,88.497,0,2,0
2023,5,MIAMI GRAND PRIX,HAM,Mercedes,Q2,87.975,13.0,29.62,33.376,24.979,2.0,SOFT,True,221.0,193.0,283.0,337.0,28.6,42.7,59.0,1017.4,3.5,0.0,90.337,88.858,88.718,0,2,0
2023,5,MIAMI GRAND PRIX,ZHO,Kick Sauber,Q2,88.091,14.0,29.408,33.521,25.162,2.0,SOFT,True,223.0,192.0,277.0,328.0,28.6,42.7,59.0,1017.4,3.5,0.0,92.134,89.181,89.074,0,2,0
2023,5,MIAMI GRAND PRIX,DEV,Racing Bulls,Q2,88.395,15.0,29.453,33.758,25.184,2.0,SOFT,True,223.0,192.0,281.0,331.0,28.6,42.7,59.0,1017.4,3.5,0.0,94.637,89.928,89.447,0,2,0
2023,5,MIAMI GRAND PRIX,PER,Red Bull Racing,Q3,86.841,1.0,28.942,33.049,24.85,2.0,SOFT,True,223.0,195.0,284.0,340.0,28.6,42.7,59.0,1017.4,3.5,0.0,91.566,88.419,88.05,0,3,0
2023,5,MIAMI GRAND PRIX,ALO,Aston Martin,Q3,87.202,2.0,29.14,33.257,24.805,5.0,SOFT,False,222.0,196.0,281.0,338.0,28.6,42.7,59.0,1017.4,3.5,0.0,91.231,88.66,88.618,0,3,0
2023,5,MIAMI GRAND PRIX,SAI,Ferrari,Q3,87.349,3.0,29.235,33.229,24.885,2.0,SOFT,True,223.0,196.0,282.0,333.0,28.6,42.7,59.0,1017.4,3.5,0.0,90.724,88.315,88.125,0,3,0
2023,5,MIAMI GRAND PRIX,MAG,Haas F1 Team,Q3,87.767,4.0,29.339,33.453,24.975,5.0,SOFT,False,224.0,192.0,281.0,333.0,28.6,42.7,59.0,1017.4,3.5,0.0,91.853,89.171,88.607,0,3,0
2023,5,MIAMI GRAND PRIX,GAS,Alpine,Q3,87.786,5.0,29.342,33.419,25.025,5.0,SOFT,False,221.0,191.0,281.0,334.0,28.6,42.7,59.0,1017.4,3.5,0.0,91.104,89.098,88.428,0,3,0
2023,5,MIAMI GRAND PRIX,RUS,Mercedes,Q3,87.804,6.0,29.364,33.32,25.12,5.0,SOFT,False,218.0,194.0,280.0,336.0,28.6,42.7,59.0,1017.4,3.5,0.0,90.125,89.216,88.606,0,3,0
2023,5,MIAMI GRAND PRIX,LEC,Ferrari,Q3,87.861,7.0,29.085,33.013,25.763,2.0,SOFT,True,226.0,195.0,278.0,332.0,28.6,42.7,59.0,1017.4,3.5,0.0,90.449,88.398,87.941,0,3,0
2023,5,MIAMI GRAND PRIX,OCO,Alpine,Q3,87.935,8.0,29.363,33.504,25.068,5.0,SOFT,False,223.0,193.0,278.0,334.0,28.6,42.7,59.0,1017.4,3.5,0.0,91.542,88.937,88.407,0,3,0
2023,5,MIAMI GRAND PRIX,VER,Red Bull Racing,Q3,108.678,9.0,30.849,46.508,31.321,2.0,SOFT,True,169.0,189.0,,315.0,28.6,42.7,59.0,1017.4,3.5,0.0,90.549,87.93,87.535,0,3,0
2023,6,GRAND PRIX DE MONACO,VER,Red Bull Racing,Q1,72.386,1.0,18.887,34.374,19.125,11.0,SOFT,False,216.0,202.0,272.0,281.0,25.8,46.0,33.0,1016.2,0.8,0.0,74.244,72.462,72.776,0,1,0
2023,6,GRAND PRIX DE MONACO,TSU,Racing Bulls,Q1,72.642,9.0,18.927,34.43,19.285,2.0,SOFT,True,223.0,205.0,269.0,278.0,25.8,46.0,33.0,1016.2,0.8,0.0,74.82,73.641,73.738,0,1,0
2023,6,GRAND PRIX DE MONACO,ALB,Williams,Q1,72.706,13.0,18.989,34.507,19.21,2.0,SOFT,True,218.0,202.0,271.0,283.0,25.8,46.0,33.0,1016.2,0.8,0.0,74.666,74.217,73.93,0,1,0
2023,6,GRAND PRIX DE MONACO,SAI,Ferrari,Q1,72.717,5.0,19.027,34.402,19.288,2.0,SOFT,True,217.0,201.0,270.0,286.0,25.8,46.0,33.0,1016.2,0.8,0.0,73.372,72.569,73.261,0,1,0
2023,6,GRAND PRIX DE MONACO,STR,Aston Martin,Q1,72.722,14.0,18.853,34.314,19.555,7.0,SOFT,True,221.0,199.0,269.0,280.0,25.8,46.0,33.0,1016.2,0.8,0.0,74.653,73.185,72.942,0,1,0
2023,6,GRAND PRIX DE MONACO,RUS,Mercedes,Q1,72.769,8.0,18.92,34.373,19.476,2.0,SOFT,True,216.0,204.0,274.0,280.0,25.8,46.0,33.0,1016.2,0.8,0.0,75.066,73.191,73.59,0,1,0
2023,6,GRAND PRIX DE MONACO,HAM,Mercedes,Q1,72.872,6.0,19.042,34.519,19.311,3.0,SOFT,True,217.0,201.0,271.0,283.0,25.8,46.0,33.0,1016.2,0.8,0.0,74.035,72.96,73.486,0,1,0
2023,6,GRAND PRIX DE MONACO,NOR,McLaren,Q1,72.877,10.0,19.138,34.492,19.247,4.0,SOFT,True,217.0,201.0,271.0,282.0,25.8,46.0,33.0,1016.2,0.8,0.0,74.467,72.906,73.396,0,1,0
2023,6,GRAND PRIX DE MONACO,ALO,Aston Martin,Q1,72.886,2.0,19.025,34.361,19.5,5.0,SOFT,False,219.0,200.0,268.0,280.0,25.8,46.0,33.0,1016.2,0.8,0.0,73.71,72.682,73.697,0,1,0
2023,6,GRAND PRIX DE MONACO,LEC,Ferrari,Q1,72.912,3.0,19.095,34.409,19.408,8.0,SOFT,False,218.0,198.0,268.0,281.0,25.8,46.0,33.0,1016.2,0.8,0.0,74.093,72.527,73.475,0,1,0
2023,6,GRAND PRIX DE MONACO,OCO,Alpine,Q1,72.967,4.0,19.141,34.505,19.321,6.0,SOFT,True,211.0,201.0,268.0,282.0,25.8,46.0,33.0,1016.2,0.8,0.0,74.585,73.162,73.496,0,1,0
2023,6,GRAND PRIX DE MONACO,PIA,McLaren,Q1,73.006,11.0,19.019,34.656,19.331,6.0,SOFT,True,217.0,203.0,271.0,284.0,25.8,46.0,33.0,1016.2,0.8,0.0,75.192,73.673,73.998,0,1,0
2023,6,GRAND PRIX DE MONACO,GAS,Alpine,Q1,73.033,7.0,19.268,34.422,19.343,2.0,SOFT,True,220.0,197.0,266.0,281.0,25.8,46.0,33.0,1016.2,0.8,0.0,74.866,73.089,73.453,0,1,0
2023,6,GRAND PRIX DE MONACO,BOT,Kick Sauber,Q1,73.038,15.0,19.129,34.649,19.26,7.0,SOFT,True,219.0,203.0,268.0,280.0,25.8,46.0,33.0,1016.2,0.8,0.0,74.718,73.05,73.521,0,1,0
2023,6,GRAND PRIX DE MONACO,DEV,Racing Bulls,Q1,73.054,12.0,19.057,34.605,19.392,2.0,SOFT,True,219.0,201.0,268.0,281.0,25.8,46.0,33.0,1016.2,0.8,0.0,75.083,73.663,74.187,0,1,0
2023,6,GRAND PRIX DE MONACO,SAR,Williams,Q1,73.113,16.0,19.073,34.617,19.423,2.0,SOFT,True,218.0,200.0,271.0,283.0,25.8,46.0,33.0,1016.2,0.8,0.0,75.557,74.238,73.851,0,1,0
2023,6,GRAND PRIX DE MONACO,MAG,Haas F1 Team,Q1,73.27,17.0,19.14,34.574,19.556,2.0,SOFT,True,216.0,201.0,267.0,280.0,25.8,46.0,33.0,1016.2,0.8,0.0,74.725,73.457,73.624,0,1,0
2023,6,GRAND PRIX DE MONACO,HUL,Haas F1 Team,Q1,73.279,18.0,19.108,34.707,19.464,2.0,SOFT,True,215.0,199.0,270.0,282.0,25.8,46.0,33.0,1016.2,0.8,0.0,75.785,73.52,73.65,0,1,0
2023,6,GRAND PRIX DE MONACO,ZHO,Kick Sauber,Q1,73.523,19.0,19.07,34.772,19.681,7.0,SOFT,True,213.0,201.0,267.0,280.0,25.8,46.0,33.0,1016.2,0.8,0.0,75.684,73.354,73.772,0,1,0
2023,6,GRAND PRIX DE MONACO,PER,Red Bull Racing,Q1,73.85,20.0,19.475,34.813,19.562,2.0,SOFT,True,210.0,199.0,268.0,281.0,25.8,46.0,33.0,1016.2,0.8,0.0,74.038,72.991,72.849,0,1,0
2023,6,GRAND PRIX DE MONACO,VER,Red Bull Racing,Q2,71.908,1.0,18.84,34.111,18.957,5.0,SOFT,True,215.0,200.0,270.0,280.0,25.8,46.0,33.0,1016.2,0.8,0.0,74.244,72.462,72.776,0,2,0
2023,6,GRAND PRIX DE MONACO,LEC,Ferrari,Q2,72.103,3.0,18.883,34.153,19.067,2.0,SOFT,True,220.0,201.0,268.0,281.0,25.8,46.0,33.0,1016.2,0.8,0.0,74.093,72.527,73.475,0,2,0
2023,6,GRAND PRIX DE MONACO,ALO,Aston Martin,Q2,72.107,2.0,18.815,34.055,19.237,4.0,SOFT,True,221.0,203.0,268.0,281.0,25.8,46.0,33.0,1016.2,0.8,0.0,73.71,72.682,73.697,0,2,0
2023,6,GRAND PRIX DE MONACO,RUS,Mercedes,Q2,72.151,8.0,18.697,34.286,19.168,2.0,SOFT,True,220.0,206.0,269.0,278.0,25.8,46.0,33.0,1016.2,0.8,0.0,75.066,73.191,73.59,0,2,0
2023,6,GRAND PRIX DE MONACO,HAM,Mercedes,Q2,72.156,6.0,18.954,34.138,19.064,2.0,SOFT,True,218.0,202.0,271.0,282.0,25.8,46.0,33.0,1016.2,0.8,0.0,74.035,72.96,73.486,0,2,0
2023,6,GRAND PRIX DE MONACO,GAS,Alpine,Q2,72.169,7.0,18.935,34.06,19.174,2.0,SOFT,True,221.0,205.0,267.0,282.0,25.8,46.0,33.0,1016.2,0.8,0.0,74.866,73.089,73.453,0,2,0
2023,6,GRAND PRIX DE MONACO,SAI,Ferrari,Q2,72.21,5.0,18.901,34.204,19.105,5.0,SOFT,True,219.0,203.0,270.0,282.0,25.8,46.0,33.0,1016.2,0.8,0.0,73.372,72.569,73.261,0,2,0
2023,6,GRAND PRIX DE MONACO,OCO,Alpine,Q2,72.248,4.0,18.953,34.106,19.189,2.0,SOFT,True,214.0,202.0,268.0,280.0,25.8,46.0,33.0,1016.2,0.8,0.0,74.585,73.162,73.496,0,2,0
2023,6,GRAND PRIX DE MONACO,TSU,Racing Bulls,Q2,72.249,9.0,18.782,34.183,19.284,3.0,SOFT,True,223.0,207.0,270.0,279.0,25.8,46.0,33.0,1016.2,0.8,0.0,74.82,73.641,73.738,0,2,0
2023,6,GRAND PRIX DE MONACO,NOR,McLaren,Q2,72.377,10.0,18.993,34.274,19.11,2.0,SOFT,True,216.0,203.0,272.0,282.0,25.8,46.0,33.0,1016.2,0.8,0.0,74.467,72.906,73.396,0,2,0
2023,6,GRAND PRIX DE MONACO,PIA,McLaren,Q2,72.395,11.0,18.983,34.302,19.11,2.0,SOFT,True,219.0,203.0,272.0,282.0,25.8,46.0,33.0,1016.2,0.8,0.0,75.192,73.673,73.998,0,2,0
2023,6,GRAND PRIX DE MONACO,DEV,Racing Bulls,Q2,72.428,12.0,18.9,34.307,19.221,2.0,SOFT,True,220.0,203.0,270.0,280.0,25.8,46.0,33.0,1016.2,0.8,0.0,75.083,73.663,74.187,0,2,0
2023,6,GRAND PRIX DE MONACO,ALB,Williams,Q2,72.527,13.0,19.019,34.347,19.161,2.0,SOFT,True,213.0,203.0,271.0,283.0,25.8,46.0,33.0,1016.2,0.8,0.0,74.666,74.217,73.93,0,2,0
2023,6,GRAND PRIX DE MONACO,STR,Aston Martin,Q2,72.623,14.0,18.871,34.172,19.58,2.0,SOFT,True,220.0,201.0,265.0,279.0,25.8,46.0,33.0,1016.2,0.8,0.0,74.653,73.185,72.942,0,2,0
2023,6,GRAND PRIX DE MONACO,BOT,Kick Sauber,Q2,72.625,15.0,18.914,34.446,19.265,2.0,SOFT,True,220.0,202.0,268.0,278.0,25.8,46.0,33.0,1016.2,0.8,0.0,74.718,73.05,73.521,0,2,0
2023,6,GRAND PRIX DE MONACO,VER,Red Bull Racing,Q3,71.365,1.0,18.642,33.902,18.821,2.0,SOFT,True,217.0,202.0,270.0,281.0,25.8,46.0,33.0,1016.2,0.8,0.0,74.244,72.462,72.776,0,3,0
2023,6,GRAND PRIX DE MONACO,ALO,Aston Martin,Q3,71.449,2.0,18.496,33.844,19.109,2.0,SOFT,True,223.0,206.0,269.0,280.0,25.8,46.0,33.0,1016.2,0.8,0.0,73.71,72.682,73.697,0,3,0
2023,6,GRAND PRIX DE MONACO,LEC,Ferrari,Q3,71.471,3.0,18.651,33.87,18.95,2.0,SOFT,True,222.0,199.0,268.0,281.0,25.8,46.0,33.0,1016.2,0.8,0.0,74.093,72.527,73.475,0,3,0
2023,6,GRAND PRIX DE MONACO,OCO,Alpine,Q3,71.553,4.0,18.728,33.903,18.922,2.0,SOFT,True,216.0,206.0,267.0,278.0,25.8,46.0,33.0,1016.2,0.8,0.0,74.585,73.162,73.496,0,3,0
2023,6,GRAND PRIX DE MONACO,SAI,Ferrari,Q3,71.63,5.0,18.839,33.856,18.935,2.0,SOFT,True,219.0,206.0,270.0,281.0,25.8,46.0,33.0,1016.2,0.8,0.0,73.372,72.569,73.261,0,3,0
2023,6,GRAND PRIX DE MONACO,HAM,Mercedes,Q3,71.725,6.0,18.757,33.929,19.039,5.0,SOFT,False,220.0,203.0,269.0,280.0,25.8,46.0,33.0,1016.2,0.8,0.0,74.035,72.96,73.486,0,3,0
2023,6,GRAND PRIX DE MONACO,GAS,Alpine,Q3,71.933,7.0,18.841,34.003,19.089,2.0,SOFT,True,221.0,203.0,266.0,280.0,25.8,46.0,33.0,1016.2,0.8,0.0,74.866,73.089,73.453,0,3,0
2023,6,GRAND PRIX DE MONACO,RUS,Mercedes,Q3,71.964,8.0,18.689,34.101,19.174,3.0,SOFT,True,219.0,207.0,268.0,279.0,25.8,46.0,33.0,1016.2,0.8,0.0,75.066,73.191,73.59,0,3,0
2023,6,GRAND PRIX DE MONACO,TSU,Racing Bulls,Q3,72.082,9.0,18.746,34.231,19.105,3.0,SOFT,True,224.0,204.0,267.0,279.0,25.8,46.0,33.0,1016.2,0.8,0.0,74.82,73.641,73.738,0,3,0
2023,6,GRAND PRIX DE MONACO,NOR,McLaren,Q3,72.254,10.0,18.923,34.258,19.073,2.0,SOFT,True,221.0,203.0,269.0,279.0,25.8,46.0,33.0,1016.2,0.8,0.0,74.467,72.906,73.396,0,3,0
2023,7,GRAN PREMIO DE ESPAÑA,HAM,Mercedes,Q1,72.937,5.0,21.761,29.424,21.752,2.0,SOFT,True,284.0,305.0,293.0,328.0,20.8,24.8,73.0,1000.7,2.0,0.0,75.845,74.549,74.072,0,1,0
2023,7,GRAN PREMIO DE ESPAÑA,NOR,McLaren,Q1,73.295,3.0,21.742,29.681,21.872,2.0,SOFT,True,282.0,304.0,295.0,326.0,20.8,24.8,73.0,1000.7,2.0,0.0,75.783,74.694,74.681,0,1,0
2023,7,GRAN PREMIO DE ESPAÑA,RUS,Mercedes,Q1,73.326,12.0,21.647,29.606,22.073,2.0,SOFT,True,284.0,303.0,295.0,332.0,20.8,24.8,73.0,1000.7,2.0,0.0,75.753,74.392,74.278,0,1,0
2023,7,GRAN PREMIO DE ESPAÑA,SAI,Ferrari,Q1,73.411,2.0,21.895,29.5,22.016,2.0,SOFT,True,284.0,305.0,290.0,332.0,20.8,24.8,73.0,1000.7,2.0,0.0,75.726,74.274,74.24,0,1,0
2023,7,GRAN PREMIO DE ESPAÑA,HUL,Haas F1 Team,Q1,73.42,8.0,21.823,29.605,21.992,2.0,SOFT,True,287.0,302.0,294.0,329.0,20.8,24.8,73.0,1000.7,2.0,0.0,76.461,74.177,74.988,0,1,0
2023,7,GRAN PREMIO DE ESPAÑA,OCO,Alpine,Q1,73.433,7.0,21.78,29.487,22.166,2.0,SOFT,True,289.0,306.0,293.0,328.0,20.8,24.8,73.0,1000.7,2.0,0.0,75.418,74.242,75.266,0,1,0
2023,7,GRAN PREMIO DE ESPAÑA,GAS,Alpine,Q1,73.471,4.0,21.939,29.579,21.953,2.0,SOFT,True,290.0,305.0,297.0,328.0,20.8,24.8,73.0,1000.7,2.0,0.0,75.545,74.457,75.841,0,1,0
2023,7,GRAN PREMIO DE ESPAÑA,DEV,Racing Bulls,Q1,73.581,14.0,21.886,29.501,22.194,2.0,SOFT,True,285.0,300.0,293.0,323.0,20.8,24.8,73.0,1000.7,2.0,0.0,75.504,74.785,74.693,0,1,0
2023,7,GRAN PREMIO DE ESPAÑA,VER,Red Bull Racing,Q1,73.615,1.0,21.84,29.731,22.044,6.0,SOFT,False,287.0,298.0,297.0,330.0,20.8,24.8,73.0,1000.7,2.0,0.0,74.606,73.907,73.664,0,1,0
2023,7,GRAN PREMIO DE ESPAÑA,ZHO,Kick Sauber,Q1,73.677,13.0,21.945,29.684,22.048,2.0,SOFT,True,283.0,301.0,288.0,327.0,20.8,24.8,73.0,1000.7,2.0,0.0,75.906,74.585,74.681,0,1,0
2023,7,GRAN PREMIO DE ESPAÑA,PIA,McLaren,Q1,73.691,10.0,21.974,29.501,22.216,2.0,SOFT,True,283.0,302.0,293.0,323.0,20.8,24.8,73.0,1000.7,2.0,0.0,76.353,74.583,75.105,0,1,0
2023,7,GRAN PREMIO DE ESPAÑA,ALO,Aston Martin,Q1,73.747,9.0,22.058,29.72,21.969,2.0,SOFT,True,284.0,298.0,292.0,321.0,20.8,24.8,73.0,1000.7,2.0,0.0,75.547,74.077,74.264,0,1,0
2023,7,GRAN PREMIO DE ESPAÑA,STR,Aston Martin,Q1,73.766,6.0,22.02,29.628,22.118,2.0,SOFT,True,280.0,298.0,291.0,321.0,20.8,24.8,73.0,1000.7,2.0,0.0,75.939,75.01,74.756,0,1,0
2023,7,GRAN PREMIO DE ESPAÑA,TSU,Racing Bulls,Q1,73.862,15.0,21.921,29.698,22.243,2.0,SOFT,True,285.0,304.0,294.0,324.0,20.8,24.8,73.0,1000.7,2.0,0.0,75.915,74.84,74.659,0,1,0
2023,7,GRAN PREMIO DE ESPAÑA,PER,Red Bull Racing,Q1,73.874,11.0,21.896,29.578,22.4,2.0,SOFT,True,287.0,301.0,296.0,327.0,20.8,24.8,73.0,1000.7,2.0,0.0,75.374,74.219,73.914,0,1,0
2023,7,GRAN PREMIO DE ESPAÑA,BOT,Kick Sauber,Q1,73.977,16.0,22.06,29.679,22.238,2.0,SOFT,True,278.0,300.0,284.0,327.0,20.8,24.8,73.0,1000.7,2.0,0.0,75.978,74.448,74.36,0,1,0
2023,7,GRAN PREMIO DE ESPAÑA,MAG,Haas F1 Team,Q1,74.042,17.0,21.968,29.732,22.342,2.0,SOFT,True,285.0,304.0,296.0,328.0,20.8,24.8,73.0,1000.7,2.0,0.0,75.689,74.713,75.534,0,1,0
2023,7,GRAN PREMIO DE ESPAÑA,ALB,Williams,Q1,74.063,18.0,22.047,29.815,22.201,2.0,SOFT,True,281.0,294.0,296.0,325.0,20.8,24.8,73.0,1000.7,2.0,0.0,76.63,75.056,75.851,0,1,0
2023,7,GRAN PREMIO DE ESPAÑA,LEC,Ferrari,Q1,74.079,19.0,21.962,29.746,22.371,2.0,SOFT,True,286.0,305.0,293.0,331.0,20.8,24.8,73.0,1000.7,2.0,0.0,75.694,74.246,74.353,0,1,0
2023,7,GRAN PREMIO DE ESPAÑA,SAR,Williams,Q1,74.699,20.0,22.193,30.209,22.297,2.0,SOFT,True,287.0,296.0,295.0,325.0,20.8,24.8,73.0,1000.7,2.0,0.0,76.506,75.415,76.529,0,1,0
2023,7,GRAN PREMIO DE ESPAÑA,VER,Red Bull Racing,Q2,72.76,1.0,21.731,29.234,21.795,2.0,SOFT,True,284.0,300.0,297.0,326.0,20.8,24.8,73.0,1000.7,2.0,0.0,74.606,73.907,73.664,0,2,0
2023,7,GRAN PREMIO DE ESPAÑA,NOR,McLaren,Q2,72.776,3.0,21.827,29.305,21.644,2.0,SOFT,True,283.0,304.0,294.0,318.0,20.8,24.8,73.0,1000.7,2.0,0.0,75.783,74.694,74.681,0,2,0
2023,7,GRAN PREMIO DE ESPAÑA,SAI,Ferrari,Q2,72.79,2.0,21.793,29.267,21.73,2.0,SOFT,True,286.0,307.0,291.0,326.0,20.8,24.8,73.0,1000.7,2.0,0.0,75.726,74.274,74.24,0,2,0
2023,7,GRAN PREMIO DE ESPAÑA,HAM,Mercedes,Q2,72.999,5.0,21.694,29.577,21.728,3.0,SOFT,True,284.0,301.0,293.0,327.0,20.8,24.8,73.0,1000.7,2.0,0.0,75.845,74.549,74.072,0,2,0
2023,7,GRAN PREMIO DE ESPAÑA,OCO,Alpine,Q2,73.001,7.0,21.737,29.355,21.909,2.0,SOFT,True,290.0,309.0,295.0,326.0,20.8,24.8,73.0,1000.7,2.0,0.0,75.418,74.242,75.266,0,2,0
2023,7,GRAN PREMIO DE ESPAÑA,PIA,McLaren,Q2,73.059,10.0,21.828,29.427,21.804,2.0,SOFT,True,286.0,307.0,295.0,323.0,20.8,24.8,73.0,1000.7,2.0,0.0,76.353,74.583,75.105,0,2,0
2023,7,GRAN PREMIO DE ESPAÑA,STR,Aston Martin,Q2,73.082,6.0,21.831,29.345,21.906,2.0,SOFT,True,282.0,301.0,294.0,321.0,20.8,24.8,73.0,1000.7,2.0,0.0,75.939,75.01,74.756,0,2,0
2023,7,GRAN PREMIO DE ESPAÑA,ALO,Aston Martin,Q2,73.098,9.0,21.935,29.468,21.695,2.0,SOFT,True,284.0,302.0,293.0,321.0,20.8,24.8,73.0,1000.7,2.0,0.0,75.547,74.077,74.264,0,2,0
2023,7,GRAN PREMIO DE ESPAÑA,GAS,Alpine,Q2,73.186,4.0,21.874,29.442,21.87,2.0,SOFT,True,289.0,306.0,294.0,326.0,20.8,24.8,73.0,1000.7,2.0,0.0,75.545,74.457,75.841,0,2,0
2023,7,GRAN PREMIO DE ESPAÑA,HUL,Haas F1 Team,Q2,73.283,8.0,21.823,29.565,21.895,2.0,SOFT,True,286.0,306.0,293.0,328.0,20.8,24.8,73.0,1000.7,2.0,0.0,76.461,74.177,74.988,0,2,0
2023,7,GRAN PREMIO DE ESPAÑA,TSU,Racing Bulls,Q2,73.316,15.0,21.83,29.486,22.0,4.0,SOFT,False,286.0,306.0,293.0,326.0,20.8,24.8,73.0,1000.7,2.0,0.0,75.915,74.84,74.659,0,2,0
2023,7,GRAN PREMIO DE ESPAÑA,PER,Red Bull Racing,Q2,73.334,11.0,21.788,29.627,21.919,3.0,SOFT,True,287.0,309.0,297.0,328.0,20.8,24.8,73.0,1000.7,2.0,0.0,75.374,74.219,73.914,0,2,0
2023,7,GRAN PREMIO DE ESPAÑA,RUS,Mercedes,Q2,73.447,12.0,21.927,29.574,21.946,2.0,SOFT,True,281.0,302.0,295.0,321.0,20.8,24.8,73.0,1000.7,2.0,0.0,75.753,74.392,74.278,0,2,0
2023,7,GRAN PREMIO DE ESPAÑA,ZHO,Kick Sauber,Q2,73.521,13.0,22.038,29.643,21.84,4.0,SOFT,False,282.0,304.0,292.0,321.0,20.8,24.8,73.0,1000.7,2.0,0.0,75.906,74.585,74.681,0,2,0
2023,7,GRAN PREMIO DE ESPAÑA,DEV,Racing Bulls,Q2,74.083,14.0,22.096,29.884,22.103,5.0,SOFT,False,286.0,304.0,292.0,319.0,20.8,24.8,73.0,1000.7,2.0,0.0,75.504,74.785,74.693,0,2,0
2023,7,GRAN PREMIO DE ESPAÑA,VER,Red Bull Racing,Q3,72.272,1.0,21.536,29.064,21.672,2.0,SOFT,True,287.0,308.0,295.0,328.0,20.8,24.8,73.0,1000.7,2.0,0.0,74.606,73.907,73.664,0,3,0
2023,7,GRAN PREMIO DE ESPAÑA,SAI,Ferrari,Q3,72.734,2.0,21.696,29.257,21.781,2.0,SOFT,True,288.0,307.0,292.0,326.0,20.8,24.8,73.0,1000.7,2.0,0.0,75.726,74.274,74.24,0,3,0
2023,7,GRAN PREMIO DE ESPAÑA,NOR,McLaren,Q3,72.792,3.0,21.72,29.253,21.819,2.0,SOFT,True,284.0,308.0,295.0,323.0,20.8,24.8,73.0,1000.7,2.0,0.0,75.783,74.694,74.681,0,3,0
2023,7,GRAN PREMIO DE ESPAÑA,GAS,Alpine,Q3,72.816,4.0,21.748,29.211,21.857,2.0,SOFT,True,290.0,310.0,294.0,329.0,20.8,24.8,73.0,1000.7,2.0,0.0,75.545,74.457,75.841,0,3,0
2023,7,GRAN PREMIO DE ESPAÑA,HAM,Mercedes,Q3,72.818,5.0,21.805,29.154,21.859,2.0,SOFT,True,285.0,304.0,295.0,323.0,20.8,24.8,73.0,1000.7,2.0,0.0,75.845,74.549,74.072,0,3,0
2023,7,GRAN PREMIO DE ESPAÑA,STR,Aston Martin,Q3,72.994,6.0,21.806,29.262,21.926,2.0,SOFT,True,283.0,302.0,294.0,321.0,20.8,24.8,73.0,1000.7,2.0,0.0,75.939,75.01,74.756,0,3,0
2023,7,GRAN PREMIO DE ESPAÑA,OCO,Alpine,Q3,73.083,7.0,21.74,29.285,22.058,2.0,SOFT,True,290.0,309.0,295.0,328.0,20.8,24.8,73.0,1000.7,2.0,0.0,75.418,74.242,75.266,0,3,0
2023,7,GRAN PREMIO DE ESPAÑA,HUL,Haas F1 Team,Q3,73.229,8.0,21.79,29.484,21.955,2.0,SOFT,True,286.0,306.0,287.0,325.0,20.8,24.8,73.0,1000.7,2.0,0.0,76.461,74.177,74.988,0,3,0
2023,7,GRAN PREMIO DE ESPAÑA,ALO,Aston Martin,Q3,73.507,9.0,21.93,29.244,22.333,2.0,SOFT,True,278.0,300.0,291.0,318.0,20.8,24.8,73.0,1000.7,2.0,0.0,75.547,74.077,74.264,0,3,0
2023,7,GRAN PREMIO DE ESPAÑA,PIA,McLaren,Q3,73.682,10.0,21.754,29.269,22.659,2.0,SOFT,True,285.0,307.0,295.0,324.0,20.8,24.8,73.0,1000.7,2.0,0.0,76.353,74.583,75.105,0,3,0
2023,8,GRAND PRIX DU CANADA,VER,Red Bull Racing,Q1,80.851,1.0,23.196,25.97,31.685,11.0,INTERMEDIATE,False,248.0,274.0,279.0,307.0,16.4,18.4,87.0,1004.9,2.7,0.0,80.231,74.142,83.106,0,1,0
2023,8,GRAND PRIX DU CANADA,ALO,Aston Martin,Q1,81.481,3.0,23.399,26.197,31.885,11.0,INTERMEDIATE,False,249.0,276.0,280.0,308.0,16.4,18.4,87.0,1004.9,2.7,0.0,79.807,74.044,84.483,0,1,0
2023,8,GRAND PRIX DU CANADA,HAM,Mercedes,Q1,81.554,4.0,23.409,26.23,31.915,11.0,INTERMEDIATE,False,249.0,274.0,280.0,308.0,16.4,18.4,87.0,1004.9,2.7,0.0,,73.718,85.087,0,1,0
2023,8,GRAND PRIX DU CANADA,RUS,Mercedes,Q1,81.798,5.0,23.544,26.124,32.13,11.0,INTERMEDIATE,False,243.0,273.0,281.0,307.0,16.4,18.4,87.0,1004.9,2.7,0.0,,73.745,85.435,0,1,0
2023,8,GRAND PRIX DU CANADA,LEC,Ferrari,Q1,81.843,11.0,23.555,26.281,32.007,11.0,INTERMEDIATE,False,241.0,276.0,279.0,311.0,16.4,18.4,87.0,1004.9,2.7,0.0,86.809,74.094,83.397,0,1,0
2023,8,GRAND PRIX DU CANADA,ALB,Williams,Q1,81.938,10.0,23.907,26.227,31.804,4.0,INTERMEDIATE,True,251.0,280.0,284.0,314.0,16.4,18.4,87.0,1004.9,2.7,0.0,,75.003,85.379,0,1,0
2023,8,GRAND PRIX DU CANADA,NOR,McLaren,Q1,81.998,7.0,23.54,26.349,32.109,8.0,INTERMEDIATE,True,242.0,273.0,279.0,303.0,16.4,18.4,87.0,1004.9,2.7,0.0,126.349,74.617,85.198,0,1,0
2023,8,GRAND PRIX DU CANADA,OCO,Alpine,Q1,82.114,6.0,23.697,26.337,32.08,9.0,INTERMEDIATE,True,249.0,272.0,273.0,305.0,16.4,18.4,87.0,1004.9,2.7,0.0,,75.092,86.84,0,1,0
2023,8,GRAND PRIX DU CANADA,PER,Red Bull Racing,Q1,82.151,12.0,23.669,26.452,32.03,10.0,INTERMEDIATE,True,243.0,274.0,280.0,307.0,16.4,18.4,87.0,1004.9,2.7,0.0,80.154,74.25,85.857,0,1,0
2023,8,GRAND PRIX DU CANADA,PIA,McLaren,Q1,82.19,9.0,23.847,26.17,32.173,9.0,INTERMEDIATE,True,245.0,275.0,279.0,306.0,16.4,18.4,87.0,1004.9,2.7,0.0,81.496,74.533,85.191,0,1,0
2023,8,GRAND PRIX DU CANADA,SAI,Ferrari,Q1,82.248,8.0,23.731,26.371,32.146,11.0,INTERMEDIATE,False,245.0,277.0,281.0,314.0,16.4,18.4,87.0,1004.9,2.7,0.0,85.991,73.844,84.765,0,1,0
2023,8,GRAND PRIX DU CANADA,BOT,Kick Sauber,Q1,82.332,15.0,23.749,26.22,32.363,12.0,INTERMEDIATE,False,242.0,274.0,277.0,306.0,16.4,18.4,87.0,1004.9,2.7,0.0,78.728,74.22,84.988,0,1,0
2023,8,GRAND PRIX DU CANADA,MAG,Haas F1 Team,Q1,82.351,14.0,23.842,26.222,32.287,5.0,INTERMEDIATE,False,249.0,275.0,279.0,306.0,16.4,18.4,87.0,1004.9,2.7,0.0,84.045,74.544,84.715,0,1,0
2023,8,GRAND PRIX DU CANADA,STR,Aston Martin,Q1,82.677,13.0,23.679,26.682,32.316,3.0,INTERMEDIATE,True,245.0,272.0,278.0,306.0,16.4,18.4,87.0,1004.9,2.7,0.0,79.175,74.419,84.944,0,1,0
2023,8,GRAND PRIX DU CANADA,HUL,Haas F1 Team,Q1,82.73,2.0,23.89,26.694,32.146,2.0,INTERMEDIATE,True,239.0,272.0,277.0,304.0,16.4,18.4,87.0,1004.9,2.7,0.0,84.336,76.369,85.14,0,1,0
2023,8,GRAND PRIX DU CANADA,TSU,Racing Bulls,Q1,82.746,16.0,23.999,26.481,32.266,4.0,INTERMEDIATE,True,249.0,276.0,280.0,311.0,16.4,18.4,87.0,1004.9,2.7,0.0,114.143,74.941,84.955,0,1,0
2023,8,GRAND PRIX DU CANADA,GAS,Alpine,Q1,82.886,17.0,23.965,26.581,32.34,7.0,INTERMEDIATE,True,243.0,272.0,277.0,303.0,16.4,18.4,87.0,1004.9,2.7,0.0,,74.477,84.825,0,1,0
2023,8,GRAND PRIX DU CANADA,DEV,Racing Bulls,Q1,83.137,18.0,24.09,26.613,32.434,3.0,INTERMEDIATE,True,245.0,275.0,280.0,310.0,16.4,18.4,87.0,1004.9,2.7,0.0,92.274,75.002,85.725,0,1,0
2023,8,GRAND PRIX DU CANADA,SAR,Williams,Q1,83.337,19.0,24.182,26.858,32.297,4.0,INTERMEDIATE,True,245.0,278.0,283.0,313.0,16.4,18.4,87.0,1004.9,2.7,0.0,109.568,75.426,87.279,0,1,0
2023,8,GRAND PRIX DU CANADA,ZHO,Kick Sauber,Q1,83.342,20.0,24.088,26.719,32.535,3.0,INTERMEDIATE,True,244.0,272.0,279.0,306.0,16.4,18.4,87.0,1004.9,2.7,0.0,84.961,74.811,86.75,0,1,0
2023,8,GRAND PRIX DU CANADA,ALB,Williams,Q2,78.725,10.0,22.921,24.835,30.969,4.0,SOFT,True,258.0,279.0,296.0,338.0,16.4,18.4,87.0,1004.9,2.7,0.0,,75.003,85.379,0,2,0
2023,8,GRAND PRIX DU CANADA,VER,Red Bull Racing,Q2,79.092,1.0,23.171,25.126,30.795,3.0,SOFT,True,244.0,276.0,294.0,332.0,16.4,18.4,87.0,1004.9,2.7,0.0,80.231,74.142,83.106,0,2,0
2023,8,GRAND PRIX DU CANADA,NOR,McLaren,Q2,79.347,7.0,23.03,25.252,31.065,4.0,SOFT,True,238.0,273.0,288.0,321.0,16.4,18.4,87.0,1004.9,2.7,0.0,126.349,74.617,85.198,0,2,0
2023,8,GRAND PRIX DU CANADA,PIA,McLaren,Q2,79.659,9.0,23.041,25.308,31.31,3.0,SOFT,True,252.0,273.0,290.0,324.0,16.4,18.4,87.0,1004.9,2.7,0.0,81.496,74.533,85.191,0,2,0
2023,8,GRAND PRIX DU CANADA,ALO,Aston Martin,Q2,79.776,3.0,22.787,25.145,31.844,4.0,INTERMEDIATE,True,254.0,274.0,286.0,319.0,16.4,18.4,87.0,1004.9,2.7,0.0,79.807,74.044,84.483,0,2,0
2023,8,GRAND PRIX DU CANADA,SAI,Ferrari,Q2,79.856,8.0,23.098,25.135,31.623,3.0,SOFT,True,249.0,276.0,286.0,321.0,16.4,18.4,87.0,1004.9,2.7,0.0,85.991,73.844,84.765,0,2,0
2023,8,GRAND PRIX DU CANADA,RUS,Mercedes,Q2,80.098,5.0,23.14,25.282,31.676,2.0,INTERMEDIATE,True,249.0,272.0,287.0,321.0,16.4,18.4,87.0,1004.9,2.7,0.0,,73.745,85.435,0,2,0
2023,8,GRAND PRIX DU CANADA,HUL,Haas F1 Team,Q2,80.305,2.0,23.279,25.253,31.773,3.0,SOFT,True,247.0,273.0,289.0,326.0,16.4,18.4,87.0,1004.9,2.7,0.0,84.336,76.369,85.14,0,2,0
2023,8,GRAND PRIX DU CANADA,OCO,Alpine,Q2,80.406,6.0,23.447,25.478,31.481,3.0,SOFT,True,245.0,265.0,285.0,317.0,16.4,18.4,87.0,1004.9,2.7,0.0,,75.092,86.84,0,2,0
2023,8,GRAND PRIX DU CANADA,HAM,Mercedes,Q2,80.426,4.0,22.948,25.661,31.817,4.0,INTERMEDIATE,True,253.0,274.0,288.0,324.0,16.4,18.4,87.0,1004.9,2.7,0.0,,73.718,85.087,0,2,0
2023,8,GRAND PRIX DU CANADA,LEC,Ferrari,Q2,80.615,11.0,23.508,25.524,31.583,2.0,INTERMEDIATE,True,242.0,275.0,288.0,326.0,16.4,18.4,87.0,1004.9,2.7,0.0,86.809,74.094,83.397,0,2,0
2023,8,GRAND PRIX DU CANADA,PER,Red Bull Racing,Q2,80.959,12.0,23.329,25.948,31.682,2.0,INTERMEDIATE,True,247.0,273.0,290.0,327.0,16.4,18.4,87.0,1004.9,2.7,0.0,80.154,74.25,85.857,0,2,0
2023,8,GRAND PRIX DU CANADA,STR,Aston Martin,Q2,81.484,13.0,23.101,26.053,32.33,10.0,INTERMEDIATE,False,234.0,273.0,284.0,322.0,16.4,18.4,87.0,1004.9,2.7,0.0,79.175,74.419,84.944,0,2,0
2023,8,GRAND PRIX DU CANADA,MAG,Haas F1 Team,Q2,81.678,14.0,23.794,25.968,31.916,2.0,INTERMEDIATE,True,244.0,272.0,284.0,321.0,16.4,18.4,87.0,1004.9,2.7,0.0,84.045,74.544,84.715,0,2,0
2023,8,GRAND PRIX DU CANADA,BOT,Kick Sauber,Q2,81.821,15.0,23.719,26.103,31.999,2.0,INTERMEDIATE,True,247.0,272.0,285.0,320.0,16.4,18.4,87.0,1004.9,2.7,0.0,78.728,74.22,84.988,0,2,0
2023,8,GRAND PRIX DU CANADA,VER,Red Bull Racing,Q3,85.858,1.0,24.553,27.445,33.86,3.0,INTERMEDIATE,True,236.0,267.0,272.0,301.0,16.4,18.4,87.0,1004.9,2.7,0.0,80.231,74.142,83.106,0,3,0
2023,8,GRAND PRIX DU CANADA,HUL,Haas F1 Team,Q3,87.102,2.0,25.017,27.578,34.507,11.0,INTERMEDIATE,False,224.0,266.0,269.0,300.0,16.4,18.4,87.0,1004.9,2.7,0.0,84.336,76.369,85.14,0,3,0
2023,8,GRAND PRIX DU CANADA,ALO,Aston Martin,Q3,87.286,3.0,24.857,27.967,34.462,2.0,INTERMEDIATE,True,207.0,265.0,271.0,301.0,16.4,18.4,87.0,1004.9,2.7,0.0,79.807,74.044,84.483,0,3,0
2023,8,GRAND PRIX DU CANADA,HAM,Mercedes,Q3,87.627,4.0,25.27,28.102,34.255,4.0,INTERMEDIATE,False,226.0,266.0,273.0,302.0,16.4,18.4,87.0,1004.9,2.7,0.0,,73.718,85.087,0,3,0
2023,8,GRAND PRIX DU CANADA,RUS,Mercedes,Q3,87.893,5.0,25.225,28.402,34.266,4.0,INTERMEDIATE,False,227.0,264.0,271.0,302.0,16.4,18.4,87.0,1004.9,2.7,0.0,,73.745,85.435,0,3,0
2023,8,GRAND PRIX DU CANADA,OCO,Alpine,Q3,87.945,6.0,25.197,28.095,34.653,5.0,INTERMEDIATE,False,223.0,266.0,270.0,297.0,16.4,18.4,87.0,1004.9,2.7,0.0,,75.092,86.84,0,3,0
2023,8,GRAND PRIX DU CANADA,NOR,McLaren,Q3,88.046,7.0,25.251,28.182,34.613,2.0,INTERMEDIATE,True,219.0,263.0,269.0,297.0,16.4,18.4,87.0,1004.9,2.7,0.0,126.349,74.617,85.198,0,3,0
2023,8,GRAND PRIX DU CANADA,SAI,Ferrari,Q3,89.294,8.0,25.137,28.001,36.156,2.0,INTERMEDIATE,True,219.0,267.0,269.0,292.0,16.4,18.4,87.0,1004.9,2.7,0.0,85.991,73.844,84.765,0,3,0
2023,8,GRAND PRIX DU CANADA,ALB,Williams,Q3,90.284,10.0,25.861,28.285,36.138,2.0,INTERMEDIATE,True,223.0,270.0,270.0,308.0,16.4,18.4,87.0,1004.9,2.7,0.0,,75.003,85.379,0,3,0
2023,8,GRAND PRIX DU CANADA,PIA,McLaren,Q3,91.349,9.0,26.732,28.982,35.635,2.0,INTERMEDIATE,True,215.0,263.0,269.0,299.0,16.4,18.4,87.0,1004.9,2.7,0.0,81.496,74.533,85.191,0,3,0
2023,9,AUSTRIAN GRAND PRIX,VER,Red Bull Racing,Q1,65.116,1.0,16.44,29.07,19.606,6.0,SOFT,False,323.0,247.0,288.0,317.0,26.5,38.7,42.0,930.5,0.8,0.0,65.742,,64.44,1,1,0
2023,9,AUSTRIAN GRAND PRIX,PER,Red Bull Racing,Q1,65.177,15.0,16.505,29.113,19.559,2.0,SOFT,True,325.0,244.0,288.0,319.0,26.5,38.7,42.0,930.5,0.8,0.0,66.262,,64.933,1,1,0
2023,9,AUSTRIAN GRAND PRIX,NOR,McLaren,Q1,65.179,4.0,16.427,29.056,19.696,2.0,SOFT,True,322.0,247.0,286.0,316.0,26.5,38.7,42.0,930.5,0.8,0.0,67.368,,65.01,1,1,0
2023,9,AUSTRIAN GRAND PRIX,SAI,Ferrari,Q1,65.339,3.0,16.435,29.083,19.821,2.0,SOFT,True,322.0,245.0,286.0,317.0,26.5,38.7,42.0,930.5,0.8,0.0,65.983,,65.136,1,1,0
2023,9,AUSTRIAN GRAND PRIX,GAS,Alpine,Q1,65.515,9.0,16.566,29.123,19.826,2.0,SOFT,True,323.0,248.0,285.0,316.0,26.5,38.7,42.0,930.5,0.8,0.0,67.287,,66.36,1,1,0
2023,9,AUSTRIAN GRAND PRIX,LEC,Ferrari,Q1,65.577,2.0,16.622,29.08,19.875,2.0,SOFT,True,321.0,245.0,287.0,317.0,26.5,38.7,42.0,930.5,0.8,0.0,66.012,,65.245,1,1,0
2023,9,AUSTRIAN GRAND PRIX,ALO,Aston Martin,Q1,65.655,7.0,16.571,29.267,19.817,6.0,SOFT,False,318.0,246.0,284.0,313.0,26.5,38.7,42.0,930.5,0.8,0.0,66.656,,65.258,1,1,0
2023,9,AUSTRIAN GRAND PRIX,ALB,Williams,Q1,65.673,10.0,16.441,29.424,19.808,2.0,SOFT,True,324.0,245.0,290.0,316.0,26.5,38.7,42.0,930.5,0.8,0.0,66.794,,66.152,1,1,0
2023,9,AUSTRIAN GRAND PRIX,HAM,Mercedes,Q1,65.673,5.0,16.464,29.338,19.871,2.0,SOFT,True,320.0,246.0,285.0,314.0,26.5,38.7,42.0,930.5,0.8,0.0,66.251,,66.624,1,1,0
2023,9,AUSTRIAN GRAND PRIX,PIA,McLaren,Q1,65.683,13.0,16.62,29.286,19.777,2.0,SOFT,True,319.0,247.0,285.0,313.0,26.5,38.7,42.0,930.5,0.8,0.0,66.809,,67.106,1,1,0
2023,9,AUSTRIAN GRAND PRIX,RUS,Mercedes,Q1,65.686,11.0,16.544,29.222,19.92,2.0,SOFT,True,322.0,246.0,286.0,316.0,26.5,38.7,42.0,930.5,0.8,0.0,66.696,,66.653,1,1,0
2023,9,AUSTRIAN GRAND PRIX,STR,Aston Martin,Q1,65.71,6.0,16.628,29.38,19.702,5.0,SOFT,True,320.0,245.0,285.0,314.0,26.5,38.7,42.0,930.5,0.8,0.0,66.34,,65.347,1,1,0
2023,9,AUSTRIAN GRAND PRIX,OCO,Alpine,Q1,65.729,12.0,16.681,29.296,19.752,2.0,SOFT,True,320.0,247.0,286.0,315.0,26.5,38.7,42.0,930.5,0.8,0.0,67.202,,65.366,1,1,0
2023,9,AUSTRIAN GRAND PRIX,HUL,Haas F1 Team,Q1,65.74,8.0,16.481,29.238,20.021,5.0,SOFT,True,323.0,244.0,288.0,318.0,26.5,38.7,42.0,930.5,0.8,0.0,66.846,,65.084,1,1,0
2023,9,AUSTRIAN GRAND PRIX,BOT,Kick Sauber,Q1,65.763,14.0,16.6,29.336,19.827,2.0,SOFT,True,323.0,244.0,287.0,317.0,26.5,38.7,42.0,930.5,0.8,0.0,66.847,,67.291,1,1,0
2023,9,AUSTRIAN GRAND PRIX,TSU,Racing Bulls,Q1,65.784,16.0,16.6,29.332,19.852,2.0,SOFT,True,318.0,245.0,282.0,313.0,26.5,38.7,42.0,930.5,0.8,0.0,66.985,,66.185,1,1,0
2023,9,AUSTRIAN GRAND PRIX,MAG,Haas F1 Team,Q1,65.793,19.0,16.725,29.227,19.841,2.0,SOFT,True,319.0,242.0,284.0,315.0,26.5,38.7,42.0,930.5,0.8,0.0,66.497,,65.73,1,1,0
2023,9,AUSTRIAN GRAND PRIX,ZHO,Kick Sauber,Q1,65.818,17.0,16.687,29.239,19.892,2.0,SOFT,True,323.0,245.0,284.0,316.0,26.5,38.7,42.0,930.5,0.8,0.0,66.78,,67.062,1,1,0
2023,9,AUSTRIAN GRAND PRIX,SAR,Williams,Q1,65.948,18.0,16.463,29.383,20.102,2.0,SOFT,True,327.0,245.0,289.0,319.0,26.5,38.7,42.0,930.5,0.8,0.0,67.018,,67.242,1,1,0
2023,9,AUSTRIAN GRAND PRIX,DEV,Racing Bulls,Q1,65.974,20.0,16.775,29.322,19.877,2.0,SOFT,True,317.0,246.0,284.0,313.0,26.5,38.7,42.0,930.5,0.8,0.0,67.017,,66.423,1,1,0
2023,9,AUSTRIAN GRAND PRIX,VER,Red Bull Racing,Q2,64.951,1.0,16.474,28.943,19.534,5.0,SOFT,True,323.0,247.0,287.0,319.0,26.5,38.7,42.0,930.5,0.8,0.0,65.742,,64.44,1,2,0
2023,9,AUSTRIAN GRAND PRIX,SAI,Ferrari,Q2,64.975,3.0,16.387,28.85,19.738,2.0,SOFT,True,325.0,245.0,288.0,318.0,26.5,38.7,42.0,930.5,0.8,0.0,65.983,,65.136,1,2,0
2023,9,AUSTRIAN GRAND PRIX,PER,Red Bull Racing,Q2,64.99,15.0,16.438,28.839,19.713,2.0,SOFT,True,325.0,242.0,290.0,318.0,26.5,38.7,42.0,930.5,0.8,0.0,66.262,,64.933,1,2,0
2023,9,AUSTRIAN GRAND PRIX,NOR,McLaren,Q2,65.038,4.0,16.462,29.024,19.552,2.0,SOFT,True,323.0,249.0,287.0,315.0,26.5,38.7,42.0,930.5,0.8,0.0,67.368,,65.01,1,2,0
2023,9,AUSTRIAN GRAND PRIX,ALO,Aston Martin,Q2,65.055,7.0,16.505,29.008,19.542,2.0,SOFT,True,320.0,247.0,285.0,313.0,26.5,38.7,42.0,930.5,0.8,0.0,66.656,,65.258,1,2,0
2023,9,AUSTRIAN GRAND PRIX,GAS,Alpine,Q2,65.084,9.0,16.398,29.028,19.658,2.0,SOFT,True,322.0,249.0,286.0,315.0,26.5,38.7,42.0,930.5,0.8,0.0,67.287,,66.36,1,2,0
2023,9,AUSTRIAN GRAND PRIX,LEC,Ferrari,Q2,65.087,2.0,16.409,28.922,19.756,2.0,SOFT,True,323.0,247.0,285.0,318.0,26.5,38.7,42.0,930.5,0.8,0.0,66.012,,65.245,1,2,0
2023,9,AUSTRIAN GRAND PRIX,STR,Aston Martin,Q2,65.121,6.0,16.416,29.081,19.624,2.0,SOFT,True,322.0,246.0,286.0,315.0,26.5,38.7,42.0,930.5,0.8,0.0,66.34,,65.347,1,2,0
2023,9,AUSTRIAN GRAND PRIX,HAM,Mercedes,Q2,65.188,5.0,16.343,29.089,19.756,2.0,SOFT,True,321.0,246.0,284.0,315.0,26.5,38.7,42.0,930.5,0.8,0.0,66.251,,66.624,1,2,0
2023,9,AUSTRIAN GRAND PRIX,PIA,McLaren,Q2,65.213,13.0,16.519,29.081,19.613,2.0,SOFT,True,321.0,247.0,285.0,314.0,26.5,38.7,42.0,930.5,0.8,0.0,66.809,,67.106,1,2,0
2023,9,AUSTRIAN GRAND PRIX,OCO,Alpine,Q2,65.295,12.0,16.475,29.124,19.696,2.0,SOFT,True,322.0,248.0,284.0,314.0,26.5,38.7,42.0,930.5,0.8,0.0,67.202,,65.366,1,2,0
2023,9,AUSTRIAN GRAND PRIX,HUL,Haas F1 Team,Q2,65.301,8.0,16.404,29.035,19.862,2.0,SOFT,True,324.0,245.0,286.0,316.0,26.5,38.7,42.0,930.5,0.8,0.0,66.846,,65.084,1,2,0
2023,9,AUSTRIAN GRAND PRIX,ALB,Williams,Q2,65.387,10.0,16.346,29.358,19.683,2.0,SOFT,True,326.0,245.0,290.0,319.0,26.5,38.7,42.0,930.5,0.8,0.0,66.794,,66.152,1,2,0
2023,9,AUSTRIAN GRAND PRIX,RUS,Mercedes,Q2,65.408,11.0,16.515,29.097,19.796,2.0,SOFT,True,321.0,245.0,287.0,315.0,26.5,38.7,42.0,930.5,0.8,0.0,66.696,,66.653,1,2,0
2023,9,AUSTRIAN GRAND PRIX,BOT,Kick Sauber,Q2,65.513,14.0,16.518,29.179,19.816,2.0,SOFT,True,323.0,246.0,286.0,317.0,26.5,38.7,42.0,930.5,0.8,0.0,66.847,,67.291,1,2,0
2023,9,AUSTRIAN GRAND PRIX,VER,Red Bull Racing,Q3,64.391,1.0,16.3,28.732,19.359,2.0,SOFT,True,324.0,249.0,290.0,317.0,26.5,38.7,42.0,930.5,0.8,0.0,65.742,,64.44,1,3,0
2023,9,AUSTRIAN GRAND PRIX,LEC,Ferrari,Q3,64.439,2.0,16.336,28.686,19.417,2.0,SOFT,True,324.0,247.0,288.0,318.0,26.5,38.7,42.0,930.5,0.8,0.0,66.012,,65.245,1,3,0
2023,9,AUSTRIAN GRAND PRIX,SAI,Ferrari,Q3,64.581,3.0,16.304,28.785,19.492,2.0,SOFT,True,323.0,247.0,286.0,317.0,26.5,38.7,42.0,930.5,0.8,0.0,65.983,,65.136,1,3,0
2023,9,AUSTRIAN GRAND PRIX,NOR,McLaren,Q3,64.658,4.0,16.358,28.808,19.492,2.0,SOFT,True,323.0,248.0,285.0,315.0,26.5,38.7,42.0,930.5,0.8,0.0,67.368,,65.01,1,3,0
2023,9,AUSTRIAN GRAND PRIX,HAM,Mercedes,Q3,64.819,5.0,16.312,28.975,19.532,2.0,SOFT,True,321.0,247.0,286.0,314.0,26.5,38.7,42.0,930.5,0.8,0.0,66.251,,66.624,1,3,0
2023,9,AUSTRIAN GRAND PRIX,STR,Aston Martin,Q3,64.893,6.0,16.388,28.969,19.536,2.0,SOFT,True,322.0,246.0,285.0,315.0,26.5,38.7,42.0,930.5,0.8,0.0,66.34,,65.347,1,3,0
2023,9,AUSTRIAN GRAND PRIX,ALO,Aston Martin,Q3,64.911,7.0,16.399,28.919,19.593,2.0,SOFT,True,320.0,246.0,285.0,314.0,26.5,38.7,42.0,930.5,0.8,0.0,66.656,,65.258,1,3,0
2023,9,AUSTRIAN GRAND PRIX,HUL,Haas F1 Team,Q3,65.09,8.0,16.392,28.94,19.758,2.0,SOFT,True,323.0,245.0,285.0,315.0,26.5,38.7,42.0,930.5,0.8,0.0,66.846,,65.084,1,3,0
2023,9,AUSTRIAN GRAND PRIX,GAS,Alpine,Q3,65.17,9.0,16.508,29.067,19.595,2.0,SOFT,True,321.0,248.0,286.0,313.0,26.5,38.7,42.0,930.5,0.8,0.0,67.287,,66.36,1,3,0
2023,9,AUSTRIAN GRAND PRIX,ALB,Williams,Q3,65.34,10.0,16.375,29.225,19.74,2.0,SOFT,True,324.0,245.0,288.0,316.0,26.5,38.7,42.0,930.5,0.8,0.0,66.794,,66.152,1,3,0
2023,10,BRITISH GRAND PRIX,NOR,McLaren,Q1,88.917,2.0,27.983,35.844,25.09,4.0,SOFT,False,304.0,264.0,253.0,301.0,20.9,21.9,80.0,999.5,2.7,0.0,89.441,89.26,88.563,0,1,0
2023,10,BRITISH GRAND PRIX,LEC,Ferrari,Q1,89.143,4.0,28.093,35.845,25.205,2.0,SOFT,True,307.0,258.0,251.0,305.0,20.9,21.9,80.0,999.5,2.7,0.0,89.28,,87.419,0,1,0
2023,10,BRITISH GRAND PRIX,RUS,Mercedes,Q1,89.412,6.0,28.064,35.968,25.38,2.0,SOFT,True,303.0,262.0,247.0,302.0,20.9,21.9,80.0,999.5,2.7,0.0,89.874,89.238,88.284,0,1,0
2023,10,BRITISH GRAND PRIX,HAM,Mercedes,Q1,89.415,7.0,28.211,35.897,25.307,2.0,SOFT,True,305.0,263.0,249.0,305.0,20.9,21.9,80.0,999.5,2.7,0.0,89.768,89.283,87.948,0,1,0
2023,10,BRITISH GRAND PRIX,VER,Red Bull Racing,Q1,89.428,1.0,28.129,35.691,25.608,10.0,SOFT,False,305.0,263.0,246.0,302.0,20.9,21.9,80.0,999.5,2.7,0.0,88.6,88.078,88.266,0,1,0
2023,10,BRITISH GRAND PRIX,STR,Aston Martin,Q1,89.448,12.0,28.036,35.764,25.648,2.0,SOFT,True,303.0,265.0,248.0,308.0,20.9,21.9,80.0,999.5,2.7,0.0,89.471,88.866,88.62,0,1,0
2023,10,BRITISH GRAND PRIX,ALB,Williams,Q1,89.466,8.0,28.009,36.176,25.281,2.0,SOFT,True,304.0,260.0,252.0,305.0,20.9,21.9,80.0,999.5,2.7,0.0,89.089,88.296,87.592,0,1,0
2023,10,BRITISH GRAND PRIX,GAS,Alpine,Q1,89.533,10.0,28.141,36.035,25.357,2.0,SOFT,True,305.0,259.0,251.0,301.0,20.9,21.9,80.0,999.5,2.7,0.0,89.828,88.889,87.893,0,1,0
2023,10,BRITISH GRAND PRIX,HUL,Haas F1 Team,Q1,89.603,11.0,28.066,36.106,25.431,2.0,SOFT,True,303.0,261.0,251.0,298.0,20.9,21.9,80.0,999.5,2.7,0.0,90.591,88.88,93.59,0,1,0
2023,10,BRITISH GRAND PRIX,OCO,Alpine,Q1,89.7,13.0,28.219,35.998,25.483,2.0,SOFT,True,305.0,260.0,251.0,303.0,20.9,21.9,80.0,999.5,2.7,0.0,89.319,89.242,89.233,0,1,0
2023,10,BRITISH GRAND PRIX,BOT,Kick Sauber,Q1,89.798,15.0,28.13,36.328,25.34,2.0,SOFT,True,303.0,261.0,252.0,298.0,20.9,21.9,80.0,999.5,2.7,0.0,90.09,89.378,89.586,0,1,0
2023,10,BRITISH GRAND PRIX,SAI,Ferrari,Q1,89.865,5.0,28.178,36.224,25.463,2.0,SOFT,True,311.0,263.0,253.0,310.0,20.9,21.9,80.0,999.5,2.7,0.0,89.357,88.1,87.964,0,1,0
2023,10,BRITISH GRAND PRIX,SAR,Williams,Q1,89.873,14.0,28.041,36.16,25.672,2.0,SOFT,True,305.0,263.0,250.0,306.0,20.9,21.9,80.0,999.5,2.7,0.0,90.124,88.766,88.151,0,1,0
2023,10,BRITISH GRAND PRIX,PIA,McLaren,Q1,89.874,3.0,28.273,36.095,25.506,4.0,SOFT,False,299.0,264.0,251.0,297.0,20.9,21.9,80.0,999.5,2.7,0.0,89.658,88.926,89.437,0,1,0
2023,10,BRITISH GRAND PRIX,ALO,Aston Martin,Q1,89.949,9.0,28.234,35.996,25.719,8.0,SOFT,False,301.0,263.0,247.0,304.0,20.9,21.9,80.0,999.5,2.7,0.0,89.268,89.134,87.784,0,1,0
2023,10,BRITISH GRAND PRIX,PER,Red Bull Racing,Q1,89.968,15.0,28.318,36.097,25.553,3.0,SOFT,False,304.0,262.0,248.0,300.0,20.9,21.9,80.0,999.5,2.7,0.0,89.048,88.342,88.904,0,1,0
2023,10,BRITISH GRAND PRIX,TSU,Racing Bulls,Q1,90.025,16.0,28.269,36.027,25.729,2.0,SOFT,True,305.0,263.0,248.0,302.0,20.9,21.9,80.0,999.5,2.7,0.0,90.092,89.483,88.337,0,1,0
2023,10,BRITISH GRAND PRIX,ZHO,Kick Sauber,Q1,90.123,17.0,28.282,36.365,25.476,2.0,SOFT,True,301.0,261.0,252.0,294.0,20.9,21.9,80.0,999.5,2.7,0.0,90.321,89.225,113.169,0,1,0
2023,10,BRITISH GRAND PRIX,DEV,Racing Bulls,Q1,90.513,18.0,28.276,36.33,25.907,2.0,SOFT,True,306.0,260.0,250.0,303.0,20.9,21.9,80.0,999.5,2.7,0.0,89.691,89.571,88.504,0,1,0
2023,10,BRITISH GRAND PRIX,MAG,Haas F1 Team,Q1,92.378,19.0,28.284,37.058,27.036,4.0,SOFT,True,303.0,257.0,247.0,297.0,20.9,21.9,80.0,999.5,2.7,0.0,90.385,89.439,89.207,0,1,0
2023,10,BRITISH GRAND PRIX,VER,Red Bull Racing,Q2,87.702,1.0,27.82,35.298,24.584,2.0,SOFT,True,305.0,267.0,252.0,303.0,20.9,21.9,80.0,999.5,2.7,0.0,88.6,88.078,88.266,0,2,0
2023,10,BRITISH GRAND PRIX,PIA,McLaren,Q2,87.845,3.0,27.913,35.539,24.393,2.0,SOFT,True,299.0,268.0,254.0,300.0,20.9,21.9,80.0,999.5,2.7,0.0,89.658,88.926,89.437,0,2,0
2023,10,BRITISH GRAND PRIX,NOR,McLaren,Q2,88.042,2.0,27.845,35.694,24.503,2.0,SOFT,True,300.0,265.0,252.0,299.0,20.9,21.9,80.0,999.5,2.7,0.0,89.441,89.26,88.563,0,2,0
2023,10,BRITISH GRAND PRIX,ALB,Williams,Q2,88.067,8.0,27.851,35.687,24.529,3.0,SOFT,False,305.0,265.0,252.0,308.0,20.9,21.9,80.0,999.5,2.7,0.0,89.089,88.296,87.592,0,2,0
2023,10,BRITISH GRAND PRIX,SAI,Ferrari,Q2,88.265,5.0,27.879,35.746,24.64,2.0,SOFT,True,308.0,266.0,253.0,304.0,20.9,21.9,80.0,999.5,2.7,0.0,89.357,88.1,87.964,0,2,0
2023,10,BRITISH GRAND PRIX,LEC,Ferrari,Q2,88.361,4.0,27.992,35.624,24.745,5.0,SOFT,False,303.0,265.0,252.0,306.0,20.9,21.9,80.0,999.5,2.7,0.0,89.28,,87.419,0,2,0
2023,10,BRITISH GRAND PRIX,ALO,Aston Martin,Q2,88.368,9.0,28.016,35.589,24.763,2.0,SOFT,True,303.0,265.0,246.0,308.0,20.9,21.9,80.0,999.5,2.7,0.0,89.268,89.134,87.784,0,2,0
2023,10,BRITISH GRAND PRIX,HAM,Mercedes,Q2,88.545,7.0,27.964,35.706,24.875,2.0,SOFT,True,303.0,264.0,246.0,301.0,20.9,21.9,80.0,999.5,2.7,0.0,89.768,89.283,87.948,0,2,0
2023,10,BRITISH GRAND PRIX,GAS,Alpine,Q2,88.751,10.0,27.973,35.781,24.997,2.0,SOFT,True,302.0,261.0,251.0,299.0,20.9,21.9,80.0,999.5,2.7,0.0,89.828,88.889,87.893,0,2,0
2023,10,BRITISH GRAND PRIX,RUS,Mercedes,Q2,88.782,6.0,27.928,35.958,24.896,2.0,SOFT,True,303.0,264.0,248.0,303.0,20.9,21.9,80.0,999.5,2.7,0.0,89.874,89.238,88.284,0,2,0
2023,10,BRITISH GRAND PRIX,HUL,Haas F1 Team,Q2,88.896,11.0,28.066,35.877,24.953,2.0,SOFT,True,303.0,262.0,251.0,300.0,20.9,21.9,80.0,999.5,2.7,0.0,90.591,88.88,93.59,0,2,0
2023,10,BRITISH GRAND PRIX,STR,Aston Martin,Q2,88.935,12.0,28.07,35.839,25.026,4.0,SOFT,False,303.0,266.0,246.0,307.0,20.9,21.9,80.0,999.5,2.7,0.0,89.471,88.866,88.62,0,2,0
2023,10,BRITISH GRAND PRIX,OCO,Alpine,Q2,88.956,13.0,28.239,35.843,24.874,2.0,SOFT,True,308.0,264.0,251.0,304.0,20.9,21.9,80.0,999.5,2.7,0.0,89.319,89.242,89.233,0,2,0
2023,10,BRITISH GRAND PRIX,SAR,Williams,Q2,89.031,14.0,27.917,36.089,25.025,4.0,SOFT,False,306.0,263.0,252.0,308.0,20.9,21.9,80.0,999.5,2.7,0.0,90.124,88.766,88.151,0,2,0
2023,10,BRITISH GRAND PRIX,VER,Red Bull Racing,Q3,86.72,1.0,27.482,35.234,24.004,2.0,SOFT,True,326.0,270.0,252.0,326.0,20.9,21.9,80.0,999.5,2.7,0.0,88.6,88.078,88.266,0,3,0
2023,10,BRITISH GRAND PRIX,NOR,McLaren,Q3,86.961,2.0,27.544,35.312,24.105,2.0,SOFT,True,317.0,271.0,252.0,320.0,20.9,21.9,80.0,999.5,2.7,0.0,89.441,89.26,88.563,0,3,0
2023,10,BRITISH GRAND PRIX,PIA,McLaren,Q3,87.092,3.0,27.634,35.35,24.108,2.0,SOFT,True,317.0,270.0,254.0,319.0,20.9,21.9,80.0,999.5,2.7,0.0,89.658,88.926,89.437,0,3,0
2023,10,BRITISH GRAND PRIX,LEC,Ferrari,Q3,87.136,4.0,27.461,35.384,24.291,2.0,SOFT,True,324.0,267.0,254.0,325.0,20.9,21.9,80.0,999.5,2.7,0.0,89.28,,87.419,0,3,0
2023,10,BRITISH GRAND PRIX,SAI,Ferrari,Q3,87.148,5.0,27.592,35.38,24.176,2.0,SOFT,True,324.0,268.0,254.0,326.0,20.9,21.9,80.0,999.5,2.7,0.0,89.357,88.1,87.964,0,3,0
2023,10,BRITISH GRAND PRIX,RUS,Mercedes,Q3,87.155,6.0,27.573,35.41,24.172,2.0,SOFT,True,319.0,268.0,251.0,322.0,20.9,21.9,80.0,999.5,2.7,0.0,89.874,89.238,88.284,0,3,0
2023,10,BRITISH GRAND PRIX,HAM,Mercedes,Q3,87.211,7.0,27.61,35.407,24.194,2.0,SOFT,True,319.0,269.0,248.0,322.0,20.9,21.9,80.0,999.5,2.7,0.0,89.768,89.283,87.948,0,3,0
2023,10,BRITISH GRAND PRIX,ALB,Williams,Q3,87.53,8.0,27.562,35.6,24.368,2.0,SOFT,True,323.0,268.0,251.0,325.0,20.9,21.9,80.0,999.5,2.7,0.0,89.089,88.296,87.592,0,3,0
2023,10,BRITISH GRAND PRIX,ALO,Aston Martin,Q3,87.659,9.0,27.635,35.706,24.318,2.0,SOFT,True,319.0,269.0,247.0,327.0,20.9,21.9,80.0,999.5,2.7,0.0,89.268,89.134,87.784,0,3,0
2023,10,BRITISH GRAND PRIX,GAS,Alpine,Q3,87.689,10.0,27.668,35.7,24.321,2.0,SOFT,True,323.0,266.0,252.0,322.0,20.9,21.9,80.0,999.5,2.7,0.0,89.828,88.889,87.893,0,3,0
2023,11,HUNGARIAN GRAND PRIX,ZHO,Kick Sauber,Q1,78.143,5.0,28.249,27.817,22.077,2.0,HARD,True,280.0,250.0,257.0,303.0,26.3,43.8,35.0,987.4,2.2,0.0,101.363,78.108,78.544,0,1,0
2023,11,HUNGARIAN GRAND PRIX,NOR,McLaren,Q1,78.209,3.0,28.353,27.855,22.001,2.0,HARD,True,278.0,252.0,255.0,301.0,26.3,43.8,35.0,987.4,2.2,0.0,100.277,77.701,78.082,0,1,0
2023,11,HUNGARIAN GRAND PRIX,VER,Red Bull Racing,Q1,78.318,2.0,28.189,27.933,22.196,2.0,HARD,True,282.0,249.0,256.0,303.0,26.3,43.8,35.0,987.4,2.2,0.0,,78.279,78.061,0,1,0
2023,11,HUNGARIAN GRAND PRIX,PER,Red Bull Racing,Q1,78.36,9.0,28.328,27.912,22.12,2.0,HARD,True,280.0,250.0,257.0,303.0,26.3,43.8,35.0,987.4,2.2,0.0,,78.978,78.067,0,1,0
2023,11,HUNGARIAN GRAND PRIX,SAI,Ferrari,Q1,78.393,11.0,28.196,28.04,22.157,2.0,HARD,True,283.0,247.0,258.0,306.0,26.3,43.8,35.0,987.4,2.2,0.0,108.101,78.182,78.234,0,1,0
2023,11,HUNGARIAN GRAND PRIX,LEC,Ferrari,Q1,78.44,6.0,28.192,28.006,22.242,2.0,HARD,True,283.0,246.0,257.0,305.0,26.3,43.8,35.0,987.4,2.2,0.0,101.142,77.686,78.19,0,1,0
2023,11,HUNGARIAN GRAND PRIX,PIA,McLaren,Q1,78.464,4.0,28.493,27.859,22.112,2.0,HARD,True,279.0,252.0,257.0,301.0,26.3,43.8,35.0,987.4,2.2,0.0,99.154,79.117,78.598,0,1,0
2023,11,HUNGARIAN GRAND PRIX,HAM,Mercedes,Q1,78.577,1.0,28.516,27.973,22.088,2.0,HARD,True,280.0,246.0,251.0,301.0,26.3,43.8,35.0,987.4,2.2,0.0,,78.746,77.811,0,1,0
2023,11,HUNGARIAN GRAND PRIX,ALO,Aston Martin,Q1,78.58,8.0,28.305,28.105,22.17,2.0,HARD,True,282.0,249.0,257.0,306.0,26.3,43.8,35.0,987.4,2.2,0.0,100.687,78.105,78.35,0,1,0
2023,11,HUNGARIAN GRAND PRIX,HUL,Haas F1 Team,Q1,78.695,10.0,28.439,28.065,22.191,2.0,HARD,True,283.0,248.0,258.0,304.0,26.3,43.8,35.0,987.4,2.2,0.0,102.706,78.058,78.077,0,1,0
2023,11,HUNGARIAN GRAND PRIX,GAS,Alpine,Q1,78.743,15.0,28.335,28.116,22.292,2.0,HARD,True,284.0,249.0,255.0,302.0,26.3,43.8,35.0,987.4,2.2,0.0,,77.918,78.776,0,1,0
2023,11,HUNGARIAN GRAND PRIX,BOT,Kick Sauber,Q1,78.775,7.0,28.541,27.867,22.367,4.0,HARD,True,281.0,250.0,257.0,303.0,26.3,43.8,35.0,987.4,2.2,0.0,101.032,78.085,78.489,0,1,0
2023,11,HUNGARIAN GRAND PRIX,STR,Aston Martin,Q1,78.782,14.0,28.31,28.147,22.325,2.0,HARD,True,282.0,250.0,255.0,305.0,26.3,43.8,35.0,987.4,2.2,0.0,100.013,78.319,78.536,0,1,0
2023,11,HUNGARIAN GRAND PRIX,OCO,Alpine,Q1,78.854,12.0,28.388,28.153,22.313,2.0,HARD,True,283.0,250.0,257.0,303.0,26.3,43.8,35.0,987.4,2.2,0.0,118.64,78.045,78.979,0,1,0
2023,11,HUNGARIAN GRAND PRIX,RIC,Racing Bulls,Q1,78.906,13.0,28.418,28.308,22.18,2.0,HARD,True,280.0,245.0,256.0,297.0,26.3,43.8,35.0,987.4,2.2,0.0,117.546,78.385,78.828,0,1,0
2023,11,HUNGARIAN GRAND PRIX,ALB,Williams,Q1,78.917,16.0,28.395,27.989,22.533,2.0,HARD,True,280.0,247.0,257.0,301.0,26.3,43.8,35.0,987.4,2.2,0.0,104.854,78.377,78.592,0,1,0
2023,11,HUNGARIAN GRAND PRIX,TSU,Racing Bulls,Q1,78.919,17.0,28.424,28.319,22.176,2.0,HARD,True,278.0,248.0,254.0,299.0,26.3,43.8,35.0,987.4,2.2,0.0,105.575,77.934,79.156,0,1,0
2023,11,HUNGARIAN GRAND PRIX,RUS,Mercedes,Q1,79.027,18.0,28.72,28.088,22.219,2.0,HARD,True,280.0,251.0,257.0,300.0,26.3,43.8,35.0,987.4,2.2,0.0,98.795,79.175,78.119,0,1,0
2023,11,HUNGARIAN GRAND PRIX,MAG,Haas F1 Team,Q1,79.206,19.0,28.353,28.488,22.365,2.0,HARD,True,281.0,245.0,258.0,303.0,26.3,43.8,35.0,987.4,2.2,0.0,102.906,78.504,78.649,0,1,0
2023,11,HUNGARIAN GRAND PRIX,SAR,Williams,Q1,79.248,20.0,28.491,28.141,22.616,2.0,HARD,True,282.0,246.0,258.0,301.0,26.3,43.8,35.0,987.4,2.2,0.0,101.416,78.836,78.814,0,1,0
2023,11,HUNGARIAN GRAND PRIX,VER,Red Bull Racing,Q2,77.296,2.0,28.07,27.462,21.764,2.0,MEDIUM,True,281.0,253.0,259.0,302.0,26.3,43.8,35.0,987.4,2.2,0.0,,78.279,78.061,0,2,0
2023,11,HUNGARIAN GRAND PRIX,NOR,McLaren,Q2,77.328,3.0,28.154,27.342,21.832,2.0,MEDIUM,True,279.0,253.0,257.0,302.0,26.3,43.8,35.0,987.4,2.2,0.0,100.277,77.701,78.082,0,2,0
2023,11,HUNGARIAN GRAND PRIX,HAM,Mercedes,Q2,77.427,1.0,28.271,27.494,21.662,2.0,MEDIUM,True,280.0,251.0,258.0,304.0,26.3,43.8,35.0,987.4,2.2,0.0,,78.746,77.811,0,2,0
2023,11,HUNGARIAN GRAND PRIX,BOT,Kick Sauber,Q2,77.563,7.0,28.135,27.5,21.928,2.0,MEDIUM,True,282.0,253.0,259.0,305.0,26.3,43.8,35.0,987.4,2.2,0.0,101.032,78.085,78.489,0,2,0
2023,11,HUNGARIAN GRAND PRIX,PIA,McLaren,Q2,77.571,4.0,28.197,27.458,21.916,2.0,MEDIUM,True,280.0,252.0,258.0,302.0,26.3,43.8,35.0,987.4,2.2,0.0,99.154,79.117,78.598,0,2,0
2023,11,HUNGARIAN GRAND PRIX,LEC,Ferrari,Q2,77.58,6.0,28.036,27.637,21.907,2.0,MEDIUM,True,283.0,250.0,258.0,305.0,26.3,43.8,35.0,987.4,2.2,0.0,101.142,77.686,78.19,0,2,0
2023,11,HUNGARIAN GRAND PRIX,HUL,Haas F1 Team,Q2,77.652,10.0,28.132,27.6,21.92,2.0,MEDIUM,True,282.0,253.0,259.0,304.0,26.3,43.8,35.0,987.4,2.2,0.0,102.706,78.058,78.077,0,2,0
2023,11,HUNGARIAN GRAND PRIX,PER,Red Bull Racing,Q2,77.675,9.0,28.318,27.583,21.774,2.0,MEDIUM,True,280.0,251.0,256.0,300.0,26.3,43.8,35.0,987.4,2.2,0.0,,78.978,78.067,0,2,0
2023,11,HUNGARIAN GRAND PRIX,ZHO,Kick Sauber,Q2,77.7,5.0,28.246,27.529,21.925,2.0,MEDIUM,True,279.0,251.0,256.0,304.0,26.3,43.8,35.0,987.4,2.2,0.0,101.363,78.108,78.544,0,2,0
2023,11,HUNGARIAN GRAND PRIX,ALO,Aston Martin,Q2,77.701,8.0,28.129,27.68,21.892,2.0,MEDIUM,True,283.0,252.0,258.0,304.0,26.3,43.8,35.0,987.4,2.2,0.0,100.687,78.105,78.35,0,2,0
2023,11,HUNGARIAN GRAND PRIX,SAI,Ferrari,Q2,77.703,11.0,28.084,27.697,21.922,2.0,MEDIUM,True,283.0,249.0,259.0,307.0,26.3,43.8,35.0,987.4,2.2,0.0,108.101,78.182,78.234,0,2,0
2023,11,HUNGARIAN GRAND PRIX,OCO,Alpine,Q2,77.841,12.0,28.036,27.72,22.085,2.0,MEDIUM,True,284.0,253.0,258.0,305.0,26.3,43.8,35.0,987.4,2.2,0.0,118.64,78.045,78.979,0,2,0
2023,11,HUNGARIAN GRAND PRIX,STR,Aston Martin,Q2,77.861,14.0,28.327,27.635,21.899,2.0,MEDIUM,True,281.0,252.0,255.0,301.0,26.3,43.8,35.0,987.4,2.2,0.0,100.013,78.319,78.536,0,2,0
2023,11,HUNGARIAN GRAND PRIX,RIC,Racing Bulls,Q2,78.002,13.0,28.163,27.861,21.978,2.0,MEDIUM,True,280.0,250.0,257.0,299.0,26.3,43.8,35.0,987.4,2.2,0.0,117.546,78.385,78.828,0,2,0
2023,11,HUNGARIAN GRAND PRIX,GAS,Alpine,Q2,78.045,15.0,28.176,27.837,22.032,2.0,MEDIUM,True,284.0,253.0,258.0,303.0,26.3,43.8,35.0,987.4,2.2,0.0,,77.918,78.776,0,2,0
2023,11,HUNGARIAN GRAND PRIX,HAM,Mercedes,Q3,76.609,1.0,27.817,27.124,21.668,2.0,SOFT,True,279.0,252.0,256.0,302.0,26.3,43.8,35.0,987.4,2.2,0.0,,78.746,77.811,0,3,0
2023,11,HUNGARIAN GRAND PRIX,VER,Red Bull Racing,Q3,76.612,2.0,27.782,27.283,21.547,2.0,SOFT,True,280.0,254.0,258.0,304.0,26.3,43.8,35.0,987.4,2.2,0.0,,78.279,78.061,0,3,0
2023,11,HUNGARIAN GRAND PRIX,NOR,McLaren,Q3,76.694,3.0,27.878,27.123,21.693,2.0,SOFT,True,280.0,257.0,257.0,303.0,26.3,43.8,35.0,987.4,2.2,0.0,100.277,77.701,78.082,0,3,0
2023,11,HUNGARIAN GRAND PRIX,PIA,McLaren,Q3,76.905,4.0,28.052,27.033,21.82,2.0,SOFT,True,279.0,256.0,258.0,303.0,26.3,43.8,35.0,987.4,2.2,0.0,99.154,79.117,78.598,0,3,0
2023,11,HUNGARIAN GRAND PRIX,ZHO,Kick Sauber,Q3,76.971,5.0,27.858,27.276,21.837,2.0,SOFT,True,279.0,253.0,255.0,304.0,26.3,43.8,35.0,987.4,2.2,0.0,101.363,78.108,78.544,0,3,0
2023,11,HUNGARIAN GRAND PRIX,LEC,Ferrari,Q3,76.992,6.0,27.863,27.278,21.851,2.0,SOFT,True,282.0,250.0,257.0,303.0,26.3,43.8,35.0,987.4,2.2,0.0,101.142,77.686,78.19,0,3,0
2023,11,HUNGARIAN GRAND PRIX,BOT,Kick Sauber,Q3,77.034,7.0,27.967,27.305,21.762,2.0,SOFT,True,281.0,251.0,259.0,304.0,26.3,43.8,35.0,987.4,2.2,0.0,101.032,78.085,78.489,0,3,0
2023,11,HUNGARIAN GRAND PRIX,ALO,Aston Martin,Q3,77.035,8.0,27.921,27.279,21.835,2.0,SOFT,True,282.0,254.0,258.0,303.0,26.3,43.8,35.0,987.4,2.2,0.0,100.687,78.105,78.35,0,3,0
2023,11,HUNGARIAN GRAND PRIX,PER,Red Bull Racing,Q3,77.045,9.0,28.028,27.289,21.728,2.0,SOFT,True,280.0,253.0,259.0,300.0,26.3,43.8,35.0,987.4,2.2,0.0,,78.978,78.067,0,3,0
2023,11,HUNGARIAN GRAND PRIX,HUL,Haas F1 Team,Q3,77.186,10.0,27.947,27.455,21.784,2.0,SOFT,True,281.0,253.0,259.0,301.0,26.3,43.8,35.0,987.4,2.2,0.0,102.706,78.058,78.077,0,3,0
2023,12,BELGIAN GRAND PRIX,LEC,Ferrari,Q1,118.3,2.0,33.043,54.046,31.211,2.0,INTERMEDIATE,True,312.0,177.0,209.0,306.0,19.4,23.8,89.0,961.5,1.1,0.0,128.148,,109.251,1,1,0
2023,12,BELGIAN GRAND PRIX,VER,Red Bull Racing,Q1,118.515,1.0,33.343,53.773,31.399,8.0,INTERMEDIATE,False,311.0,180.0,208.0,299.0,19.4,23.8,89.0,961.5,1.1,0.0,,,109.056,1,1,0
2023,12,BELGIAN GRAND PRIX,HAM,Mercedes,Q1,118.563,4.0,32.912,53.738,31.913,4.0,INTERMEDIATE,True,314.0,179.0,203.0,303.0,19.4,23.8,89.0,961.5,1.1,0.0,130.299,,109.9,1,1,0
2023,12,BELGIAN GRAND PRIX,SAI,Ferrari,Q1,118.688,5.0,32.938,54.127,31.623,2.0,INTERMEDIATE,True,315.0,175.0,208.0,302.0,19.4,23.8,89.0,961.5,1.1,0.0,123.207,,109.081,1,1,0
2023,12,BELGIAN GRAND PRIX,ALO,Aston Martin,Q1,118.834,9.0,33.51,53.838,31.486,2.0,INTERMEDIATE,True,306.0,178.0,203.0,298.0,19.4,23.8,89.0,961.5,1.1,0.0,130.283,,119.038,1,1,0
2023,12,BELGIAN GRAND PRIX,PIA,McLaren,Q1,118.872,6.0,34.033,52.99,31.849,4.0,INTERMEDIATE,True,302.0,180.0,206.0,296.0,19.4,23.8,89.0,961.5,1.1,0.0,123.792,,109.067,1,1,0
2023,12,BELGIAN GRAND PRIX,PER,Red Bull Racing,Q1,118.899,3.0,33.332,54.071,31.496,7.0,INTERMEDIATE,True,312.0,166.0,209.0,302.0,19.4,23.8,89.0,961.5,1.1,0.0,128.24,,109.961,1,1,0
2023,12,BELGIAN GRAND PRIX,RUS,Mercedes,Q1,119.035,8.0,33.323,54.127,31.585,4.0,INTERMEDIATE,True,303.0,178.0,204.0,302.0,19.4,23.8,89.0,961.5,1.1,0.0,130.475,,115.742,1,1,0
2023,12,BELGIAN GRAND PRIX,TSU,Racing Bulls,Q1,119.044,11.0,33.161,54.712,31.171,2.0,INTERMEDIATE,True,315.0,184.0,210.0,297.0,19.4,23.8,89.0,961.5,1.1,0.0,129.067,,120.568,1,1,0
2023,12,BELGIAN GRAND PRIX,RIC,Racing Bulls,Q1,119.483,19.0,33.288,54.976,31.219,2.0,INTERMEDIATE,True,314.0,173.0,209.0,297.0,19.4,23.8,89.0,961.5,1.1,0.0,129.319,,117.687,1,1,0
2023,12,BELGIAN GRAND PRIX,BOT,Kick Sauber,Q1,119.484,14.0,33.537,54.142,31.805,4.0,INTERMEDIATE,True,310.0,177.0,205.0,290.0,19.4,23.8,89.0,961.5,1.1,0.0,132.085,,120.951,1,1,0
2023,12,BELGIAN GRAND PRIX,GAS,Alpine,Q1,119.511,12.0,33.218,54.573,31.72,4.0,INTERMEDIATE,True,317.0,178.0,205.0,302.0,19.4,23.8,89.0,961.5,1.1,0.0,,,109.7,1,1,0
2023,12,BELGIAN GRAND PRIX,OCO,Alpine,Q1,119.634,15.0,33.062,54.711,31.861,2.0,INTERMEDIATE,True,315.0,174.0,210.0,304.0,19.4,23.8,89.0,961.5,1.1,0.0,136.018,,110.494,1,1,0
2023,12,BELGIAN GRAND PRIX,STR,Aston Martin,Q1,119.663,10.0,33.904,54.011,31.748,2.0,INTERMEDIATE,True,305.0,178.0,201.0,290.0,19.4,23.8,89.0,961.5,1.1,0.0,141.946,,120.46,1,1,0
2023,12,BELGIAN GRAND PRIX,NOR,McLaren,Q1,119.981,7.0,34.017,54.021,31.943,2.0,INTERMEDIATE,True,301.0,178.0,204.0,294.0,19.4,23.8,89.0,961.5,1.1,0.0,124.484,,109.389,1,1,0
2023,12,BELGIAN GRAND PRIX,MAG,Haas F1 Team,Q1,120.02,13.0,33.301,55.238,31.481,2.0,INTERMEDIATE,True,304.0,175.0,211.0,299.0,19.4,23.8,89.0,961.5,1.1,0.0,129.229,,121.079,1,1,0
2023,12,BELGIAN GRAND PRIX,ALB,Williams,Q1,120.314,16.0,33.37,55.436,31.508,2.0,INTERMEDIATE,True,313.0,172.0,204.0,296.0,19.4,23.8,89.0,961.5,1.1,0.0,128.394,,119.198,1,1,0
2023,12,BELGIAN GRAND PRIX,ZHO,Kick Sauber,Q1,120.832,17.0,33.513,55.483,31.836,2.0,INTERMEDIATE,True,314.0,176.0,200.0,290.0,19.4,23.8,89.0,961.5,1.1,0.0,134.002,,121.43,1,1,0
2023,12,BELGIAN GRAND PRIX,SAR,Williams,Q1,121.535,18.0,33.356,56.273,31.906,5.0,INTERMEDIATE,True,317.0,173.0,197.0,293.0,19.4,23.8,89.0,961.5,1.1,0.0,136.417,,120.031,1,1,0
2023,12,BELGIAN GRAND PRIX,HUL,Haas F1 Team,Q1,123.166,20.0,33.664,56.741,32.761,4.0,INTERMEDIATE,False,303.0,172.0,206.0,290.0,19.4,23.8,89.0,961.5,1.1,0.0,130.042,,126.265,1,1,0
2023,12,BELGIAN GRAND PRIX,PIA,McLaren,Q2,111.534,6.0,32.864,48.413,30.257,4.0,SOFT,True,309.0,205.0,218.0,302.0,19.4,23.8,89.0,961.5,1.1,0.0,123.792,,109.067,1,2,0
2023,12,BELGIAN GRAND PRIX,SAI,Ferrari,Q2,111.711,5.0,31.99,49.925,29.796,3.0,SOFT,True,315.0,201.0,221.0,311.0,19.4,23.8,89.0,961.5,1.1,0.0,123.207,,109.081,1,2,0
2023,12,BELGIAN GRAND PRIX,LEC,Ferrari,Q2,112.017,2.0,32.568,49.501,29.948,4.0,SOFT,True,308.0,201.0,222.0,302.0,19.4,23.8,89.0,961.5,1.1,0.0,128.148,,109.251,1,2,0
2023,12,BELGIAN GRAND PRIX,STR,Aston Martin,Q2,112.193,10.0,32.967,49.162,30.064,3.0,SOFT,True,310.0,199.0,215.0,302.0,19.4,23.8,89.0,961.5,1.1,0.0,141.946,,120.46,1,2,0
2023,12,BELGIAN GRAND PRIX,NOR,McLaren,Q2,112.252,7.0,32.793,49.186,30.273,4.0,SOFT,True,297.0,199.0,218.0,305.0,19.4,23.8,89.0,961.5,1.1,0.0,124.484,,109.389,1,2,0
2023,12,BELGIAN GRAND PRIX,HAM,Mercedes,Q2,112.345,4.0,32.222,50.077,30.046,3.0,SOFT,True,318.0,201.0,213.0,313.0,19.4,23.8,89.0,961.5,1.1,0.0,130.299,,109.9,1,2,0
2023,12,BELGIAN GRAND PRIX,PER,Red Bull Racing,Q2,112.353,3.0,32.364,49.749,30.24,4.0,SOFT,True,311.0,200.0,220.0,307.0,19.4,23.8,89.0,961.5,1.1,0.0,128.24,,109.961,1,2,0
2023,12,BELGIAN GRAND PRIX,RUS,Mercedes,Q2,112.605,8.0,32.243,50.273,30.089,4.0,SOFT,True,309.0,201.0,210.0,308.0,19.4,23.8,89.0,961.5,1.1,0.0,130.475,,115.742,1,2,0
2023,12,BELGIAN GRAND PRIX,ALO,Aston Martin,Q2,112.751,9.0,32.285,50.083,30.383,4.0,SOFT,True,315.0,204.0,207.0,309.0,19.4,23.8,89.0,961.5,1.1,0.0,130.283,,119.038,1,2,0
2023,12,BELGIAN GRAND PRIX,VER,Red Bull Racing,Q2,112.784,1.0,32.442,50.396,29.946,4.0,SOFT,True,316.0,202.0,221.0,306.0,19.4,23.8,89.0,961.5,1.1,0.0,,,109.056,1,2,0
2023,12,BELGIAN GRAND PRIX,TSU,Racing Bulls,Q2,113.148,11.0,32.404,50.88,29.864,3.0,SOFT,True,312.0,206.0,219.0,307.0,19.4,23.8,89.0,961.5,1.1,0.0,129.067,,120.568,1,2,0
2023,12,BELGIAN GRAND PRIX,GAS,Alpine,Q2,113.671,12.0,32.293,51.282,30.096,4.0,SOFT,True,314.0,198.0,219.0,309.0,19.4,23.8,89.0,961.5,1.1,0.0,,,109.7,1,2,0
2023,12,BELGIAN GRAND PRIX,MAG,Haas F1 Team,Q2,114.16,13.0,32.514,51.443,30.203,3.0,SOFT,True,315.0,195.0,221.0,291.0,19.4,23.8,89.0,961.5,1.1,0.0,129.229,,121.079,1,2,0
2023,12,BELGIAN GRAND PRIX,BOT,Kick Sauber,Q2,114.694,14.0,32.822,51.437,30.435,4.0,SOFT,True,313.0,199.0,216.0,287.0,19.4,23.8,89.0,961.5,1.1,0.0,132.085,,120.951,1,2,0
2023,12,BELGIAN GRAND PRIX,OCO,Alpine,Q2,116.372,15.0,32.641,52.23,31.501,2.0,INTERMEDIATE,True,316.0,192.0,209.0,308.0,19.4,23.8,89.0,961.5,1.1,0.0,136.018,,110.494,1,2,0
2023,12,BELGIAN GRAND PRIX,VER,Red Bull Racing,Q3,106.168,1.0,31.204,45.697,29.267,2.0,SOFT,True,338.0,207.0,223.0,307.0,19.4,23.8,89.0,961.5,1.1,0.0,,,109.056,1,3,0
2023,12,BELGIAN GRAND PRIX,LEC,Ferrari,Q3,106.988,2.0,31.287,46.4,29.301,2.0,SOFT,True,336.0,200.0,223.0,308.0,19.4,23.8,89.0,961.5,1.1,0.0,128.148,,109.251,1,3,0
2023,12,BELGIAN GRAND PRIX,PER,Red Bull Racing,Q3,107.045,3.0,31.336,46.445,29.264,2.0,SOFT,True,340.0,202.0,223.0,306.0,19.4,23.8,89.0,961.5,1.1,0.0,128.24,,109.961,1,3,0
2023,12,BELGIAN GRAND PRIX,HAM,Mercedes,Q3,107.087,4.0,31.336,46.505,29.246,2.0,SOFT,True,333.0,202.0,216.0,311.0,19.4,23.8,89.0,961.5,1.1,0.0,130.299,,109.9,1,3,0
2023,12,BELGIAN GRAND PRIX,SAI,Ferrari,Q3,107.152,5.0,31.317,46.515,29.32,2.0,SOFT,True,336.0,208.0,224.0,308.0,19.4,23.8,89.0,961.5,1.1,0.0,123.207,,109.081,1,3,0
2023,12,BELGIAN GRAND PRIX,PIA,McLaren,Q3,107.365,6.0,31.799,45.852,29.714,2.0,SOFT,True,323.0,205.0,222.0,302.0,19.4,23.8,89.0,961.5,1.1,0.0,123.792,,109.067,1,3,0
2023,12,BELGIAN GRAND PRIX,NOR,McLaren,Q3,107.669,7.0,31.617,46.417,29.635,2.0,SOFT,True,324.0,203.0,218.0,304.0,19.4,23.8,89.0,961.5,1.1,0.0,124.484,,109.389,1,3,0
2023,12,BELGIAN GRAND PRIX,RUS,Mercedes,Q3,107.805,8.0,31.63,46.737,29.438,2.0,SOFT,True,327.0,205.0,221.0,306.0,19.4,23.8,89.0,961.5,1.1,0.0,130.475,,115.742,1,3,0
2023,12,BELGIAN GRAND PRIX,ALO,Aston Martin,Q3,107.843,9.0,31.24,47.017,29.586,2.0,SOFT,True,331.0,204.0,211.0,307.0,19.4,23.8,89.0,961.5,1.1,0.0,130.283,,119.038,1,3,0
2023,12,BELGIAN GRAND PRIX,STR,Aston Martin,Q3,108.841,10.0,31.662,47.369,29.81,2.0,SOFT,True,326.0,203.0,212.0,305.0,19.4,23.8,89.0,961.5,1.1,0.0,141.946,,120.46,1,3,0
2023,13,DUTCH GRAND PRIX,ALB,Williams,Q1,80.939,4.0,28.115,27.627,25.197,2.0,INTERMEDIATE,True,281.0,267.0,299.0,278.0,18.15,23.25,78.0,1009.4,2.2,0.0,72.447,71.599,82.75,0,1,0
2023,13,DUTCH GRAND PRIX,VER,Red Bull Racing,Q1,80.965,1.0,28.088,27.654,25.223,9.0,INTERMEDIATE,True,284.0,268.0,300.0,279.0,18.15,23.25,78.0,1009.4,2.2,0.0,71.852,71.353,81.631,0,1,0
2023,13,DUTCH GRAND PRIX,PIA,McLaren,Q1,81.231,8.0,28.658,27.302,25.271,3.0,INTERMEDIATE,True,281.0,268.0,292.0,273.0,18.15,23.25,78.0,1009.4,2.2,0.0,72.658,72.901,82.892,0,1,0
2023,13,DUTCH GRAND PRIX,NOR,McLaren,Q1,81.276,2.0,28.183,27.431,25.662,2.0,INTERMEDIATE,True,281.0,267.0,291.0,281.0,18.15,23.25,78.0,1009.4,2.2,0.0,72.46,71.33,83.158,0,1,0
2023,13,DUTCH GRAND PRIX,SAI,Ferrari,Q1,81.321,6.0,28.05,27.869,25.402,3.0,INTERMEDIATE,True,285.0,271.0,300.0,293.0,18.15,23.25,78.0,1009.4,2.2,0.0,,72.093,83.438,0,1,0
2023,13,DUTCH GRAND PRIX,RUS,Mercedes,Q1,81.345,3.0,27.941,27.739,25.665,10.0,INTERMEDIATE,True,276.0,263.0,290.0,294.0,18.15,23.25,78.0,1009.4,2.2,0.0,72.813,72.009,82.01,0,1,0
2023,13,DUTCH GRAND PRIX,STR,Aston Martin,Q1,81.57,11.0,28.153,27.7,25.717,3.0,INTERMEDIATE,True,280.0,268.0,297.0,287.0,18.15,23.25,78.0,1009.4,2.2,0.0,98.402,71.835,84.058,0,1,0
2023,13,DUTCH GRAND PRIX,GAS,Alpine,Q1,81.735,12.0,28.196,27.877,25.662,9.0,INTERMEDIATE,True,282.0,266.0,296.0,277.0,18.15,23.25,78.0,1009.4,2.2,0.0,72.895,71.766,83.21,0,1,0
2023,13,DUTCH GRAND PRIX,TSU,Racing Bulls,Q1,81.781,14.0,28.25,27.884,25.647,3.0,INTERMEDIATE,True,278.0,266.0,297.0,298.0,18.15,23.25,78.0,1009.4,2.2,0.0,72.749,71.72,83.544,0,1,0
2023,13,DUTCH GRAND PRIX,ALO,Aston Martin,Q1,81.84,5.0,28.233,27.984,25.623,2.0,INTERMEDIATE,True,282.0,270.0,300.0,283.0,18.15,23.25,78.0,1009.4,2.2,0.0,72.13,71.863,82.634,0,1,0
2023,13,DUTCH GRAND PRIX,HUL,Haas F1 Team,Q1,81.891,15.0,28.393,28.006,25.492,2.0,INTERMEDIATE,True,278.0,265.0,293.0,283.0,18.15,23.25,78.0,1009.4,2.2,0.0,74.023,72.693,83.64,0,1,0
2023,13,DUTCH GRAND PRIX,HAM,Mercedes,Q1,81.919,13.0,27.986,27.912,26.021,11.0,INTERMEDIATE,True,279.0,267.0,296.0,272.0,18.15,23.25,78.0,1009.4,2.2,0.0,72.225,71.638,82.723,0,1,0
2023,13,DUTCH GRAND PRIX,PER,Red Bull Racing,Q1,81.972,7.0,28.342,27.9,25.73,10.0,INTERMEDIATE,True,281.0,266.0,296.0,279.0,18.15,23.25,78.0,1009.4,2.2,0.0,72.323,71.817,82.631,0,1,0
2023,13,DUTCH GRAND PRIX,LEC,Ferrari,Q1,82.019,9.0,28.306,27.743,25.97,3.0,INTERMEDIATE,True,284.0,271.0,300.0,281.0,18.15,23.25,78.0,1009.4,2.2,0.0,73.519,71.915,83.093,0,1,0
2023,13,DUTCH GRAND PRIX,SAR,Williams,Q1,82.036,10.0,28.54,27.866,25.63,2.0,INTERMEDIATE,True,281.0,266.0,299.0,267.0,18.15,23.25,78.0,1009.4,2.2,0.0,72.617,71.934,83.57,0,1,0
2023,13,DUTCH GRAND PRIX,ZHO,Kick Sauber,Q1,82.067,16.0,28.282,27.771,26.014,4.0,INTERMEDIATE,True,277.0,266.0,292.0,282.0,18.15,23.25,78.0,1009.4,2.2,0.0,73.826,72.074,88.482,0,1,0
2023,13,DUTCH GRAND PRIX,OCO,Alpine,Q1,82.11,17.0,28.265,28.164,25.681,10.0,INTERMEDIATE,True,282.0,267.0,298.0,268.0,18.15,23.25,78.0,1009.4,2.2,0.0,72.802,72.001,83.806,0,1,0
2023,13,DUTCH GRAND PRIX,MAG,Haas F1 Team,Q1,82.192,18.0,28.484,28.244,25.464,3.0,INTERMEDIATE,True,279.0,265.0,297.0,291.0,18.15,23.25,78.0,1009.4,2.2,0.0,73.322,72.404,,0,1,0
2023,13,DUTCH GRAND PRIX,BOT,Kick Sauber,Q1,82.26,19.0,28.629,27.829,25.802,4.0,INTERMEDIATE,True,279.0,265.0,293.0,296.0,18.15,23.25,78.0,1009.4,2.2,0.0,73.448,71.857,82.965,0,1,0
2023,13,DUTCH GRAND PRIX,LAW,Racing Bulls,Q1,83.42,20.0,28.601,28.597,26.222,3.0,INTERMEDIATE,True,279.0,263.0,292.0,285.0,18.15,23.25,78.0,1009.4,2.2,0.0,,,86.343,0,1,0
2023,13,DUTCH GRAND PRIX,VER,Red Bull Racing,Q2,78.856,1.0,27.112,27.092,24.652,2.0,INTERMEDIATE,True,287.0,269.0,296.0,296.0,18.15,23.25,78.0,1009.4,2.2,0.0,71.852,71.353,81.631,0,2,0
2023,13,DUTCH GRAND PRIX,PIA,McLaren,Q2,79.392,8.0,27.469,27.098,24.825,2.0,INTERMEDIATE,True,281.0,265.0,289.0,292.0,18.15,23.25,78.0,1009.4,2.2,0.0,72.658,72.901,82.892,0,2,0
2023,13,DUTCH GRAND PRIX,ALB,Williams,Q2,79.399,4.0,27.297,27.511,24.591,2.0,INTERMEDIATE,True,284.0,267.0,292.0,294.0,18.15,23.25,78.0,1009.4,2.2,0.0,72.447,71.599,82.75,0,2,0
2023,13,DUTCH GRAND PRIX,ALO,Aston Martin,Q2,79.429,5.0,27.207,27.502,24.72,4.0,INTERMEDIATE,True,286.0,270.0,294.0,297.0,18.15,23.25,78.0,1009.4,2.2,0.0,72.13,71.863,82.634,0,2,0
2023,13,DUTCH GRAND PRIX,LEC,Ferrari,Q2,79.6,9.0,27.272,27.619,24.709,3.0,INTERMEDIATE,True,287.0,270.0,304.0,282.0,18.15,23.25,78.0,1009.4,2.2,0.0,73.519,71.915,83.093,0,2,0
2023,13,DUTCH GRAND PRIX,RUS,Mercedes,Q2,79.62,3.0,27.463,27.131,25.026,2.0,INTERMEDIATE,True,279.0,264.0,289.0,287.0,18.15,23.25,78.0,1009.4,2.2,0.0,72.813,72.009,82.01,0,2,0
2023,13,DUTCH GRAND PRIX,NOR,McLaren,Q2,79.769,2.0,27.502,27.542,24.725,10.0,INTERMEDIATE,True,282.0,269.0,291.0,294.0,18.15,23.25,78.0,1009.4,2.2,0.0,72.46,71.33,83.158,0,2,0
2023,13,DUTCH GRAND PRIX,PER,Red Bull Racing,Q2,79.856,7.0,27.615,27.39,24.851,4.0,INTERMEDIATE,True,286.0,269.0,292.0,291.0,18.15,23.25,78.0,1009.4,2.2,0.0,72.323,71.817,82.631,0,2,0
2023,13,DUTCH GRAND PRIX,SAI,Ferrari,Q2,79.929,6.0,27.432,27.439,25.058,3.0,INTERMEDIATE,True,287.0,271.0,290.0,301.0,18.15,23.25,78.0,1009.4,2.2,0.0,,72.093,83.438,0,2,0
2023,13,DUTCH GRAND PRIX,SAR,Williams,Q2,80.067,10.0,27.618,27.731,24.718,4.0,INTERMEDIATE,True,283.0,267.0,295.0,293.0,18.15,23.25,78.0,1009.4,2.2,0.0,72.617,71.934,83.57,0,2,0
2023,13,DUTCH GRAND PRIX,STR,Aston Martin,Q2,80.121,11.0,27.758,27.406,24.957,3.0,INTERMEDIATE,True,283.0,266.0,292.0,296.0,18.15,23.25,78.0,1009.4,2.2,0.0,98.402,71.835,84.058,0,2,0
2023,13,DUTCH GRAND PRIX,GAS,Alpine,Q2,80.128,12.0,27.411,27.594,25.123,4.0,INTERMEDIATE,True,285.0,266.0,291.0,299.0,18.15,23.25,78.0,1009.4,2.2,0.0,72.895,71.766,83.21,0,2,0
2023,13,DUTCH GRAND PRIX,HAM,Mercedes,Q2,80.151,13.0,27.416,27.366,25.369,3.0,INTERMEDIATE,True,281.0,265.0,290.0,293.0,18.15,23.25,78.0,1009.4,2.2,0.0,72.225,71.638,82.723,0,2,0
2023,13,DUTCH GRAND PRIX,TSU,Racing Bulls,Q2,80.23,14.0,27.764,27.46,25.006,4.0,INTERMEDIATE,True,284.0,265.0,291.0,295.0,18.15,23.25,78.0,1009.4,2.2,0.0,72.749,71.72,83.544,0,2,0
2023,13,DUTCH GRAND PRIX,HUL,Haas F1 Team,Q2,80.25,15.0,28.046,27.465,24.739,2.0,INTERMEDIATE,True,282.0,267.0,292.0,292.0,18.15,23.25,78.0,1009.4,2.2,0.0,74.023,72.693,83.64,0,2,0
2023,13,DUTCH GRAND PRIX,VER,Red Bull Racing,Q3,70.567,1.0,24.324,24.504,21.739,2.0,SOFT,True,287.0,280.0,315.0,325.0,18.15,23.25,78.0,1009.4,2.2,0.0,71.852,71.353,81.631,0,3,0
2023,13,DUTCH GRAND PRIX,NOR,McLaren,Q3,71.104,2.0,24.287,24.874,21.943,2.0,SOFT,True,286.0,279.0,313.0,319.0,18.15,23.25,78.0,1009.4,2.2,0.0,72.46,71.33,83.158,0,3,0
2023,13,DUTCH GRAND PRIX,RUS,Mercedes,Q3,71.294,3.0,24.649,24.625,22.02,2.0,SOFT,True,283.0,279.0,312.0,318.0,18.15,23.25,78.0,1009.4,2.2,0.0,72.813,72.009,82.01,0,3,0
2023,13,DUTCH GRAND PRIX,ALB,Williams,Q3,71.419,4.0,24.449,25.014,21.956,3.0,SOFT,True,290.0,281.0,316.0,321.0,18.15,23.25,78.0,1009.4,2.2,0.0,72.447,71.599,82.75,0,3,0
2023,13,DUTCH GRAND PRIX,ALO,Aston Martin,Q3,71.506,5.0,24.63,24.994,21.882,3.0,SOFT,True,291.0,281.0,316.0,322.0,18.15,23.25,78.0,1009.4,2.2,0.0,72.13,71.863,82.634,0,3,0
2023,13,DUTCH GRAND PRIX,SAI,Ferrari,Q3,71.754,6.0,24.693,25.035,22.026,2.0,SOFT,True,291.0,281.0,317.0,326.0,18.15,23.25,78.0,1009.4,2.2,0.0,,72.093,83.438,0,3,0
2023,13,DUTCH GRAND PRIX,PER,Red Bull Racing,Q3,71.88,7.0,24.895,24.996,21.989,3.0,SOFT,True,287.0,279.0,316.0,326.0,18.15,23.25,78.0,1009.4,2.2,0.0,72.323,71.817,82.631,0,3,0
2023,13,DUTCH GRAND PRIX,PIA,McLaren,Q3,71.938,8.0,24.657,25.047,22.234,2.0,SOFT,True,287.0,280.0,312.0,319.0,18.15,23.25,78.0,1009.4,2.2,0.0,72.658,72.901,82.892,0,3,0
2023,13,DUTCH GRAND PRIX,LEC,Ferrari,Q3,72.665,9.0,25.186,25.086,22.393,2.0,SOFT,True,290.0,282.0,319.0,323.0,18.15,23.25,78.0,1009.4,2.2,0.0,73.519,71.915,83.093,0,3,0
2023,13,DUTCH GRAND PRIX,SAR,Williams,Q3,76.748,10.0,27.083,26.472,23.193,2.0,SOFT,True,284.0,278.0,311.0,319.0,18.15,23.25,78.0,1009.4,2.2,0.0,72.617,71.934,83.57,0,3,0
2023,14,GRAN PREMIO D’ITALIA,VER,Red Bull Racing,Q1,81.573,2.0,27.048,27.614,26.911,5.0,HARD,False,321.0,336.0,313.0,342.0,28.2,39.3,41.0,999.0,1.2,0.0,82.657,81.631,80.998,0,1,0
2023,14,GRAN PREMIO D’ITALIA,ALB,Williams,Q1,81.661,6.0,26.97,27.57,27.121,2.0,HARD,True,323.0,341.0,314.0,348.0,28.2,39.3,41.0,999.0,1.2,0.0,83.444,81.979,82.054,0,1,0
2023,14,GRAN PREMIO D’ITALIA,LEC,Ferrari,Q1,81.788,3.0,27.095,27.668,27.025,8.0,HARD,False,323.0,343.0,314.0,342.0,28.2,39.3,41.0,999.0,1.2,0.0,82.966,81.716,81.486,0,1,0
2023,14,GRAN PREMIO D’ITALIA,TSU,Racing Bulls,Q1,81.852,11.0,27.064,27.612,27.176,2.0,HARD,True,320.0,339.0,304.0,346.0,28.2,39.3,41.0,999.0,1.2,0.0,83.271,82.696,82.297,0,1,0
2023,14,GRAN PREMIO D’ITALIA,PER,Red Bull Racing,Q1,81.911,5.0,27.218,27.691,27.002,5.0,HARD,True,321.0,334.0,308.0,342.0,28.2,39.3,41.0,999.0,1.2,0.0,82.834,81.54,82.192,0,1,0
2023,14,GRAN PREMIO D’ITALIA,SAR,Williams,Q1,81.93,15.0,26.94,27.774,27.216,2.0,HARD,True,323.0,339.0,311.0,346.0,28.2,39.3,41.0,999.0,1.2,0.0,83.661,82.755,82.38,0,1,0
2023,14,GRAN PREMIO D’ITALIA,SAI,Ferrari,Q1,81.965,1.0,27.262,27.655,27.048,5.0,HARD,False,321.0,336.0,307.0,343.0,28.2,39.3,41.0,999.0,1.2,0.0,82.703,81.355,80.912,0,1,0
2023,14,GRAN PREMIO D’ITALIA,HAM,Mercedes,Q1,81.977,8.0,27.281,27.676,27.02,5.0,HARD,False,318.0,334.0,309.0,340.0,28.2,39.3,41.0,999.0,1.2,0.0,83.269,82.783,81.453,0,1,0
2023,14,GRAN PREMIO D’ITALIA,NOR,McLaren,Q1,81.995,9.0,27.28,27.718,26.997,2.0,HARD,True,319.0,334.0,309.0,337.0,28.2,39.3,41.0,999.0,1.2,0.0,83.241,81.374,82.515,0,1,0
2023,14,GRAN PREMIO D’ITALIA,ALO,Aston Martin,Q1,82.043,10.0,27.132,27.763,27.148,4.0,HARD,True,321.0,336.0,310.0,340.0,28.2,39.3,41.0,999.0,1.2,0.0,83.214,82.071,81.711,0,1,0
2023,14,GRAN PREMIO D’ITALIA,PIA,McLaren,Q1,82.106,7.0,27.187,27.885,27.034,4.0,HARD,True,321.0,336.0,309.0,343.0,28.2,39.3,41.0,999.0,1.2,0.0,83.446,81.545,82.302,0,1,0
2023,14,GRAN PREMIO D’ITALIA,LAW,Racing Bulls,Q1,82.112,12.0,27.007,27.844,27.261,2.0,HARD,True,322.0,341.0,311.0,350.0,28.2,39.3,41.0,999.0,1.2,0.0,83.833,83.167,82.296,0,1,0
2023,14,GRAN PREMIO D’ITALIA,RUS,Mercedes,Q1,82.148,4.0,27.252,27.804,27.092,2.0,HARD,True,321.0,332.0,308.0,337.0,28.2,39.3,41.0,999.0,1.2,0.0,83.189,82.176,81.73,0,1,0
2023,14,GRAN PREMIO D’ITALIA,BOT,Kick Sauber,Q1,82.249,14.0,27.08,27.808,27.361,2.0,HARD,True,322.0,341.0,307.0,348.0,28.2,39.3,41.0,999.0,1.2,0.0,83.952,82.595,82.511,0,1,0
2023,14,GRAN PREMIO D’ITALIA,HUL,Haas F1 Team,Q1,82.343,13.0,27.423,27.832,27.088,4.0,HARD,True,316.0,331.0,304.0,336.0,28.2,39.3,41.0,999.0,1.2,0.0,84.067,82.291,81.985,0,1,0
2023,14,GRAN PREMIO D’ITALIA,ZHO,Kick Sauber,Q1,82.39,16.0,27.051,28.024,27.315,2.0,HARD,True,321.0,338.0,313.0,345.0,28.2,39.3,41.0,999.0,1.2,0.0,84.232,83.346,82.742,0,1,0
2023,14,GRAN PREMIO D’ITALIA,GAS,Alpine,Q1,82.545,17.0,27.119,28.047,27.379,2.0,HARD,True,320.0,337.0,305.0,346.0,28.2,39.3,41.0,999.0,1.2,0.0,83.931,82.651,82.852,0,1,0
2023,14,GRAN PREMIO D’ITALIA,OCO,Alpine,Q1,82.548,18.0,27.296,27.859,27.393,2.0,HARD,True,320.0,337.0,309.0,346.0,28.2,39.3,41.0,999.0,1.2,0.0,84.09,82.716,82.739,0,1,0
2023,14,GRAN PREMIO D’ITALIA,MAG,Haas F1 Team,Q1,82.592,19.0,27.384,27.829,27.379,2.0,HARD,True,319.0,333.0,309.0,340.0,28.2,39.3,41.0,999.0,1.2,0.0,84.217,82.574,81.884,0,1,0
2023,14,GRAN PREMIO D’ITALIA,STR,Aston Martin,Q1,82.86,20.0,27.267,28.076,27.517,2.0,HARD,True,321.0,334.0,307.0,340.0,28.2,39.3,41.0,999.0,1.2,0.0,,91.893,82.245,0,1,0
2023,14,GRAN PREMIO D’ITALIA,VER,Red Bull Racing,Q2,80.937,2.0,26.897,27.357,26.683,2.0,MEDIUM,True,321.0,338.0,312.0,344.0,28.2,39.3,41.0,999.0,1.2,0.0,82.657,81.631,80.998,0,2,0
2023,14,GRAN PREMIO D’ITALIA,LEC,Ferrari,Q2,80.977,3.0,26.833,27.308,26.836,2.0,MEDIUM,True,322.0,337.0,309.0,345.0,28.2,39.3,41.0,999.0,1.2,0.0,82.966,81.716,81.486,0,2,0
2023,14,GRAN PREMIO D’ITALIA,SAI,Ferrari,Q2,80.991,1.0,26.846,27.268,26.877,2.0,MEDIUM,True,323.0,339.0,311.0,348.0,28.2,39.3,41.0,999.0,1.2,0.0,82.703,81.355,80.912,0,2,0
2023,14,GRAN PREMIO D’ITALIA,PER,Red Bull Racing,Q2,81.24,5.0,26.933,27.578,26.729,2.0,MEDIUM,True,320.0,337.0,312.0,345.0,28.2,39.3,41.0,999.0,1.2,0.0,82.834,81.54,82.192,0,2,0
2023,14,GRAN PREMIO D’ITALIA,ALB,Williams,Q2,81.272,6.0,26.828,27.475,26.969,2.0,MEDIUM,True,321.0,337.0,311.0,346.0,28.2,39.3,41.0,999.0,1.2,0.0,83.444,81.979,82.054,0,2,0
2023,14,GRAN PREMIO D’ITALIA,HAM,Mercedes,Q2,81.369,8.0,27.065,27.386,26.918,2.0,MEDIUM,True,319.0,333.0,309.0,337.0,28.2,39.3,41.0,999.0,1.2,0.0,83.269,82.783,81.453,0,2,0
2023,14,GRAN PREMIO D’ITALIA,RUS,Mercedes,Q2,81.382,4.0,27.124,27.501,26.757,2.0,MEDIUM,True,318.0,331.0,308.0,336.0,28.2,39.3,41.0,999.0,1.2,0.0,83.189,82.176,81.73,0,2,0
2023,14,GRAN PREMIO D’ITALIA,PIA,McLaren,Q2,81.527,7.0,27.17,27.484,26.873,2.0,MEDIUM,True,320.0,333.0,310.0,340.0,28.2,39.3,41.0,999.0,1.2,0.0,83.446,81.545,82.302,0,2,0
2023,14,GRAN PREMIO D’ITALIA,ALO,Aston Martin,Q2,81.543,10.0,26.984,27.527,27.032,2.0,MEDIUM,True,320.0,338.0,309.0,344.0,28.2,39.3,41.0,999.0,1.2,0.0,83.214,82.071,81.711,0,2,0
2023,14,GRAN PREMIO D’ITALIA,NOR,McLaren,Q2,81.581,9.0,27.128,27.461,26.992,2.0,MEDIUM,True,319.0,333.0,309.0,340.0,28.2,39.3,41.0,999.0,1.2,0.0,83.241,81.374,82.515,0,2,0
2023,14,GRAN PREMIO D’ITALIA,TSU,Racing Bulls,Q2,81.594,11.0,27.054,27.462,27.078,2.0,MEDIUM,True,320.0,337.0,312.0,344.0,28.2,39.3,41.0,999.0,1.2,0.0,83.271,82.696,82.297,0,2,0
2023,14,GRAN PREMIO D’ITALIA,LAW,Racing Bulls,Q2,81.758,12.0,27.029,27.657,27.072,2.0,MEDIUM,True,321.0,336.0,310.0,347.0,28.2,39.3,41.0,999.0,1.2,0.0,83.833,83.167,82.296,0,2,0
2023,14,GRAN PREMIO D’ITALIA,HUL,Haas F1 Team,Q2,81.776,13.0,27.154,27.621,27.001,2.0,MEDIUM,True,319.0,334.0,310.0,340.0,28.2,39.3,41.0,999.0,1.2,0.0,84.067,82.291,81.985,0,2,0
2023,14,GRAN PREMIO D’ITALIA,BOT,Kick Sauber,Q2,81.94,14.0,27.06,27.733,27.147,2.0,MEDIUM,True,324.0,340.0,309.0,349.0,28.2,39.3,41.0,999.0,1.2,0.0,83.952,82.595,82.511,0,2,0
2023,14,GRAN PREMIO D’ITALIA,SAR,Williams,Q2,81.944,15.0,26.974,27.771,27.199,2.0,MEDIUM,True,323.0,338.0,312.0,347.0,28.2,39.3,41.0,999.0,1.2,0.0,83.661,82.755,82.38,0,2,0
2023,14,GRAN PREMIO D’ITALIA,SAI,Ferrari,Q3,80.294,1.0,26.701,26.988,26.605,2.0,SOFT,True,323.0,338.0,308.0,347.0,28.2,39.3,41.0,999.0,1.2,0.0,82.703,81.355,80.912,0,3,0
2023,14,GRAN PREMIO D’ITALIA,VER,Red Bull Racing,Q3,80.307,2.0,26.758,27.049,26.5,2.0,SOFT,True,319.0,334.0,312.0,341.0,28.2,39.3,41.0,999.0,1.2,0.0,82.657,81.631,80.998,0,3,0
2023,14,GRAN PREMIO D’ITALIA,LEC,Ferrari,Q3,80.361,3.0,26.667,27.101,26.593,2.0,SOFT,True,321.0,335.0,313.0,344.0,28.2,39.3,41.0,999.0,1.2,0.0,82.966,81.716,81.486,0,3,0
2023,14,GRAN PREMIO D’ITALIA,RUS,Mercedes,Q3,80.671,4.0,26.889,27.159,26.623,2.0,SOFT,True,319.0,333.0,310.0,338.0,28.2,39.3,41.0,999.0,1.2,0.0,83.189,82.176,81.73,0,3,0
2023,14,GRAN PREMIO D’ITALIA,PER,Red Bull Racing,Q3,80.688,5.0,26.904,27.171,26.613,2.0,SOFT,True,319.0,333.0,312.0,344.0,28.2,39.3,41.0,999.0,1.2,0.0,82.834,81.54,82.192,0,3,0
2023,14,GRAN PREMIO D’ITALIA,ALB,Williams,Q3,80.76,6.0,26.672,27.364,26.724,2.0,SOFT,True,322.0,339.0,311.0,347.0,28.2,39.3,41.0,999.0,1.2,0.0,83.444,81.979,82.054,0,3,0
2023,14,GRAN PREMIO D’ITALIA,PIA,McLaren,Q3,80.785,7.0,26.925,27.179,26.681,2.0,SOFT,True,320.0,334.0,313.0,340.0,28.2,39.3,41.0,999.0,1.2,0.0,83.446,81.545,82.302,0,3,0
2023,14,GRAN PREMIO D’ITALIA,HAM,Mercedes,Q3,80.82,8.0,26.807,27.201,26.812,2.0,SOFT,True,319.0,332.0,310.0,338.0,28.2,39.3,41.0,999.0,1.2,0.0,83.269,82.783,81.453,0,3,0
2023,14,GRAN PREMIO D’ITALIA,NOR,McLaren,Q3,80.979,9.0,26.946,27.27,26.763,2.0,SOFT,True,319.0,334.0,312.0,339.0,28.2,39.3,41.0,999.0,1.2,0.0,83.241,81.374,82.515,0,3,0
2023,14,GRAN PREMIO D’ITALIA,ALO,Aston Martin,Q3,81.417,10.0,26.91,27.59,26.917,2.0,SOFT,True,319.0,335.0,311.0,344.0,28.2,39.3,41.0,999.0,1.2,0.0,83.214,82.071,81.711,0,3,0
2023,15,SINGAPORE GRAND PRIX,TSU,Racing Bulls,Q1,91.991,15.0,27.177,38.747,26.067,2.0,SOFT,True,306.0,275.0,257.0,295.0,29.5,34.1,78.0,1009.9,1.7,0.0,94.042,93.477,92.945,0,1,0
2023,15,SINGAPORE GRAND PRIX,PER,Red Bull Racing,Q1,92.099,13.0,27.042,38.814,26.243,2.0,SOFT,True,310.0,278.0,256.0,299.0,29.5,34.1,78.0,1009.9,1.7,0.0,93.725,92.812,92.784,0,1,0
2023,15,SINGAPORE GRAND PRIX,HUL,Haas F1 Team,Q1,92.1,9.0,27.024,38.815,26.261,2.0,SOFT,True,313.0,280.0,259.0,302.0,29.5,34.1,78.0,1009.9,1.7,0.0,94.985,93.139,92.896,0,1,0
2023,15,SINGAPORE GRAND PRIX,LAW,Racing Bulls,Q1,92.215,10.0,27.328,38.742,26.145,2.0,SOFT,True,308.0,277.0,255.0,297.0,29.5,34.1,78.0,1009.9,1.7,0.0,94.894,93.285,93.357,0,1,0
2023,15,SINGAPORE GRAND PRIX,MAG,Haas F1 Team,Q1,92.242,6.0,27.064,38.972,26.206,2.0,SOFT,True,313.0,279.0,258.0,302.0,29.5,34.1,78.0,1009.9,1.7,0.0,94.887,93.017,92.97,0,1,0
2023,15,SINGAPORE GRAND PRIX,RUS,Mercedes,Q1,92.331,2.0,27.218,38.946,26.167,5.0,SOFT,False,309.0,277.0,251.0,299.0,29.5,34.1,78.0,1009.9,1.7,0.0,93.695,92.355,92.134,0,1,0
2023,15,SINGAPORE GRAND PRIX,SAI,Ferrari,Q1,92.339,1.0,27.074,39.093,26.172,5.0,SOFT,True,315.0,280.0,259.0,302.0,29.5,34.1,78.0,1009.9,1.7,0.0,93.428,92.12,92.065,0,1,0
2023,15,SINGAPORE GRAND PRIX,OCO,Alpine,Q1,92.369,8.0,27.191,39.004,26.174,2.0,SOFT,True,309.0,277.0,255.0,299.0,29.5,34.1,78.0,1009.9,1.7,0.0,94.066,93.361,92.979,0,1,0
2023,15,SINGAPORE GRAND PRIX,VER,Red Bull Racing,Q1,92.398,11.0,27.144,39.064,26.19,5.0,SOFT,True,310.0,277.0,259.0,301.0,29.5,34.1,78.0,1009.9,1.7,0.0,93.476,92.852,92.378,0,1,0
2023,15,SINGAPORE GRAND PRIX,LEC,Ferrari,Q1,92.406,3.0,27.052,39.068,26.286,5.0,SOFT,True,314.0,281.0,260.0,303.0,29.5,34.1,78.0,1009.9,1.7,0.0,93.35,92.138,92.381,0,1,0
2023,15,SINGAPORE GRAND PRIX,GAS,Alpine,Q1,92.452,12.0,27.394,39.003,26.055,2.0,SOFT,True,309.0,277.0,256.0,299.0,29.5,34.1,78.0,1009.9,1.7,0.0,94.639,93.824,93.351,0,1,0
2023,15,SINGAPORE GRAND PRIX,NOR,McLaren,Q1,92.483,4.0,27.087,39.334,26.062,5.0,SOFT,True,310.0,278.0,257.0,302.0,29.5,34.1,78.0,1009.9,1.7,0.0,93.522,92.711,92.303,0,1,0
2023,15,SINGAPORE GRAND PRIX,ALO,Aston Martin,Q1,92.584,7.0,27.149,39.243,26.192,3.0,SOFT,True,309.0,276.0,256.0,299.0,29.5,34.1,78.0,1009.9,1.7,0.0,93.974,92.478,93.051,0,1,0
2023,15,SINGAPORE GRAND PRIX,HAM,Mercedes,Q1,92.651,5.0,27.175,39.144,26.332,2.0,SOFT,True,308.0,278.0,256.0,300.0,29.5,34.1,78.0,1009.9,1.7,0.0,93.54,92.585,92.535,0,1,0
2023,15,SINGAPORE GRAND PRIX,ALB,Williams,Q1,92.668,14.0,27.131,39.323,26.214,2.0,SOFT,True,312.0,280.0,257.0,302.0,29.5,34.1,78.0,1009.9,1.7,0.0,94.657,95.558,93.37,0,1,0
2023,15,SINGAPORE GRAND PRIX,BOT,Kick Sauber,Q1,92.809,16.0,27.239,39.211,26.359,2.0,SOFT,True,308.0,277.0,257.0,296.0,29.5,34.1,78.0,1009.9,1.7,0.0,94.802,93.105,93.54,0,1,0
2023,15,SINGAPORE GRAND PRIX,PIA,McLaren,Q1,92.902,17.0,27.334,39.326,26.242,2.0,SOFT,True,308.0,278.0,259.0,299.0,29.5,34.1,78.0,1009.9,1.7,0.0,95.474,93.461,92.73,0,1,0
2023,15,SINGAPORE GRAND PRIX,SAR,Williams,Q1,93.252,18.0,27.263,39.523,26.466,2.0,SOFT,True,311.0,279.0,256.0,300.0,29.5,34.1,78.0,1009.9,1.7,0.0,95.778,94.327,93.708,0,1,0
2023,15,SINGAPORE GRAND PRIX,ZHO,Kick Sauber,Q1,93.258,19.0,27.319,39.339,26.6,2.0,SOFT,True,309.0,277.0,258.0,299.0,29.5,34.1,78.0,1009.9,1.7,0.0,95.456,93.575,93.637,0,1,0
2023,15,SINGAPORE GRAND PRIX,STR,Aston Martin,Q1,93.397,20.0,27.33,39.549,26.518,5.0,SOFT,True,311.0,278.0,255.0,303.0,29.5,34.1,78.0,1009.9,1.7,0.0,94.568,93.39,93.126,0,1,0
2023,15,SINGAPORE GRAND PRIX,SAI,Ferrari,Q2,91.439,1.0,26.836,38.497,26.106,2.0,SOFT,True,313.0,280.0,257.0,303.0,29.5,34.1,78.0,1009.9,1.7,0.0,93.428,92.12,92.065,0,2,0
2023,15,SINGAPORE GRAND PRIX,RUS,Mercedes,Q2,91.743,2.0,26.966,38.657,26.12,2.0,SOFT,True,307.0,277.0,255.0,298.0,29.5,34.1,78.0,1009.9,1.7,0.0,93.695,92.355,92.134,0,2,0
2023,15,SINGAPORE GRAND PRIX,ALO,Aston Martin,Q2,91.835,7.0,27.095,38.628,26.112,2.0,SOFT,True,309.0,277.0,258.0,298.0,29.5,34.1,78.0,1009.9,1.7,0.0,93.974,92.478,93.051,0,2,0
2023,15,SINGAPORE GRAND PRIX,MAG,Haas F1 Team,Q2,91.892,6.0,27.026,38.757,26.109,2.0,SOFT,True,312.0,279.0,255.0,301.0,29.5,34.1,78.0,1009.9,1.7,0.0,94.887,93.017,92.97,0,2,0
2023,15,SINGAPORE GRAND PRIX,NOR,McLaren,Q2,91.951,4.0,27.033,38.921,25.997,2.0,SOFT,True,312.0,278.0,258.0,301.0,29.5,34.1,78.0,1009.9,1.7,0.0,93.522,92.711,92.303,0,2,0
2023,15,SINGAPORE GRAND PRIX,HUL,Haas F1 Team,Q2,91.994,9.0,26.943,38.875,26.176,2.0,SOFT,True,313.0,280.0,257.0,301.0,29.5,34.1,78.0,1009.9,1.7,0.0,94.985,93.139,92.896,0,2,0
2023,15,SINGAPORE GRAND PRIX,LEC,Ferrari,Q2,92.012,3.0,27.391,38.732,25.889,2.0,SOFT,True,311.0,279.0,259.0,301.0,29.5,34.1,78.0,1009.9,1.7,0.0,93.35,92.138,92.381,0,2,0
2023,15,SINGAPORE GRAND PRIX,HAM,Mercedes,Q2,92.019,5.0,27.095,38.911,26.013,2.0,SOFT,True,307.0,276.0,256.0,299.0,29.5,34.1,78.0,1009.9,1.7,0.0,93.54,92.585,92.535,0,2,0
2023,15,SINGAPORE GRAND PRIX,OCO,Alpine,Q2,92.089,8.0,27.143,38.881,26.065,2.0,SOFT,True,308.0,277.0,257.0,299.0,29.5,34.1,78.0,1009.9,1.7,0.0,94.066,93.361,92.979,0,2,0
2023,15,SINGAPORE GRAND PRIX,LAW,Racing Bulls,Q2,92.166,10.0,27.298,38.716,26.152,2.0,SOFT,True,307.0,276.0,256.0,297.0,29.5,34.1,78.0,1009.9,1.7,0.0,94.894,93.285,93.357,0,2,0
2023,15,SINGAPORE GRAND PRIX,VER,Red Bull Racing,Q2,92.173,11.0,27.255,38.896,26.022,2.0,SOFT,True,310.0,277.0,260.0,302.0,29.5,34.1,78.0,1009.9,1.7,0.0,93.476,92.852,92.378,0,2,0
2023,15,SINGAPORE GRAND PRIX,GAS,Alpine,Q2,92.274,12.0,27.178,39.074,26.022,2.0,SOFT,True,307.0,277.0,257.0,299.0,29.5,34.1,78.0,1009.9,1.7,0.0,94.639,93.824,93.351,0,2,0
2023,15,SINGAPORE GRAND PRIX,PER,Red Bull Racing,Q2,92.31,13.0,27.245,38.87,26.195,2.0,SOFT,True,309.0,278.0,255.0,300.0,29.5,34.1,78.0,1009.9,1.7,0.0,93.725,92.812,92.784,0,2,0
2023,15,SINGAPORE GRAND PRIX,ALB,Williams,Q2,93.147,14.0,27.222,39.309,26.616,2.0,SOFT,True,312.0,278.0,247.0,302.0,29.5,34.1,78.0,1009.9,1.7,0.0,94.657,95.558,93.37,0,2,0
2023,15,SINGAPORE GRAND PRIX,TSU,Racing Bulls,Q2,128.169,15.0,27.177,38.828,62.164,2.0,SOFT,True,306.0,275.0,,296.0,29.5,34.1,78.0,1009.9,1.7,0.0,94.042,93.477,92.945,0,2,0
2023,15,SINGAPORE GRAND PRIX,SAI,Ferrari,Q3,90.984,1.0,26.717,38.499,25.768,2.0,SOFT,True,312.0,280.0,259.0,303.0,29.5,34.1,78.0,1009.9,1.7,0.0,93.428,92.12,92.065,0,3,0
2023,15,SINGAPORE GRAND PRIX,RUS,Mercedes,Q3,91.056,2.0,26.785,38.406,25.865,2.0,SOFT,True,308.0,277.0,259.0,300.0,29.5,34.1,78.0,1009.9,1.7,0.0,93.695,92.355,92.134,0,3,0
2023,15,SINGAPORE GRAND PRIX,LEC,Ferrari,Q3,91.063,3.0,26.754,38.428,25.881,2.0,SOFT,True,313.0,279.0,259.0,303.0,29.5,34.1,78.0,1009.9,1.7,0.0,93.35,92.138,92.381,0,3,0
2023,15,SINGAPORE GRAND PRIX,NOR,McLaren,Q3,91.27,4.0,26.756,38.666,25.848,2.0,SOFT,True,310.0,278.0,260.0,301.0,29.5,34.1,78.0,1009.9,1.7,0.0,93.522,92.711,92.303,0,3,0
2023,15,SINGAPORE GRAND PRIX,HAM,Mercedes,Q3,91.485,5.0,26.924,38.599,25.962,2.0,SOFT,True,309.0,277.0,258.0,300.0,29.5,34.1,78.0,1009.9,1.7,0.0,93.54,92.585,92.535,0,3,0
2023,15,SINGAPORE GRAND PRIX,MAG,Haas F1 Team,Q3,91.575,6.0,26.959,38.606,26.01,2.0,SOFT,True,311.0,279.0,259.0,302.0,29.5,34.1,78.0,1009.9,1.7,0.0,94.887,93.017,92.97,0,3,0
2023,15,SINGAPORE GRAND PRIX,ALO,Aston Martin,Q3,91.615,7.0,26.915,38.791,25.909,2.0,SOFT,True,309.0,277.0,260.0,301.0,29.5,34.1,78.0,1009.9,1.7,0.0,93.974,92.478,93.051,0,3,0
2023,15,SINGAPORE GRAND PRIX,OCO,Alpine,Q3,91.673,8.0,26.986,38.703,25.984,2.0,SOFT,True,309.0,277.0,258.0,300.0,29.5,34.1,78.0,1009.9,1.7,0.0,94.066,93.361,92.979,0,3,0
2023,15,SINGAPORE GRAND PRIX,HUL,Haas F1 Team,Q3,91.808,9.0,26.926,38.738,26.144,2.0,SOFT,True,312.0,279.0,256.0,302.0,29.5,34.1,78.0,1009.9,1.7,0.0,94.985,93.139,92.896,0,3,0
2023,15,SINGAPORE GRAND PRIX,LAW,Racing Bulls,Q3,92.268,10.0,27.285,38.752,26.231,2.0,SOFT,True,307.0,276.0,255.0,298.0,29.5,34.1,78.0,1009.9,1.7,0.0,94.894,93.285,93.357,0,3,0
2023,16,JAPANESE GRAND PRIX,VER,Red Bull Racing,Q1,89.878,1.0,31.228,40.656,17.994,2.0,SOFT,True,282.0,306.0,266.0,306.0,25.7,36.8,48.0,1009.5,3.5,0.0,91.647,90.688,90.267,0,1,0
2023,16,JAPANESE GRAND PRIX,NOR,McLaren,Q1,90.063,3.0,31.187,40.76,18.116,2.0,SOFT,True,278.0,305.0,265.0,299.0,25.7,36.8,48.0,1009.5,3.5,0.0,92.392,91.152,90.507,0,1,0
2023,16,JAPANESE GRAND PRIX,LEC,Ferrari,Q1,90.393,4.0,31.528,40.746,18.119,2.0,SOFT,True,281.0,302.0,266.0,301.0,25.7,36.8,48.0,1009.5,3.5,0.0,92.574,91.008,91.022,0,1,0
2023,16,JAPANESE GRAND PRIX,LAW,Racing Bulls,Q1,90.425,11.0,31.585,40.755,18.085,2.0,SOFT,True,281.0,303.0,264.0,301.0,25.7,36.8,48.0,1009.5,3.5,0.0,93.005,92.141,92.048,0,1,0
2023,16,JAPANESE GRAND PRIX,PIA,McLaren,Q1,90.439,2.0,31.343,40.97,18.126,2.0,SOFT,True,279.0,306.0,268.0,302.0,25.7,36.8,48.0,1009.5,3.5,0.0,92.713,91.662,90.555,0,1,0
2023,16,JAPANESE GRAND PRIX,SAI,Ferrari,Q1,90.651,6.0,31.671,40.87,18.11,2.0,SOFT,True,281.0,303.0,267.0,301.0,25.7,36.8,48.0,1009.5,3.5,0.0,92.273,91.237,91.137,0,1,0
2023,16,JAPANESE GRAND PRIX,PER,Red Bull Racing,Q1,90.652,5.0,31.468,41.065,18.119,2.0,SOFT,True,282.0,306.0,266.0,306.0,25.7,36.8,48.0,1009.5,3.5,0.0,93.043,91.71,91.004,0,1,0
2023,16,JAPANESE GRAND PRIX,TSU,Racing Bulls,Q1,90.733,9.0,31.602,40.899,18.232,2.0,SOFT,True,280.0,302.0,265.0,302.0,25.7,36.8,48.0,1009.5,3.5,0.0,92.597,92.178,91.951,0,1,0
2023,16,JAPANESE GRAND PRIX,HAM,Mercedes,Q1,90.811,7.0,31.639,40.897,18.275,2.0,SOFT,True,279.0,302.0,264.0,301.0,25.7,36.8,48.0,1009.5,3.5,0.0,93.699,91.829,91.159,0,1,0
2023,16,JAPANESE GRAND PRIX,RUS,Mercedes,Q1,90.811,8.0,31.77,40.879,18.162,2.0,SOFT,True,279.0,304.0,264.0,300.0,25.7,36.8,48.0,1009.5,3.5,0.0,93.31,91.328,91.505,0,1,0
2023,16,JAPANESE GRAND PRIX,GAS,Alpine,Q1,90.843,12.0,31.651,41.105,18.087,2.0,SOFT,True,282.0,305.0,266.0,306.0,25.7,36.8,48.0,1009.5,3.5,0.0,93.129,92.179,92.199,0,1,0
2023,16,JAPANESE GRAND PRIX,ALB,Williams,Q1,90.941,13.0,31.977,40.834,18.13,2.0,SOFT,True,283.0,310.0,267.0,308.0,25.7,36.8,48.0,1009.5,3.5,0.0,92.991,91.555,92.113,0,1,0
2023,16,JAPANESE GRAND PRIX,OCO,Alpine,Q1,90.96,14.0,31.659,40.98,18.321,2.0,SOFT,True,283.0,307.0,266.0,306.0,25.7,36.8,48.0,1009.5,3.5,0.0,93.516,91.794,91.924,0,1,0
2023,16,JAPANESE GRAND PRIX,ALO,Aston Martin,Q1,90.971,10.0,31.742,40.985,18.244,2.0,SOFT,True,276.0,301.0,265.0,299.0,25.7,36.8,48.0,1009.5,3.5,0.0,92.65,91.492,91.549,0,1,0
2023,16,JAPANESE GRAND PRIX,MAG,Haas F1 Team,Q1,90.976,15.0,31.771,40.947,18.258,2.0,SOFT,True,280.0,305.0,266.0,302.0,25.7,36.8,48.0,1009.5,3.5,0.0,93.975,92.169,91.88,0,1,0
2023,16,JAPANESE GRAND PRIX,BOT,Kick Sauber,Q1,91.049,16.0,31.878,41.001,18.17,2.0,SOFT,True,279.0,302.0,266.0,300.0,25.7,36.8,48.0,1009.5,3.5,0.0,93.86,91.739,91.699,0,1,0
2023,16,JAPANESE GRAND PRIX,STR,Aston Martin,Q1,91.181,17.0,31.521,41.208,18.452,2.0,SOFT,True,279.0,301.0,262.0,300.0,25.7,36.8,48.0,1009.5,3.5,0.0,93.04,91.771,92.154,0,1,0
2023,16,JAPANESE GRAND PRIX,HUL,Haas F1 Team,Q1,91.299,18.0,31.773,41.298,18.228,2.0,SOFT,True,282.0,306.0,266.0,304.0,25.7,36.8,48.0,1009.5,3.5,0.0,93.448,91.797,91.979,0,1,0
2023,16,JAPANESE GRAND PRIX,ZHO,Kick Sauber,Q1,91.379,19.0,31.774,41.407,18.198,2.0,SOFT,True,278.0,301.0,268.0,299.0,25.7,36.8,48.0,1009.5,3.5,0.0,94.831,92.165,91.668,0,1,0
2023,16,JAPANESE GRAND PRIX,LEC,Ferrari,Q2,89.94,4.0,31.43,40.461,18.049,2.0,SOFT,True,282.0,306.0,267.0,303.0,25.7,36.8,48.0,1009.5,3.5,0.0,92.574,91.008,91.022,0,2,0
2023,16,JAPANESE GRAND PRIX,VER,Red Bull Racing,Q2,89.964,1.0,31.264,40.689,18.011,5.0,SOFT,False,282.0,304.0,266.0,305.0,25.7,36.8,48.0,1009.5,3.5,0.0,91.647,90.688,90.267,0,2,0
2023,16,JAPANESE GRAND PRIX,PER,Red Bull Racing,Q2,89.965,5.0,31.377,40.634,17.954,2.0,SOFT,True,282.0,305.0,266.0,306.0,25.7,36.8,48.0,1009.5,3.5,0.0,93.043,91.71,91.004,0,2,0
2023,16,JAPANESE GRAND PRIX,HAM,Mercedes,Q2,90.04,7.0,31.247,40.714,18.079,2.0,SOFT,True,280.0,304.0,266.0,302.0,25.7,36.8,48.0,1009.5,3.5,0.0,93.699,91.829,91.159,0,2,0
2023,16,JAPANESE GRAND PRIX,SAI,Ferrari,Q2,90.067,6.0,31.278,40.68,18.109,2.0,SOFT,True,282.0,305.0,267.0,304.0,25.7,36.8,48.0,1009.5,3.5,0.0,92.273,91.237,91.137,0,2,0
2023,16,JAPANESE GRAND PRIX,PIA,McLaren,Q2,90.122,2.0,31.232,40.816,18.074,2.0,SOFT,True,279.0,307.0,268.0,302.0,25.7,36.8,48.0,1009.5,3.5,0.0,92.713,91.662,90.555,0,2,0
2023,16,JAPANESE GRAND PRIX,TSU,Racing Bulls,Q2,90.204,9.0,31.454,40.706,18.044,2.0,SOFT,True,280.0,301.0,261.0,302.0,25.7,36.8,48.0,1009.5,3.5,0.0,92.597,92.178,91.951,0,2,0
2023,16,JAPANESE GRAND PRIX,RUS,Mercedes,Q2,90.268,8.0,31.674,40.552,18.042,2.0,SOFT,True,279.0,304.0,264.0,302.0,25.7,36.8,48.0,1009.5,3.5,0.0,93.31,91.328,91.505,0,2,0
2023,16,JAPANESE GRAND PRIX,NOR,McLaren,Q2,90.296,3.0,31.257,40.826,18.213,2.0,SOFT,True,279.0,305.0,266.0,299.0,25.7,36.8,48.0,1009.5,3.5,0.0,92.392,91.152,90.507,0,2,0
2023,16,JAPANESE GRAND PRIX,ALO,Aston Martin,Q2,90.465,10.0,31.238,41.06,18.167,2.0,SOFT,True,277.0,304.0,264.0,301.0,25.7,36.8,48.0,1009.5,3.5,0.0,92.65,91.492,91.549,0,2,0
2023,16,JAPANESE GRAND PRIX,LAW,Racing Bulls,Q2,90.508,11.0,31.481,40.98,18.047,2.0,SOFT,True,279.0,302.0,265.0,300.0,25.7,36.8,48.0,1009.5,3.5,0.0,93.005,92.141,92.048,0,2,0
2023,16,JAPANESE GRAND PRIX,GAS,Alpine,Q2,90.509,12.0,31.424,40.99,18.095,2.0,SOFT,True,283.0,304.0,264.0,306.0,25.7,36.8,48.0,1009.5,3.5,0.0,93.129,92.179,92.199,0,2,0
2023,16,JAPANESE GRAND PRIX,ALB,Williams,Q2,90.537,13.0,31.648,40.711,18.178,2.0,SOFT,True,284.0,308.0,267.0,308.0,25.7,36.8,48.0,1009.5,3.5,0.0,92.991,91.555,92.113,0,2,0
2023,16,JAPANESE GRAND PRIX,OCO,Alpine,Q2,90.586,14.0,31.501,40.932,18.153,2.0,SOFT,True,284.0,307.0,267.0,308.0,25.7,36.8,48.0,1009.5,3.5,0.0,93.516,91.794,91.924,0,2,0
2023,16,JAPANESE GRAND PRIX,MAG,Haas F1 Team,Q2,90.665,15.0,31.626,40.896,18.143,2.0,SOFT,True,280.0,304.0,266.0,303.0,25.7,36.8,48.0,1009.5,3.5,0.0,93.975,92.169,91.88,0,2,0
2023,16,JAPANESE GRAND PRIX,VER,Red Bull Racing,Q3,88.877,1.0,30.725,40.311,17.841,2.0,SOFT,True,283.0,305.0,267.0,304.0,25.7,36.8,48.0,1009.5,3.5,0.0,91.647,90.688,90.267,0,3,0
2023,16,JAPANESE GRAND PRIX,PIA,McLaren,Q3,89.458,2.0,31.173,40.356,17.929,2.0,SOFT,True,282.0,307.0,267.0,304.0,25.7,36.8,48.0,1009.5,3.5,0.0,92.713,91.662,90.555,0,3,0
2023,16,JAPANESE GRAND PRIX,NOR,McLaren,Q3,89.493,3.0,31.025,40.421,18.047,2.0,SOFT,True,280.0,307.0,267.0,301.0,25.7,36.8,48.0,1009.5,3.5,0.0,92.392,91.152,90.507,0,3,0
2023,16,JAPANESE GRAND PRIX,LEC,Ferrari,Q3,89.542,4.0,31.24,40.363,17.939,2.0,SOFT,True,281.0,303.0,267.0,302.0,25.7,36.8,48.0,1009.5,3.5,0.0,92.574,91.008,91.022,0,3,0
2023,16,JAPANESE GRAND PRIX,PER,Red Bull Racing,Q3,89.65,5.0,31.152,40.528,17.97,2.0,SOFT,True,282.0,304.0,266.0,305.0,25.7,36.8,48.0,1009.5,3.5,0.0,93.043,91.71,91.004,0,3,0
2023,16,JAPANESE GRAND PRIX,SAI,Ferrari,Q3,89.85,6.0,31.332,40.564,17.954,2.0,SOFT,True,281.0,304.0,267.0,302.0,25.7,36.8,48.0,1009.5,3.5,0.0,92.273,91.237,91.137,0,3,0
2023,16,JAPANESE GRAND PRIX,HAM,Mercedes,Q3,89.908,7.0,31.312,40.616,17.98,2.0,SOFT,True,279.0,303.0,266.0,301.0,25.7,36.8,48.0,1009.5,3.5,0.0,93.699,91.829,91.159,0,3,0
2023,16,JAPANESE GRAND PRIX,RUS,Mercedes,Q3,90.219,8.0,31.547,40.624,18.048,2.0,SOFT,True,280.0,303.0,265.0,300.0,25.7,36.8,48.0,1009.5,3.5,0.0,93.31,91.328,91.505,0,3,0
2023,16,JAPANESE GRAND PRIX,TSU,Racing Bulls,Q3,90.303,9.0,31.441,40.736,18.126,2.0,SOFT,True,280.0,302.0,266.0,301.0,25.7,36.8,48.0,1009.5,3.5,0.0,92.597,92.178,91.951,0,3,0
2023,16,JAPANESE GRAND PRIX,ALO,Aston Martin,Q3,90.56,10.0,31.35,41.004,18.206,2.0,SOFT,True,277.0,301.0,265.0,299.0,25.7,36.8,48.0,1009.5,3.5,0.0,92.65,91.492,91.549,0,3,0
2023,17,QATAR GRAND PRIX,VER,Red Bull Racing,Q1,85.007,1.0,31.304,28.887,24.816,2.0,SOFT,True,242.0,289.0,285.0,320.0,31.4,34.4,56.0,1006.5,3.2,0.0,87.428,,84.543,1,1,0
2023,17,QATAR GRAND PRIX,NOR,McLaren,Q1,85.131,10.0,31.431,28.765,24.935,2.0,SOFT,True,245.0,289.0,283.0,315.0,31.4,34.4,56.0,1006.5,3.2,0.0,88.441,,84.536,1,1,0
2023,17,QATAR GRAND PRIX,ALO,Aston Martin,Q1,85.223,4.0,31.275,28.999,24.949,2.0,SOFT,True,244.0,289.0,280.0,322.0,31.4,34.4,56.0,1006.5,3.2,0.0,87.919,,84.959,1,1,0
2023,17,QATAR GRAND PRIX,PIA,McLaren,Q1,85.266,6.0,31.399,28.992,24.875,4.0,SOFT,True,246.0,288.0,286.0,320.0,31.4,34.4,56.0,1006.5,3.2,0.0,88.38,,84.454,1,1,0
2023,17,QATAR GRAND PRIX,RUS,Mercedes,Q1,85.334,2.0,31.496,28.71,25.128,2.0,SOFT,True,243.0,286.0,280.0,316.0,31.4,34.4,56.0,1006.5,3.2,0.0,88.336,,84.841,1,1,0
2023,17,QATAR GRAND PRIX,LEC,Ferrari,Q1,85.452,5.0,31.486,28.904,25.062,2.0,SOFT,True,246.0,289.0,287.0,315.0,31.4,34.4,56.0,1006.5,3.2,0.0,87.909,,85.131,1,1,0
2023,17,QATAR GRAND PRIX,GAS,Alpine,Q1,85.566,7.0,31.653,28.833,25.08,4.0,SOFT,True,243.0,286.0,282.0,317.0,31.4,34.4,56.0,1006.5,3.2,0.0,88.821,,85.686,1,1,0
2023,17,QATAR GRAND PRIX,OCO,Alpine,Q1,85.711,8.0,31.789,28.913,25.009,4.0,SOFT,True,242.0,286.0,282.0,318.0,31.4,34.4,56.0,1006.5,3.2,0.0,88.732,,85.51,1,1,0
2023,17,QATAR GRAND PRIX,SAI,Ferrari,Q1,85.808,12.0,31.686,29.12,25.002,3.0,SOFT,True,244.0,289.0,284.0,321.0,31.4,34.4,56.0,1006.5,3.2,0.0,87.762,,85.155,1,1,0
2023,17,QATAR GRAND PRIX,HUL,Haas F1 Team,Q1,85.904,15.0,32.014,28.878,25.012,2.0,SOFT,True,242.0,288.0,287.0,320.0,31.4,34.4,56.0,1006.5,3.2,0.0,88.171,,85.32,1,1,0
2023,17,QATAR GRAND PRIX,PER,Red Bull Racing,Q1,85.991,13.0,31.841,29.236,24.914,2.0,SOFT,True,238.0,289.0,283.0,318.0,31.4,34.4,56.0,1006.5,3.2,0.0,88.016,,85.143,1,1,0
2023,17,QATAR GRAND PRIX,BOT,Kick Sauber,Q1,86.038,9.0,31.848,28.915,25.275,2.0,SOFT,True,240.0,285.0,281.0,311.0,31.4,34.4,56.0,1006.5,3.2,0.0,89.041,,86.236,1,1,0
2023,17,QATAR GRAND PRIX,TSU,Racing Bulls,Q1,86.058,11.0,31.849,29.084,25.125,2.0,SOFT,True,241.0,285.0,280.0,313.0,31.4,34.4,56.0,1006.5,3.2,0.0,88.027,,86.664,1,1,0
2023,17,QATAR GRAND PRIX,HAM,Mercedes,Q1,86.076,3.0,31.766,28.958,25.352,4.0,SOFT,True,243.0,287.0,282.0,316.0,31.4,34.4,56.0,1006.5,3.2,0.0,88.679,,85.626,1,1,0
2023,17,QATAR GRAND PRIX,ALB,Williams,Q1,86.118,14.0,31.839,29.255,25.024,4.0,SOFT,True,242.0,288.0,280.0,321.0,31.4,34.4,56.0,1006.5,3.2,0.0,88.59,,86.71,1,1,0
2023,17,QATAR GRAND PRIX,SAR,Williams,Q1,86.21,16.0,31.931,29.098,25.181,2.0,SOFT,True,236.0,288.0,283.0,318.0,31.4,34.4,56.0,1006.5,3.2,0.0,88.55,,86.685,1,1,0
2023,17,QATAR GRAND PRIX,STR,Aston Martin,Q1,86.345,17.0,31.543,29.526,25.276,4.0,SOFT,True,240.0,288.0,278.0,322.0,31.4,34.4,56.0,1006.5,3.2,0.0,88.69,,86.849,1,1,0
2023,17,QATAR GRAND PRIX,LAW,Racing Bulls,Q1,86.635,18.0,32.007,29.407,25.221,4.0,SOFT,True,239.0,286.0,276.0,314.0,31.4,34.4,56.0,1006.5,3.2,0.0,89.238,,86.041,1,1,0
2023,17,QATAR GRAND PRIX,MAG,Haas F1 Team,Q1,87.046,19.0,32.216,29.278,25.552,2.0,SOFT,True,240.0,289.0,282.0,315.0,31.4,34.4,56.0,1006.5,3.2,0.0,89.502,,87.016,1,1,0
2023,17,QATAR GRAND PRIX,ZHO,Kick Sauber,Q1,87.432,20.0,32.601,29.335,25.496,2.0,SOFT,True,238.0,286.0,280.0,308.0,31.4,34.4,56.0,1006.5,3.2,0.0,89.106,,86.274,1,1,0
2023,17,QATAR GRAND PRIX,HAM,Mercedes,Q2,84.381,3.0,31.148,28.437,24.796,2.0,SOFT,True,244.0,287.0,283.0,317.0,31.4,34.4,56.0,1006.5,3.2,0.0,88.679,,85.626,1,2,0
2023,17,QATAR GRAND PRIX,VER,Red Bull Racing,Q2,84.483,1.0,31.148,28.759,24.576,2.0,SOFT,True,245.0,288.0,283.0,319.0,31.4,34.4,56.0,1006.5,3.2,0.0,87.428,,84.543,1,2,0
2023,17,QATAR GRAND PRIX,NOR,McLaren,Q2,84.685,10.0,31.317,28.553,24.815,2.0,SOFT,True,245.0,289.0,283.0,315.0,31.4,34.4,56.0,1006.5,3.2,0.0,88.441,,84.536,1,2,0
2023,17,QATAR GRAND PRIX,PIA,McLaren,Q2,84.724,6.0,31.392,28.603,24.729,2.0,SOFT,True,246.0,289.0,283.0,312.0,31.4,34.4,56.0,1006.5,3.2,0.0,88.38,,84.454,1,2,0
2023,17,QATAR GRAND PRIX,RUS,Mercedes,Q2,84.827,2.0,31.264,28.635,24.928,5.0,SOFT,False,246.0,285.0,282.0,316.0,31.4,34.4,56.0,1006.5,3.2,0.0,88.336,,84.841,1,2,0
2023,17,QATAR GRAND PRIX,GAS,Alpine,Q2,84.918,7.0,31.561,28.489,24.868,2.0,SOFT,True,242.0,286.0,282.0,315.0,31.4,34.4,56.0,1006.5,3.2,0.0,88.821,,85.686,1,2,0
2023,17,QATAR GRAND PRIX,OCO,Alpine,Q2,84.928,8.0,31.321,28.784,24.823,2.0,SOFT,True,245.0,286.0,281.0,316.0,31.4,34.4,56.0,1006.5,3.2,0.0,88.732,,85.51,1,2,0
2023,17,QATAR GRAND PRIX,LEC,Ferrari,Q2,85.079,5.0,31.471,28.768,24.84,3.0,SOFT,True,246.0,289.0,284.0,316.0,31.4,34.4,56.0,1006.5,3.2,0.0,87.909,,85.131,1,2,0
2023,17,QATAR GRAND PRIX,ALO,Aston Martin,Q2,85.241,4.0,31.524,28.95,24.767,3.0,SOFT,True,244.0,290.0,283.0,320.0,31.4,34.4,56.0,1006.5,3.2,0.0,87.919,,84.959,1,2,0
2023,17,QATAR GRAND PRIX,PER,Red Bull Racing,Q2,85.275,13.0,31.409,29.001,24.865,2.0,SOFT,True,241.0,288.0,285.0,321.0,31.4,34.4,56.0,1006.5,3.2,0.0,88.016,,85.143,1,2,0
2023,17,QATAR GRAND PRIX,BOT,Kick Sauber,Q2,85.297,9.0,31.569,28.702,25.026,2.0,SOFT,True,241.0,285.0,284.0,312.0,31.4,34.4,56.0,1006.5,3.2,0.0,89.041,,86.236,1,2,0
2023,17,QATAR GRAND PRIX,TSU,Racing Bulls,Q2,85.301,11.0,31.587,28.905,24.809,2.0,SOFT,True,240.0,286.0,281.0,311.0,31.4,34.4,56.0,1006.5,3.2,0.0,88.027,,86.664,1,2,0
2023,17,QATAR GRAND PRIX,SAI,Ferrari,Q2,85.328,12.0,31.476,28.828,25.024,4.0,SOFT,True,246.0,289.0,283.0,318.0,31.4,34.4,56.0,1006.5,3.2,0.0,87.762,,85.155,1,2,0
2023,17,QATAR GRAND PRIX,HUL,Haas F1 Team,Q2,85.547,15.0,31.798,28.72,25.029,2.0,SOFT,True,240.0,287.0,288.0,318.0,31.4,34.4,56.0,1006.5,3.2,0.0,88.171,,85.32,1,2,0
2023,17,QATAR GRAND PRIX,ALB,Williams,Q2,85.707,14.0,31.595,29.075,25.037,2.0,SOFT,True,240.0,288.0,283.0,320.0,31.4,34.4,56.0,1006.5,3.2,0.0,88.59,,86.71,1,2,0
2023,17,QATAR GRAND PRIX,VER,Red Bull Racing,Q3,83.778,1.0,30.791,28.536,24.451,2.0,SOFT,True,242.0,288.0,285.0,320.0,31.4,34.4,56.0,1006.5,3.2,0.0,87.428,,84.543,1,3,0
2023,17,QATAR GRAND PRIX,NOR,McLaren,Q3,84.074,10.0,30.959,28.534,24.581,2.0,SOFT,True,244.0,287.0,285.0,318.0,31.4,34.4,56.0,1006.5,3.2,0.0,88.441,,84.536,1,3,0
2023,17,QATAR GRAND PRIX,RUS,Mercedes,Q3,84.219,2.0,31.0,28.459,24.76,2.0,SOFT,True,247.0,285.0,281.0,313.0,31.4,34.4,56.0,1006.5,3.2,0.0,88.336,,84.841,1,3,0
2023,17,QATAR GRAND PRIX,PIA,McLaren,Q3,84.228,6.0,30.994,28.599,24.635,2.0,SOFT,True,247.0,288.0,283.0,316.0,31.4,34.4,56.0,1006.5,3.2,0.0,88.38,,84.454,1,3,0
2023,17,QATAR GRAND PRIX,HAM,Mercedes,Q3,84.305,3.0,31.022,28.454,24.829,2.0,SOFT,True,243.0,287.0,282.0,316.0,31.4,34.4,56.0,1006.5,3.2,0.0,88.679,,85.626,1,3,0
2023,17,QATAR GRAND PRIX,ALO,Aston Martin,Q3,84.369,4.0,31.075,28.832,24.462,2.0,SOFT,True,247.0,290.0,285.0,321.0,31.4,34.4,56.0,1006.5,3.2,0.0,87.919,,84.959,1,3,0
2023,17,QATAR GRAND PRIX,LEC,Ferrari,Q3,84.424,5.0,31.187,28.515,24.722,2.0,SOFT,True,244.0,289.0,285.0,317.0,31.4,34.4,56.0,1006.5,3.2,0.0,87.909,,85.131,1,3,0
2023,17,QATAR GRAND PRIX,GAS,Alpine,Q3,84.553,7.0,31.241,28.47,24.842,2.0,SOFT,True,245.0,286.0,283.0,316.0,31.4,34.4,56.0,1006.5,3.2,0.0,88.821,,85.686,1,3,0
2023,17,QATAR GRAND PRIX,OCO,Alpine,Q3,84.763,8.0,31.437,28.638,24.688,2.0,SOFT,True,240.0,285.0,282.0,315.0,31.4,34.4,56.0,1006.5,3.2,0.0,88.732,,85.51,1,3,0
2023,17,QATAR GRAND PRIX,BOT,Kick Sauber,Q3,85.058,9.0,31.433,28.605,25.02,5.0,SOFT,False,242.0,285.0,281.0,309.0,31.4,34.4,56.0,1006.5,3.2,0.0,89.041,,86.236,1,3,0
2023,18,UNITED STATES GRAND PRIX,HAM,Mercedes,Q1,95.091,3.0,25.502,38.099,31.49,2.0,SOFT,True,232.0,190.0,208.0,320.0,35.5,41.4,13.0,993.0,1.3,0.0,96.193,,94.607,1,1,0
2023,18,UNITED STATES GRAND PRIX,NOR,McLaren,Q1,95.11,2.0,25.611,38.193,31.306,2.0,SOFT,True,228.0,192.0,209.0,322.0,35.5,41.4,13.0,993.0,1.3,0.0,97.256,,94.639,1,1,0
2023,18,UNITED STATES GRAND PRIX,VER,Red Bull Racing,Q1,95.346,6.0,25.478,38.463,31.405,2.0,SOFT,True,234.0,186.0,207.0,324.0,35.5,41.4,13.0,993.0,1.3,0.0,95.912,,94.538,1,1,0
2023,18,UNITED STATES GRAND PRIX,SAI,Ferrari,Q1,95.824,4.0,25.751,38.32,31.753,2.0,SOFT,True,236.0,189.0,209.0,324.0,35.5,41.4,13.0,993.0,1.3,0.0,96.533,,94.939,1,1,0
2023,18,UNITED STATES GRAND PRIX,TSU,Racing Bulls,Q1,95.913,11.0,25.7,38.587,31.626,2.0,SOFT,True,236.0,185.0,208.0,318.0,35.5,41.4,13.0,993.0,1.3,0.0,97.104,,96.945,1,1,0
2023,18,UNITED STATES GRAND PRIX,PER,Red Bull Racing,Q1,95.989,9.0,25.706,38.607,31.676,2.0,SOFT,True,225.0,185.0,207.0,324.0,35.5,41.4,13.0,993.0,1.3,0.0,96.212,,95.041,1,1,0
2023,18,UNITED STATES GRAND PRIX,MAG,Haas F1 Team,Q1,96.009,14.0,25.822,38.513,31.674,2.0,SOFT,True,226.0,187.0,209.0,330.0,35.5,41.4,13.0,993.0,1.3,0.0,96.472,,96.922,1,1,0
2023,18,UNITED STATES GRAND PRIX,ZHO,Kick Sauber,Q1,96.052,12.0,25.795,38.515,31.742,2.0,SOFT,True,233.0,189.0,208.0,323.0,35.5,41.4,13.0,993.0,1.3,0.0,97.418,,96.182,1,1,0
2023,18,UNITED STATES GRAND PRIX,LEC,Ferrari,Q1,96.061,1.0,25.622,38.765,31.674,5.0,SOFT,True,228.0,191.0,208.0,327.0,35.5,41.4,13.0,993.0,1.3,0.0,96.068,,94.593,1,1,0
2023,18,UNITED STATES GRAND PRIX,PIA,McLaren,Q1,96.064,10.0,25.704,38.718,31.642,2.0,SOFT,True,236.0,191.0,209.0,322.0,35.5,41.4,13.0,993.0,1.3,0.0,98.42,,94.894,1,1,0
2023,18,UNITED STATES GRAND PRIX,BOT,Kick Sauber,Q1,96.082,13.0,25.777,38.622,31.683,2.0,SOFT,True,225.0,192.0,208.0,323.0,35.5,41.4,13.0,993.0,1.3,0.0,97.517,,96.922,1,1,0
2023,18,UNITED STATES GRAND PRIX,OCO,Alpine,Q1,96.131,8.0,25.797,38.541,31.793,2.0,SOFT,True,229.0,189.0,210.0,323.0,35.5,41.4,13.0,993.0,1.3,0.0,97.066,,96.137,1,1,0
2023,18,UNITED STATES GRAND PRIX,GAS,Alpine,Q1,96.158,7.0,25.796,38.61,31.752,2.0,SOFT,True,232.0,188.0,206.0,324.0,35.5,41.4,13.0,993.0,1.3,0.0,96.705,,95.785,1,1,0
2023,18,UNITED STATES GRAND PRIX,RUS,Mercedes,Q1,96.165,5.0,25.726,38.808,31.631,2.0,SOFT,True,230.0,188.0,209.0,318.0,35.5,41.4,13.0,993.0,1.3,0.0,96.474,,95.199,1,1,0
2023,18,UNITED STATES GRAND PRIX,RIC,Racing Bulls,Q1,96.213,15.0,25.952,38.616,31.645,2.0,SOFT,True,230.0,185.0,207.0,320.0,35.5,41.4,13.0,993.0,1.3,0.0,97.152,,95.978,1,1,0
2023,18,UNITED STATES GRAND PRIX,HUL,Haas F1 Team,Q1,96.235,16.0,25.901,38.491,31.843,2.0,SOFT,True,234.0,190.0,207.0,326.0,35.5,41.4,13.0,993.0,1.3,0.0,96.702,,96.749,1,1,0
2023,18,UNITED STATES GRAND PRIX,ALO,Aston Martin,Q1,96.268,17.0,25.814,38.631,31.823,2.0,SOFT,True,230.0,191.0,210.0,323.0,35.5,41.4,13.0,993.0,1.3,0.0,97.84,,96.087,1,1,0
2023,18,UNITED STATES GRAND PRIX,ALB,Williams,Q1,96.315,18.0,25.671,38.765,31.879,2.0,SOFT,True,226.0,189.0,207.0,324.0,35.5,41.4,13.0,993.0,1.3,0.0,96.492,,95.366,1,1,0
2023,18,UNITED STATES GRAND PRIX,STR,Aston Martin,Q1,96.589,19.0,26.048,38.711,31.83,2.0,SOFT,True,213.0,189.0,209.0,321.0,35.5,41.4,13.0,993.0,1.3,0.0,99.94,,96.181,1,1,0
2023,18,UNITED STATES GRAND PRIX,SAR,Williams,Q1,96.827,20.0,26.0,38.755,32.072,2.0,SOFT,True,223.0,187.0,208.0,324.0,35.5,41.4,13.0,993.0,1.3,0.0,96.987,,97.186,1,1,0
2023,18,UNITED STATES GRAND PRIX,LEC,Ferrari,Q2,95.004,1.0,25.503,38.232,31.269,2.0,SOFT,True,230.0,192.0,209.0,326.0,35.5,41.4,13.0,993.0,1.3,0.0,96.068,,94.593,1,2,0
2023,18,UNITED STATES GRAND PRIX,VER,Red Bull Racing,Q2,95.008,6.0,25.458,38.296,31.254,2.0,SOFT,True,234.0,185.0,209.0,323.0,35.5,41.4,13.0,993.0,1.3,0.0,95.912,,94.538,1,2,0
2023,18,UNITED STATES GRAND PRIX,HAM,Mercedes,Q2,95.24,3.0,25.416,38.248,31.576,2.0,SOFT,True,238.0,187.0,208.0,319.0,35.5,41.4,13.0,993.0,1.3,0.0,96.193,,94.607,1,2,0
2023,18,UNITED STATES GRAND PRIX,SAI,Ferrari,Q2,95.302,4.0,25.497,38.432,31.373,2.0,SOFT,True,233.0,188.0,209.0,325.0,35.5,41.4,13.0,993.0,1.3,0.0,96.533,,94.939,1,2,0
2023,18,UNITED STATES GRAND PRIX,OCO,Alpine,Q2,95.413,8.0,25.53,38.459,31.424,2.0,SOFT,True,236.0,191.0,210.0,323.0,35.5,41.4,13.0,993.0,1.3,0.0,97.066,,96.137,1,2,0
2023,18,UNITED STATES GRAND PRIX,NOR,McLaren,Q2,95.441,2.0,25.632,38.48,31.329,2.0,SOFT,True,229.0,192.0,209.0,321.0,35.5,41.4,13.0,993.0,1.3,0.0,97.256,,94.639,1,2,0
2023,18,UNITED STATES GRAND PRIX,GAS,Alpine,Q2,95.496,7.0,25.583,38.334,31.579,2.0,SOFT,True,229.0,191.0,208.0,322.0,35.5,41.4,13.0,993.0,1.3,0.0,96.705,,95.785,1,2,0
2023,18,UNITED STATES GRAND PRIX,PIA,McLaren,Q2,95.576,10.0,25.75,38.262,31.564,2.0,SOFT,True,232.0,192.0,208.0,320.0,35.5,41.4,13.0,993.0,1.3,0.0,98.42,,94.894,1,2,0
2023,18,UNITED STATES GRAND PRIX,RUS,Mercedes,Q2,95.606,5.0,25.585,38.642,31.379,2.0,SOFT,True,233.0,191.0,209.0,318.0,35.5,41.4,13.0,993.0,1.3,0.0,96.474,,95.199,1,2,0
2023,18,UNITED STATES GRAND PRIX,PER,Red Bull Racing,Q2,95.679,9.0,25.751,38.4,31.528,2.0,SOFT,True,222.0,186.0,208.0,322.0,35.5,41.4,13.0,993.0,1.3,0.0,96.212,,95.041,1,2,0
2023,18,UNITED STATES GRAND PRIX,TSU,Racing Bulls,Q2,95.697,11.0,25.674,38.554,31.469,2.0,SOFT,True,236.0,184.0,206.0,319.0,35.5,41.4,13.0,993.0,1.3,0.0,97.104,,96.945,1,2,0
2023,18,UNITED STATES GRAND PRIX,ZHO,Kick Sauber,Q2,95.698,12.0,25.617,38.596,31.485,2.0,SOFT,True,228.0,191.0,207.0,322.0,35.5,41.4,13.0,993.0,1.3,0.0,97.418,,96.182,1,2,0
2023,18,UNITED STATES GRAND PRIX,BOT,Kick Sauber,Q2,95.858,13.0,25.676,38.434,31.748,2.0,SOFT,True,234.0,191.0,208.0,322.0,35.5,41.4,13.0,993.0,1.3,0.0,97.517,,96.922,1,2,0
2023,18,UNITED STATES GRAND PRIX,MAG,Haas F1 Team,Q2,95.88,14.0,25.759,38.55,31.571,2.0,SOFT,True,237.0,188.0,205.0,329.0,35.5,41.4,13.0,993.0,1.3,0.0,96.472,,96.922,1,2,0
2023,18,UNITED STATES GRAND PRIX,RIC,Racing Bulls,Q2,95.974,15.0,25.817,38.686,31.471,2.0,SOFT,True,229.0,186.0,207.0,316.0,35.5,41.4,13.0,993.0,1.3,0.0,97.152,,95.978,1,2,0
2023,18,UNITED STATES GRAND PRIX,VER,Red Bull Racing,Q3,94.718,6.0,25.477,38.095,31.146,2.0,SOFT,True,238.0,186.0,208.0,324.0,35.5,41.4,13.0,993.0,1.3,0.0,95.912,,94.538,1,3,0
2023,18,UNITED STATES GRAND PRIX,LEC,Ferrari,Q3,94.723,1.0,25.338,38.153,31.232,2.0,SOFT,True,236.0,192.0,210.0,325.0,35.5,41.4,13.0,993.0,1.3,0.0,96.068,,94.593,1,3,0
2023,18,UNITED STATES GRAND PRIX,NOR,McLaren,Q3,94.853,2.0,25.485,38.111,31.257,2.0,SOFT,True,232.0,192.0,207.0,323.0,35.5,41.4,13.0,993.0,1.3,0.0,97.256,,94.639,1,3,0
2023,18,UNITED STATES GRAND PRIX,HAM,Mercedes,Q3,94.862,3.0,25.429,38.164,31.269,2.0,SOFT,True,236.0,189.0,209.0,318.0,35.5,41.4,13.0,993.0,1.3,0.0,96.193,,94.607,1,3,0
2023,18,UNITED STATES GRAND PRIX,SAI,Ferrari,Q3,94.945,4.0,25.47,38.178,31.297,2.0,SOFT,True,238.0,190.0,211.0,325.0,35.5,41.4,13.0,993.0,1.3,0.0,96.533,,94.939,1,3,0
2023,18,UNITED STATES GRAND PRIX,RUS,Mercedes,Q3,95.079,5.0,25.638,38.128,31.313,2.0,SOFT,True,230.0,191.0,209.0,317.0,35.5,41.4,13.0,993.0,1.3,0.0,96.474,,95.199,1,3,0
2023,18,UNITED STATES GRAND PRIX,GAS,Alpine,Q3,95.089,7.0,25.374,38.288,31.427,2.0,SOFT,True,227.0,191.0,208.0,321.0,35.5,41.4,13.0,993.0,1.3,0.0,96.705,,95.785,1,3,0
2023,18,UNITED STATES GRAND PRIX,OCO,Alpine,Q3,95.154,8.0,25.402,38.365,31.387,2.0,SOFT,True,239.0,190.0,209.0,323.0,35.5,41.4,13.0,993.0,1.3,0.0,97.066,,96.137,1,3,0
2023,18,UNITED STATES GRAND PRIX,PER,Red Bull Racing,Q3,95.173,9.0,25.515,38.354,31.304,2.0,SOFT,True,232.0,188.0,207.0,323.0,35.5,41.4,13.0,993.0,1.3,0.0,96.212,,95.041,1,3,0
2023,18,UNITED STATES GRAND PRIX,PIA,McLaren,Q3,95.467,10.0,25.564,38.481,31.422,2.0,SOFT,True,233.0,192.0,209.0,322.0,35.5,41.4,13.0,993.0,1.3,0.0,98.42,,94.894,1,3,0
2023,19,GRAN PREMIO DE LA CIUDAD DE MÉXICO,VER,Red Bull Racing,Q1,78.099,3.0,27.715,30.171,20.213,2.0,SOFT,True,313.0,295.0,252.0,347.0,25.8,44.3,27.0,780.2,1.25,0.0,79.718,78.686,77.887,0,1,0
2023,19,GRAN PREMIO DE LA CIUDAD DE MÉXICO,PIA,McLaren,Q1,78.241,7.0,27.783,30.029,20.429,2.0,SOFT,True,311.0,296.0,250.0,344.0,25.8,44.3,27.0,780.2,1.25,0.0,80.463,79.163,78.392,0,1,0
2023,19,GRAN PREMIO DE LA CIUDAD DE MÉXICO,RIC,Racing Bulls,Q1,78.341,4.0,27.682,30.448,20.211,2.0,SOFT,True,309.0,293.0,251.0,347.0,25.8,44.3,27.0,780.2,1.25,0.0,80.568,79.002,78.499,0,1,0
2023,19,GRAN PREMIO DE LA CIUDAD DE MÉXICO,LEC,Ferrari,Q1,78.401,1.0,27.649,30.362,20.39,2.0,MEDIUM,True,318.0,296.0,253.0,350.0,25.8,44.3,27.0,780.2,1.25,0.0,80.297,78.952,78.97,0,1,0
2023,19,GRAN PREMIO DE LA CIUDAD DE MÉXICO,BOT,Kick Sauber,Q1,78.429,9.0,27.742,30.39,20.297,2.0,SOFT,True,312.0,295.0,253.0,341.0,25.8,44.3,27.0,780.2,1.25,0.0,,78.955,78.437,0,1,0
2023,19,GRAN PREMIO DE LA CIUDAD DE MÉXICO,PER,Red Bull Racing,Q1,78.553,5.0,27.762,30.41,20.381,2.0,SOFT,True,313.0,294.0,253.0,347.0,25.8,44.3,27.0,780.2,1.25,0.0,80.015,78.988,78.026,0,1,0
2023,19,GRAN PREMIO DE LA CIUDAD DE MÉXICO,HAM,Mercedes,Q1,78.677,6.0,27.684,30.494,20.499,2.0,MEDIUM,True,310.0,292.0,250.0,344.0,25.8,44.3,27.0,780.2,1.25,0.0,80.724,79.024,78.522,0,1,0
2023,19,GRAN PREMIO DE LA CIUDAD DE MÉXICO,SAI,Ferrari,Q1,78.755,2.0,27.831,30.529,20.395,2.0,MEDIUM,True,315.0,297.0,253.0,347.0,25.8,44.3,27.0,780.2,1.25,0.0,80.479,79.257,79.293,0,1,0
2023,19,GRAN PREMIO DE LA CIUDAD DE MÉXICO,ALB,Williams,Q1,78.828,14.0,27.757,30.318,20.753,2.0,SOFT,True,313.0,295.0,251.0,344.0,25.8,44.3,27.0,780.2,1.25,0.0,79.813,79.446,77.957,0,1,0
2023,19,GRAN PREMIO DE LA CIUDAD DE MÉXICO,ALO,Aston Martin,Q1,78.848,13.0,27.691,30.538,20.619,2.0,SOFT,True,312.0,295.0,251.0,345.0,25.8,44.3,27.0,780.2,1.25,0.0,81.347,80.426,79.471,0,1,0
2023,19,GRAN PREMIO DE LA CIUDAD DE MÉXICO,TSU,Racing Bulls,Q1,78.89,15.0,27.839,30.616,20.435,2.0,SOFT,True,309.0,292.0,252.0,340.0,25.8,44.3,27.0,780.2,1.25,0.0,,79.29,78.45,0,1,0
2023,19,GRAN PREMIO DE LA CIUDAD DE MÉXICO,RUS,Mercedes,Q1,78.893,8.0,28.006,30.499,20.388,2.0,MEDIUM,True,308.0,292.0,251.0,341.0,25.8,44.3,27.0,780.2,1.25,0.0,,79.227,78.248,0,1,0
2023,19,GRAN PREMIO DE LA CIUDAD DE MÉXICO,GAS,Alpine,Q1,78.945,11.0,28.001,30.544,20.4,2.0,SOFT,True,311.0,292.0,249.0,340.0,25.8,44.3,27.0,780.2,1.25,0.0,,79.642,79.509,0,1,0
2023,19,GRAN PREMIO DE LA CIUDAD DE MÉXICO,HUL,Haas F1 Team,Q1,78.969,12.0,27.68,30.95,20.339,2.0,SOFT,False,316.0,295.0,252.0,352.0,25.8,44.3,27.0,780.2,1.25,0.0,80.968,79.535,79.32,0,1,0
2023,19,GRAN PREMIO DE LA CIUDAD DE MÉXICO,ZHO,Kick Sauber,Q1,79.016,10.0,27.935,30.55,20.531,2.0,SOFT,True,315.0,294.0,253.0,344.0,25.8,44.3,27.0,780.2,1.25,0.0,81.129,79.415,78.917,0,1,0
2023,19,GRAN PREMIO DE LA CIUDAD DE MÉXICO,OCO,Alpine,Q1,79.08,16.0,28.039,30.517,20.524,2.0,SOFT,True,311.0,292.0,251.0,340.0,25.8,44.3,27.0,780.2,1.25,0.0,80.677,79.077,79.839,0,1,0
2023,19,GRAN PREMIO DE LA CIUDAD DE MÉXICO,MAG,Haas F1 Team,Q1,79.163,17.0,27.68,30.898,20.585,2.0,SOFT,True,316.0,294.0,252.0,352.0,25.8,44.3,27.0,780.2,1.25,0.0,,80.112,79.573,0,1,0
2023,19,GRAN PREMIO DE LA CIUDAD DE MÉXICO,STR,Aston Martin,Q1,79.227,18.0,27.746,30.622,20.859,2.0,SOFT,True,313.0,292.0,250.0,347.0,25.8,44.3,27.0,780.2,1.25,0.0,80.687,80.075,79.094,0,1,0
2023,19,GRAN PREMIO DE LA CIUDAD DE MÉXICO,SAR,Williams,Q1,79.965,20.0,27.903,30.91,21.152,2.0,SOFT,True,302.0,287.0,251.0,348.0,25.8,44.3,27.0,780.2,1.25,0.0,81.157,79.9,78.718,0,1,0
2023,19,GRAN PREMIO DE LA CIUDAD DE MÉXICO,NOR,McLaren,Q1,81.554,19.0,27.653,30.444,23.457,2.0,SOFT,True,311.0,294.0,186.0,344.0,25.8,44.3,27.0,780.2,1.25,0.0,80.237,78.805,78.48,0,1,0
2023,19,GRAN PREMIO DE LA CIUDAD DE MÉXICO,HAM,Mercedes,Q2,77.571,6.0,27.567,29.868,20.136,2.0,SOFT,True,312.0,294.0,250.0,344.0,25.8,44.3,27.0,780.2,1.25,0.0,80.724,79.024,78.522,0,2,0
2023,19,GRAN PREMIO DE LA CIUDAD DE MÉXICO,VER,Red Bull Racing,Q2,77.625,3.0,27.445,29.921,20.259,2.0,SOFT,True,313.0,296.0,251.0,346.0,25.8,44.3,27.0,780.2,1.25,0.0,79.718,78.686,77.887,0,2,0
2023,19,GRAN PREMIO DE LA CIUDAD DE MÉXICO,RUS,Mercedes,Q2,77.673,8.0,27.631,29.92,20.122,2.0,SOFT,True,312.0,294.0,251.0,342.0,25.8,44.3,27.0,780.2,1.25,0.0,,79.227,78.248,0,2,0
2023,19,GRAN PREMIO DE LA CIUDAD DE MÉXICO,RIC,Racing Bulls,Q2,77.706,4.0,27.569,30.052,20.085,2.0,SOFT,True,311.0,294.0,250.0,353.0,25.8,44.3,27.0,780.2,1.25,0.0,80.568,79.002,78.499,0,2,0
2023,19,GRAN PREMIO DE LA CIUDAD DE MÉXICO,PIA,McLaren,Q2,77.874,7.0,27.518,30.001,20.355,2.0,SOFT,True,313.0,295.0,250.0,346.0,25.8,44.3,27.0,780.2,1.25,0.0,80.463,79.163,78.392,0,2,0
2023,19,GRAN PREMIO DE LA CIUDAD DE MÉXICO,LEC,Ferrari,Q2,77.901,1.0,27.548,30.007,20.346,2.0,SOFT,True,317.0,295.0,252.0,347.0,25.8,44.3,27.0,780.2,1.25,0.0,80.297,78.952,78.97,0,2,0
2023,19,GRAN PREMIO DE LA CIUDAD DE MÉXICO,BOT,Kick Sauber,Q2,78.016,9.0,27.577,30.232,20.207,2.0,SOFT,True,316.0,296.0,253.0,347.0,25.8,44.3,27.0,780.2,1.25,0.0,,78.955,78.437,0,2,0
2023,19,GRAN PREMIO DE LA CIUDAD DE MÉXICO,PER,Red Bull Racing,Q2,78.124,5.0,27.664,30.204,20.256,2.0,SOFT,True,312.0,295.0,252.0,345.0,25.8,44.3,27.0,780.2,1.25,0.0,80.015,78.988,78.026,0,2,0
2023,19,GRAN PREMIO DE LA CIUDAD DE MÉXICO,ALB,Williams,Q2,78.302,14.0,27.599,30.322,20.381,2.0,SOFT,True,314.0,294.0,250.0,347.0,25.8,44.3,27.0,780.2,1.25,0.0,79.813,79.446,77.957,0,2,0
2023,19,GRAN PREMIO DE LA CIUDAD DE MÉXICO,SAI,Ferrari,Q2,78.382,2.0,27.719,30.36,20.303,4.0,SOFT,False,315.0,295.0,251.0,346.0,25.8,44.3,27.0,780.2,1.25,0.0,80.479,79.257,79.293,0,2,0
2023,19,GRAN PREMIO DE LA CIUDAD DE MÉXICO,ZHO,Kick Sauber,Q2,78.44,10.0,27.792,30.306,20.342,2.0,SOFT,True,314.0,294.0,253.0,345.0,25.8,44.3,27.0,780.2,1.25,0.0,81.129,79.415,78.917,0,2,0
2023,19,GRAN PREMIO DE LA CIUDAD DE MÉXICO,GAS,Alpine,Q2,78.521,11.0,27.774,30.39,20.357,2.0,SOFT,True,311.0,291.0,248.0,341.0,25.8,44.3,27.0,780.2,1.25,0.0,,79.642,79.509,0,2,0
2023,19,GRAN PREMIO DE LA CIUDAD DE MÉXICO,HUL,Haas F1 Team,Q2,78.524,12.0,27.683,30.563,20.278,2.0,SOFT,True,317.0,296.0,253.0,347.0,25.8,44.3,27.0,780.2,1.25,0.0,80.968,79.535,79.32,0,2,0
2023,19,GRAN PREMIO DE LA CIUDAD DE MÉXICO,ALO,Aston Martin,Q2,78.738,13.0,27.991,30.423,20.324,2.0,SOFT,True,311.0,292.0,249.0,342.0,25.8,44.3,27.0,780.2,1.25,0.0,81.347,80.426,79.471,0,2,0
2023,19,GRAN PREMIO DE LA CIUDAD DE MÉXICO,TSU,Racing Bulls,Q2,90.204,15.0,31.297,33.159,25.748,6.0,SOFT,False,271.0,279.0,,329.0,25.8,44.3,27.0,780.2,1.25,0.0,,79.29,78.45,0,2,0
2023,19,GRAN PREMIO DE LA CIUDAD DE MÉXICO,LEC,Ferrari,Q3,77.166,1.0,27.291,29.853,20.022,2.0,SOFT,True,317.0,297.0,254.0,348.0,25.8,44.3,27.0,780.2,1.25,0.0,80.297,78.952,78.97,0,3,0
2023,19,GRAN PREMIO DE LA CIUDAD DE MÉXICO,SAI,Ferrari,Q3,77.233,2.0,27.344,29.9,19.989,2.0,SOFT,True,316.0,297.0,254.0,347.0,25.8,44.3,27.0,780.2,1.25,0.0,80.479,79.257,79.293,0,3,0
2023,19,GRAN PREMIO DE LA CIUDAD DE MÉXICO,VER,Red Bull Racing,Q3,77.263,3.0,27.369,29.818,20.076,2.0,SOFT,True,314.0,295.0,252.0,349.0,25.8,44.3,27.0,780.2,1.25,0.0,79.718,78.686,77.887,0,3,0
2023,19,GRAN PREMIO DE LA CIUDAD DE MÉXICO,RIC,Racing Bulls,Q3,77.382,4.0,27.599,29.846,19.937,2.0,SOFT,True,311.0,294.0,251.0,341.0,25.8,44.3,27.0,780.2,1.25,0.0,80.568,79.002,78.499,0,3,0
2023,19,GRAN PREMIO DE LA CIUDAD DE MÉXICO,PER,Red Bull Racing,Q3,77.423,5.0,27.46,29.884,20.079,2.0,SOFT,True,316.0,295.0,253.0,351.0,25.8,44.3,27.0,780.2,1.25,0.0,80.015,78.988,78.026,0,3,0
2023,19,GRAN PREMIO DE LA CIUDAD DE MÉXICO,HAM,Mercedes,Q3,77.454,6.0,27.46,29.881,20.113,2.0,SOFT,True,312.0,293.0,251.0,345.0,25.8,44.3,27.0,780.2,1.25,0.0,80.724,79.024,78.522,0,3,0
2023,19,GRAN PREMIO DE LA CIUDAD DE MÉXICO,PIA,McLaren,Q3,77.623,7.0,27.518,29.979,20.126,2.0,SOFT,True,312.0,293.0,251.0,346.0,25.8,44.3,27.0,780.2,1.25,0.0,80.463,79.163,78.392,0,3,0
2023,19,GRAN PREMIO DE LA CIUDAD DE MÉXICO,RUS,Mercedes,Q3,77.674,8.0,27.724,29.977,19.973,2.0,SOFT,True,309.0,292.0,250.0,342.0,25.8,44.3,27.0,780.2,1.25,0.0,,79.227,78.248,0,3,0
2023,19,GRAN PREMIO DE LA CIUDAD DE MÉXICO,BOT,Kick Sauber,Q3,78.032,9.0,27.483,30.073,20.476,2.0,SOFT,True,315.0,294.0,252.0,343.0,25.8,44.3,27.0,780.2,1.25,0.0,,78.955,78.437,0,3,0
2023,19,GRAN PREMIO DE LA CIUDAD DE MÉXICO,ZHO,Kick Sauber,Q3,78.05,10.0,27.67,30.115,20.265,2.0,SOFT,True,313.0,291.0,253.0,341.0,25.8,44.3,27.0,780.2,1.25,0.0,81.129,79.415,78.917,0,3,0
2023,20,GRANDE PRÊMIO DE SÃO PAULO,RUS,Mercedes,Q1,70.34,6.0,18.418,35.547,16.375,2.0,SOFT,True,315.0,259.0,325.0,326.0,29.6,38.3,56.5,917.0,2.6,0.0,71.865,,70.857,1,1,0
2023,20,GRANDE PRÊMIO DE SÃO PAULO,VER,Red Bull Racing,Q1,70.436,1.0,18.519,35.507,16.41,2.0,SOFT,True,319.0,262.0,320.0,334.0,29.6,38.3,56.5,917.0,2.6,0.0,72.793,,70.683,1,1,0
2023,20,GRANDE PRÊMIO DE SÃO PAULO,LEC,Ferrari,Q1,70.472,2.0,18.401,35.764,16.307,2.0,SOFT,True,319.0,263.0,328.0,329.0,29.6,38.3,56.5,917.0,2.6,0.0,71.84,,71.077,1,1,0
2023,20,GRANDE PRÊMIO DE SÃO PAULO,HUL,Haas F1 Team,Q1,70.475,11.0,18.364,35.798,16.313,2.0,SOFT,True,319.0,263.0,330.0,330.0,29.6,38.3,56.5,917.0,2.6,0.0,71.928,,71.752,1,1,0
2023,20,GRANDE PRÊMIO DE SÃO PAULO,PIA,McLaren,Q1,70.519,10.0,18.386,35.612,16.521,2.0,SOFT,True,318.0,261.0,325.0,328.0,29.6,38.3,56.5,917.0,2.6,0.0,73.838,,71.189,1,1,0
2023,20,GRANDE PRÊMIO DE SÃO PAULO,STR,Aston Martin,Q1,70.551,3.0,18.577,35.589,16.385,2.0,SOFT,True,317.0,259.0,324.0,328.0,29.6,38.3,56.5,917.0,2.6,0.0,72.136,,72.482,1,1,0
2023,20,GRANDE PRÊMIO DE SÃO PAULO,ALO,Aston Martin,Q1,70.557,4.0,18.415,35.689,16.453,2.0,SOFT,True,316.0,260.0,322.0,329.0,29.6,38.3,56.5,917.0,2.6,0.0,72.615,,72.224,1,1,0
2023,20,GRANDE PRÊMIO DE SÃO PAULO,MAG,Haas F1 Team,Q1,70.602,14.0,18.5,35.787,16.315,2.0,SOFT,True,318.0,261.0,325.0,329.0,29.6,38.3,56.5,917.0,2.6,0.0,72.592,,71.727,1,1,0
2023,20,GRANDE PRÊMIO DE SÃO PAULO,HAM,Mercedes,Q1,70.604,5.0,18.742,35.411,16.451,2.0,SOFT,True,313.0,258.0,322.0,325.0,29.6,38.3,56.5,917.0,2.6,0.0,72.638,,70.94,1,1,0
2023,20,GRANDE PRÊMIO DE SÃO PAULO,ALB,Williams,Q1,70.621,15.0,18.5,35.729,16.392,2.0,SOFT,True,317.0,261.0,324.0,327.0,29.6,38.3,56.5,917.0,2.6,0.0,72.044,,72.525,1,1,0
2023,20,GRANDE PRÊMIO DE SÃO PAULO,NOR,McLaren,Q1,70.623,7.0,18.642,35.688,16.293,2.0,SOFT,True,318.0,260.0,323.0,329.0,29.6,38.3,56.5,917.0,2.6,0.0,73.629,,70.622,1,1,0
2023,20,GRANDE PRÊMIO DE SÃO PAULO,SAI,Ferrari,Q1,70.624,8.0,18.457,35.747,16.42,2.0,SOFT,True,319.0,264.0,328.0,329.0,29.6,38.3,56.5,917.0,2.6,0.0,71.732,,71.126,1,1,0
2023,20,GRANDE PRÊMIO DE SÃO PAULO,PER,Red Bull Racing,Q1,70.668,9.0,18.582,35.642,16.444,2.0,SOFT,True,317.0,262.0,326.0,332.0,29.6,38.3,56.5,917.0,2.6,0.0,73.056,,70.756,1,1,0
2023,20,GRANDE PRÊMIO DE SÃO PAULO,OCO,Alpine,Q1,70.763,12.0,18.438,35.877,16.448,2.0,SOFT,True,323.0,265.0,330.0,336.0,29.6,38.3,56.5,917.0,2.6,0.0,72.779,,72.388,1,1,0
2023,20,GRANDE PRÊMIO DE SÃO PAULO,GAS,Alpine,Q1,70.793,13.0,18.377,36.012,16.404,2.0,SOFT,True,323.0,265.0,330.0,336.0,29.6,38.3,56.5,917.0,2.6,0.0,72.184,,71.822,1,1,0
2023,20,GRANDE PRÊMIO DE SÃO PAULO,TSU,Racing Bulls,Q1,70.837,16.0,18.573,35.849,16.415,2.0,SOFT,True,317.0,262.0,327.0,330.0,29.6,38.3,56.5,917.0,2.6,0.0,72.714,,71.019,1,1,0
2023,20,GRANDE PRÊMIO DE SÃO PAULO,RIC,Racing Bulls,Q1,70.843,17.0,18.537,35.892,16.414,2.0,SOFT,True,317.0,262.0,327.0,333.0,29.6,38.3,56.5,917.0,2.6,0.0,72.778,,71.122,1,1,0
2023,20,GRANDE PRÊMIO DE SÃO PAULO,BOT,Kick Sauber,Q1,70.955,18.0,18.573,35.938,16.444,2.0,SOFT,True,315.0,261.0,323.0,327.0,29.6,38.3,56.5,917.0,2.6,0.0,73.012,,71.872,1,1,0
2023,20,GRANDE PRÊMIO DE SÃO PAULO,SAR,Williams,Q1,71.035,19.0,18.465,36.126,16.444,2.0,SOFT,True,318.0,261.0,327.0,327.0,29.6,38.3,56.5,917.0,2.6,0.0,72.579,,72.615,1,1,0
2023,20,GRANDE PRÊMIO DE SÃO PAULO,ZHO,Kick Sauber,Q1,71.275,20.0,18.719,36.011,16.545,2.0,SOFT,True,314.0,261.0,318.0,325.0,29.6,38.3,56.5,917.0,2.6,0.0,72.481,,72.497,1,1,0
2023,20,GRANDE PRÊMIO DE SÃO PAULO,NOR,McLaren,Q2,70.021,7.0,18.31,35.361,16.35,2.0,SOFT,True,322.0,263.0,326.0,328.0,29.6,38.3,56.5,917.0,2.6,0.0,73.629,,70.622,1,2,0
2023,20,GRANDE PRÊMIO DE SÃO PAULO,VER,Red Bull Racing,Q2,70.162,1.0,18.496,35.296,16.37,2.0,SOFT,True,318.0,263.0,326.0,330.0,29.6,38.3,56.5,917.0,2.6,0.0,72.793,,70.683,1,2,0
2023,20,GRANDE PRÊMIO DE SÃO PAULO,PER,Red Bull Racing,Q2,70.219,9.0,18.272,35.423,16.524,2.0,SOFT,True,320.0,264.0,325.0,330.0,29.6,38.3,56.5,917.0,2.6,0.0,73.056,,70.756,1,2,0
2023,20,GRANDE PRÊMIO DE SÃO PAULO,ALO,Aston Martin,Q2,70.237,4.0,18.427,35.426,16.384,2.0,SOFT,True,319.0,261.0,319.0,325.0,29.6,38.3,56.5,917.0,2.6,0.0,72.615,,72.224,1,2,0
2023,20,GRANDE PRÊMIO DE SÃO PAULO,SAI,Ferrari,Q2,70.254,8.0,18.337,35.517,16.4,2.0,SOFT,True,319.0,265.0,325.0,329.0,29.6,38.3,56.5,917.0,2.6,0.0,71.732,,71.126,1,2,0
2023,20,GRANDE PRÊMIO DE SÃO PAULO,HAM,Mercedes,Q2,70.266,5.0,18.386,35.397,16.483,2.0,SOFT,True,316.0,260.0,322.0,326.0,29.6,38.3,56.5,917.0,2.6,0.0,72.638,,70.94,1,2,0
2023,20,GRANDE PRÊMIO DE SÃO PAULO,LEC,Ferrari,Q2,70.303,2.0,18.369,35.519,16.415,2.0,SOFT,True,321.0,264.0,324.0,331.0,29.6,38.3,56.5,917.0,2.6,0.0,71.84,,71.077,1,2,0
2023,20,GRANDE PRÊMIO DE SÃO PAULO,RUS,Mercedes,Q2,70.316,6.0,18.429,35.376,16.511,2.0,SOFT,True,314.0,260.0,320.0,324.0,29.6,38.3,56.5,917.0,2.6,0.0,71.865,,70.857,1,2,0
2023,20,GRANDE PRÊMIO DE SÃO PAULO,PIA,McLaren,Q2,70.33,10.0,18.268,35.714,16.348,2.0,SOFT,True,318.0,263.0,325.0,330.0,29.6,38.3,56.5,917.0,2.6,0.0,73.838,,71.189,1,2,0
2023,20,GRANDE PRÊMIO DE SÃO PAULO,STR,Aston Martin,Q2,70.375,3.0,18.459,35.488,16.428,2.0,SOFT,True,321.0,263.0,326.0,329.0,29.6,38.3,56.5,917.0,2.6,0.0,72.136,,72.482,1,2,0
2023,20,GRANDE PRÊMIO DE SÃO PAULO,HUL,Haas F1 Team,Q2,70.547,11.0,18.367,35.733,16.447,2.0,SOFT,True,318.0,262.0,326.0,326.0,29.6,38.3,56.5,917.0,2.6,0.0,71.928,,71.752,1,2,0
2023,20,GRANDE PRÊMIO DE SÃO PAULO,OCO,Alpine,Q2,70.562,12.0,18.425,35.78,16.357,2.0,SOFT,True,322.0,266.0,327.0,338.0,29.6,38.3,56.5,917.0,2.6,0.0,72.779,,72.388,1,2,0
2023,20,GRANDE PRÊMIO DE SÃO PAULO,GAS,Alpine,Q2,70.567,13.0,18.348,35.736,16.483,2.0,SOFT,True,323.0,266.0,329.0,335.0,29.6,38.3,56.5,917.0,2.6,0.0,72.184,,71.822,1,2,0
2023,20,GRANDE PRÊMIO DE SÃO PAULO,MAG,Haas F1 Team,Q2,70.723,14.0,18.38,35.886,16.457,2.0,SOFT,True,320.0,262.0,322.0,329.0,29.6,38.3,56.5,917.0,2.6,0.0,72.592,,71.727,1,2,0
2023,20,GRANDE PRÊMIO DE SÃO PAULO,ALB,Williams,Q2,70.773,15.0,18.473,35.85,16.45,2.0,SOFT,True,321.0,263.0,324.0,326.0,29.6,38.3,56.5,917.0,2.6,0.0,72.044,,72.525,1,2,0
2023,20,GRANDE PRÊMIO DE SÃO PAULO,VER,Red Bull Racing,Q3,70.727,1.0,18.359,35.659,16.709,2.0,SOFT,True,323.0,266.0,322.0,328.0,29.6,38.3,56.5,917.0,2.6,0.0,72.793,,70.683,1,3,0
2023,20,GRANDE PRÊMIO DE SÃO PAULO,LEC,Ferrari,Q3,71.021,2.0,18.412,35.85,16.759,2.0,SOFT,True,325.0,268.0,322.0,326.0,29.6,38.3,56.5,917.0,2.6,0.0,71.84,,71.077,1,3,0
2023,20,GRANDE PRÊMIO DE SÃO PAULO,STR,Aston Martin,Q3,71.344,3.0,18.433,36.099,16.812,2.0,SOFT,True,322.0,265.0,320.0,326.0,29.6,38.3,56.5,917.0,2.6,0.0,72.136,,72.482,1,3,0
2023,20,GRANDE PRÊMIO DE SÃO PAULO,ALO,Aston Martin,Q3,71.387,4.0,18.476,36.143,16.768,2.0,SOFT,True,318.0,262.0,318.0,320.0,29.6,38.3,56.5,917.0,2.6,0.0,72.615,,72.224,1,3,0
2023,20,GRANDE PRÊMIO DE SÃO PAULO,HAM,Mercedes,Q3,71.469,5.0,18.745,35.964,16.76,2.0,SOFT,True,318.0,264.0,317.0,320.0,29.6,38.3,56.5,917.0,2.6,0.0,72.638,,70.94,1,3,0
2023,20,GRANDE PRÊMIO DE SÃO PAULO,RUS,Mercedes,Q3,71.59,6.0,18.601,36.062,16.927,2.0,SOFT,True,319.0,265.0,315.0,320.0,29.6,38.3,56.5,917.0,2.6,0.0,71.865,,70.857,1,3,0
2023,20,GRANDE PRÊMIO DE SÃO PAULO,NOR,McLaren,Q3,71.987,7.0,18.435,35.835,17.717,2.0,SOFT,True,325.0,266.0,314.0,325.0,29.6,38.3,56.5,917.0,2.6,0.0,73.629,,70.622,1,3,0
2023,20,GRANDE PRÊMIO DE SÃO PAULO,SAI,Ferrari,Q3,71.989,8.0,18.385,36.616,16.988,2.0,SOFT,True,325.0,267.0,320.0,326.0,29.6,38.3,56.5,917.0,2.6,0.0,71.732,,71.126,1,3,0
2023,20,GRANDE PRÊMIO DE SÃO PAULO,PER,Red Bull Racing,Q3,72.321,9.0,18.461,35.959,17.901,2.0,SOFT,True,326.0,266.0,320.0,328.0,29.6,38.3,56.5,917.0,2.6,0.0,73.056,,70.756,1,3,0
2023,20,GRANDE PRÊMIO DE SÃO PAULO,PIA,McLaren,Q3,92.078,10.0,18.376,36.304,37.398,2.0,SOFT,True,326.0,269.0,,323.0,29.6,38.3,56.5,917.0,2.6,0.0,73.838,,71.189,1,3,0
2023,21,LAS VEGAS GRAND PRIX,LEC,Ferrari,Q1,93.617,1.0,26.578,31.046,35.993,7.0,SOFT,True,184.0,214.0,319.0,343.0,15.2,16.9,61.0,942.2,0.8,0.0,100.909,95.265,95.908,0,1,0
2023,21,LAS VEGAS GRAND PRIX,SAI,Ferrari,Q1,93.851,2.0,26.56,31.248,36.043,7.0,SOFT,True,187.0,214.0,318.0,340.0,15.2,16.9,61.0,942.2,0.8,0.0,105.824,95.782,95.939,0,1,0
2023,21,LAS VEGAS GRAND PRIX,RUS,Mercedes,Q1,94.137,4.0,26.885,31.491,35.761,7.0,SOFT,True,185.0,215.0,323.0,348.0,15.2,16.9,61.0,942.2,0.8,0.0,105.497,96.89,94.093,0,1,0
2023,21,LAS VEGAS GRAND PRIX,VER,Red Bull Racing,Q1,94.19,3.0,26.782,31.212,36.196,5.0,SOFT,True,186.0,213.0,319.0,343.0,15.2,16.9,61.0,942.2,0.8,0.0,104.397,96.183,94.653,0,1,0
2023,21,LAS VEGAS GRAND PRIX,HUL,Haas F1 Team,Q1,94.265,13.0,26.997,31.107,36.161,4.0,SOFT,True,188.0,215.0,310.0,342.0,15.2,16.9,61.0,942.2,0.8,0.0,103.446,96.489,95.112,0,1,0
2023,21,LAS VEGAS GRAND PRIX,GAS,Alpine,Q1,94.272,5.0,27.027,31.32,35.925,3.0,SOFT,True,186.0,214.0,320.0,343.0,15.2,16.9,61.0,942.2,0.8,0.0,108.253,97.134,96.485,0,1,0
2023,21,LAS VEGAS GRAND PRIX,BOT,Kick Sauber,Q1,94.305,8.0,26.979,31.267,36.059,2.0,SOFT,True,185.0,215.0,317.0,341.0,15.2,16.9,61.0,942.2,0.8,0.0,107.147,96.129,94.908,0,1,0
2023,21,LAS VEGAS GRAND PRIX,HAM,Mercedes,Q1,94.307,11.0,26.973,31.422,35.912,7.0,SOFT,True,185.0,215.0,320.0,344.0,15.2,16.9,61.0,942.2,0.8,0.0,108.513,96.663,94.853,0,1,0
2023,21,LAS VEGAS GRAND PRIX,MAG,Haas F1 Team,Q1,94.337,9.0,26.529,31.499,36.309,4.0,SOFT,True,184.0,214.0,311.0,341.0,15.2,16.9,61.0,942.2,0.8,0.0,104.261,96.917,95.067,0,1,0
2023,21,LAS VEGAS GRAND PRIX,ALO,Aston Martin,Q1,94.422,10.0,26.749,31.625,36.048,8.0,SOFT,True,188.0,215.0,312.0,343.0,15.2,16.9,61.0,942.2,0.8,0.0,,95.793,94.788,0,1,0
2023,21,LAS VEGAS GRAND PRIX,STR,Aston Martin,Q1,94.504,14.0,26.905,31.318,36.281,3.0,SOFT,True,185.0,215.0,312.0,340.0,15.2,16.9,61.0,942.2,0.8,0.0,,96.496,95.253,0,1,0
2023,21,LAS VEGAS GRAND PRIX,SAR,Williams,Q1,94.525,7.0,26.936,31.499,36.09,3.0,SOFT,True,184.0,214.0,320.0,344.0,15.2,16.9,61.0,942.2,0.8,0.0,,98.14,94.645,0,1,0
2023,21,LAS VEGAS GRAND PRIX,PER,Red Bull Racing,Q1,94.574,12.0,27.044,31.281,36.249,5.0,SOFT,False,185.0,215.0,315.0,347.0,15.2,16.9,61.0,942.2,0.8,0.0,106.793,96.085,94.706,0,1,0
2023,21,LAS VEGAS GRAND PRIX,ALB,Williams,Q1,94.634,6.0,26.972,31.625,36.037,7.0,SOFT,True,181.0,214.0,322.0,338.0,15.2,16.9,61.0,942.2,0.8,0.0,120.056,96.688,94.726,0,1,0
2023,21,LAS VEGAS GRAND PRIX,RIC,Racing Bulls,Q1,94.683,15.0,27.132,31.491,36.06,3.0,SOFT,True,187.0,215.0,320.0,339.0,15.2,16.9,61.0,942.2,0.8,0.0,108.65,97.68,97.778,0,1,0
2023,21,LAS VEGAS GRAND PRIX,NOR,McLaren,Q1,94.703,16.0,26.854,31.483,36.366,5.0,SOFT,True,183.0,214.0,317.0,336.0,15.2,16.9,61.0,942.2,0.8,0.0,108.947,96.864,95.089,0,1,0
2023,21,LAS VEGAS GRAND PRIX,OCO,Alpine,Q1,94.834,17.0,27.098,31.582,36.154,3.0,SOFT,True,186.0,213.0,321.0,338.0,15.2,16.9,61.0,942.2,0.8,0.0,105.365,97.241,95.297,0,1,0
2023,21,LAS VEGAS GRAND PRIX,ZHO,Kick Sauber,Q1,94.849,18.0,27.161,31.568,36.12,2.0,SOFT,True,185.0,217.0,313.0,324.0,15.2,16.9,61.0,942.2,0.8,0.0,108.822,97.656,95.881,0,1,0
2023,21,LAS VEGAS GRAND PRIX,PIA,McLaren,Q1,94.85,19.0,26.884,31.669,36.297,6.0,SOFT,True,182.0,211.0,322.0,340.0,15.2,16.9,61.0,942.2,0.8,0.0,123.607,96.987,94.491,0,1,0
2023,21,LAS VEGAS GRAND PRIX,TSU,Racing Bulls,Q1,96.447,20.0,27.796,32.222,36.429,3.0,SOFT,True,184.0,213.0,319.0,333.0,15.2,16.9,61.0,942.2,0.8,0.0,105.908,97.412,96.087,0,1,0
2023,21,LAS VEGAS GRAND PRIX,LEC,Ferrari,Q2,92.775,1.0,26.255,30.647,35.873,5.0,SOFT,True,188.0,217.0,314.0,342.0,15.2,16.9,61.0,942.2,0.8,0.0,100.909,95.265,95.908,0,2,0
2023,21,LAS VEGAS GRAND PRIX,SAI,Ferrari,Q2,93.338,2.0,26.458,31.023,35.857,2.0,SOFT,True,188.0,215.0,316.0,343.0,15.2,16.9,61.0,942.2,0.8,0.0,105.824,95.782,95.939,0,2,0
2023,21,LAS VEGAS GRAND PRIX,RUS,Mercedes,Q2,93.351,4.0,26.44,31.057,35.854,6.0,SOFT,True,187.0,216.0,321.0,342.0,15.2,16.9,61.0,942.2,0.8,0.0,105.497,96.89,94.093,0,2,0
2023,21,LAS VEGAS GRAND PRIX,GAS,Alpine,Q2,93.494,5.0,26.66,31.084,35.75,3.0,SOFT,True,187.0,215.0,320.0,346.0,15.2,16.9,61.0,942.2,0.8,0.0,108.253,97.134,96.485,0,2,0
2023,21,LAS VEGAS GRAND PRIX,VER,Red Bull Racing,Q2,93.572,3.0,26.603,31.011,35.958,5.0,SOFT,True,187.0,215.0,319.0,347.0,15.2,16.9,61.0,942.2,0.8,0.0,104.397,96.183,94.653,0,2,0
2023,21,LAS VEGAS GRAND PRIX,ALB,Williams,Q2,93.588,6.0,26.576,31.285,35.727,3.0,SOFT,True,183.0,217.0,323.0,344.0,15.2,16.9,61.0,942.2,0.8,0.0,120.056,96.688,94.726,0,2,0
2023,21,LAS VEGAS GRAND PRIX,ALO,Aston Martin,Q2,93.617,10.0,26.515,31.241,35.861,3.0,SOFT,True,186.0,215.0,313.0,340.0,15.2,16.9,61.0,942.2,0.8,0.0,,95.793,94.788,0,2,0
2023,21,LAS VEGAS GRAND PRIX,MAG,Haas F1 Team,Q2,93.664,9.0,26.248,30.979,36.437,2.0,SOFT,True,187.0,215.0,311.0,337.0,15.2,16.9,61.0,942.2,0.8,0.0,104.261,96.917,95.067,0,2,0
2023,21,LAS VEGAS GRAND PRIX,SAR,Williams,Q2,93.733,7.0,26.649,31.245,35.839,3.0,SOFT,True,186.0,214.0,321.0,347.0,15.2,16.9,61.0,942.2,0.8,0.0,,98.14,94.645,0,2,0
2023,21,LAS VEGAS GRAND PRIX,BOT,Kick Sauber,Q2,93.809,8.0,26.716,31.141,35.952,5.0,SOFT,True,186.0,214.0,320.0,347.0,15.2,16.9,61.0,942.2,0.8,0.0,107.147,96.129,94.908,0,2,0
2023,21,LAS VEGAS GRAND PRIX,HAM,Mercedes,Q2,93.837,11.0,26.833,31.187,35.817,3.0,SOFT,True,188.0,216.0,321.0,344.0,15.2,16.9,61.0,942.2,0.8,0.0,108.513,96.663,94.853,0,2,0
2023,21,LAS VEGAS GRAND PRIX,PER,Red Bull Racing,Q2,93.855,12.0,26.627,31.043,36.185,5.0,SOFT,True,186.0,216.0,314.0,345.0,15.2,16.9,61.0,942.2,0.8,0.0,106.793,96.085,94.706,0,2,0
2023,21,LAS VEGAS GRAND PRIX,HUL,Haas F1 Team,Q2,93.979,13.0,26.646,31.199,36.134,2.0,SOFT,True,187.0,216.0,311.0,341.0,15.2,16.9,61.0,942.2,0.8,0.0,103.446,96.489,95.112,0,2,0
2023,21,LAS VEGAS GRAND PRIX,STR,Aston Martin,Q2,94.199,14.0,26.722,31.265,36.212,3.0,SOFT,True,189.0,214.0,312.0,339.0,15.2,16.9,61.0,942.2,0.8,0.0,,96.496,95.253,0,2,0
2023,21,LAS VEGAS GRAND PRIX,RIC,Racing Bulls,Q2,94.308,15.0,27.149,31.202,35.957,3.0,SOFT,True,186.0,215.0,315.0,342.0,15.2,16.9,61.0,942.2,0.8,0.0,108.65,97.68,97.778,0,2,0
2023,21,LAS VEGAS GRAND PRIX,LEC,Ferrari,Q3,92.726,1.0,26.224,30.652,35.85,2.0,SOFT,True,189.0,217.0,318.0,341.0,15.2,16.9,61.0,942.2,0.8,0.0,100.909,95.265,95.908,0,3,0
2023,21,LAS VEGAS GRAND PRIX,SAI,Ferrari,Q3,92.77,2.0,26.157,30.772,35.841,3.0,SOFT,True,187.0,216.0,316.0,342.0,15.2,16.9,61.0,942.2,0.8,0.0,105.824,95.782,95.939,0,3,0
2023,21,LAS VEGAS GRAND PRIX,VER,Red Bull Racing,Q3,93.104,3.0,26.289,30.828,35.987,2.0,SOFT,True,188.0,215.0,317.0,346.0,15.2,16.9,61.0,942.2,0.8,0.0,104.397,96.183,94.653,0,3,0
2023,21,LAS VEGAS GRAND PRIX,RUS,Mercedes,Q3,93.112,4.0,26.364,30.99,35.758,6.0,SOFT,True,188.0,217.0,321.0,344.0,15.2,16.9,61.0,942.2,0.8,0.0,105.497,96.89,94.093,0,3,0
2023,21,LAS VEGAS GRAND PRIX,GAS,Alpine,Q3,93.239,5.0,26.415,31.019,35.805,3.0,SOFT,True,189.0,215.0,320.0,343.0,15.2,16.9,61.0,942.2,0.8,0.0,108.253,97.134,96.485,0,3,0
2023,21,LAS VEGAS GRAND PRIX,ALB,Williams,Q3,93.323,6.0,26.576,31.008,35.739,3.0,SOFT,True,187.0,217.0,320.0,342.0,15.2,16.9,61.0,942.2,0.8,0.0,120.056,96.688,94.726,0,3,0
2023,21,LAS VEGAS GRAND PRIX,SAR,Williams,Q3,93.513,7.0,26.605,31.106,35.802,3.0,SOFT,True,188.0,216.0,318.0,347.0,15.2,16.9,61.0,942.2,0.8,0.0,,98.14,94.645,0,3,0
2023,21,LAS VEGAS GRAND PRIX,BOT,Kick Sauber,Q3,93.525,8.0,26.393,31.214,35.918,3.0,SOFT,True,188.0,216.0,319.0,347.0,15.2,16.9,61.0,942.2,0.8,0.0,107.147,96.129,94.908,0,3,0
2023,21,LAS VEGAS GRAND PRIX,MAG,Haas F1 Team,Q3,93.537,9.0,26.335,30.966,36.236,2.0,SOFT,True,187.0,215.0,318.0,339.0,15.2,16.9,61.0,942.2,0.8,0.0,104.261,96.917,95.067,0,3,0
2023,21,LAS VEGAS GRAND PRIX,ALO,Aston Martin,Q3,93.555,10.0,26.49,31.113,35.952,6.0,SOFT,False,189.0,216.0,313.0,339.0,15.2,16.9,61.0,942.2,0.8,0.0,,95.793,94.788,0,3,0
2023,22,ABU DHABI GRAND PRIX,VER,Red Bull Racing,Q1,84.16,1.0,17.382,36.172,30.606,2.0,SOFT,True,289.0,325.0,220.0,330.0,26.8,31.95,66.0,1014.5,1.5,0.0,,84.982,85.153,0,1,0
2023,22,ABU DHABI GRAND PRIX,PER,Red Bull Racing,Q1,84.209,9.0,17.17,36.261,30.778,2.0,SOFT,True,290.0,327.0,220.0,332.0,26.8,31.95,66.0,1014.5,1.5,0.0,,85.112,85.259,0,1,0
2023,22,ABU DHABI GRAND PRIX,TSU,Racing Bulls,Q1,84.286,6.0,17.352,36.262,30.672,2.0,SOFT,True,288.0,321.0,222.0,322.0,26.8,31.95,66.0,1014.5,1.5,0.0,86.725,85.669,85.222,0,1,0
2023,22,ABU DHABI GRAND PRIX,ALB,Williams,Q1,84.298,14.0,17.225,36.239,30.834,2.0,SOFT,True,293.0,323.0,220.0,327.0,26.8,31.95,66.0,1014.5,1.5,0.0,,86.081,84.929,0,1,0
2023,22,ABU DHABI GRAND PRIX,RUS,Mercedes,Q1,84.337,4.0,17.305,36.268,30.764,2.0,SOFT,True,290.0,322.0,220.0,324.0,26.8,31.95,66.0,1014.5,1.5,0.0,86.072,85.122,84.418,0,1,0
2023,22,ABU DHABI GRAND PRIX,NOR,McLaren,Q1,84.368,5.0,17.183,36.546,30.639,2.0,SOFT,True,290.0,320.0,217.0,321.0,26.8,31.95,66.0,1014.5,1.5,0.0,,84.852,84.513,0,1,0
2023,22,ABU DHABI GRAND PRIX,STR,Aston Martin,Q1,84.405,13.0,17.182,36.277,30.946,2.0,SOFT,True,288.0,320.0,219.0,324.0,26.8,31.95,66.0,1014.5,1.5,0.0,86.631,85.492,85.405,0,1,0
2023,22,ABU DHABI GRAND PRIX,HUL,Haas F1 Team,Q1,84.425,8.0,17.354,36.433,30.638,2.0,SOFT,True,285.0,321.0,220.0,327.0,26.8,31.95,66.0,1014.5,1.5,0.0,,87.147,85.584,0,1,0
2023,22,ABU DHABI GRAND PRIX,HAM,Mercedes,Q1,84.437,11.0,17.331,36.592,30.514,2.0,SOFT,True,289.0,320.0,221.0,326.0,26.8,31.95,66.0,1014.5,1.5,0.0,,85.315,85.292,0,1,0
2023,22,ABU DHABI GRAND PRIX,LEC,Ferrari,Q1,84.459,2.0,17.324,36.208,30.927,2.0,SOFT,True,289.0,324.0,222.0,327.0,26.8,31.95,66.0,1014.5,1.5,0.0,,84.809,85.099,0,1,0
2023,22,ABU DHABI GRAND PRIX,RIC,Racing Bulls,Q1,84.461,15.0,17.318,36.453,30.69,2.0,SOFT,True,288.0,321.0,219.0,324.0,26.8,31.95,66.0,1014.5,1.5,0.0,86.433,85.467,85.597,0,1,0
2023,22,ABU DHABI GRAND PRIX,PIA,McLaren,Q1,84.487,3.0,17.187,36.48,30.82,2.0,SOFT,True,292.0,321.0,218.0,326.0,26.8,31.95,66.0,1014.5,1.5,0.0,86.665,85.361,84.81,0,1,0
2023,22,ABU DHABI GRAND PRIX,ALO,Aston Martin,Q1,84.501,7.0,17.257,36.505,30.739,2.0,SOFT,True,289.0,320.0,219.0,323.0,26.8,31.95,66.0,1014.5,1.5,0.0,,85.397,85.343,0,1,0
2023,22,ABU DHABI GRAND PRIX,SAR,Williams,Q1,84.532,20.0,17.177,36.185,31.17,2.0,SOFT,True,293.0,324.0,220.0,328.0,26.8,31.95,66.0,1014.5,1.5,0.0,86.742,86.659,85.205,0,1,0
2023,22,ABU DHABI GRAND PRIX,OCO,Alpine,Q1,84.565,12.0,17.235,36.26,31.07,2.0,SOFT,True,292.0,322.0,220.0,328.0,26.8,31.95,66.0,1014.5,1.5,0.0,,85.566,85.194,0,1,0
2023,22,ABU DHABI GRAND PRIX,GAS,Alpine,Q1,84.6,10.0,17.298,36.43,30.872,2.0,SOFT,True,291.0,324.0,222.0,327.0,26.8,31.95,66.0,1014.5,1.5,0.0,86.72,85.321,85.303,0,1,0
2023,22,ABU DHABI GRAND PRIX,SAI,Ferrari,Q1,84.738,16.0,17.355,36.581,30.802,2.0,SOFT,True,289.0,321.0,219.0,328.0,26.8,31.95,66.0,1014.5,1.5,0.0,86.676,86.707,85.713,0,1,0
2023,22,ABU DHABI GRAND PRIX,MAG,Haas F1 Team,Q1,84.764,17.0,17.347,36.424,30.993,2.0,SOFT,True,289.0,322.0,219.0,328.0,26.8,31.95,66.0,1014.5,1.5,0.0,87.462,86.413,85.652,0,1,0
2023,22,ABU DHABI GRAND PRIX,BOT,Kick Sauber,Q1,84.788,18.0,17.401,36.54,30.847,2.0,SOFT,True,288.0,323.0,219.0,327.0,26.8,31.95,66.0,1014.5,1.5,0.0,86.453,85.024,85.42,0,1,0
2023,22,ABU DHABI GRAND PRIX,ZHO,Kick Sauber,Q1,85.114,19.0,17.518,36.594,31.002,2.0,SOFT,True,286.0,322.0,218.0,325.0,26.8,31.95,66.0,1014.5,1.5,0.0,,85.223,85.258,0,1,0
2023,22,ABU DHABI GRAND PRIX,VER,Red Bull Racing,Q2,83.74,1.0,17.216,35.965,30.559,2.0,SOFT,True,290.0,327.0,221.0,330.0,26.8,31.95,66.0,1014.5,1.5,0.0,,84.982,85.153,0,2,0
2023,22,ABU DHABI GRAND PRIX,NOR,McLaren,Q2,83.92,5.0,17.128,36.314,30.478,4.0,SOFT,False,291.0,321.0,219.0,322.0,26.8,31.95,66.0,1014.5,1.5,0.0,,84.852,84.513,0,2,0
2023,22,ABU DHABI GRAND PRIX,LEC,Ferrari,Q2,83.969,2.0,17.188,36.14,30.641,2.0,SOFT,True,290.0,323.0,221.0,328.0,26.8,31.95,66.0,1014.5,1.5,0.0,,84.809,85.099,0,2,0
2023,22,ABU DHABI GRAND PRIX,RUS,Mercedes,Q2,84.013,4.0,17.144,36.206,30.663,2.0,SOFT,True,291.0,321.0,221.0,325.0,26.8,31.95,66.0,1014.5,1.5,0.0,86.072,85.122,84.418,0,2,0
2023,22,ABU DHABI GRAND PRIX,GAS,Alpine,Q2,84.078,10.0,17.202,36.091,30.785,2.0,SOFT,True,291.0,322.0,216.0,326.0,26.8,31.95,66.0,1014.5,1.5,0.0,86.72,85.321,85.303,0,2,0
2023,22,ABU DHABI GRAND PRIX,PER,Red Bull Racing,Q2,84.116,9.0,17.258,36.21,30.648,5.0,SOFT,False,289.0,324.0,220.0,329.0,26.8,31.95,66.0,1014.5,1.5,0.0,,85.112,85.259,0,2,0
2023,22,ABU DHABI GRAND PRIX,ALO,Aston Martin,Q2,84.131,7.0,17.213,36.31,30.608,2.0,SOFT,True,290.0,319.0,220.0,322.0,26.8,31.95,66.0,1014.5,1.5,0.0,,85.397,85.343,0,2,0
2023,22,ABU DHABI GRAND PRIX,TSU,Racing Bulls,Q2,84.207,6.0,17.222,36.341,30.644,2.0,SOFT,True,289.0,319.0,223.0,323.0,26.8,31.95,66.0,1014.5,1.5,0.0,86.725,85.669,85.222,0,2,0
2023,22,ABU DHABI GRAND PRIX,HUL,Haas F1 Team,Q2,84.213,8.0,17.309,36.26,30.644,2.0,SOFT,True,286.0,320.0,220.0,325.0,26.8,31.95,66.0,1014.5,1.5,0.0,,87.147,85.584,0,2,0
2023,22,ABU DHABI GRAND PRIX,PIA,McLaren,Q2,84.278,3.0,17.247,36.382,30.649,5.0,SOFT,False,290.0,322.0,219.0,323.0,26.8,31.95,66.0,1014.5,1.5,0.0,86.665,85.361,84.81,0,2,0
2023,22,ABU DHABI GRAND PRIX,HAM,Mercedes,Q2,84.359,11.0,17.278,36.258,30.823,2.0,SOFT,True,290.0,320.0,220.0,324.0,26.8,31.95,66.0,1014.5,1.5,0.0,,85.315,85.292,0,2,0
2023,22,ABU DHABI GRAND PRIX,OCO,Alpine,Q2,84.391,12.0,17.197,36.271,30.923,2.0,SOFT,True,292.0,322.0,216.0,327.0,26.8,31.95,66.0,1014.5,1.5,0.0,,85.566,85.194,0,2,0
2023,22,ABU DHABI GRAND PRIX,STR,Aston Martin,Q2,84.422,13.0,17.235,36.378,30.809,2.0,SOFT,True,288.0,318.0,220.0,323.0,26.8,31.95,66.0,1014.5,1.5,0.0,86.631,85.492,85.405,0,2,0
2023,22,ABU DHABI GRAND PRIX,ALB,Williams,Q2,84.439,14.0,17.18,36.33,30.929,2.0,SOFT,True,294.0,321.0,221.0,325.0,26.8,31.95,66.0,1014.5,1.5,0.0,,86.081,84.929,0,2,0
2023,22,ABU DHABI GRAND PRIX,RIC,Racing Bulls,Q2,84.442,15.0,17.305,36.399,30.738,2.0,SOFT,True,289.0,321.0,221.0,324.0,26.8,31.95,66.0,1014.5,1.5,0.0,86.433,85.467,85.597,0,2,0
2023,22,ABU DHABI GRAND PRIX,VER,Red Bull Racing,Q3,83.445,1.0,17.151,35.894,30.4,2.0,SOFT,True,291.0,324.0,222.0,328.0,26.8,31.95,66.0,1014.5,1.5,0.0,,84.982,85.153,0,3,0
2023,22,ABU DHABI GRAND PRIX,LEC,Ferrari,Q3,83.584,2.0,17.213,35.986,30.385,2.0,SOFT,True,290.0,322.0,220.0,326.0,26.8,31.95,66.0,1014.5,1.5,0.0,,84.809,85.099,0,3,0
2023,22,ABU DHABI GRAND PRIX,PIA,McLaren,Q3,83.782,3.0,17.101,36.093,30.588,2.0,SOFT,True,292.0,321.0,217.0,324.0,26.8,31.95,66.0,1014.5,1.5,0.0,86.665,85.361,84.81,0,3,0
2023,22,ABU DHABI GRAND PRIX,RUS,Mercedes,Q3,83.788,4.0,17.097,36.326,30.365,2.0,SOFT,True,291.0,319.0,222.0,323.0,26.8,31.95,66.0,1014.5,1.5,0.0,86.072,85.122,84.418,0,3,0
2023,22,ABU DHABI GRAND PRIX,NOR,McLaren,Q3,83.816,5.0,17.148,36.256,30.412,4.0,SOFT,False,292.0,318.0,218.0,323.0,26.8,31.95,66.0,1014.5,1.5,0.0,,84.852,84.513,0,3,0
2023,22,ABU DHABI GRAND PRIX,PER,Red Bull Racing,Q3,83.868,9.0,17.144,36.206,30.518,2.0,SOFT,True,290.0,324.0,220.0,329.0,26.8,31.95,66.0,1014.5,1.5,0.0,,85.112,85.259,0,3,0
2023,22,ABU DHABI GRAND PRIX,TSU,Racing Bulls,Q3,83.968,6.0,17.268,36.131,30.569,2.0,SOFT,True,289.0,318.0,222.0,322.0,26.8,31.95,66.0,1014.5,1.5,0.0,86.725,85.669,85.222,0,3,0
2023,22,ABU DHABI GRAND PRIX,ALO,Aston Martin,Q3,84.084,7.0,17.157,36.381,30.546,2.0,SOFT,True,291.0,319.0,220.0,323.0,26.8,31.95,66.0,1014.5,1.5,0.0,,85.397,85.343,0,3,0
2023,22,ABU DHABI GRAND PRIX,HUL,Haas F1 Team,Q3,84.108,8.0,17.243,36.351,30.514,2.0,SOFT,True,287.0,320.0,219.0,325.0,26.8,31.95,66.0,1014.5,1.5,0.0,,87.147,85.584,0,3,0
2023,22,ABU DHABI GRAND PRIX,GAS,Alpine,Q3,84.533,10.0,17.247,36.455,30.831,2.0,SOFT,True,293.0,320.0,220.0,326.0,26.8,31.95,66.0,1014.5,1.5,0.0,86.72,85.321,85.303,0,3,0
2024,1,BAHRAIN GRAND PRIX,SAI,Ferrari,Q1,89.909,4.0,29.008,38.409,22.492,2.0,SOFT,True,242.0,273.0,284.0,314.0,18.1,21.5,47.0,1019.1,2.0,0.0,93.385,90.769,90.824,0,1,0
2024,1,BAHRAIN GRAND PRIX,STR,Aston Martin,Q1,89.965,12.0,28.651,38.609,22.705,2.0,SOFT,True,243.0,268.0,284.0,318.0,18.1,21.5,47.0,1019.1,2.0,0.0,93.868,90.891,91.396,0,1,0
2024,1,BAHRAIN GRAND PRIX,VER,Red Bull Racing,Q1,90.031,1.0,28.787,38.58,22.664,2.0,SOFT,True,242.0,270.0,288.0,316.0,18.1,21.5,47.0,1019.1,2.0,0.0,93.238,90.851,91.062,0,1,0
2024,1,BAHRAIN GRAND PRIX,NOR,McLaren,Q1,90.143,7.0,28.983,38.576,22.584,2.0,SOFT,True,243.0,273.0,287.0,309.0,18.1,21.5,47.0,1019.1,2.0,0.0,92.901,92.608,91.118,0,1,0
2024,1,BAHRAIN GRAND PRIX,ALO,Aston Martin,Q1,90.179,6.0,28.889,38.697,22.593,2.0,SOFT,True,243.0,267.0,287.0,313.0,18.1,21.5,47.0,1019.1,2.0,0.0,93.193,90.66,90.965,0,1,0
2024,1,BAHRAIN GRAND PRIX,PER,Red Bull Racing,Q1,90.221,5.0,28.939,38.598,22.684,2.0,SOFT,True,241.0,271.0,280.0,317.0,18.1,21.5,47.0,1019.1,2.0,0.0,93.413,91.115,91.248,0,1,0
2024,1,BAHRAIN GRAND PRIX,LEC,Ferrari,Q1,90.243,2.0,29.067,38.589,22.587,2.0,SOFT,True,243.0,272.0,286.0,316.0,18.1,21.5,47.0,1019.1,2.0,0.0,93.268,91.113,91.094,0,1,0
2024,1,BAHRAIN GRAND PRIX,RUS,Mercedes,Q1,90.35,3.0,29.102,38.727,22.521,2.0,SOFT,True,242.0,269.0,286.0,311.0,18.1,21.5,47.0,1019.1,2.0,0.0,93.251,90.58,91.19,0,1,0
2024,1,BAHRAIN GRAND PRIX,ALB,Williams,Q1,90.397,13.0,28.858,38.875,22.664,2.0,SOFT,True,241.0,271.0,288.0,321.0,18.1,21.5,47.0,1019.1,2.0,0.0,93.583,91.333,91.965,0,1,0
2024,1,BAHRAIN GRAND PRIX,HAM,Mercedes,Q1,90.451,9.0,29.019,38.894,22.538,2.0,SOFT,True,242.0,269.0,285.0,312.0,18.1,21.5,47.0,1019.1,2.0,0.0,93.302,90.374,91.452,0,1,0
2024,1,BAHRAIN GRAND PRIX,TSU,Racing Bulls,Q1,90.481,11.0,28.941,38.875,22.665,2.0,SOFT,True,240.0,271.0,285.0,313.0,18.1,21.5,47.0,1019.1,2.0,0.0,93.183,91.881,91.631,0,1,0
2024,1,BAHRAIN GRAND PRIX,PIA,McLaren,Q1,90.531,8.0,29.243,38.791,22.497,2.0,SOFT,True,241.0,273.0,287.0,311.0,18.1,21.5,47.0,1019.1,2.0,0.0,93.113,90.784,91.21,0,1,0
2024,1,BAHRAIN GRAND PRIX,RIC,Racing Bulls,Q1,90.562,14.0,29.074,38.807,22.681,2.0,SOFT,True,241.0,271.0,286.0,314.0,18.1,21.5,47.0,1019.1,2.0,0.0,92.869,91.516,91.449,0,1,0
2024,1,BAHRAIN GRAND PRIX,HUL,Haas F1 Team,Q1,90.566,10.0,28.838,39.143,22.585,2.0,SOFT,True,242.0,273.0,288.0,319.0,18.1,21.5,47.0,1019.1,2.0,0.0,97.938,90.884,91.278,0,1,0
2024,1,BAHRAIN GRAND PRIX,MAG,Haas F1 Team,Q1,90.646,15.0,29.037,38.952,22.657,2.0,SOFT,True,242.0,274.0,286.0,319.0,18.1,21.5,47.0,1019.1,2.0,0.0,97.477,91.764,91.671,0,1,0
2024,1,BAHRAIN GRAND PRIX,BOT,Kick Sauber,Q1,90.756,16.0,29.063,39.025,22.668,2.0,SOFT,True,243.0,273.0,287.0,318.0,18.1,21.5,47.0,1019.1,2.0,0.0,93.354,92.001,92.096,0,1,0
2024,1,BAHRAIN GRAND PRIX,ZHO,Kick Sauber,Q1,90.757,17.0,29.154,38.944,22.659,2.0,SOFT,True,242.0,272.0,287.0,312.0,18.1,21.5,47.0,1019.1,2.0,0.0,93.923,92.048,92.0,0,1,0
2024,1,BAHRAIN GRAND PRIX,SAR,Williams,Q1,90.77,18.0,28.991,39.119,22.66,2.0,SOFT,True,241.0,270.0,287.0,318.0,18.1,21.5,47.0,1019.1,2.0,0.0,94.213,91.715,92.125,0,1,0
2024,1,BAHRAIN GRAND PRIX,OCO,Alpine,Q1,90.793,19.0,29.142,38.934,22.717,2.0,SOFT,True,241.0,270.0,283.0,315.0,18.1,21.5,47.0,1019.1,2.0,0.0,94.807,92.027,92.124,0,1,0
2024,1,BAHRAIN GRAND PRIX,GAS,Alpine,Q1,90.948,20.0,29.148,38.971,22.829,2.0,SOFT,True,240.0,270.0,285.0,316.0,18.1,21.5,47.0,1019.1,2.0,0.0,95.144,91.951,92.382,0,1,0
2024,1,BAHRAIN GRAND PRIX,LEC,Ferrari,Q2,89.165,2.0,28.843,38.059,22.263,2.0,SOFT,True,243.0,274.0,288.0,317.0,18.1,21.5,47.0,1019.1,2.0,0.0,93.268,91.113,91.094,0,2,0
2024,1,BAHRAIN GRAND PRIX,VER,Red Bull Racing,Q2,89.374,1.0,28.509,38.387,22.478,2.0,SOFT,True,242.0,271.0,287.0,327.0,18.1,21.5,47.0,1019.1,2.0,0.0,93.238,90.851,91.062,0,2,0
2024,1,BAHRAIN GRAND PRIX,SAI,Ferrari,Q2,89.573,4.0,28.89,38.346,22.337,2.0,SOFT,True,242.0,273.0,288.0,316.0,18.1,21.5,47.0,1019.1,2.0,0.0,93.385,90.769,90.824,0,2,0
2024,1,BAHRAIN GRAND PRIX,HAM,Mercedes,Q2,89.718,9.0,28.803,38.546,22.369,2.0,SOFT,True,241.0,272.0,286.0,316.0,18.1,21.5,47.0,1019.1,2.0,0.0,93.302,90.374,91.452,0,2,0
2024,1,BAHRAIN GRAND PRIX,ALO,Aston Martin,Q2,89.801,6.0,28.909,38.518,22.374,2.0,SOFT,True,243.0,267.0,287.0,319.0,18.1,21.5,47.0,1019.1,2.0,0.0,93.193,90.66,90.965,0,2,0
2024,1,BAHRAIN GRAND PRIX,HUL,Haas F1 Team,Q2,89.851,10.0,28.834,38.636,22.381,2.0,SOFT,True,243.0,274.0,288.0,317.0,18.1,21.5,47.0,1019.1,2.0,0.0,97.938,90.884,91.278,0,2,0
2024,1,BAHRAIN GRAND PRIX,RUS,Mercedes,Q2,89.922,3.0,28.954,38.61,22.358,2.0,SOFT,True,242.0,270.0,286.0,316.0,18.1,21.5,47.0,1019.1,2.0,0.0,93.251,90.58,91.19,0,2,0
2024,1,BAHRAIN GRAND PRIX,PER,Red Bull Racing,Q2,89.932,5.0,28.738,38.653,22.541,2.0,SOFT,True,241.0,271.0,287.0,321.0,18.1,21.5,47.0,1019.1,2.0,0.0,93.413,91.115,91.248,0,2,0
2024,1,BAHRAIN GRAND PRIX,NOR,McLaren,Q2,89.941,7.0,28.836,38.585,22.52,3.0,SOFT,False,242.0,273.0,287.0,313.0,18.1,21.5,47.0,1019.1,2.0,0.0,92.901,92.608,91.118,0,2,0
2024,1,BAHRAIN GRAND PRIX,PIA,McLaren,Q2,90.122,8.0,28.955,38.692,22.475,2.0,SOFT,True,242.0,273.0,287.0,314.0,18.1,21.5,47.0,1019.1,2.0,0.0,93.113,90.784,91.21,0,2,0
2024,1,BAHRAIN GRAND PRIX,TSU,Racing Bulls,Q2,90.129,11.0,28.821,38.727,22.581,2.0,SOFT,True,241.0,271.0,286.0,316.0,18.1,21.5,47.0,1019.1,2.0,0.0,93.183,91.881,91.631,0,2,0
2024,1,BAHRAIN GRAND PRIX,STR,Aston Martin,Q2,90.2,12.0,28.65,38.856,22.694,2.0,SOFT,True,243.0,267.0,284.0,317.0,18.1,21.5,47.0,1019.1,2.0,0.0,93.868,90.891,91.396,0,2,0
2024,1,BAHRAIN GRAND PRIX,ALB,Williams,Q2,90.221,13.0,28.866,38.802,22.553,2.0,SOFT,True,241.0,271.0,288.0,321.0,18.1,21.5,47.0,1019.1,2.0,0.0,93.583,91.333,91.965,0,2,0
2024,1,BAHRAIN GRAND PRIX,RIC,Racing Bulls,Q2,90.278,14.0,28.884,38.802,22.592,2.0,SOFT,True,241.0,271.0,287.0,316.0,18.1,21.5,47.0,1019.1,2.0,0.0,92.869,91.516,91.449,0,2,0
2024,1,BAHRAIN GRAND PRIX,MAG,Haas F1 Team,Q2,90.529,15.0,28.884,38.976,22.669,2.0,SOFT,True,243.0,274.0,286.0,319.0,18.1,21.5,47.0,1019.1,2.0,0.0,97.477,91.764,91.671,0,2,0
2024,1,BAHRAIN GRAND PRIX,VER,Red Bull Racing,Q3,89.179,1.0,28.535,38.269,22.375,2.0,SOFT,True,242.0,271.0,288.0,320.0,18.1,21.5,47.0,1019.1,2.0,0.0,93.238,90.851,91.062,0,3,0
2024,1,BAHRAIN GRAND PRIX,LEC,Ferrari,Q3,89.407,2.0,28.762,38.276,22.369,2.0,SOFT,True,242.0,273.0,287.0,316.0,18.1,21.5,47.0,1019.1,2.0,0.0,93.268,91.113,91.094,0,3,0
2024,1,BAHRAIN GRAND PRIX,RUS,Mercedes,Q3,89.485,3.0,28.8,38.421,22.264,2.0,SOFT,True,243.0,271.0,286.0,311.0,18.1,21.5,47.0,1019.1,2.0,0.0,93.251,90.58,91.19,0,3,0
2024,1,BAHRAIN GRAND PRIX,SAI,Ferrari,Q3,89.507,4.0,28.85,38.298,22.359,2.0,SOFT,True,242.0,273.0,284.0,320.0,18.1,21.5,47.0,1019.1,2.0,0.0,93.385,90.769,90.824,0,3,0
2024,1,BAHRAIN GRAND PRIX,PER,Red Bull Racing,Q3,89.537,5.0,28.804,38.323,22.41,2.0,SOFT,True,241.0,271.0,288.0,320.0,18.1,21.5,47.0,1019.1,2.0,0.0,93.413,91.115,91.248,0,3,0
2024,1,BAHRAIN GRAND PRIX,ALO,Aston Martin,Q3,89.542,6.0,28.83,38.236,22.476,2.0,SOFT,True,243.0,268.0,284.0,314.0,18.1,21.5,47.0,1019.1,2.0,0.0,93.193,90.66,90.965,0,3,0
2024,1,BAHRAIN GRAND PRIX,NOR,McLaren,Q3,89.614,7.0,29.045,38.207,22.362,2.0,SOFT,True,242.0,273.0,286.0,312.0,18.1,21.5,47.0,1019.1,2.0,0.0,92.901,92.608,91.118,0,3,0
2024,1,BAHRAIN GRAND PRIX,PIA,McLaren,Q3,89.683,8.0,28.901,38.343,22.439,2.0,SOFT,True,243.0,274.0,286.0,312.0,18.1,21.5,47.0,1019.1,2.0,0.0,93.113,90.784,91.21,0,3,0
2024,1,BAHRAIN GRAND PRIX,HAM,Mercedes,Q3,89.71,9.0,28.881,38.422,22.407,2.0,SOFT,True,242.0,270.0,287.0,315.0,18.1,21.5,47.0,1019.1,2.0,0.0,93.302,90.374,91.452,0,3,0
2024,1,BAHRAIN GRAND PRIX,HUL,Haas F1 Team,Q3,90.502,10.0,29.028,38.891,22.583,5.0,SOFT,False,243.0,273.0,287.0,317.0,18.1,21.5,47.0,1019.1,2.0,0.0,97.938,90.884,91.278,0,3,0
2024,2,SAUDI ARABIAN GRAND PRIX,VER,Red Bull Racing,Q1,88.171,1.0,31.953,27.991,28.227,5.0,SOFT,False,294.0,327.0,307.0,333.0,25.1,30.8,56.0,1014.8,1.5,0.0,89.659,89.158,88.412,0,1,0
2024,2,SAUDI ARABIAN GRAND PRIX,STR,Aston Martin,Q1,88.25,10.0,32.047,27.922,28.281,2.0,SOFT,True,293.0,322.0,306.0,328.0,25.1,30.8,56.0,1014.8,1.5,0.0,90.58,89.336,89.127,0,1,0
2024,2,SAUDI ARABIAN GRAND PRIX,LEC,Ferrari,Q1,88.318,2.0,32.1,28.048,28.17,7.0,SOFT,True,290.0,327.0,306.0,330.0,25.1,30.8,56.0,1014.8,1.5,0.0,90.03,89.18,88.608,0,1,0
2024,2,SAUDI ARABIAN GRAND PRIX,PER,Red Bull Racing,Q1,88.638,3.0,32.081,28.316,28.241,5.0,SOFT,False,293.0,324.0,308.0,329.0,25.1,30.8,56.0,1014.8,1.5,0.0,89.868,89.3,88.906,0,1,0
2024,2,SAUDI ARABIAN GRAND PRIX,ALO,Aston Martin,Q1,88.706,4.0,32.092,27.984,28.63,5.0,SOFT,True,292.0,325.0,304.0,329.0,25.1,30.8,56.0,1014.8,1.5,0.0,89.845,88.827,89.038,0,1,0
2024,2,SAUDI ARABIAN GRAND PRIX,RUS,Mercedes,Q1,88.749,7.0,32.386,28.021,28.342,2.0,SOFT,True,292.0,324.0,304.0,329.0,25.1,30.8,56.0,1014.8,1.5,0.0,89.939,89.057,88.964,0,1,0
2024,2,SAUDI ARABIAN GRAND PRIX,PIA,McLaren,Q1,88.755,5.0,32.137,28.1,28.518,4.0,SOFT,True,292.0,324.0,301.0,325.0,25.1,30.8,56.0,1014.8,1.5,0.0,90.977,89.594,89.213,0,1,0
2024,2,SAUDI ARABIAN GRAND PRIX,NOR,McLaren,Q1,88.805,6.0,32.202,28.151,28.452,4.0,SOFT,True,290.0,322.0,303.0,325.0,25.1,30.8,56.0,1014.8,1.5,0.0,90.231,89.758,88.971,0,1,0
2024,2,SAUDI ARABIAN GRAND PRIX,BEA,Ferrari,Q1,88.984,11.0,32.439,28.268,28.277,4.0,SOFT,True,290.0,325.0,303.0,330.0,25.1,30.8,56.0,1014.8,1.5,0.0,,,89.306,0,1,0
2024,2,SAUDI ARABIAN GRAND PRIX,TSU,Racing Bulls,Q1,88.988,9.0,32.414,28.173,28.401,2.0,SOFT,True,293.0,327.0,308.0,331.0,25.1,30.8,56.0,1014.8,1.5,0.0,91.036,89.666,89.572,0,1,0
2024,2,SAUDI ARABIAN GRAND PRIX,HAM,Mercedes,Q1,88.994,8.0,32.521,28.088,28.385,2.0,SOFT,True,291.0,327.0,305.0,332.0,25.1,30.8,56.0,1014.8,1.5,0.0,90.236,89.504,89.268,0,1,0
2024,2,SAUDI ARABIAN GRAND PRIX,HUL,Haas F1 Team,Q1,89.055,15.0,32.53,28.098,28.427,2.0,SOFT,True,291.0,330.0,307.0,332.0,25.1,30.8,56.0,1014.8,1.5,0.0,91.411,90.077,89.675,0,1,0
2024,2,SAUDI ARABIAN GRAND PRIX,RIC,Racing Bulls,Q1,89.065,14.0,32.463,28.135,28.467,2.0,SOFT,True,292.0,328.0,307.0,332.0,25.1,30.8,56.0,1014.8,1.5,0.0,90.917,90.088,89.74,0,1,0
2024,2,SAUDI ARABIAN GRAND PRIX,MAG,Haas F1 Team,Q1,89.069,13.0,32.494,28.206,28.369,4.0,SOFT,True,292.0,331.0,310.0,334.0,25.1,30.8,56.0,1014.8,1.5,0.0,91.577,89.985,89.485,0,1,0
2024,2,SAUDI ARABIAN GRAND PRIX,ALB,Williams,Q1,89.107,12.0,32.284,28.293,28.53,4.0,SOFT,True,292.0,323.0,305.0,328.0,25.1,30.8,56.0,1014.8,1.5,0.0,90.747,89.789,89.808,0,1,0
2024,2,SAUDI ARABIAN GRAND PRIX,BOT,Kick Sauber,Q1,89.179,16.0,32.479,28.341,28.359,2.0,SOFT,True,291.0,326.0,306.0,328.0,25.1,30.8,56.0,1014.8,1.5,0.0,90.783,90.153,90.083,0,1,0
2024,2,SAUDI ARABIAN GRAND PRIX,OCO,Alpine,Q1,89.475,17.0,32.655,28.25,28.57,3.0,SOFT,True,292.0,322.0,306.0,330.0,25.1,30.8,56.0,1014.8,1.5,0.0,90.945,89.901,89.575,0,1,0
2024,2,SAUDI ARABIAN GRAND PRIX,GAS,Alpine,Q1,89.479,18.0,32.518,28.369,28.592,5.0,SOFT,True,289.0,322.0,302.0,327.0,25.1,30.8,56.0,1014.8,1.5,0.0,91.046,89.528,89.546,0,1,0
2024,2,SAUDI ARABIAN GRAND PRIX,SAR,Williams,Q1,89.526,19.0,32.691,28.383,28.452,2.0,SOFT,True,287.0,325.0,307.0,330.0,25.1,30.8,56.0,1014.8,1.5,0.0,90.966,89.934,147.994,0,1,0
2024,2,SAUDI ARABIAN GRAND PRIX,ZHO,Kick Sauber,Q1,121.101,20.0,38.928,36.485,45.688,2.0,SOFT,True,261.0,255.0,,224.0,25.1,30.8,56.0,1014.8,1.5,0.0,91.131,89.777,90.739,0,1,0
2024,2,SAUDI ARABIAN GRAND PRIX,VER,Red Bull Racing,Q2,88.033,1.0,31.892,28.035,28.106,5.0,SOFT,False,295.0,327.0,309.0,331.0,25.1,30.8,56.0,1014.8,1.5,0.0,89.659,89.158,88.412,0,2,0
2024,2,SAUDI ARABIAN GRAND PRIX,LEC,Ferrari,Q2,88.112,2.0,32.109,27.868,28.135,2.0,SOFT,True,290.0,325.0,302.0,330.0,25.1,30.8,56.0,1014.8,1.5,0.0,90.03,89.18,88.608,0,2,0
2024,2,SAUDI ARABIAN GRAND PRIX,ALO,Aston Martin,Q2,88.122,4.0,31.964,27.859,28.299,2.0,SOFT,True,291.0,327.0,306.0,331.0,25.1,30.8,56.0,1014.8,1.5,0.0,89.845,88.827,89.038,0,2,0
2024,2,SAUDI ARABIAN GRAND PRIX,PIA,McLaren,Q2,88.343,5.0,32.061,28.007,28.275,4.0,SOFT,True,290.0,321.0,305.0,325.0,25.1,30.8,56.0,1014.8,1.5,0.0,90.977,89.594,89.213,0,2,0
2024,2,SAUDI ARABIAN GRAND PRIX,RUS,Mercedes,Q2,88.448,7.0,32.47,27.823,28.155,2.0,SOFT,True,293.0,325.0,306.0,331.0,25.1,30.8,56.0,1014.8,1.5,0.0,89.939,89.057,88.964,0,2,0
2024,2,SAUDI ARABIAN GRAND PRIX,PER,Red Bull Racing,Q2,88.467,3.0,32.209,28.084,28.174,6.0,SOFT,False,292.0,325.0,307.0,331.0,25.1,30.8,56.0,1014.8,1.5,0.0,89.868,89.3,88.906,0,2,0
2024,2,SAUDI ARABIAN GRAND PRIX,NOR,McLaren,Q2,88.479,6.0,32.068,28.039,28.372,2.0,SOFT,True,290.0,318.0,302.0,322.0,25.1,30.8,56.0,1014.8,1.5,0.0,90.231,89.758,88.971,0,2,0
2024,2,SAUDI ARABIAN GRAND PRIX,TSU,Racing Bulls,Q2,88.564,9.0,32.268,28.057,28.239,2.0,SOFT,True,293.0,327.0,307.0,332.0,25.1,30.8,56.0,1014.8,1.5,0.0,91.036,89.666,89.572,0,2,0
2024,2,SAUDI ARABIAN GRAND PRIX,STR,Aston Martin,Q2,88.578,10.0,32.083,27.934,28.561,2.0,SOFT,True,290.0,324.0,303.0,328.0,25.1,30.8,56.0,1014.8,1.5,0.0,90.58,89.336,89.127,0,2,0
2024,2,SAUDI ARABIAN GRAND PRIX,HAM,Mercedes,Q2,88.606,8.0,32.499,27.927,28.18,2.0,SOFT,True,293.0,327.0,308.0,332.0,25.1,30.8,56.0,1014.8,1.5,0.0,90.236,89.504,89.268,0,2,0
2024,2,SAUDI ARABIAN GRAND PRIX,BEA,Ferrari,Q2,88.642,11.0,32.255,28.115,28.272,4.0,SOFT,True,291.0,327.0,303.0,331.0,25.1,30.8,56.0,1014.8,1.5,0.0,,,89.306,0,2,0
2024,2,SAUDI ARABIAN GRAND PRIX,ALB,Williams,Q2,88.98,12.0,32.484,28.125,28.371,2.0,SOFT,True,290.0,328.0,306.0,330.0,25.1,30.8,56.0,1014.8,1.5,0.0,90.747,89.789,89.808,0,2,0
2024,2,SAUDI ARABIAN GRAND PRIX,MAG,Haas F1 Team,Q2,89.02,13.0,32.514,28.161,28.345,5.0,SOFT,False,291.0,329.0,306.0,332.0,25.1,30.8,56.0,1014.8,1.5,0.0,91.577,89.985,89.485,0,2,0
2024,2,SAUDI ARABIAN GRAND PRIX,RIC,Racing Bulls,Q2,89.025,14.0,32.595,28.192,28.238,2.0,SOFT,True,291.0,327.0,306.0,331.0,25.1,30.8,56.0,1014.8,1.5,0.0,90.917,90.088,89.74,0,2,0
2024,2,SAUDI ARABIAN GRAND PRIX,VER,Red Bull Racing,Q3,87.472,1.0,31.763,27.8,27.909,2.0,SOFT,True,294.0,326.0,306.0,330.0,25.1,30.8,56.0,1014.8,1.5,0.0,89.659,89.158,88.412,0,3,0
2024,2,SAUDI ARABIAN GRAND PRIX,LEC,Ferrari,Q3,87.791,2.0,31.933,27.842,28.016,2.0,SOFT,True,291.0,326.0,302.0,329.0,25.1,30.8,56.0,1014.8,1.5,0.0,90.03,89.18,88.608,0,3,0
2024,2,SAUDI ARABIAN GRAND PRIX,PER,Red Bull Racing,Q3,87.807,3.0,31.944,27.866,27.997,2.0,SOFT,True,294.0,326.0,309.0,332.0,25.1,30.8,56.0,1014.8,1.5,0.0,89.868,89.3,88.906,0,3,0
2024,2,SAUDI ARABIAN GRAND PRIX,ALO,Aston Martin,Q3,87.846,4.0,31.84,27.823,28.183,2.0,SOFT,True,292.0,325.0,305.0,329.0,25.1,30.8,56.0,1014.8,1.5,0.0,89.845,88.827,89.038,0,3,0
2024,2,SAUDI ARABIAN GRAND PRIX,PIA,McLaren,Q3,88.089,5.0,31.994,27.888,28.207,2.0,SOFT,True,292.0,322.0,304.0,324.0,25.1,30.8,56.0,1014.8,1.5,0.0,90.977,89.594,89.213,0,3,0
2024,2,SAUDI ARABIAN GRAND PRIX,NOR,McLaren,Q3,88.132,6.0,31.88,28.022,28.23,2.0,SOFT,True,293.0,322.0,305.0,325.0,25.1,30.8,56.0,1014.8,1.5,0.0,90.231,89.758,88.971,0,3,0
2024,2,SAUDI ARABIAN GRAND PRIX,RUS,Mercedes,Q3,88.316,7.0,32.293,27.884,28.139,5.0,SOFT,False,295.0,327.0,307.0,331.0,25.1,30.8,56.0,1014.8,1.5,0.0,89.939,89.057,88.964,0,3,0
2024,2,SAUDI ARABIAN GRAND PRIX,HAM,Mercedes,Q3,88.46,8.0,32.419,27.879,28.162,2.0,SOFT,True,295.0,329.0,307.0,331.0,25.1,30.8,56.0,1014.8,1.5,0.0,90.236,89.504,89.268,0,3,0
2024,2,SAUDI ARABIAN GRAND PRIX,TSU,Racing Bulls,Q3,88.547,9.0,32.18,28.11,28.257,2.0,SOFT,True,293.0,325.0,306.0,330.0,25.1,30.8,56.0,1014.8,1.5,0.0,91.036,89.666,89.572,0,3,0
2024,2,SAUDI ARABIAN GRAND PRIX,STR,Aston Martin,Q3,88.572,10.0,31.943,28.012,28.617,2.0,SOFT,True,291.0,324.0,302.0,327.0,25.1,30.8,56.0,1014.8,1.5,0.0,90.58,89.336,89.127,0,3,0
2024,3,AUSTRALIAN GRAND PRIX,SAI,Ferrari,Q1,76.731,2.0,26.704,17.56,32.467,5.0,SOFT,True,286.0,318.0,306.0,322.0,18.8,34.6,54.0,1024.0,1.4,0.0,78.686,77.707,76.791,0,1,0
2024,3,AUSTRALIAN GRAND PRIX,PER,Red Bull Racing,Q1,76.805,3.0,26.679,17.481,32.645,8.0,SOFT,False,288.0,319.0,307.0,326.0,18.8,34.6,54.0,1024.0,1.4,0.0,78.642,78.09,77.014,0,1,0
2024,3,AUSTRALIAN GRAND PRIX,VER,Red Bull Racing,Q1,76.819,1.0,26.545,17.504,32.77,8.0,SOFT,False,287.0,319.0,306.0,326.0,18.8,34.6,54.0,1024.0,1.4,0.0,78.582,77.658,76.734,0,1,0
2024,3,AUSTRALIAN GRAND PRIX,LEC,Ferrari,Q1,76.984,5.0,26.888,17.526,32.57,5.0,SOFT,True,287.0,319.0,304.0,322.0,18.8,34.6,54.0,1024.0,1.4,0.0,78.599,77.277,76.714,0,1,0
2024,3,AUSTRALIAN GRAND PRIX,ALO,Aston Martin,Q1,76.991,10.0,26.638,17.519,32.834,5.0,SOFT,True,285.0,315.0,307.0,324.0,18.8,34.6,54.0,1024.0,1.4,0.0,79.716,77.912,76.997,0,1,0
2024,3,AUSTRALIAN GRAND PRIX,RUS,Mercedes,Q1,77.062,7.0,26.61,17.549,32.903,8.0,SOFT,False,286.0,315.0,305.0,320.0,18.8,34.6,54.0,1024.0,1.4,0.0,78.597,77.951,76.886,0,1,0
2024,3,AUSTRALIAN GRAND PRIX,ALB,Williams,Q1,77.13,12.0,26.643,17.564,32.923,2.0,SOFT,True,287.0,318.0,307.0,323.0,18.8,34.6,54.0,1024.0,1.4,0.0,79.443,,77.759,0,1,0
2024,3,AUSTRALIAN GRAND PRIX,TSU,Racing Bulls,Q1,77.356,8.0,26.676,17.676,33.004,2.0,SOFT,True,285.0,316.0,303.0,321.0,18.8,34.6,54.0,1024.0,1.4,0.0,78.621,78.188,77.673,0,1,0
2024,3,AUSTRALIAN GRAND PRIX,PIA,McLaren,Q1,77.369,6.0,26.831,17.563,32.975,4.0,SOFT,True,288.0,315.0,305.0,323.0,18.8,34.6,54.0,1024.0,1.4,0.0,78.918,78.077,77.087,0,1,0
2024,3,AUSTRALIAN GRAND PRIX,STR,Aston Martin,Q1,77.376,9.0,26.699,17.705,32.972,2.0,SOFT,True,281.0,313.0,305.0,322.0,18.8,34.6,54.0,1024.0,1.4,0.0,78.667,77.822,77.341,0,1,0
2024,3,AUSTRALIAN GRAND PRIX,NOR,McLaren,Q1,77.43,4.0,26.848,17.561,33.021,4.0,SOFT,True,288.0,315.0,304.0,322.0,18.8,34.6,54.0,1024.0,1.4,0.0,78.564,78.155,77.49,0,1,0
2024,3,AUSTRALIAN GRAND PRIX,RIC,Racing Bulls,Q1,77.466,18.0,26.734,17.659,33.073,2.0,SOFT,True,284.0,316.0,303.0,321.0,18.8,34.6,54.0,1024.0,1.4,0.0,79.274,78.534,77.963,0,1,0
2024,3,AUSTRALIAN GRAND PRIX,HAM,Mercedes,Q1,77.499,11.0,26.93,17.532,33.037,5.0,SOFT,True,286.0,313.0,304.0,318.0,18.8,34.6,54.0,1024.0,1.4,0.0,78.771,78.834,76.806,0,1,0
2024,3,AUSTRALIAN GRAND PRIX,BOT,Kick Sauber,Q1,77.543,13.0,26.711,17.743,33.089,2.0,SOFT,True,285.0,318.0,304.0,320.0,18.8,34.6,54.0,1024.0,1.4,0.0,80.014,78.585,77.752,0,1,0
2024,3,AUSTRALIAN GRAND PRIX,OCO,Alpine,Q1,77.617,15.0,26.857,17.613,33.147,6.0,SOFT,True,286.0,320.0,303.0,323.0,18.8,34.6,54.0,1024.0,1.4,0.0,79.561,78.705,77.92,0,1,0
2024,3,AUSTRALIAN GRAND PRIX,MAG,Haas F1 Team,Q1,77.709,14.0,26.823,17.531,33.355,2.0,SOFT,True,288.0,321.0,306.0,325.0,18.8,34.6,54.0,1024.0,1.4,0.0,79.489,79.275,77.961,0,1,0
2024,3,AUSTRALIAN GRAND PRIX,HUL,Haas F1 Team,Q1,77.976,16.0,26.782,17.617,33.577,2.0,SOFT,True,289.0,322.0,307.0,324.0,18.8,34.6,54.0,1024.0,1.4,0.0,79.604,78.702,77.941,0,1,0
2024,3,AUSTRALIAN GRAND PRIX,GAS,Alpine,Q1,77.982,17.0,26.917,17.632,33.433,3.0,SOFT,True,286.0,317.0,302.0,322.0,18.8,34.6,54.0,1024.0,1.4,0.0,79.622,78.691,78.39,0,1,0
2024,3,AUSTRALIAN GRAND PRIX,ZHO,Kick Sauber,Q1,78.188,19.0,26.991,17.944,33.253,5.0,SOFT,True,285.0,313.0,306.0,322.0,18.8,34.6,54.0,1024.0,1.4,0.0,79.989,78.421,77.876,0,1,0
2024,3,AUSTRALIAN GRAND PRIX,SAI,Ferrari,Q2,76.189,2.0,26.301,17.535,32.353,2.0,SOFT,True,287.0,316.0,306.0,322.0,18.8,34.6,54.0,1024.0,1.4,0.0,78.686,77.707,76.791,0,2,0
2024,3,AUSTRALIAN GRAND PRIX,LEC,Ferrari,Q2,76.304,5.0,26.387,17.423,32.494,5.0,SOFT,False,285.0,318.0,304.0,321.0,18.8,34.6,54.0,1024.0,1.4,0.0,78.599,77.277,76.714,0,2,0
2024,3,AUSTRALIAN GRAND PRIX,VER,Red Bull Racing,Q2,76.387,1.0,26.477,17.428,32.482,2.0,SOFT,True,289.0,321.0,308.0,327.0,18.8,34.6,54.0,1024.0,1.4,0.0,78.582,77.658,76.734,0,2,0
2024,3,AUSTRALIAN GRAND PRIX,PIA,McLaren,Q2,76.601,6.0,26.42,17.488,32.693,2.0,SOFT,True,288.0,315.0,305.0,325.0,18.8,34.6,54.0,1024.0,1.4,0.0,78.918,78.077,77.087,0,2,0
2024,3,AUSTRALIAN GRAND PRIX,PER,Red Bull Racing,Q2,76.631,3.0,26.633,17.412,32.586,5.0,SOFT,False,288.0,320.0,307.0,325.0,18.8,34.6,54.0,1024.0,1.4,0.0,78.642,78.09,77.014,0,2,0
2024,3,AUSTRALIAN GRAND PRIX,ALO,Aston Martin,Q2,76.71,10.0,26.577,17.457,32.676,4.0,SOFT,True,284.0,317.0,306.0,322.0,18.8,34.6,54.0,1024.0,1.4,0.0,79.716,77.912,76.997,0,2,0
2024,3,AUSTRALIAN GRAND PRIX,NOR,McLaren,Q2,76.75,4.0,26.433,17.492,32.825,2.0,SOFT,True,287.0,312.0,305.0,322.0,18.8,34.6,54.0,1024.0,1.4,0.0,78.564,78.155,77.49,0,2,0
2024,3,AUSTRALIAN GRAND PRIX,STR,Aston Martin,Q2,76.78,9.0,26.446,17.446,32.888,4.0,SOFT,True,284.0,319.0,306.0,323.0,18.8,34.6,54.0,1024.0,1.4,0.0,78.667,77.822,77.341,0,2,0
2024,3,AUSTRALIAN GRAND PRIX,TSU,Racing Bulls,Q2,76.791,8.0,26.558,17.519,32.714,2.0,SOFT,True,285.0,317.0,305.0,322.0,18.8,34.6,54.0,1024.0,1.4,0.0,78.621,78.188,77.673,0,2,0
2024,3,AUSTRALIAN GRAND PRIX,RUS,Mercedes,Q2,76.901,7.0,26.644,17.568,32.689,3.0,SOFT,True,286.0,312.0,306.0,318.0,18.8,34.6,54.0,1024.0,1.4,0.0,78.597,77.951,76.886,0,2,0
2024,3,AUSTRALIAN GRAND PRIX,HAM,Mercedes,Q2,76.96,11.0,26.72,17.476,32.764,2.0,SOFT,True,287.0,315.0,307.0,319.0,18.8,34.6,54.0,1024.0,1.4,0.0,78.771,78.834,76.806,0,2,0
2024,3,AUSTRALIAN GRAND PRIX,ALB,Williams,Q2,77.167,12.0,26.685,17.546,32.936,2.0,SOFT,True,287.0,318.0,306.0,322.0,18.8,34.6,54.0,1024.0,1.4,0.0,79.443,,77.759,0,2,0
2024,3,AUSTRALIAN GRAND PRIX,BOT,Kick Sauber,Q2,77.34,13.0,26.77,17.604,32.966,2.0,SOFT,True,286.0,319.0,302.0,319.0,18.8,34.6,54.0,1024.0,1.4,0.0,80.014,78.585,77.752,0,2,0
2024,3,AUSTRALIAN GRAND PRIX,MAG,Haas F1 Team,Q2,77.427,14.0,26.768,17.575,33.084,2.0,SOFT,True,288.0,320.0,306.0,325.0,18.8,34.6,54.0,1024.0,1.4,0.0,79.489,79.275,77.961,0,2,0
2024,3,AUSTRALIAN GRAND PRIX,OCO,Alpine,Q2,77.697,15.0,26.899,17.581,33.217,6.0,SOFT,True,287.0,322.0,308.0,323.0,18.8,34.6,54.0,1024.0,1.4,0.0,79.561,78.705,77.92,0,2,0
2024,3,AUSTRALIAN GRAND PRIX,VER,Red Bull Racing,Q3,75.915,1.0,26.262,17.315,32.338,2.0,SOFT,True,288.0,320.0,305.0,326.0,18.8,34.6,54.0,1024.0,1.4,0.0,78.582,77.658,76.734,0,3,0
2024,3,AUSTRALIAN GRAND PRIX,SAI,Ferrari,Q3,76.185,2.0,26.222,17.434,32.529,2.0,SOFT,True,288.0,318.0,306.0,323.0,18.8,34.6,54.0,1024.0,1.4,0.0,78.686,77.707,76.791,0,3,0
2024,3,AUSTRALIAN GRAND PRIX,PER,Red Bull Racing,Q3,76.274,3.0,26.467,17.289,32.518,2.0,SOFT,True,290.0,322.0,304.0,327.0,18.8,34.6,54.0,1024.0,1.4,0.0,78.642,78.09,77.014,0,3,0
2024,3,AUSTRALIAN GRAND PRIX,NOR,McLaren,Q3,76.315,4.0,26.393,17.367,32.555,2.0,SOFT,True,287.0,315.0,304.0,320.0,18.8,34.6,54.0,1024.0,1.4,0.0,78.564,78.155,77.49,0,3,0
2024,3,AUSTRALIAN GRAND PRIX,LEC,Ferrari,Q3,76.435,5.0,26.438,17.541,32.456,2.0,SOFT,True,287.0,317.0,304.0,322.0,18.8,34.6,54.0,1024.0,1.4,0.0,78.599,77.277,76.714,0,3,0
2024,3,AUSTRALIAN GRAND PRIX,PIA,McLaren,Q3,76.572,6.0,26.494,17.443,32.635,2.0,SOFT,True,288.0,316.0,304.0,321.0,18.8,34.6,54.0,1024.0,1.4,0.0,78.918,78.077,77.087,0,3,0
2024,3,AUSTRALIAN GRAND PRIX,RUS,Mercedes,Q3,76.724,7.0,26.501,17.502,32.721,3.0,SOFT,True,286.0,314.0,306.0,320.0,18.8,34.6,54.0,1024.0,1.4,0.0,78.597,77.951,76.886,0,3,0
2024,3,AUSTRALIAN GRAND PRIX,TSU,Racing Bulls,Q3,76.788,8.0,26.513,17.507,32.768,2.0,SOFT,True,286.0,317.0,304.0,322.0,18.8,34.6,54.0,1024.0,1.4,0.0,78.621,78.188,77.673,0,3,0
2024,3,AUSTRALIAN GRAND PRIX,STR,Aston Martin,Q3,77.072,9.0,26.513,17.505,33.054,4.0,SOFT,True,285.0,317.0,304.0,324.0,18.8,34.6,54.0,1024.0,1.4,0.0,78.667,77.822,77.341,0,3,0
2024,3,AUSTRALIAN GRAND PRIX,ALO,Aston Martin,Q3,77.552,10.0,26.838,17.555,33.159,3.0,SOFT,True,285.0,320.0,306.0,323.0,18.8,34.6,54.0,1024.0,1.4,0.0,79.716,77.912,76.997,0,3,0
2024,4,JAPANESE GRAND PRIX,VER,Red Bull Racing,Q1,88.866,1.0,31.091,40.1,17.675,2.0,SOFT,True,286.0,299.0,266.0,297.0,17.5,26.7,58.0,1013.8,1.6,0.0,90.056,,89.563,0,1,0
2024,4,JAPANESE GRAND PRIX,ALO,Aston Martin,Q1,89.254,5.0,31.136,40.272,17.846,2.0,SOFT,True,285.0,300.0,265.0,296.0,17.5,26.7,58.0,1013.8,1.6,0.0,90.599,,90.082,0,1,0
2024,4,JAPANESE GRAND PRIX,PER,Red Bull Racing,Q1,89.303,2.0,31.255,40.218,17.83,2.0,SOFT,True,286.0,299.0,267.0,297.0,17.5,26.7,58.0,1013.8,1.6,0.0,90.237,,89.832,0,1,0
2024,4,JAPANESE GRAND PRIX,LEC,Ferrari,Q1,89.338,8.0,31.452,40.084,17.802,2.0,SOFT,True,284.0,297.0,263.0,295.0,17.5,26.7,58.0,1013.8,1.6,0.0,90.558,98.76,90.383,0,1,0
2024,4,JAPANESE GRAND PRIX,PIA,McLaren,Q1,89.425,6.0,31.253,40.367,17.805,2.0,SOFT,True,284.0,299.0,263.0,296.0,17.5,26.7,58.0,1013.8,1.6,0.0,91.165,94.725,90.226,0,1,0
2024,4,JAPANESE GRAND PRIX,SAI,Ferrari,Q1,89.513,4.0,31.369,40.292,17.852,2.0,SOFT,True,285.0,298.0,264.0,295.0,17.5,26.7,58.0,1013.8,1.6,0.0,90.269,112.579,90.171,0,1,0
2024,4,JAPANESE GRAND PRIX,NOR,McLaren,Q1,89.536,3.0,31.234,40.517,17.785,2.0,SOFT,True,283.0,298.0,262.0,295.0,17.5,26.7,58.0,1013.8,1.6,0.0,91.24,104.977,90.137,0,1,0
2024,4,JAPANESE GRAND PRIX,BOT,Kick Sauber,Q1,89.602,13.0,31.509,40.359,17.734,2.0,SOFT,True,282.0,295.0,262.0,293.0,17.5,26.7,58.0,1013.8,1.6,0.0,92.054,116.059,90.546,0,1,0
2024,4,JAPANESE GRAND PRIX,HAM,Mercedes,Q1,89.661,7.0,31.408,40.427,17.826,2.0,SOFT,True,284.0,300.0,264.0,297.0,17.5,26.7,58.0,1013.8,1.6,0.0,90.543,95.226,90.037,0,1,0
2024,4,JAPANESE GRAND PRIX,RIC,Racing Bulls,Q1,89.727,11.0,31.39,40.518,17.819,2.0,SOFT,True,284.0,298.0,263.0,297.0,17.5,26.7,58.0,1013.8,1.6,0.0,,101.913,90.682,0,1,0
2024,4,JAPANESE GRAND PRIX,TSU,Racing Bulls,Q1,89.775,10.0,31.358,40.621,17.796,2.0,SOFT,True,284.0,299.0,264.0,297.0,17.5,26.7,58.0,1013.8,1.6,0.0,91.23,100.946,90.341,0,1,0
2024,4,JAPANESE GRAND PRIX,RUS,Mercedes,Q1,89.799,9.0,31.679,40.338,17.782,2.0,SOFT,True,282.0,301.0,263.0,295.0,17.5,26.7,58.0,1013.8,1.6,0.0,90.53,,89.918,0,1,0
2024,4,JAPANESE GRAND PRIX,OCO,Alpine,Q1,89.811,15.0,31.505,40.456,17.85,2.0,SOFT,True,286.0,298.0,264.0,295.0,17.5,26.7,58.0,1013.8,1.6,0.0,91.935,119.113,91.022,0,1,0
2024,4,JAPANESE GRAND PRIX,HUL,Haas F1 Team,Q1,89.821,12.0,31.676,40.394,17.751,2.0,SOFT,True,288.0,302.0,266.0,299.0,17.5,26.7,58.0,1013.8,1.6,0.0,91.958,109.473,91.139,0,1,0
2024,4,JAPANESE GRAND PRIX,ALB,Williams,Q1,89.963,14.0,31.584,40.602,17.777,2.0,SOFT,True,285.0,302.0,264.0,299.0,17.5,26.7,58.0,1013.8,1.6,0.0,91.943,123.821,90.533,0,1,0
2024,4,JAPANESE GRAND PRIX,STR,Aston Martin,Q1,90.024,16.0,31.498,40.546,17.98,2.0,SOFT,True,282.0,297.0,262.0,295.0,17.5,26.7,58.0,1013.8,1.6,0.0,92.055,,91.342,0,1,0
2024,4,JAPANESE GRAND PRIX,GAS,Alpine,Q1,90.119,17.0,31.468,40.662,17.989,2.0,SOFT,True,285.0,297.0,261.0,294.0,17.5,26.7,58.0,1013.8,1.6,0.0,92.277,,91.141,0,1,0
2024,4,JAPANESE GRAND PRIX,MAG,Haas F1 Team,Q1,90.131,18.0,31.786,40.482,17.863,2.0,SOFT,True,287.0,302.0,266.0,298.0,17.5,26.7,58.0,1013.8,1.6,0.0,92.803,,91.462,0,1,0
2024,4,JAPANESE GRAND PRIX,SAR,Williams,Q1,90.139,19.0,31.744,40.542,17.853,2.0,SOFT,True,284.0,303.0,264.0,298.0,17.5,26.7,58.0,1013.8,1.6,0.0,93.204,,91.452,0,1,0
2024,4,JAPANESE GRAND PRIX,ZHO,Kick Sauber,Q1,90.143,20.0,31.685,40.487,17.971,2.0,SOFT,True,282.0,295.0,263.0,293.0,17.5,26.7,58.0,1013.8,1.6,0.0,92.638,123.317,91.067,0,1,0
2024,4,JAPANESE GRAND PRIX,VER,Red Bull Racing,Q2,88.74,1.0,31.063,40.056,17.621,2.0,SOFT,True,286.0,298.0,265.0,296.0,17.5,26.7,58.0,1013.8,1.6,0.0,90.056,,89.563,0,2,0
2024,4,JAPANESE GRAND PRIX,PER,Red Bull Racing,Q2,88.752,2.0,31.047,40.008,17.697,2.0,SOFT,True,286.0,298.0,266.0,298.0,17.5,26.7,58.0,1013.8,1.6,0.0,90.237,,89.832,0,2,0
2024,4,JAPANESE GRAND PRIX,HAM,Mercedes,Q2,88.887,7.0,31.11,40.05,17.727,2.0,SOFT,True,284.0,297.0,263.0,294.0,17.5,26.7,58.0,1013.8,1.6,0.0,90.543,95.226,90.037,0,2,0
2024,4,JAPANESE GRAND PRIX,NOR,McLaren,Q2,88.94,3.0,30.996,40.23,17.714,2.0,SOFT,True,285.0,300.0,259.0,295.0,17.5,26.7,58.0,1013.8,1.6,0.0,91.24,104.977,90.137,0,2,0
2024,4,JAPANESE GRAND PRIX,ALO,Aston Martin,Q2,89.082,5.0,31.142,40.179,17.761,2.0,SOFT,True,285.0,300.0,265.0,296.0,17.5,26.7,58.0,1013.8,1.6,0.0,90.599,,90.082,0,2,0
2024,4,JAPANESE GRAND PRIX,SAI,Ferrari,Q2,89.099,4.0,31.203,40.174,17.722,2.0,SOFT,True,286.0,298.0,264.0,295.0,17.5,26.7,58.0,1013.8,1.6,0.0,90.269,112.579,90.171,0,2,0
2024,4,JAPANESE GRAND PRIX,RUS,Mercedes,Q2,89.14,9.0,31.33,40.092,17.718,2.0,SOFT,True,283.0,298.0,264.0,295.0,17.5,26.7,58.0,1013.8,1.6,0.0,90.53,,89.918,0,2,0
2024,4,JAPANESE GRAND PRIX,PIA,McLaren,Q2,89.148,6.0,31.02,40.271,17.857,2.0,SOFT,True,286.0,300.0,263.0,298.0,17.5,26.7,58.0,1013.8,1.6,0.0,91.165,94.725,90.226,0,2,0
2024,4,JAPANESE GRAND PRIX,LEC,Ferrari,Q2,89.196,8.0,31.246,40.093,17.857,2.0,SOFT,True,285.0,298.0,263.0,297.0,17.5,26.7,58.0,1013.8,1.6,0.0,90.558,98.76,90.383,0,2,0
2024,4,JAPANESE GRAND PRIX,TSU,Racing Bulls,Q2,89.417,10.0,31.283,40.423,17.711,2.0,SOFT,True,285.0,299.0,264.0,297.0,17.5,26.7,58.0,1013.8,1.6,0.0,91.23,100.946,90.341,0,2,0
2024,4,JAPANESE GRAND PRIX,RIC,Racing Bulls,Q2,89.472,11.0,31.352,40.402,17.718,2.0,SOFT,True,285.0,297.0,264.0,296.0,17.5,26.7,58.0,1013.8,1.6,0.0,,101.913,90.682,0,2,0
2024,4,JAPANESE GRAND PRIX,HUL,Haas F1 Team,Q2,89.494,12.0,31.558,40.238,17.698,2.0,SOFT,True,289.0,302.0,267.0,300.0,17.5,26.7,58.0,1013.8,1.6,0.0,91.958,109.473,91.139,0,2,0
2024,4,JAPANESE GRAND PRIX,BOT,Kick Sauber,Q2,89.593,13.0,31.357,40.478,17.758,2.0,SOFT,True,283.0,294.0,263.0,293.0,17.5,26.7,58.0,1013.8,1.6,0.0,92.054,116.059,90.546,0,2,0
2024,4,JAPANESE GRAND PRIX,ALB,Williams,Q2,89.714,14.0,31.617,40.381,17.716,2.0,SOFT,True,285.0,302.0,265.0,299.0,17.5,26.7,58.0,1013.8,1.6,0.0,91.943,123.821,90.533,0,2,0
2024,4,JAPANESE GRAND PRIX,OCO,Alpine,Q2,89.816,15.0,31.474,40.481,17.861,2.0,SOFT,True,287.0,298.0,264.0,296.0,17.5,26.7,58.0,1013.8,1.6,0.0,91.935,119.113,91.022,0,2,0
2024,4,JAPANESE GRAND PRIX,VER,Red Bull Racing,Q3,88.197,1.0,30.777,39.85,17.57,2.0,SOFT,True,285.0,297.0,264.0,295.0,17.5,26.7,58.0,1013.8,1.6,0.0,90.056,,89.563,0,3,0
2024,4,JAPANESE GRAND PRIX,PER,Red Bull Racing,Q3,88.263,2.0,30.846,39.763,17.654,2.0,SOFT,True,286.0,300.0,263.0,297.0,17.5,26.7,58.0,1013.8,1.6,0.0,90.237,,89.832,0,3,0
2024,4,JAPANESE GRAND PRIX,NOR,McLaren,Q3,88.489,3.0,30.8,40.039,17.65,2.0,SOFT,True,284.0,298.0,263.0,294.0,17.5,26.7,58.0,1013.8,1.6,0.0,91.24,104.977,90.137,0,3,0
2024,4,JAPANESE GRAND PRIX,SAI,Ferrari,Q3,88.682,4.0,30.968,39.989,17.725,2.0,SOFT,True,286.0,296.0,264.0,294.0,17.5,26.7,58.0,1013.8,1.6,0.0,90.269,112.579,90.171,0,3,0
2024,4,JAPANESE GRAND PRIX,ALO,Aston Martin,Q3,88.686,5.0,30.964,40.027,17.695,2.0,SOFT,True,284.0,299.0,264.0,295.0,17.5,26.7,58.0,1013.8,1.6,0.0,90.599,,90.082,0,3,0
2024,4,JAPANESE GRAND PRIX,PIA,McLaren,Q3,88.76,6.0,30.837,40.227,17.696,2.0,SOFT,True,286.0,296.0,263.0,294.0,17.5,26.7,58.0,1013.8,1.6,0.0,91.165,94.725,90.226,0,3,0
2024,4,JAPANESE GRAND PRIX,HAM,Mercedes,Q3,88.766,7.0,30.915,40.156,17.695,2.0,SOFT,True,285.0,297.0,264.0,293.0,17.5,26.7,58.0,1013.8,1.6,0.0,90.543,95.226,90.037,0,3,0
2024,4,JAPANESE GRAND PRIX,LEC,Ferrari,Q3,88.786,8.0,31.109,39.866,17.811,2.0,SOFT,True,285.0,295.0,263.0,295.0,17.5,26.7,58.0,1013.8,1.6,0.0,90.558,98.76,90.383,0,3,0
2024,4,JAPANESE GRAND PRIX,RUS,Mercedes,Q3,89.008,9.0,31.181,40.123,17.704,2.0,SOFT,True,284.0,299.0,264.0,294.0,17.5,26.7,58.0,1013.8,1.6,0.0,90.53,,89.918,0,3,0
2024,4,JAPANESE GRAND PRIX,TSU,Racing Bulls,Q3,89.413,10.0,31.318,40.248,17.847,2.0,SOFT,True,285.0,299.0,263.0,298.0,17.5,26.7,58.0,1013.8,1.6,0.0,91.23,100.946,90.341,0,3,0
2024,5,CHINESE GRAND PRIX,VER,Red Bull Racing,Q1,94.742,1.0,25.242,28.52,40.98,5.0,SOFT,False,279.0,271.0,259.0,334.0,22.1,34.150000000000006,55.0,1007.4,1.7,0.0,96.66,,95.606,1,1,0
2024,5,CHINESE GRAND PRIX,LEC,Ferrari,Q1,94.797,6.0,25.342,28.44,41.015,2.0,SOFT,True,278.0,273.0,265.0,330.0,22.1,34.150000000000006,55.0,1007.4,1.7,0.0,98.09,,95.711,1,1,0
2024,5,CHINESE GRAND PRIX,NOR,McLaren,Q1,94.842,4.0,25.223,28.546,41.073,2.0,SOFT,True,277.0,270.0,267.0,327.0,22.1,34.150000000000006,55.0,1007.4,1.7,0.0,98.63,,96.047,1,1,0
2024,5,CHINESE GRAND PRIX,SAI,Ferrari,Q1,94.97,7.0,25.354,28.511,41.105,2.0,SOFT,True,278.0,273.0,264.0,332.0,22.1,34.150000000000006,55.0,1007.4,1.7,0.0,98.284,,96.052,1,1,0
2024,5,CHINESE GRAND PRIX,PIA,McLaren,Q1,95.014,5.0,25.176,28.553,41.285,2.0,SOFT,True,272.0,271.0,265.0,328.0,22.1,34.150000000000006,55.0,1007.4,1.7,0.0,96.629,,95.853,1,1,0
2024,5,CHINESE GRAND PRIX,HUL,Haas F1 Team,Q1,95.068,9.0,25.121,28.877,41.07,2.0,SOFT,True,282.0,275.0,266.0,336.0,22.1,34.150000000000006,55.0,1007.4,1.7,0.0,97.101,,96.478,1,1,0
2024,5,CHINESE GRAND PRIX,RUS,Mercedes,Q1,95.084,8.0,25.211,28.808,41.065,2.0,SOFT,True,278.0,274.0,266.0,333.0,22.1,34.150000000000006,55.0,1007.4,1.7,0.0,98.806,,96.345,1,1,0
2024,5,CHINESE GRAND PRIX,ALO,Aston Martin,Q1,95.116,3.0,25.287,28.656,41.173,2.0,SOFT,True,276.0,273.0,265.0,333.0,22.1,34.150000000000006,55.0,1007.4,1.7,0.0,98.936,,96.119,1,1,0
2024,5,CHINESE GRAND PRIX,BOT,Kick Sauber,Q1,95.169,10.0,25.264,28.543,41.362,2.0,SOFT,True,278.0,273.0,260.0,330.0,22.1,34.150000000000006,55.0,1007.4,1.7,0.0,97.53,,96.056,1,1,0
2024,5,CHINESE GRAND PRIX,GAS,Alpine,Q1,95.287,15.0,25.167,28.764,41.356,2.0,SOFT,True,277.0,270.0,262.0,329.0,22.1,34.150000000000006,55.0,1007.4,1.7,0.0,99.276,,97.632,1,1,0
2024,5,CHINESE GRAND PRIX,STR,Aston Martin,Q1,95.334,11.0,25.059,28.673,41.602,2.0,SOFT,True,280.0,274.0,266.0,336.0,22.1,34.150000000000006,55.0,1007.4,1.7,0.0,96.302,,96.677,1,1,0
2024,5,CHINESE GRAND PRIX,OCO,Alpine,Q1,95.356,13.0,25.1,28.691,41.565,2.0,SOFT,True,277.0,270.0,264.0,328.0,22.1,34.150000000000006,55.0,1007.4,1.7,0.0,97.213,,97.72,1,1,0
2024,5,CHINESE GRAND PRIX,ALB,Williams,Q1,95.384,14.0,25.117,28.803,41.464,2.0,SOFT,True,280.0,273.0,270.0,334.0,22.1,34.150000000000006,55.0,1007.4,1.7,0.0,97.229,,97.812,1,1,0
2024,5,CHINESE GRAND PRIX,RIC,Racing Bulls,Q1,95.443,12.0,25.331,28.812,41.3,2.0,SOFT,True,278.0,273.0,266.0,334.0,22.1,34.150000000000006,55.0,1007.4,1.7,0.0,97.238,,96.553,1,1,0
2024,5,CHINESE GRAND PRIX,PER,Red Bull Racing,Q1,95.457,2.0,25.371,28.791,41.295,4.0,SOFT,False,279.0,269.0,268.0,333.0,22.1,34.150000000000006,55.0,1007.4,1.7,0.0,96.69,,95.781,1,1,0
2024,5,CHINESE GRAND PRIX,ZHO,Kick Sauber,Q1,95.505,16.0,25.416,28.766,41.323,2.0,SOFT,True,279.0,272.0,264.0,332.0,22.1,34.150000000000006,55.0,1007.4,1.7,0.0,97.626,,96.307,1,1,0
2024,5,CHINESE GRAND PRIX,MAG,Haas F1 Team,Q1,95.516,17.0,25.204,28.893,41.419,2.0,SOFT,True,282.0,273.0,261.0,334.0,22.1,34.150000000000006,55.0,1007.4,1.7,0.0,97.118,,96.473,1,1,0
2024,5,CHINESE GRAND PRIX,HAM,Mercedes,Q1,95.573,18.0,25.246,28.639,41.688,2.0,SOFT,True,278.0,273.0,266.0,330.0,22.1,34.150000000000006,55.0,1007.4,1.7,0.0,98.839,,96.287,1,1,0
2024,5,CHINESE GRAND PRIX,TSU,Racing Bulls,Q1,95.746,19.0,25.244,28.963,41.539,2.0,SOFT,True,277.0,271.0,265.0,333.0,22.1,34.150000000000006,55.0,1007.4,1.7,0.0,98.006,,97.892,1,1,0
2024,5,CHINESE GRAND PRIX,SAR,Williams,Q1,96.358,20.0,25.582,29.066,41.71,2.0,SOFT,True,276.0,271.0,267.0,330.0,22.1,34.150000000000006,55.0,1007.4,1.7,0.0,98.286,,97.923,1,1,0
2024,5,CHINESE GRAND PRIX,VER,Red Bull Racing,Q2,93.794,1.0,25.013,28.227,40.554,2.0,SOFT,True,277.0,273.0,269.0,331.0,22.1,34.150000000000006,55.0,1007.4,1.7,0.0,96.66,,95.606,1,2,0
2024,5,CHINESE GRAND PRIX,PER,Red Bull Racing,Q2,94.026,2.0,24.91,28.376,40.74,2.0,SOFT,True,278.0,272.0,270.0,333.0,22.1,34.150000000000006,55.0,1007.4,1.7,0.0,96.69,,95.781,1,2,0
2024,5,CHINESE GRAND PRIX,SAI,Ferrari,Q2,94.368,7.0,25.044,28.463,40.861,2.0,SOFT,True,278.0,273.0,263.0,331.0,22.1,34.150000000000006,55.0,1007.4,1.7,0.0,98.284,,96.052,1,2,0
2024,5,CHINESE GRAND PRIX,LEC,Ferrari,Q2,94.399,6.0,25.147,28.466,40.786,2.0,SOFT,True,278.0,272.0,266.0,331.0,22.1,34.150000000000006,55.0,1007.4,1.7,0.0,98.09,,95.711,1,2,0
2024,5,CHINESE GRAND PRIX,NOR,McLaren,Q2,94.46,4.0,24.984,28.345,41.131,2.0,SOFT,True,277.0,274.0,268.0,330.0,22.1,34.150000000000006,55.0,1007.4,1.7,0.0,98.63,,96.047,1,2,0
2024,5,CHINESE GRAND PRIX,RUS,Mercedes,Q2,94.609,8.0,25.171,28.415,41.023,2.0,SOFT,True,277.0,274.0,266.0,329.0,22.1,34.150000000000006,55.0,1007.4,1.7,0.0,98.806,,96.345,1,2,0
2024,5,CHINESE GRAND PRIX,ALO,Aston Martin,Q2,94.652,3.0,24.938,28.545,41.169,2.0,SOFT,True,277.0,272.0,268.0,333.0,22.1,34.150000000000006,55.0,1007.4,1.7,0.0,98.936,,96.119,1,2,0
2024,5,CHINESE GRAND PRIX,PIA,McLaren,Q2,94.659,5.0,24.996,28.374,41.289,2.0,SOFT,True,275.0,273.0,266.0,328.0,22.1,34.150000000000006,55.0,1007.4,1.7,0.0,96.629,,95.853,1,2,0
2024,5,CHINESE GRAND PRIX,HUL,Haas F1 Team,Q2,94.667,9.0,25.024,28.571,41.072,2.0,SOFT,True,280.0,274.0,262.0,333.0,22.1,34.150000000000006,55.0,1007.4,1.7,0.0,97.101,,96.478,1,2,0
2024,5,CHINESE GRAND PRIX,BOT,Kick Sauber,Q2,94.769,10.0,25.041,28.705,41.023,2.0,SOFT,True,277.0,272.0,262.0,330.0,22.1,34.150000000000006,55.0,1007.4,1.7,0.0,97.53,,96.056,1,2,0
2024,5,CHINESE GRAND PRIX,STR,Aston Martin,Q2,94.838,11.0,25.08,28.604,41.154,2.0,SOFT,True,279.0,273.0,267.0,333.0,22.1,34.150000000000006,55.0,1007.4,1.7,0.0,96.302,,96.677,1,2,0
2024,5,CHINESE GRAND PRIX,RIC,Racing Bulls,Q2,94.934,12.0,25.114,28.755,41.065,2.0,SOFT,True,278.0,272.0,267.0,332.0,22.1,34.150000000000006,55.0,1007.4,1.7,0.0,97.238,,96.553,1,2,0
2024,5,CHINESE GRAND PRIX,OCO,Alpine,Q2,95.223,13.0,25.183,28.737,41.303,2.0,SOFT,True,276.0,271.0,265.0,327.0,22.1,34.150000000000006,55.0,1007.4,1.7,0.0,97.213,,97.72,1,2,0
2024,5,CHINESE GRAND PRIX,ALB,Williams,Q2,95.241,14.0,25.251,28.874,41.116,2.0,SOFT,True,278.0,272.0,268.0,334.0,22.1,34.150000000000006,55.0,1007.4,1.7,0.0,97.229,,97.812,1,2,0
2024,5,CHINESE GRAND PRIX,GAS,Alpine,Q2,95.463,15.0,25.217,28.942,41.304,2.0,SOFT,True,275.0,268.0,263.0,327.0,22.1,34.150000000000006,55.0,1007.4,1.7,0.0,99.276,,97.632,1,2,0
2024,5,CHINESE GRAND PRIX,VER,Red Bull Racing,Q3,93.66,1.0,24.981,28.168,40.511,2.0,SOFT,True,279.0,272.0,270.0,333.0,22.1,34.150000000000006,55.0,1007.4,1.7,0.0,96.66,,95.606,1,3,0
2024,5,CHINESE GRAND PRIX,PER,Red Bull Racing,Q3,93.982,2.0,25.032,28.29,40.66,2.0,SOFT,True,279.0,272.0,269.0,334.0,22.1,34.150000000000006,55.0,1007.4,1.7,0.0,96.69,,95.781,1,3,0
2024,5,CHINESE GRAND PRIX,ALO,Aston Martin,Q3,94.148,3.0,25.057,28.308,40.783,2.0,SOFT,True,277.0,273.0,269.0,333.0,22.1,34.150000000000006,55.0,1007.4,1.7,0.0,98.936,,96.119,1,3,0
2024,5,CHINESE GRAND PRIX,NOR,McLaren,Q3,94.165,4.0,25.041,28.38,40.744,2.0,SOFT,True,279.0,273.0,269.0,329.0,22.1,34.150000000000006,55.0,1007.4,1.7,0.0,98.63,,96.047,1,3,0
2024,5,CHINESE GRAND PRIX,PIA,McLaren,Q3,94.273,5.0,25.084,28.263,40.926,2.0,SOFT,True,277.0,273.0,268.0,328.0,22.1,34.150000000000006,55.0,1007.4,1.7,0.0,96.629,,95.853,1,3,0
2024,5,CHINESE GRAND PRIX,LEC,Ferrari,Q3,94.289,6.0,25.305,28.241,40.743,2.0,SOFT,True,278.0,274.0,265.0,330.0,22.1,34.150000000000006,55.0,1007.4,1.7,0.0,98.09,,95.711,1,3,0
2024,5,CHINESE GRAND PRIX,SAI,Ferrari,Q3,94.297,7.0,25.196,28.361,40.74,2.0,SOFT,True,278.0,273.0,268.0,330.0,22.1,34.150000000000006,55.0,1007.4,1.7,0.0,98.284,,96.052,1,3,0
2024,5,CHINESE GRAND PRIX,RUS,Mercedes,Q3,94.433,8.0,25.183,28.465,40.785,2.0,SOFT,True,278.0,274.0,268.0,331.0,22.1,34.150000000000006,55.0,1007.4,1.7,0.0,98.806,,96.345,1,3,0
2024,5,CHINESE GRAND PRIX,HUL,Haas F1 Team,Q3,94.604,9.0,24.948,28.73,40.926,2.0,SOFT,True,281.0,274.0,269.0,333.0,22.1,34.150000000000006,55.0,1007.4,1.7,0.0,97.101,,96.478,1,3,0
2024,5,CHINESE GRAND PRIX,BOT,Kick Sauber,Q3,94.665,10.0,25.228,28.458,40.979,2.0,SOFT,True,277.0,273.0,268.0,329.0,22.1,34.150000000000006,55.0,1007.4,1.7,0.0,97.53,,96.056,1,3,0
2024,6,MIAMI GRAND PRIX,VER,Red Bull Racing,Q1,87.689,1.0,29.123,33.467,25.099,2.0,SOFT,True,219.0,191.0,285.0,342.0,29.0,46.9,55.0,1015.4,3.1,0.0,88.595,,87.641,1,1,0
2024,6,MIAMI GRAND PRIX,PER,Red Bull Racing,Q1,87.772,4.0,29.314,33.44,25.018,2.0,SOFT,True,221.0,191.0,283.0,341.0,29.0,46.9,55.0,1015.4,3.1,0.0,88.868,,87.865,1,1,0
2024,6,MIAMI GRAND PRIX,NOR,McLaren,Q1,87.913,5.0,29.259,33.585,25.069,5.0,SOFT,True,222.0,192.0,286.0,338.0,29.0,46.9,55.0,1015.4,3.1,0.0,89.495,,87.597,1,1,0
2024,6,MIAMI GRAND PRIX,SAI,Ferrari,Q1,87.937,3.0,29.377,33.571,24.989,4.0,SOFT,False,222.0,192.0,282.0,339.0,29.0,46.9,55.0,1015.4,3.1,0.0,88.711,,88.103,1,1,0
2024,6,MIAMI GRAND PRIX,GAS,Alpine,Q1,87.976,12.0,29.334,33.605,25.037,2.0,SOFT,True,222.0,190.0,284.0,341.0,29.0,46.9,55.0,1015.4,3.1,0.0,89.175,,89.185,1,1,0
2024,6,MIAMI GRAND PRIX,PIA,McLaren,Q1,88.032,6.0,29.275,33.776,24.981,2.0,SOFT,True,216.0,192.0,284.0,336.0,29.0,46.9,55.0,1015.4,3.1,0.0,88.7,,88.056,1,1,0
2024,6,MIAMI GRAND PRIX,LEC,Ferrari,Q1,88.081,2.0,29.202,33.796,25.083,5.0,SOFT,False,218.0,189.0,282.0,335.0,29.0,46.9,55.0,1015.4,3.1,0.0,92.099,,87.749,1,1,0
2024,6,MIAMI GRAND PRIX,RUS,Mercedes,Q1,88.159,7.0,29.401,33.705,25.053,2.0,SOFT,True,221.0,192.0,283.0,336.0,29.0,46.9,55.0,1015.4,3.1,0.0,88.784,,88.343,1,1,0
2024,6,MIAMI GRAND PRIX,HAM,Mercedes,Q1,88.167,8.0,29.231,33.887,25.049,2.0,SOFT,True,219.0,191.0,283.0,336.0,29.0,46.9,55.0,1015.4,3.1,0.0,89.012,,88.371,1,1,0
2024,6,MIAMI GRAND PRIX,STR,Aston Martin,Q1,88.177,11.0,29.445,33.783,24.949,2.0,SOFT,True,222.0,192.0,283.0,343.0,29.0,46.9,55.0,1015.4,3.1,0.0,88.817,,88.323,1,1,0
2024,6,MIAMI GRAND PRIX,OCO,Alpine,Q1,88.209,13.0,29.306,33.769,25.134,2.0,SOFT,True,222.0,192.0,284.0,338.0,29.0,46.9,55.0,1015.4,3.1,0.0,89.163,,88.379,1,1,0
2024,6,MIAMI GRAND PRIX,TSU,Racing Bulls,Q1,88.324,10.0,29.512,33.689,25.123,2.0,SOFT,True,222.0,191.0,281.0,334.0,29.0,46.9,55.0,1015.4,3.1,0.0,89.056,,88.687,1,1,0
2024,6,MIAMI GRAND PRIX,ALB,Williams,Q1,88.343,14.0,29.498,33.774,25.071,2.0,SOFT,True,221.0,190.0,286.0,340.0,29.0,46.9,55.0,1015.4,3.1,0.0,89.393,,89.112,1,1,0
2024,6,MIAMI GRAND PRIX,HUL,Haas F1 Team,Q1,88.383,9.0,29.581,33.748,25.054,5.0,SOFT,False,221.0,191.0,280.0,341.0,29.0,46.9,55.0,1015.4,3.1,0.0,89.314,,88.33,1,1,0
2024,6,MIAMI GRAND PRIX,ALO,Aston Martin,Q1,88.453,15.0,29.475,33.86,25.118,2.0,SOFT,True,217.0,191.0,282.0,336.0,29.0,46.9,55.0,1015.4,3.1,0.0,90.023,,88.189,1,1,0
2024,6,MIAMI GRAND PRIX,BOT,Kick Sauber,Q1,88.463,16.0,29.47,33.888,25.105,2.0,SOFT,True,222.0,193.0,285.0,345.0,29.0,46.9,55.0,1015.4,3.1,0.0,89.636,,89.36,1,1,0
2024,6,MIAMI GRAND PRIX,SAR,Williams,Q1,88.487,17.0,29.724,33.736,25.027,2.0,SOFT,True,220.0,191.0,287.0,340.0,29.0,46.9,55.0,1015.4,3.1,0.0,89.891,,89.551,1,1,0
2024,6,MIAMI GRAND PRIX,RIC,Racing Bulls,Q1,88.617,18.0,29.541,33.782,25.294,2.0,SOFT,True,221.0,189.0,283.0,336.0,29.0,46.9,55.0,1015.4,3.1,0.0,89.178,,88.044,1,1,0
2024,6,MIAMI GRAND PRIX,MAG,Haas F1 Team,Q1,88.619,19.0,29.51,33.78,25.329,2.0,SOFT,True,215.0,191.0,286.0,342.0,29.0,46.9,55.0,1015.4,3.1,0.0,89.189,,88.377,1,1,0
2024,6,MIAMI GRAND PRIX,ZHO,Kick Sauber,Q1,88.824,20.0,29.624,33.903,25.297,2.0,SOFT,True,221.0,191.0,283.0,331.0,29.0,46.9,55.0,1015.4,3.1,0.0,89.445,,89.267,1,1,0
2024,6,MIAMI GRAND PRIX,LEC,Ferrari,Q2,87.533,2.0,29.02,33.524,24.989,2.0,SOFT,True,221.0,191.0,282.0,337.0,29.0,46.9,55.0,1015.4,3.1,0.0,92.099,,87.749,1,2,0
2024,6,MIAMI GRAND PRIX,VER,Red Bull Racing,Q2,87.566,1.0,28.906,33.608,25.052,2.0,SOFT,True,220.0,191.0,283.0,338.0,29.0,46.9,55.0,1015.4,3.1,0.0,88.595,,87.641,1,2,0
2024,6,MIAMI GRAND PRIX,HAM,Mercedes,Q2,87.697,8.0,29.02,33.635,25.042,2.0,SOFT,True,222.0,191.0,284.0,337.0,29.0,46.9,55.0,1015.4,3.1,0.0,89.012,,88.371,1,2,0
2024,6,MIAMI GRAND PRIX,PIA,McLaren,Q2,87.721,6.0,29.144,33.53,25.047,2.0,SOFT,True,219.0,191.0,283.0,336.0,29.0,46.9,55.0,1015.4,3.1,0.0,88.7,,88.056,1,2,0
2024,6,MIAMI GRAND PRIX,PER,Red Bull Racing,Q2,87.839,4.0,29.28,33.645,24.914,2.0,SOFT,True,222.0,191.0,285.0,341.0,29.0,46.9,55.0,1015.4,3.1,0.0,88.868,,87.865,1,2,0
2024,6,MIAMI GRAND PRIX,NOR,McLaren,Q2,87.871,5.0,29.225,33.693,24.953,2.0,SOFT,True,218.0,191.0,285.0,338.0,29.0,46.9,55.0,1015.4,3.1,0.0,89.495,,87.597,1,2,0
2024,6,MIAMI GRAND PRIX,SAI,Ferrari,Q2,87.941,3.0,29.223,33.757,24.961,2.0,SOFT,True,221.0,191.0,285.0,337.0,29.0,46.9,55.0,1015.4,3.1,0.0,88.711,,88.103,1,2,0
2024,6,MIAMI GRAND PRIX,RUS,Mercedes,Q2,88.095,7.0,29.296,33.678,25.121,2.0,SOFT,True,222.0,191.0,283.0,337.0,29.0,46.9,55.0,1015.4,3.1,0.0,88.784,,88.343,1,2,0
2024,6,MIAMI GRAND PRIX,TSU,Racing Bulls,Q2,88.167,10.0,29.299,33.775,25.093,2.0,SOFT,True,223.0,191.0,282.0,336.0,29.0,46.9,55.0,1015.4,3.1,0.0,89.056,,88.687,1,2,0
2024,6,MIAMI GRAND PRIX,HUL,Haas F1 Team,Q2,88.2,9.0,29.281,33.891,25.028,2.0,SOFT,True,223.0,191.0,286.0,342.0,29.0,46.9,55.0,1015.4,3.1,0.0,89.314,,88.33,1,2,0
2024,6,MIAMI GRAND PRIX,STR,Aston Martin,Q2,88.222,11.0,29.271,33.959,24.992,2.0,SOFT,False,222.0,190.0,283.0,338.0,29.0,46.9,55.0,1015.4,3.1,0.0,88.817,,88.323,1,2,0
2024,6,MIAMI GRAND PRIX,GAS,Alpine,Q2,88.324,12.0,29.434,33.868,25.022,2.0,SOFT,True,220.0,191.0,284.0,338.0,29.0,46.9,55.0,1015.4,3.1,0.0,89.175,,89.185,1,2,0
2024,6,MIAMI GRAND PRIX,OCO,Alpine,Q2,88.371,13.0,29.28,33.948,25.143,2.0,SOFT,True,221.0,191.0,284.0,337.0,29.0,46.9,55.0,1015.4,3.1,0.0,89.163,,88.379,1,2,0
2024,6,MIAMI GRAND PRIX,ALB,Williams,Q2,88.413,14.0,29.511,33.835,25.067,2.0,SOFT,True,220.0,190.0,286.0,340.0,29.0,46.9,55.0,1015.4,3.1,0.0,89.393,,89.112,1,2,0
2024,6,MIAMI GRAND PRIX,ALO,Aston Martin,Q2,88.427,15.0,29.467,33.832,25.128,2.0,SOFT,False,221.0,189.0,282.0,337.0,29.0,46.9,55.0,1015.4,3.1,0.0,90.023,,88.189,1,2,0
2024,6,MIAMI GRAND PRIX,VER,Red Bull Racing,Q3,87.241,1.0,28.867,33.499,24.875,2.0,SOFT,True,223.0,192.0,283.0,337.0,29.0,46.9,55.0,1015.4,3.1,0.0,88.595,,87.641,1,3,0
2024,6,MIAMI GRAND PRIX,LEC,Ferrari,Q3,87.382,2.0,28.793,33.64,24.949,2.0,SOFT,True,222.0,192.0,281.0,337.0,29.0,46.9,55.0,1015.4,3.1,0.0,92.099,,87.749,1,3,0
2024,6,MIAMI GRAND PRIX,SAI,Ferrari,Q3,87.455,3.0,28.874,33.645,24.936,2.0,SOFT,True,223.0,193.0,284.0,338.0,29.0,46.9,55.0,1015.4,3.1,0.0,88.711,,88.103,1,3,0
2024,6,MIAMI GRAND PRIX,PER,Red Bull Racing,Q3,87.46,4.0,28.85,33.73,24.88,2.0,SOFT,True,220.0,192.0,284.0,339.0,29.0,46.9,55.0,1015.4,3.1,0.0,88.868,,87.865,1,3,0
2024,6,MIAMI GRAND PRIX,NOR,McLaren,Q3,87.594,5.0,28.928,33.716,24.95,2.0,SOFT,True,223.0,193.0,284.0,336.0,29.0,46.9,55.0,1015.4,3.1,0.0,89.495,,87.597,1,3,0
2024,6,MIAMI GRAND PRIX,PIA,McLaren,Q3,87.675,6.0,28.963,33.7,25.012,2.0,SOFT,True,222.0,191.0,283.0,335.0,29.0,46.9,55.0,1015.4,3.1,0.0,88.7,,88.056,1,3,0
2024,6,MIAMI GRAND PRIX,RUS,Mercedes,Q3,88.067,7.0,29.125,33.857,25.085,2.0,SOFT,True,224.0,191.0,282.0,335.0,29.0,46.9,55.0,1015.4,3.1,0.0,88.784,,88.343,1,3,0
2024,6,MIAMI GRAND PRIX,HAM,Mercedes,Q3,88.107,8.0,29.121,33.893,25.093,2.0,MEDIUM,True,222.0,191.0,284.0,334.0,29.0,46.9,55.0,1015.4,3.1,0.0,89.012,,88.371,1,3,0
2024,6,MIAMI GRAND PRIX,HUL,Haas F1 Team,Q3,88.146,9.0,29.41,33.834,24.902,2.0,SOFT,True,221.0,193.0,286.0,340.0,29.0,46.9,55.0,1015.4,3.1,0.0,89.314,,88.33,1,3,0
2024,6,MIAMI GRAND PRIX,TSU,Racing Bulls,Q3,88.192,10.0,29.27,33.85,25.072,2.0,SOFT,True,222.0,191.0,283.0,336.0,29.0,46.9,55.0,1015.4,3.1,0.0,89.056,,88.687,1,3,0
2024,7,GRAN PREMIO DEL MADE IN ITALY E DELL'EMILIA-ROMAGNA,VER,Red Bull Racing,Q1,75.762,1.0,23.746,26.348,25.668,5.0,SOFT,False,231.0,261.0,283.0,297.0,24.2,41.5,43.0,1008.0,2.9,0.0,77.24,76.447,76.366,0,1,0
2024,7,GRAN PREMIO DEL MADE IN ITALY E DELL'EMILIA-ROMAGNA,LEC,Ferrari,Q1,75.823,4.0,23.925,26.358,25.54,8.0,MEDIUM,False,226.0,261.0,284.0,296.0,24.2,41.5,43.0,1008.0,2.9,0.0,76.99,75.906,76.087,0,1,0
2024,7,GRAN PREMIO DEL MADE IN ITALY E DELL'EMILIA-ROMAGNA,HUL,Haas F1 Team,Q1,75.841,10.0,23.948,26.257,25.636,2.0,SOFT,True,229.0,262.0,287.0,297.0,24.2,41.5,43.0,1008.0,2.9,0.0,81.059,76.826,76.547,0,1,0
2024,7,GRAN PREMIO DEL MADE IN ITALY E DELL'EMILIA-ROMAGNA,TSU,Racing Bulls,Q1,75.894,7.0,23.773,26.418,25.703,2.0,SOFT,True,231.0,259.0,284.0,294.0,24.2,41.5,43.0,1008.0,2.9,0.0,77.388,76.286,76.668,0,1,0
2024,7,GRAN PREMIO DEL MADE IN ITALY E DELL'EMILIA-ROMAGNA,NOR,McLaren,Q1,75.915,3.0,23.838,26.469,25.608,5.0,SOFT,False,235.0,262.0,285.0,296.0,24.2,41.5,43.0,1008.0,2.9,0.0,77.602,76.98,75.829,0,1,0
2024,7,GRAN PREMIO DEL MADE IN ITALY E DELL'EMILIA-ROMAGNA,PIA,McLaren,Q1,75.94,2.0,23.824,26.36,25.756,2.0,SOFT,True,233.0,262.0,286.0,297.0,24.2,41.5,43.0,1008.0,2.9,0.0,77.807,76.098,75.529,0,1,0
2024,7,GRAN PREMIO DEL MADE IN ITALY E DELL'EMILIA-ROMAGNA,GAS,Alpine,Q1,76.015,15.0,24.093,26.261,25.661,2.0,SOFT,True,228.0,258.0,283.0,292.0,24.2,41.5,43.0,1008.0,2.9,0.0,77.905,77.064,77.361,0,1,0
2024,7,GRAN PREMIO DEL MADE IN ITALY E DELL'EMILIA-ROMAGNA,SAI,Ferrari,Q1,76.015,5.0,24.014,26.368,25.633,5.0,MEDIUM,True,225.0,259.0,283.0,295.0,24.2,41.5,43.0,1008.0,2.9,0.0,77.12,76.423,76.067,0,1,0
2024,7,GRAN PREMIO DEL MADE IN ITALY E DELL'EMILIA-ROMAGNA,RIC,Racing Bulls,Q1,76.06,9.0,23.884,26.495,25.681,2.0,SOFT,True,231.0,260.0,285.0,294.0,24.2,41.5,43.0,1008.0,2.9,0.0,78.142,76.967,76.56,0,1,0
2024,7,GRAN PREMIO DEL MADE IN ITALY E DELL'EMILIA-ROMAGNA,RUS,Mercedes,Q1,76.107,6.0,23.816,26.401,25.89,2.0,SOFT,True,234.0,259.0,281.0,294.0,24.2,41.5,43.0,1008.0,2.9,0.0,77.094,76.311,76.095,0,1,0
2024,7,GRAN PREMIO DEL MADE IN ITALY E DELL'EMILIA-ROMAGNA,OCO,Alpine,Q1,76.361,12.0,24.135,26.29,25.936,2.0,SOFT,True,228.0,259.0,283.0,292.0,24.2,41.5,43.0,1008.0,2.9,0.0,78.612,77.008,76.481,0,1,0
2024,7,GRAN PREMIO DEL MADE IN ITALY E DELL'EMILIA-ROMAGNA,PER,Red Bull Racing,Q1,76.404,11.0,24.15,26.452,25.802,2.0,SOFT,True,227.0,261.0,287.0,298.0,24.2,41.5,43.0,1008.0,2.9,0.0,77.233,76.552,76.631,0,1,0
2024,7,GRAN PREMIO DEL MADE IN ITALY E DELL'EMILIA-ROMAGNA,STR,Aston Martin,Q1,76.458,13.0,24.104,26.366,25.988,2.0,SOFT,True,226.0,260.0,283.0,293.0,24.2,41.5,43.0,1008.0,2.9,0.0,78.072,76.991,76.543,0,1,0
2024,7,GRAN PREMIO DEL MADE IN ITALY E DELL'EMILIA-ROMAGNA,ALB,Williams,Q1,76.524,14.0,24.105,26.605,25.814,2.0,SOFT,True,231.0,263.0,284.0,295.0,24.2,41.5,43.0,1008.0,2.9,0.0,80.05,77.135,76.47,0,1,0
2024,7,GRAN PREMIO DEL MADE IN ITALY E DELL'EMILIA-ROMAGNA,HAM,Mercedes,Q1,76.604,8.0,24.078,26.765,25.761,5.0,SOFT,False,227.0,258.0,282.0,293.0,24.2,41.5,43.0,1008.0,2.9,0.0,77.408,76.297,76.96,0,1,0
2024,7,GRAN PREMIO DEL MADE IN ITALY E DELL'EMILIA-ROMAGNA,BOT,Kick Sauber,Q1,76.626,16.0,24.225,26.578,25.823,2.0,SOFT,True,226.0,257.0,283.0,295.0,24.2,41.5,43.0,1008.0,2.9,0.0,78.827,77.088,76.695,0,1,0
2024,7,GRAN PREMIO DEL MADE IN ITALY E DELL'EMILIA-ROMAGNA,SAR,Williams,Q1,76.731,20.0,24.13,26.66,25.941,2.0,SOFT,True,230.0,262.0,287.0,298.0,24.2,41.5,43.0,1008.0,2.9,0.0,79.901,77.848,76.794,0,1,0
2024,7,GRAN PREMIO DEL MADE IN ITALY E DELL'EMILIA-ROMAGNA,ZHO,Kick Sauber,Q1,76.834,17.0,24.202,26.649,25.983,2.0,SOFT,True,231.0,259.0,283.0,294.0,24.2,41.5,43.0,1008.0,2.9,0.0,79.129,77.606,77.891,0,1,0
2024,7,GRAN PREMIO DEL MADE IN ITALY E DELL'EMILIA-ROMAGNA,MAG,Haas F1 Team,Q1,76.854,18.0,24.177,26.651,26.026,5.0,SOFT,False,225.0,258.0,285.0,297.0,24.2,41.5,43.0,1008.0,2.9,0.0,,77.129,76.923,0,1,0
2024,7,GRAN PREMIO DEL MADE IN ITALY E DELL'EMILIA-ROMAGNA,ALO,Aston Martin,Q1,76.917,19.0,24.191,26.563,26.163,2.0,SOFT,True,229.0,259.0,282.0,289.0,24.2,41.5,43.0,1008.0,2.9,0.0,77.867,76.838,77.339,0,1,0
2024,7,GRAN PREMIO DEL MADE IN ITALY E DELL'EMILIA-ROMAGNA,VER,Red Bull Racing,Q2,75.176,1.0,23.593,26.118,25.465,5.0,SOFT,False,233.0,262.0,285.0,299.0,24.2,41.5,43.0,1008.0,2.9,0.0,77.24,76.447,76.366,0,2,0
2024,7,GRAN PREMIO DEL MADE IN ITALY E DELL'EMILIA-ROMAGNA,LEC,Ferrari,Q2,75.328,4.0,23.836,25.976,25.516,2.0,SOFT,True,231.0,261.0,286.0,293.0,24.2,41.5,43.0,1008.0,2.9,0.0,76.99,75.906,76.087,0,2,0
2024,7,GRAN PREMIO DEL MADE IN ITALY E DELL'EMILIA-ROMAGNA,TSU,Racing Bulls,Q2,75.358,7.0,23.725,26.063,25.57,2.0,SOFT,True,233.0,260.0,284.0,293.0,24.2,41.5,43.0,1008.0,2.9,0.0,77.388,76.286,76.668,0,2,0
2024,7,GRAN PREMIO DEL MADE IN ITALY E DELL'EMILIA-ROMAGNA,NOR,McLaren,Q2,75.371,3.0,23.823,26.251,25.297,5.0,SOFT,False,231.0,262.0,284.0,298.0,24.2,41.5,43.0,1008.0,2.9,0.0,77.602,76.98,75.829,0,2,0
2024,7,GRAN PREMIO DEL MADE IN ITALY E DELL'EMILIA-ROMAGNA,PIA,McLaren,Q2,75.407,2.0,23.826,26.055,25.526,2.0,SOFT,True,235.0,263.0,287.0,296.0,24.2,41.5,43.0,1008.0,2.9,0.0,77.807,76.098,75.529,0,2,0
2024,7,GRAN PREMIO DEL MADE IN ITALY E DELL'EMILIA-ROMAGNA,SAI,Ferrari,Q2,75.512,5.0,23.984,26.163,25.365,2.0,SOFT,True,228.0,260.0,284.0,295.0,24.2,41.5,43.0,1008.0,2.9,0.0,77.12,76.423,76.067,0,2,0
2024,7,GRAN PREMIO DEL MADE IN ITALY E DELL'EMILIA-ROMAGNA,HUL,Haas F1 Team,Q2,75.569,10.0,23.895,26.087,25.587,2.0,SOFT,True,232.0,263.0,287.0,298.0,24.2,41.5,43.0,1008.0,2.9,0.0,81.059,76.826,76.547,0,2,0
2024,7,GRAN PREMIO DEL MADE IN ITALY E DELL'EMILIA-ROMAGNA,RUS,Mercedes,Q2,75.671,6.0,23.919,26.101,25.651,2.0,SOFT,True,232.0,261.0,283.0,294.0,24.2,41.5,43.0,1008.0,2.9,0.0,77.094,76.311,76.095,0,2,0
2024,7,GRAN PREMIO DEL MADE IN ITALY E DELL'EMILIA-ROMAGNA,HAM,Mercedes,Q2,75.677,8.0,23.87,26.149,25.658,2.0,SOFT,True,234.0,261.0,284.0,294.0,24.2,41.5,43.0,1008.0,2.9,0.0,77.408,76.297,76.96,0,2,0
2024,7,GRAN PREMIO DEL MADE IN ITALY E DELL'EMILIA-ROMAGNA,RIC,Racing Bulls,Q2,75.691,9.0,23.974,26.232,25.485,2.0,SOFT,True,231.0,261.0,285.0,294.0,24.2,41.5,43.0,1008.0,2.9,0.0,78.142,76.967,76.56,0,2,0
2024,7,GRAN PREMIO DEL MADE IN ITALY E DELL'EMILIA-ROMAGNA,PER,Red Bull Racing,Q2,75.706,11.0,23.931,26.24,25.535,2.0,SOFT,True,225.0,262.0,286.0,297.0,24.2,41.5,43.0,1008.0,2.9,0.0,77.233,76.552,76.631,0,2,0
2024,7,GRAN PREMIO DEL MADE IN ITALY E DELL'EMILIA-ROMAGNA,OCO,Alpine,Q2,75.906,12.0,24.088,26.211,25.607,2.0,SOFT,True,227.0,258.0,283.0,292.0,24.2,41.5,43.0,1008.0,2.9,0.0,78.612,77.008,76.481,0,2,0
2024,7,GRAN PREMIO DEL MADE IN ITALY E DELL'EMILIA-ROMAGNA,STR,Aston Martin,Q2,75.992,13.0,23.952,26.2,25.84,2.0,SOFT,True,228.0,263.0,284.0,293.0,24.2,41.5,43.0,1008.0,2.9,0.0,78.072,76.991,76.543,0,2,0
2024,7,GRAN PREMIO DEL MADE IN ITALY E DELL'EMILIA-ROMAGNA,ALB,Williams,Q2,76.2,14.0,23.97,26.489,25.741,2.0,SOFT,True,232.0,260.0,285.0,296.0,24.2,41.5,43.0,1008.0,2.9,0.0,80.05,77.135,76.47,0,2,0
2024,7,GRAN PREMIO DEL MADE IN ITALY E DELL'EMILIA-ROMAGNA,GAS,Alpine,Q2,76.283,15.0,24.022,26.211,26.05,2.0,SOFT,True,233.0,259.0,281.0,292.0,24.2,41.5,43.0,1008.0,2.9,0.0,77.905,77.064,77.361,0,2,0
2024,7,GRAN PREMIO DEL MADE IN ITALY E DELL'EMILIA-ROMAGNA,VER,Red Bull Racing,Q3,74.746,1.0,23.408,25.922,25.416,2.0,SOFT,True,233.0,261.0,285.0,296.0,24.2,41.5,43.0,1008.0,2.9,0.0,77.24,76.447,76.366,0,3,0
2024,7,GRAN PREMIO DEL MADE IN ITALY E DELL'EMILIA-ROMAGNA,PIA,McLaren,Q3,74.82,2.0,23.608,25.921,25.291,2.0,SOFT,True,236.0,263.0,287.0,296.0,24.2,41.5,43.0,1008.0,2.9,0.0,77.807,76.098,75.529,0,3,0
2024,7,GRAN PREMIO DEL MADE IN ITALY E DELL'EMILIA-ROMAGNA,NOR,McLaren,Q3,74.837,3.0,23.649,26.025,25.163,2.0,SOFT,True,232.0,260.0,286.0,296.0,24.2,41.5,43.0,1008.0,2.9,0.0,77.602,76.98,75.829,0,3,0
2024,7,GRAN PREMIO DEL MADE IN ITALY E DELL'EMILIA-ROMAGNA,LEC,Ferrari,Q3,74.97,4.0,23.741,25.935,25.294,2.0,SOFT,True,228.0,260.0,286.0,294.0,24.2,41.5,43.0,1008.0,2.9,0.0,76.99,75.906,76.087,0,3,0
2024,7,GRAN PREMIO DEL MADE IN ITALY E DELL'EMILIA-ROMAGNA,SAI,Ferrari,Q3,75.233,5.0,23.793,26.139,25.301,2.0,SOFT,True,234.0,260.0,286.0,294.0,24.2,41.5,43.0,1008.0,2.9,0.0,77.12,76.423,76.067,0,3,0
2024,7,GRAN PREMIO DEL MADE IN ITALY E DELL'EMILIA-ROMAGNA,RUS,Mercedes,Q3,75.234,6.0,23.632,26.111,25.491,2.0,SOFT,True,234.0,260.0,284.0,294.0,24.2,41.5,43.0,1008.0,2.9,0.0,77.094,76.311,76.095,0,3,0
2024,7,GRAN PREMIO DEL MADE IN ITALY E DELL'EMILIA-ROMAGNA,TSU,Racing Bulls,Q3,75.465,7.0,23.785,26.191,25.489,2.0,SOFT,True,234.0,261.0,284.0,293.0,24.2,41.5,43.0,1008.0,2.9,0.0,77.388,76.286,76.668,0,3,0
2024,7,GRAN PREMIO DEL MADE IN ITALY E DELL'EMILIA-ROMAGNA,HAM,Mercedes,Q3,75.504,8.0,23.884,26.146,25.474,2.0,SOFT,True,226.0,260.0,284.0,294.0,24.2,41.5,43.0,1008.0,2.9,0.0,77.408,76.297,76.96,0,3,0
2024,7,GRAN PREMIO DEL MADE IN ITALY E DELL'EMILIA-ROMAGNA,RIC,Racing Bulls,Q3,75.674,9.0,24.049,26.214,25.411,2.0,SOFT,True,228.0,259.0,286.0,293.0,24.2,41.5,43.0,1008.0,2.9,0.0,78.142,76.967,76.56,0,3,0
2024,7,GRAN PREMIO DEL MADE IN ITALY E DELL'EMILIA-ROMAGNA,HUL,Haas F1 Team,Q3,75.98,10.0,24.095,26.32,25.565,2.0,SOFT,True,230.0,260.0,286.0,298.0,24.2,41.5,43.0,1008.0,2.9,0.0,81.059,76.826,76.547,0,3,0
2024,8,GRAND PRIX DE MONACO,RUS,Mercedes,Q1,71.492,5.0,18.544,33.894,19.054,2.0,SOFT,True,221.0,207.0,271.0,281.0,21.3,44.0,61.0,1016.9,1.1,0.0,72.295,72.26,71.968,0,1,0
2024,8,GRAND PRIX DE MONACO,PIA,McLaren,Q1,71.5,2.0,18.614,33.707,19.179,4.0,SOFT,True,224.0,206.0,268.0,280.0,21.3,44.0,61.0,1016.9,1.1,0.0,72.198,72.366,71.901,0,1,0
2024,8,GRAND PRIX DE MONACO,HAM,Mercedes,Q1,71.528,7.0,18.689,33.784,19.055,2.0,SOFT,True,225.0,205.0,271.0,283.0,21.3,44.0,61.0,1016.9,1.1,0.0,72.169,71.466,71.71,0,1,0
2024,8,GRAND PRIX DE MONACO,SAI,Ferrari,Q1,71.543,3.0,18.679,33.614,19.25,3.0,SOFT,True,220.0,205.0,266.0,281.0,21.3,44.0,61.0,1016.9,1.1,0.0,72.954,71.962,71.979,0,1,0
2024,8,GRAND PRIX DE MONACO,LEC,Ferrari,Q1,71.584,1.0,18.597,33.825,19.162,9.0,SOFT,False,220.0,205.0,269.0,281.0,21.3,44.0,61.0,1016.9,1.1,0.0,72.397,71.278,71.369,0,1,0
2024,8,GRAND PRIX DE MONACO,ALB,Williams,Q1,71.623,9.0,18.635,33.925,19.063,4.0,SOFT,True,217.0,205.0,268.0,280.0,21.3,44.0,61.0,1016.9,1.1,0.0,73.425,72.257,72.18,0,1,0
2024,8,GRAND PRIX DE MONACO,VER,Red Bull Racing,Q1,71.711,6.0,18.612,33.97,19.129,9.0,SOFT,True,222.0,207.0,269.0,280.0,21.3,44.0,61.0,1016.9,1.1,0.0,72.984,71.813,71.566,0,1,0
2024,8,GRAND PRIX DE MONACO,GAS,Alpine,Q1,71.714,10.0,18.649,33.684,19.381,4.0,SOFT,True,222.0,206.0,266.0,281.0,21.3,44.0,61.0,1016.9,1.1,0.0,75.574,72.75,72.144,0,1,0
2024,8,GRAND PRIX DE MONACO,STR,Aston Martin,Q1,71.728,13.0,18.643,33.85,19.235,2.0,SOFT,True,222.0,201.0,272.0,281.0,21.3,44.0,61.0,1016.9,1.1,0.0,72.789,72.062,72.331,0,1,0
2024,8,GRAND PRIX DE MONACO,NOR,McLaren,Q1,71.76,4.0,18.756,33.793,19.211,4.0,SOFT,False,221.0,204.0,265.0,279.0,21.3,44.0,61.0,1016.9,1.1,0.0,72.396,71.953,71.988,0,1,0
2024,8,GRAND PRIX DE MONACO,RIC,Racing Bulls,Q1,71.785,12.0,18.895,33.708,19.182,5.0,SOFT,True,221.0,206.0,266.0,278.0,21.3,44.0,61.0,1016.9,1.1,0.0,72.901,72.577,72.829,0,1,0
2024,8,GRAND PRIX DE MONACO,MAG,Haas F1 Team,Q1,71.832,15.0,18.696,33.969,19.167,2.0,SOFT,True,220.0,202.0,272.0,283.0,21.3,44.0,61.0,1016.9,1.1,0.0,73.39,72.473,72.216,0,1,0
2024,8,GRAND PRIX DE MONACO,TSU,Racing Bulls,Q1,71.852,8.0,18.845,33.582,19.425,2.0,SOFT,True,223.0,203.0,266.0,281.0,21.3,44.0,61.0,1016.9,1.1,0.0,72.875,72.349,71.991,0,1,0
2024,8,GRAND PRIX DE MONACO,HUL,Haas F1 Team,Q1,71.876,14.0,18.824,33.857,19.195,2.0,SOFT,True,220.0,203.0,271.0,284.0,21.3,44.0,61.0,1016.9,1.1,0.0,73.576,72.569,72.192,0,1,0
2024,8,GRAND PRIX DE MONACO,OCO,Alpine,Q1,71.887,11.0,18.761,33.802,19.324,4.0,SOFT,True,217.0,204.0,267.0,281.0,21.3,44.0,61.0,1016.9,1.1,0.0,74.159,72.554,72.472,0,1,0
2024,8,GRAND PRIX DE MONACO,ALO,Aston Martin,Q1,72.019,14.0,18.941,33.959,19.119,2.0,SOFT,True,222.0,203.0,273.0,281.0,21.3,44.0,61.0,1016.9,1.1,0.0,72.775,71.753,72.087,0,1,0
2024,8,GRAND PRIX DE MONACO,SAR,Williams,Q1,72.02,15.0,18.8,34.068,19.152,5.0,SOFT,True,221.0,205.0,269.0,280.0,21.3,44.0,61.0,1016.9,1.1,0.0,74.15,72.79,72.703,0,1,0
2024,8,GRAND PRIX DE MONACO,PER,Red Bull Racing,Q1,72.06,16.0,18.831,33.993,19.236,2.0,SOFT,True,220.0,207.0,268.0,280.0,21.3,44.0,61.0,1016.9,1.1,0.0,73.229,72.099,71.923,0,1,0
2024,8,GRAND PRIX DE MONACO,BOT,Kick Sauber,Q1,72.512,17.0,19.1,34.008,19.404,4.0,SOFT,True,222.0,203.0,267.0,280.0,21.3,44.0,61.0,1016.9,1.1,0.0,73.248,73.057,86.364,0,1,0
2024,8,GRAND PRIX DE MONACO,ZHO,Kick Sauber,Q1,73.028,18.0,19.387,34.172,19.469,4.0,SOFT,True,219.0,203.0,268.0,280.0,21.3,44.0,61.0,1016.9,1.1,0.0,74.57,73.773,73.83,0,1,0
2024,8,GRAND PRIX DE MONACO,NOR,McLaren,Q2,70.732,4.0,18.432,33.415,18.885,2.0,SOFT,True,224.0,208.0,266.0,277.0,21.3,44.0,61.0,1016.9,1.1,0.0,72.396,71.953,71.988,0,2,0
2024,8,GRAND PRIX DE MONACO,VER,Red Bull Racing,Q2,70.745,6.0,18.292,33.502,18.951,3.0,SOFT,True,223.0,210.0,269.0,281.0,21.3,44.0,61.0,1016.9,1.1,0.0,72.984,71.813,71.566,0,2,0
2024,8,GRAND PRIX DE MONACO,PIA,McLaren,Q2,70.756,2.0,18.471,33.291,18.994,2.0,SOFT,True,224.0,210.0,266.0,277.0,21.3,44.0,61.0,1016.9,1.1,0.0,72.198,72.366,71.901,0,2,0
2024,8,GRAND PRIX DE MONACO,LEC,Ferrari,Q2,70.825,1.0,18.48,33.44,18.905,2.0,SOFT,True,222.0,209.0,269.0,280.0,21.3,44.0,61.0,1016.9,1.1,0.0,72.397,71.278,71.369,0,2,0
2024,8,GRAND PRIX DE MONACO,GAS,Alpine,Q2,70.896,10.0,18.481,33.453,18.962,3.0,SOFT,True,223.0,207.0,267.0,278.0,21.3,44.0,61.0,1016.9,1.1,0.0,75.574,72.75,72.144,0,2,0
2024,8,GRAND PRIX DE MONACO,RUS,Mercedes,Q2,70.929,5.0,18.461,33.498,18.97,2.0,SOFT,True,224.0,207.0,270.0,279.0,21.3,44.0,61.0,1016.9,1.1,0.0,72.295,72.26,71.968,0,2,0
2024,8,GRAND PRIX DE MONACO,HAM,Mercedes,Q2,71.056,7.0,18.479,33.6,18.977,5.0,SOFT,False,224.0,206.0,270.0,279.0,21.3,44.0,61.0,1016.9,1.1,0.0,72.169,71.466,71.71,0,2,0
2024,8,GRAND PRIX DE MONACO,SAI,Ferrari,Q2,71.075,3.0,18.669,33.543,18.863,2.0,SOFT,True,218.0,208.0,268.0,279.0,21.3,44.0,61.0,1016.9,1.1,0.0,72.954,71.962,71.979,0,2,0
2024,8,GRAND PRIX DE MONACO,TSU,Racing Bulls,Q2,71.106,8.0,18.611,33.501,18.994,2.0,SOFT,True,223.0,206.0,266.0,279.0,21.3,44.0,61.0,1016.9,1.1,0.0,72.875,72.349,71.991,0,2,0
2024,8,GRAND PRIX DE MONACO,ALB,Williams,Q2,71.216,9.0,18.594,33.684,18.938,2.0,SOFT,True,221.0,206.0,267.0,277.0,21.3,44.0,61.0,1016.9,1.1,0.0,73.425,72.257,72.18,0,2,0
2024,8,GRAND PRIX DE MONACO,OCO,Alpine,Q2,71.285,11.0,18.701,33.539,19.045,3.0,SOFT,True,218.0,206.0,267.0,278.0,21.3,44.0,61.0,1016.9,1.1,0.0,74.159,72.554,72.472,0,2,0
2024,8,GRAND PRIX DE MONACO,HUL,Haas F1 Team,Q2,71.44,14.0,18.67,33.631,19.139,3.0,SOFT,True,219.0,207.0,272.0,284.0,21.3,44.0,61.0,1016.9,1.1,0.0,73.576,72.569,72.192,0,2,0
2024,8,GRAND PRIX DE MONACO,RIC,Racing Bulls,Q2,71.482,12.0,18.77,33.705,19.007,2.0,SOFT,True,222.0,208.0,266.0,275.0,21.3,44.0,61.0,1016.9,1.1,0.0,72.901,72.577,72.829,0,2,0
2024,8,GRAND PRIX DE MONACO,STR,Aston Martin,Q2,71.563,13.0,18.687,33.774,19.102,2.0,SOFT,True,218.0,205.0,270.0,280.0,21.3,44.0,61.0,1016.9,1.1,0.0,72.789,72.062,72.331,0,2,0
2024,8,GRAND PRIX DE MONACO,MAG,Haas F1 Team,Q2,71.725,15.0,18.82,33.812,19.093,2.0,SOFT,True,218.0,204.0,271.0,284.0,21.3,44.0,61.0,1016.9,1.1,0.0,73.39,72.473,72.216,0,2,0
2024,8,GRAND PRIX DE MONACO,LEC,Ferrari,Q3,70.27,1.0,18.386,33.174,18.71,2.0,SOFT,True,222.0,208.0,269.0,280.0,21.3,44.0,61.0,1016.9,1.1,0.0,72.397,71.278,71.369,0,3,0
2024,8,GRAND PRIX DE MONACO,PIA,McLaren,Q3,70.424,2.0,18.303,33.38,18.741,2.0,SOFT,True,225.0,211.0,269.0,278.0,21.3,44.0,61.0,1016.9,1.1,0.0,72.198,72.366,71.901,0,3,0
2024,8,GRAND PRIX DE MONACO,SAI,Ferrari,Q3,70.518,3.0,18.494,33.241,18.783,3.0,SOFT,True,223.0,208.0,266.0,280.0,21.3,44.0,61.0,1016.9,1.1,0.0,72.954,71.962,71.979,0,3,0
2024,8,GRAND PRIX DE MONACO,NOR,McLaren,Q3,70.542,4.0,18.466,33.34,18.736,2.0,SOFT,True,224.0,209.0,267.0,279.0,21.3,44.0,61.0,1016.9,1.1,0.0,72.396,71.953,71.988,0,3,0
2024,8,GRAND PRIX DE MONACO,RUS,Mercedes,Q3,70.543,5.0,18.244,33.462,18.837,2.0,SOFT,True,227.0,210.0,272.0,280.0,21.3,44.0,61.0,1016.9,1.1,0.0,72.295,72.26,71.968,0,3,0
2024,8,GRAND PRIX DE MONACO,VER,Red Bull Racing,Q3,70.567,6.0,18.255,33.424,18.888,3.0,SOFT,True,223.0,208.0,267.0,279.0,21.3,44.0,61.0,1016.9,1.1,0.0,72.984,71.813,71.566,0,3,0
2024,8,GRAND PRIX DE MONACO,HAM,Mercedes,Q3,70.621,7.0,18.372,33.439,18.81,2.0,SOFT,True,225.0,207.0,269.0,282.0,21.3,44.0,61.0,1016.9,1.1,0.0,72.169,71.466,71.71,0,3,0
2024,8,GRAND PRIX DE MONACO,TSU,Racing Bulls,Q3,70.858,8.0,18.595,33.47,18.793,2.0,SOFT,True,223.0,205.0,264.0,275.0,21.3,44.0,61.0,1016.9,1.1,0.0,72.875,72.349,71.991,0,3,0
2024,8,GRAND PRIX DE MONACO,ALB,Williams,Q3,70.948,9.0,18.487,33.597,18.864,2.0,SOFT,True,220.0,207.0,266.0,273.0,21.3,44.0,61.0,1016.9,1.1,0.0,73.425,72.257,72.18,0,3,0
2024,8,GRAND PRIX DE MONACO,GAS,Alpine,Q3,71.311,10.0,18.637,33.599,19.075,7.0,SOFT,False,223.0,206.0,266.0,280.0,21.3,44.0,61.0,1016.9,1.1,0.0,75.574,72.75,72.144,0,3,0
2024,9,GRAND PRIX DU CANADA,VER,Red Bull Racing,Q1,72.36,2.0,20.28,22.99,29.09,2.0,SOFT,True,259.0,284.0,291.0,326.0,20.7,30.85,68.0,1000.8,1.85,0.0,86.502,79.311,72.923,0,1,0
2024,9,GRAND PRIX DU CANADA,TSU,Racing Bulls,Q1,72.748,8.0,20.354,23.159,29.235,4.0,SOFT,True,262.0,287.0,297.0,329.0,20.7,30.85,68.0,1000.8,1.85,0.0,88.723,76.951,73.716,0,1,0
2024,9,GRAND PRIX DU CANADA,HAM,Mercedes,Q1,72.851,7.0,20.416,23.031,29.404,8.0,SOFT,False,260.0,287.0,294.0,322.0,20.7,30.85,68.0,1000.8,1.85,0.0,85.97,76.908,72.549,0,1,0
2024,9,GRAND PRIX DU CANADA,ALB,Williams,Q1,72.896,10.0,20.435,23.07,29.391,4.0,SOFT,True,261.0,285.0,295.0,331.0,20.7,30.85,68.0,1000.8,1.85,0.0,107.907,76.977,73.88,0,1,0
2024,9,GRAND PRIX DU CANADA,PIA,McLaren,Q1,72.907,4.0,20.45,23.27,29.187,4.0,SOFT,True,261.0,284.0,295.0,326.0,20.7,30.85,68.0,1000.8,1.85,0.0,86.754,79.008,73.266,0,1,0
2024,9,GRAND PRIX DU CANADA,NOR,McLaren,Q1,72.959,3.0,20.421,23.177,29.361,2.0,SOFT,True,261.0,284.0,296.0,324.0,20.7,30.85,68.0,1000.8,1.85,0.0,84.435,80.843,73.293,0,1,0
2024,9,GRAND PRIX DU CANADA,RUS,Mercedes,Q1,73.013,1.0,20.453,23.034,29.526,8.0,SOFT,False,261.0,285.0,297.0,323.0,20.7,30.85,68.0,1000.8,1.85,0.0,88.541,76.273,72.957,0,1,0
2024,9,GRAND PRIX DU CANADA,SAI,Ferrari,Q1,73.038,12.0,20.432,23.14,29.466,2.0,SOFT,True,261.0,286.0,295.0,327.0,20.7,30.85,68.0,1000.8,1.85,0.0,84.763,77.722,73.57,0,1,0
2024,9,GRAND PRIX DU CANADA,SAR,Williams,Q1,73.063,13.0,20.61,23.018,29.435,5.0,SOFT,True,260.0,286.0,294.0,329.0,20.7,30.85,68.0,1000.8,1.85,0.0,96.586,77.496,73.663,0,1,0
2024,9,GRAND PRIX DU CANADA,STR,Aston Martin,Q1,73.088,9.0,20.446,23.156,29.486,2.0,SOFT,True,260.0,284.0,296.0,327.0,20.7,30.85,68.0,1000.8,1.85,0.0,100.53,76.464,73.026,0,1,0
2024,9,GRAND PRIX DU CANADA,LEC,Ferrari,Q1,73.107,11.0,20.529,23.223,29.355,2.0,SOFT,True,261.0,284.0,295.0,324.0,20.7,30.85,68.0,1000.8,1.85,0.0,85.306,76.556,73.349,0,1,0
2024,9,GRAND PRIX DU CANADA,ALO,Aston Martin,Q1,73.117,6.0,20.448,23.226,29.443,2.0,SOFT,True,262.0,285.0,296.0,330.0,20.7,30.85,68.0,1000.8,1.85,0.0,93.411,75.81,73.34,0,1,0
2024,9,GRAND PRIX DU CANADA,MAG,Haas F1 Team,Q1,73.217,14.0,20.51,23.274,29.433,4.0,SOFT,True,261.0,285.0,294.0,327.0,20.7,30.85,68.0,1000.8,1.85,0.0,89.052,76.773,73.439,0,1,0
2024,9,GRAND PRIX DU CANADA,RIC,Racing Bulls,Q1,73.24,5.0,20.525,23.173,29.542,4.0,SOFT,True,261.0,285.0,296.0,330.0,20.7,30.85,68.0,1000.8,1.85,0.0,88.582,76.731,73.279,0,1,0
2024,9,GRAND PRIX DU CANADA,GAS,Alpine,Q1,73.289,15.0,20.453,23.32,29.516,3.0,SOFT,True,259.0,282.0,294.0,323.0,20.7,30.85,68.0,1000.8,1.85,0.0,87.584,80.789,73.737,0,1,0
2024,9,GRAND PRIX DU CANADA,PER,Red Bull Racing,Q1,73.326,16.0,20.678,23.3,29.348,2.0,SOFT,True,260.0,285.0,297.0,328.0,20.7,30.85,68.0,1000.8,1.85,0.0,88.058,77.041,73.342,0,1,0
2024,9,GRAND PRIX DU CANADA,BOT,Kick Sauber,Q1,73.366,17.0,20.605,23.377,29.384,4.0,SOFT,False,262.0,286.0,295.0,328.0,20.7,30.85,68.0,1000.8,1.85,0.0,87.67,77.817,73.642,0,1,0
2024,9,GRAND PRIX DU CANADA,OCO,Alpine,Q1,73.435,18.0,20.755,23.231,29.449,2.0,SOFT,True,260.0,282.0,294.0,322.0,20.7,30.85,68.0,1000.8,1.85,0.0,,77.417,74.075,0,1,0
2024,9,GRAND PRIX DU CANADA,HUL,Haas F1 Team,Q1,73.978,19.0,20.713,23.428,29.837,4.0,SOFT,True,260.0,283.0,297.0,322.0,20.7,30.85,68.0,1000.8,1.85,0.0,92.826,77.903,73.777,0,1,0
2024,9,GRAND PRIX DU CANADA,ZHO,Kick Sauber,Q1,74.292,20.0,20.934,23.588,29.77,4.0,SOFT,True,260.0,286.0,295.0,322.0,20.7,30.85,68.0,1000.8,1.85,0.0,107.363,79.087,78.656,0,1,0
2024,9,GRAND PRIX DU CANADA,RUS,Mercedes,Q2,71.742,1.0,20.057,22.714,28.971,2.0,SOFT,True,263.0,285.0,297.0,326.0,20.7,30.85,68.0,1000.8,1.85,0.0,88.541,76.273,72.957,0,2,0
2024,9,GRAND PRIX DU CANADA,HAM,Mercedes,Q2,71.979,7.0,20.121,22.642,29.216,2.0,SOFT,True,262.0,285.0,295.0,320.0,20.7,30.85,68.0,1000.8,1.85,0.0,85.97,76.908,72.549,0,2,0
2024,9,GRAND PRIX DU CANADA,NOR,McLaren,Q2,72.201,3.0,20.227,22.877,29.097,5.0,SOFT,False,260.0,284.0,295.0,325.0,20.7,30.85,68.0,1000.8,1.85,0.0,84.435,80.843,73.293,0,2,0
2024,9,GRAND PRIX DU CANADA,TSU,Racing Bulls,Q2,72.303,8.0,20.234,22.943,29.126,2.0,SOFT,True,261.0,286.0,299.0,332.0,20.7,30.85,68.0,1000.8,1.85,0.0,88.723,76.951,73.716,0,2,0
2024,9,GRAND PRIX DU CANADA,PIA,McLaren,Q2,72.462,4.0,20.408,22.935,29.119,2.0,SOFT,True,260.0,284.0,296.0,325.0,20.7,30.85,68.0,1000.8,1.85,0.0,86.754,79.008,73.266,0,2,0
2024,9,GRAND PRIX DU CANADA,ALB,Williams,Q2,72.485,10.0,20.239,22.967,29.279,4.0,SOFT,True,261.0,287.0,295.0,329.0,20.7,30.85,68.0,1000.8,1.85,0.0,107.907,76.977,73.88,0,2,0
2024,9,GRAND PRIX DU CANADA,VER,Red Bull Racing,Q2,72.549,2.0,20.191,22.902,29.456,2.0,SOFT,True,260.0,285.0,294.0,324.0,20.7,30.85,68.0,1000.8,1.85,0.0,86.502,79.311,72.923,0,2,0
2024,9,GRAND PRIX DU CANADA,RIC,Racing Bulls,Q2,72.572,5.0,20.338,23.037,29.197,2.0,SOFT,True,261.0,284.0,297.0,330.0,20.7,30.85,68.0,1000.8,1.85,0.0,88.582,76.731,73.279,0,2,0
2024,9,GRAND PRIX DU CANADA,ALO,Aston Martin,Q2,72.635,6.0,20.292,23.079,29.264,2.0,SOFT,True,262.0,285.0,294.0,329.0,20.7,30.85,68.0,1000.8,1.85,0.0,93.411,75.81,73.34,0,2,0
2024,9,GRAND PRIX DU CANADA,STR,Aston Martin,Q2,72.659,9.0,20.258,23.002,29.399,2.0,SOFT,True,261.0,285.0,295.0,330.0,20.7,30.85,68.0,1000.8,1.85,0.0,100.53,76.464,73.026,0,2,0
2024,9,GRAND PRIX DU CANADA,LEC,Ferrari,Q2,72.691,11.0,20.471,23.037,29.183,6.0,SOFT,False,261.0,286.0,295.0,324.0,20.7,30.85,68.0,1000.8,1.85,0.0,85.306,76.556,73.349,0,2,0
2024,9,GRAND PRIX DU CANADA,SAI,Ferrari,Q2,72.728,12.0,20.377,22.965,29.386,6.0,SOFT,False,260.0,284.0,294.0,325.0,20.7,30.85,68.0,1000.8,1.85,0.0,84.763,77.722,73.57,0,2,0
2024,9,GRAND PRIX DU CANADA,SAR,Williams,Q2,72.736,13.0,20.479,22.99,29.267,4.0,SOFT,True,261.0,287.0,296.0,329.0,20.7,30.85,68.0,1000.8,1.85,0.0,96.586,77.496,73.663,0,2,0
2024,9,GRAND PRIX DU CANADA,MAG,Haas F1 Team,Q2,72.916,14.0,20.431,23.164,29.321,4.0,SOFT,True,261.0,284.0,297.0,327.0,20.7,30.85,68.0,1000.8,1.85,0.0,89.052,76.773,73.439,0,2,0
2024,9,GRAND PRIX DU CANADA,GAS,Alpine,Q2,72.94,15.0,20.445,23.1,29.395,3.0,SOFT,True,258.0,284.0,293.0,321.0,20.7,30.85,68.0,1000.8,1.85,0.0,87.584,80.789,73.737,0,2,0
2024,9,GRAND PRIX DU CANADA,RUS,Mercedes,Q3,72.0,1.0,20.123,22.726,29.151,5.0,SOFT,False,264.0,284.0,294.0,330.0,20.7,30.85,68.0,1000.8,1.85,0.0,88.541,76.273,72.957,0,3,0
2024,9,GRAND PRIX DU CANADA,VER,Red Bull Racing,Q3,72.0,2.0,19.987,22.915,29.098,2.0,SOFT,True,261.0,284.0,295.0,326.0,20.7,30.85,68.0,1000.8,1.85,0.0,86.502,79.311,72.923,0,3,0
2024,9,GRAND PRIX DU CANADA,NOR,McLaren,Q3,72.021,3.0,20.149,22.776,29.096,2.0,SOFT,True,259.0,283.0,293.0,321.0,20.7,30.85,68.0,1000.8,1.85,0.0,84.435,80.843,73.293,0,3,0
2024,9,GRAND PRIX DU CANADA,PIA,McLaren,Q3,72.103,4.0,20.255,22.792,29.056,3.0,SOFT,True,260.0,284.0,292.0,322.0,20.7,30.85,68.0,1000.8,1.85,0.0,86.754,79.008,73.266,0,3,0
2024,9,GRAND PRIX DU CANADA,RIC,Racing Bulls,Q3,72.178,5.0,20.115,22.932,29.131,2.0,SOFT,True,262.0,286.0,296.0,329.0,20.7,30.85,68.0,1000.8,1.85,0.0,88.582,76.731,73.279,0,3,0
2024,9,GRAND PRIX DU CANADA,ALO,Aston Martin,Q3,72.228,6.0,20.108,22.972,29.148,2.0,SOFT,True,262.0,284.0,294.0,328.0,20.7,30.85,68.0,1000.8,1.85,0.0,93.411,75.81,73.34,0,3,0
2024,9,GRAND PRIX DU CANADA,HAM,Mercedes,Q3,72.28,7.0,20.121,22.745,29.414,5.0,SOFT,False,263.0,285.0,291.0,324.0,20.7,30.85,68.0,1000.8,1.85,0.0,85.97,76.908,72.549,0,3,0
2024,9,GRAND PRIX DU CANADA,TSU,Racing Bulls,Q3,72.414,8.0,20.402,22.88,29.132,2.0,SOFT,True,261.0,286.0,296.0,328.0,20.7,30.85,68.0,1000.8,1.85,0.0,88.723,76.951,73.716,0,3,0
2024,9,GRAND PRIX DU CANADA,STR,Aston Martin,Q3,72.701,9.0,20.379,22.963,29.359,2.0,SOFT,True,260.0,284.0,298.0,333.0,20.7,30.85,68.0,1000.8,1.85,0.0,100.53,76.464,73.026,0,3,0
2024,9,GRAND PRIX DU CANADA,ALB,Williams,Q3,72.796,10.0,20.352,23.082,29.362,3.0,SOFT,True,261.0,285.0,295.0,327.0,20.7,30.85,68.0,1000.8,1.85,0.0,107.907,76.977,73.88,0,3,0
2024,10,GRAN PREMIO DE ESPAÑA,HAM,Mercedes,Q1,72.143,3.0,21.516,28.691,21.936,2.0,SOFT,True,291.0,308.0,294.0,323.0,24.1,36.25,68.0,1003.7,1.4,0.0,74.911,73.264,73.359,0,1,0
2024,10,GRAN PREMIO DE ESPAÑA,LEC,Ferrari,Q1,72.257,5.0,21.603,28.864,21.79,2.0,SOFT,True,291.0,309.0,290.0,324.0,24.1,36.25,68.0,1003.7,1.4,0.0,75.434,73.597,73.05,0,1,0
2024,10,GRAN PREMIO DE ESPAÑA,VER,Red Bull Racing,Q1,72.306,2.0,21.68,28.887,21.739,2.0,SOFT,True,290.0,309.0,291.0,320.0,24.1,36.25,68.0,1003.7,1.4,0.0,74.252,73.504,73.087,0,1,0
2024,10,GRAN PREMIO DE ESPAÑA,NOR,McLaren,Q1,72.386,1.0,21.579,28.941,21.866,2.0,SOFT,True,289.0,303.0,289.0,323.0,24.1,36.25,68.0,1003.7,1.4,0.0,74.228,73.319,73.043,0,1,0
2024,10,GRAN PREMIO DE ESPAÑA,SAI,Ferrari,Q1,72.403,6.0,21.43,29.024,21.949,2.0,SOFT,True,290.0,308.0,287.0,327.0,24.1,36.25,68.0,1003.7,1.4,0.0,74.572,73.286,73.013,0,1,0
2024,10,GRAN PREMIO DE ESPAÑA,RUS,Mercedes,Q1,72.456,4.0,21.673,28.959,21.824,2.0,SOFT,True,289.0,303.0,291.0,324.0,24.1,36.25,68.0,1003.7,1.4,0.0,74.614,73.722,73.164,0,1,0
2024,10,GRAN PREMIO DE ESPAÑA,PIA,McLaren,Q1,72.46,10.0,21.69,28.937,21.833,2.0,SOFT,True,288.0,306.0,288.0,320.0,24.1,36.25,68.0,1003.7,1.4,0.0,74.867,73.622,73.907,0,1,0
2024,10,GRAN PREMIO DE ESPAÑA,PER,Red Bull Racing,Q1,72.477,8.0,21.724,28.979,21.774,2.0,SOFT,True,289.0,310.0,293.0,320.0,24.1,36.25,68.0,1003.7,1.4,0.0,74.692,74.081,73.723,0,1,0
2024,10,GRAN PREMIO DE ESPAÑA,ALO,Aston Martin,Q1,72.505,11.0,21.702,28.887,21.916,2.0,SOFT,True,289.0,303.0,286.0,325.0,24.1,36.25,68.0,1003.7,1.4,0.0,75.222,74.091,73.786,0,1,0
2024,10,GRAN PREMIO DE ESPAÑA,GAS,Alpine,Q1,72.651,7.0,21.672,29.162,21.817,2.0,SOFT,True,289.0,306.0,290.0,322.0,24.1,36.25,68.0,1003.7,1.4,0.0,75.484,73.443,73.964,0,1,0
2024,10,GRAN PREMIO DE ESPAÑA,OCO,Alpine,Q1,72.691,9.0,21.688,29.033,21.97,2.0,SOFT,True,288.0,306.0,292.0,320.0,24.1,36.25,68.0,1003.7,1.4,0.0,75.086,73.766,73.95,0,1,0
2024,10,GRAN PREMIO DE ESPAÑA,HUL,Haas F1 Team,Q1,72.708,13.0,21.682,29.108,21.918,2.0,SOFT,True,289.0,311.0,293.0,329.0,24.1,36.25,68.0,1003.7,1.4,0.0,,74.053,73.975,0,1,0
2024,10,GRAN PREMIO DE ESPAÑA,BOT,Kick Sauber,Q1,72.758,12.0,21.71,29.139,21.909,2.0,SOFT,True,288.0,303.0,290.0,322.0,24.1,36.25,68.0,1003.7,1.4,0.0,75.472,73.924,74.024,0,1,0
2024,10,GRAN PREMIO DE ESPAÑA,ZHO,Kick Sauber,Q1,72.88,15.0,21.69,29.149,22.041,2.0,SOFT,True,291.0,306.0,291.0,326.0,24.1,36.25,68.0,1003.7,1.4,0.0,75.616,74.345,74.572,0,1,0
2024,10,GRAN PREMIO DE ESPAÑA,STR,Aston Martin,Q1,72.881,14.0,21.636,29.159,22.086,2.0,SOFT,True,286.0,302.0,287.0,326.0,24.1,36.25,68.0,1003.7,1.4,0.0,75.512,74.402,74.254,0,1,0
2024,10,GRAN PREMIO DE ESPAÑA,MAG,Haas F1 Team,Q1,72.937,16.0,21.754,29.17,22.013,2.0,SOFT,True,290.0,309.0,291.0,325.0,24.1,36.25,68.0,1003.7,1.4,0.0,75.644,74.021,74.074,0,1,0
2024,10,GRAN PREMIO DE ESPAÑA,TSU,Racing Bulls,Q1,72.985,17.0,21.665,29.21,22.11,2.0,SOFT,True,290.0,309.0,291.0,326.0,24.1,36.25,68.0,1003.7,1.4,0.0,75.916,74.211,74.42,0,1,0
2024,10,GRAN PREMIO DE ESPAÑA,RIC,Racing Bulls,Q1,73.075,18.0,21.725,29.203,22.147,2.0,SOFT,True,290.0,310.0,290.0,324.0,24.1,36.25,68.0,1003.7,1.4,0.0,75.58,74.257,74.161,0,1,0
2024,10,GRAN PREMIO DE ESPAÑA,ALB,Williams,Q1,73.153,19.0,21.819,29.193,22.141,2.0,SOFT,True,288.0,303.0,281.0,321.0,24.1,36.25,68.0,1003.7,1.4,0.0,75.417,74.807,73.753,0,1,0
2024,10,GRAN PREMIO DE ESPAÑA,SAR,Williams,Q1,73.509,20.0,21.853,29.41,22.246,2.0,SOFT,True,284.0,304.0,286.0,325.0,24.1,36.25,68.0,1003.7,1.4,0.0,75.752,75.07,74.729,0,1,0
2024,10,GRAN PREMIO DE ESPAÑA,VER,Red Bull Racing,Q2,71.653,2.0,21.52,28.553,21.58,2.0,SOFT,True,290.0,311.0,291.0,324.0,24.1,36.25,68.0,1003.7,1.4,0.0,74.252,73.504,73.087,0,2,0
2024,10,GRAN PREMIO DE ESPAÑA,HAM,Mercedes,Q2,71.792,3.0,21.456,28.677,21.659,2.0,SOFT,True,291.0,308.0,289.0,322.0,24.1,36.25,68.0,1003.7,1.4,0.0,74.911,73.264,73.359,0,2,0
2024,10,GRAN PREMIO DE ESPAÑA,RUS,Mercedes,Q2,71.812,4.0,21.342,28.713,21.757,2.0,SOFT,True,288.0,307.0,295.0,328.0,24.1,36.25,68.0,1003.7,1.4,0.0,74.614,73.722,73.164,0,2,0
2024,10,GRAN PREMIO DE ESPAÑA,NOR,McLaren,Q2,71.872,1.0,21.455,28.691,21.726,2.0,SOFT,True,290.0,307.0,286.0,325.0,24.1,36.25,68.0,1003.7,1.4,0.0,74.228,73.319,73.043,0,2,0
2024,10,GRAN PREMIO DE ESPAÑA,SAI,Ferrari,Q2,71.874,6.0,21.408,28.667,21.799,2.0,SOFT,True,291.0,309.0,287.0,326.0,24.1,36.25,68.0,1003.7,1.4,0.0,74.572,73.286,73.013,0,2,0
2024,10,GRAN PREMIO DE ESPAÑA,PIA,McLaren,Q2,72.011,10.0,21.533,28.694,21.784,2.0,SOFT,True,286.0,303.0,289.0,322.0,24.1,36.25,68.0,1003.7,1.4,0.0,74.867,73.622,73.907,0,2,0
2024,10,GRAN PREMIO DE ESPAÑA,LEC,Ferrari,Q2,72.038,5.0,21.455,28.879,21.704,2.0,SOFT,True,291.0,309.0,291.0,327.0,24.1,36.25,68.0,1003.7,1.4,0.0,75.434,73.597,73.05,0,2,0
2024,10,GRAN PREMIO DE ESPAÑA,PER,Red Bull Racing,Q2,72.054,8.0,21.535,28.794,21.725,2.0,SOFT,True,290.0,312.0,293.0,324.0,24.1,36.25,68.0,1003.7,1.4,0.0,74.692,74.081,73.723,0,2,0
2024,10,GRAN PREMIO DE ESPAÑA,GAS,Alpine,Q2,72.079,7.0,21.613,28.791,21.675,2.0,SOFT,True,289.0,307.0,291.0,322.0,24.1,36.25,68.0,1003.7,1.4,0.0,75.484,73.443,73.964,0,2,0
2024,10,GRAN PREMIO DE ESPAÑA,OCO,Alpine,Q2,72.109,9.0,21.608,28.803,21.698,2.0,SOFT,True,289.0,307.0,291.0,322.0,24.1,36.25,68.0,1003.7,1.4,0.0,75.086,73.766,73.95,0,2,0
2024,10,GRAN PREMIO DE ESPAÑA,ALO,Aston Martin,Q2,72.128,11.0,21.583,28.79,21.755,2.0,SOFT,True,288.0,303.0,289.0,325.0,24.1,36.25,68.0,1003.7,1.4,0.0,75.222,74.091,73.786,0,2,0
2024,10,GRAN PREMIO DE ESPAÑA,BOT,Kick Sauber,Q2,72.227,12.0,21.658,28.843,21.726,2.0,SOFT,True,290.0,306.0,292.0,324.0,24.1,36.25,68.0,1003.7,1.4,0.0,75.472,73.924,74.024,0,2,0
2024,10,GRAN PREMIO DE ESPAÑA,HUL,Haas F1 Team,Q2,72.31,13.0,21.555,28.975,21.78,2.0,SOFT,True,291.0,311.0,293.0,327.0,24.1,36.25,68.0,1003.7,1.4,0.0,,74.053,73.975,0,2,0
2024,10,GRAN PREMIO DE ESPAÑA,STR,Aston Martin,Q2,72.372,14.0,21.638,28.86,21.874,2.0,SOFT,True,287.0,305.0,287.0,323.0,24.1,36.25,68.0,1003.7,1.4,0.0,75.512,74.402,74.254,0,2,0
2024,10,GRAN PREMIO DE ESPAÑA,ZHO,Kick Sauber,Q2,72.738,15.0,21.686,29.004,22.048,2.0,SOFT,True,291.0,307.0,292.0,326.0,24.1,36.25,68.0,1003.7,1.4,0.0,75.616,74.345,74.572,0,2,0
2024,10,GRAN PREMIO DE ESPAÑA,NOR,McLaren,Q3,71.383,1.0,21.383,28.402,21.598,2.0,SOFT,True,287.0,306.0,288.0,323.0,24.1,36.25,68.0,1003.7,1.4,0.0,74.228,73.319,73.043,0,3,0
2024,10,GRAN PREMIO DE ESPAÑA,VER,Red Bull Racing,Q3,71.403,2.0,21.369,28.541,21.493,2.0,SOFT,True,289.0,310.0,295.0,328.0,24.1,36.25,68.0,1003.7,1.4,0.0,74.252,73.504,73.087,0,3,0
2024,10,GRAN PREMIO DE ESPAÑA,HAM,Mercedes,Q3,71.701,3.0,21.459,28.543,21.699,2.0,SOFT,True,293.0,311.0,294.0,327.0,24.1,36.25,68.0,1003.7,1.4,0.0,74.911,73.264,73.359,0,3,0
2024,10,GRAN PREMIO DE ESPAÑA,RUS,Mercedes,Q3,71.703,4.0,21.36,28.659,21.684,2.0,SOFT,True,290.0,310.0,293.0,328.0,24.1,36.25,68.0,1003.7,1.4,0.0,74.614,73.722,73.164,0,3,0
2024,10,GRAN PREMIO DE ESPAÑA,LEC,Ferrari,Q3,71.731,5.0,21.39,28.672,21.669,2.0,SOFT,True,291.0,310.0,289.0,327.0,24.1,36.25,68.0,1003.7,1.4,0.0,75.434,73.597,73.05,0,3,0
2024,10,GRAN PREMIO DE ESPAÑA,SAI,Ferrari,Q3,71.736,6.0,21.421,28.625,21.69,2.0,SOFT,True,288.0,308.0,289.0,324.0,24.1,36.25,68.0,1003.7,1.4,0.0,74.572,73.286,73.013,0,3,0
2024,10,GRAN PREMIO DE ESPAÑA,GAS,Alpine,Q3,71.857,7.0,21.547,28.677,21.633,2.0,SOFT,True,288.0,306.0,290.0,324.0,24.1,36.25,68.0,1003.7,1.4,0.0,75.484,73.443,73.964,0,3,0
2024,10,GRAN PREMIO DE ESPAÑA,PER,Red Bull Racing,Q3,72.061,8.0,21.494,28.79,21.777,2.0,SOFT,True,289.0,310.0,289.0,322.0,24.1,36.25,68.0,1003.7,1.4,0.0,74.692,74.081,73.723,0,3,0
2024,10,GRAN PREMIO DE ESPAÑA,OCO,Alpine,Q3,72.125,9.0,21.619,28.765,21.741,2.0,SOFT,True,289.0,307.0,291.0,322.0,24.1,36.25,68.0,1003.7,1.4,0.0,75.086,73.766,73.95,0,3,0
2024,10,GRAN PREMIO DE ESPAÑA,PIA,McLaren,Q3,72.542,10.0,21.646,28.922,21.974,4.0,SOFT,False,289.0,303.0,289.0,321.0,24.1,36.25,68.0,1003.7,1.4,0.0,74.867,73.622,73.907,0,3,0
2024,11,AUSTRIAN GRAND PRIX,SAI,Ferrari,Q1,65.263,4.0,16.37,29.178,19.715,2.0,SOFT,True,322.0,244.0,286.0,316.0,31.3,46.1,38.0,938.5,1.3,0.0,66.128,,65.126,1,1,0
2024,11,AUSTRIAN GRAND PRIX,PIA,McLaren,Q1,65.311,7.0,16.405,29.143,19.763,2.0,SOFT,True,319.0,245.0,283.0,314.0,31.3,46.1,38.0,938.5,1.3,0.0,65.961,,64.987,1,1,0
2024,11,AUSTRIAN GRAND PRIX,VER,Red Bull Racing,Q1,65.336,1.0,16.421,29.316,19.599,5.0,SOFT,False,322.0,244.0,285.0,316.0,31.3,46.1,38.0,938.5,1.3,0.0,65.685,,64.686,1,1,0
2024,11,AUSTRIAN GRAND PRIX,NOR,McLaren,Q1,65.45,2.0,16.356,29.369,19.725,2.0,SOFT,True,322.0,243.0,281.0,315.0,31.3,46.1,38.0,938.5,1.3,0.0,66.88,,64.779,1,1,0
2024,11,AUSTRIAN GRAND PRIX,MAG,Haas F1 Team,Q1,65.508,12.0,16.41,29.233,19.865,2.0,SOFT,True,323.0,242.0,285.0,320.0,31.3,46.1,38.0,938.5,1.3,0.0,67.145,,65.806,1,1,0
2024,11,AUSTRIAN GRAND PRIX,LEC,Ferrari,Q1,65.509,6.0,16.498,29.378,19.633,2.0,SOFT,True,321.0,247.0,284.0,317.0,31.3,46.1,38.0,938.5,1.3,0.0,66.055,,65.526,1,1,0
2024,11,AUSTRIAN GRAND PRIX,HAM,Mercedes,Q1,65.541,5.0,16.543,29.188,19.81,2.0,SOFT,True,319.0,245.0,284.0,318.0,31.3,46.1,38.0,938.5,1.3,0.0,66.254,,65.27,1,1,0
2024,11,AUSTRIAN GRAND PRIX,TSU,Racing Bulls,Q1,65.563,14.0,16.424,29.262,19.877,2.0,SOFT,True,321.0,241.0,285.0,317.0,31.3,46.1,38.0,938.5,1.3,0.0,66.579,,65.96,1,1,0
2024,11,AUSTRIAN GRAND PRIX,RIC,Racing Bulls,Q1,65.569,11.0,16.405,29.314,19.85,2.0,SOFT,True,323.0,247.0,287.0,318.0,31.3,46.1,38.0,938.5,1.3,0.0,66.962,,66.581,1,1,0
2024,11,AUSTRIAN GRAND PRIX,OCO,Alpine,Q1,65.574,10.0,16.489,29.376,19.709,2.0,SOFT,True,318.0,244.0,283.0,315.0,31.3,46.1,38.0,938.5,1.3,0.0,66.297,,65.686,1,1,0
2024,11,AUSTRIAN GRAND PRIX,RUS,Mercedes,Q1,65.585,3.0,16.529,29.439,19.617,4.0,SOFT,False,319.0,246.0,285.0,317.0,31.3,46.1,38.0,938.5,1.3,0.0,66.386,,65.054,1,1,0
2024,11,AUSTRIAN GRAND PRIX,PER,Red Bull Racing,Q1,65.587,8.0,16.542,29.354,19.691,2.0,SOFT,True,322.0,242.0,286.0,318.0,31.3,46.1,38.0,938.5,1.3,0.0,66.783,,65.612,1,1,0
2024,11,AUSTRIAN GRAND PRIX,HUL,Haas F1 Team,Q1,65.596,9.0,16.528,29.263,19.805,2.0,SOFT,True,323.0,245.0,286.0,319.0,31.3,46.1,38.0,938.5,1.3,0.0,66.966,,66.583,1,1,0
2024,11,AUSTRIAN GRAND PRIX,GAS,Alpine,Q1,65.598,13.0,16.512,29.34,19.746,2.0,SOFT,True,319.0,243.0,284.0,314.0,31.3,46.1,38.0,938.5,1.3,0.0,66.734,,65.757,1,1,0
2024,11,AUSTRIAN GRAND PRIX,ALO,Aston Martin,Q1,65.656,15.0,16.595,29.417,19.644,2.0,SOFT,True,320.0,244.0,283.0,316.0,31.3,46.1,38.0,938.5,1.3,0.0,66.603,,65.878,1,1,0
2024,11,AUSTRIAN GRAND PRIX,ALB,Williams,Q1,65.736,16.0,16.442,29.406,19.888,2.0,SOFT,True,322.0,244.0,284.0,318.0,31.3,46.1,38.0,938.5,1.3,0.0,66.995,,66.754,1,1,0
2024,11,AUSTRIAN GRAND PRIX,STR,Aston Martin,Q1,65.819,17.0,16.526,29.453,19.84,2.0,SOFT,True,324.0,241.0,284.0,318.0,31.3,46.1,38.0,938.5,1.3,0.0,66.384,,65.847,1,1,0
2024,11,AUSTRIAN GRAND PRIX,BOT,Kick Sauber,Q1,65.847,18.0,16.535,29.337,19.975,2.0,SOFT,True,321.0,241.0,286.0,317.0,31.3,46.1,38.0,938.5,1.3,0.0,66.925,,66.709,1,1,0
2024,11,AUSTRIAN GRAND PRIX,SAR,Williams,Q1,65.856,19.0,16.495,29.357,20.004,2.0,SOFT,True,322.0,244.0,283.0,318.0,31.3,46.1,38.0,938.5,1.3,0.0,67.259,,66.013,1,1,0
2024,11,AUSTRIAN GRAND PRIX,ZHO,Kick Sauber,Q1,66.061,20.0,16.58,29.38,20.101,2.0,SOFT,True,321.0,243.0,276.0,318.0,31.3,46.1,38.0,938.5,1.3,0.0,66.919,,67.197,1,1,0
2024,11,AUSTRIAN GRAND PRIX,VER,Red Bull Racing,Q2,64.469,1.0,16.262,28.852,19.355,2.0,SOFT,True,322.0,249.0,288.0,318.0,31.3,46.1,38.0,938.5,1.3,0.0,65.685,,64.686,1,2,0
2024,11,AUSTRIAN GRAND PRIX,RUS,Mercedes,Q2,65.016,3.0,16.393,29.06,19.563,2.0,SOFT,True,320.0,245.0,285.0,318.0,31.3,46.1,38.0,938.5,1.3,0.0,66.386,,65.054,1,2,0
2024,11,AUSTRIAN GRAND PRIX,SAI,Ferrari,Q2,65.016,4.0,16.388,29.07,19.558,2.0,SOFT,True,320.0,247.0,283.0,316.0,31.3,46.1,38.0,938.5,1.3,0.0,66.128,,65.126,1,2,0
2024,11,AUSTRIAN GRAND PRIX,HAM,Mercedes,Q2,65.053,5.0,16.342,29.033,19.678,2.0,SOFT,True,318.0,245.0,285.0,317.0,31.3,46.1,38.0,938.5,1.3,0.0,66.254,,65.27,1,2,0
2024,11,AUSTRIAN GRAND PRIX,PIA,McLaren,Q2,65.07,7.0,16.387,29.065,19.618,2.0,SOFT,True,319.0,247.0,285.0,315.0,31.3,46.1,38.0,938.5,1.3,0.0,65.961,,64.987,1,2,0
2024,11,AUSTRIAN GRAND PRIX,NOR,McLaren,Q2,65.103,2.0,16.388,29.194,19.521,2.0,SOFT,True,319.0,247.0,284.0,315.0,31.3,46.1,38.0,938.5,1.3,0.0,66.88,,64.779,1,2,0
2024,11,AUSTRIAN GRAND PRIX,LEC,Ferrari,Q2,65.104,6.0,16.369,29.135,19.6,4.0,SOFT,False,320.0,247.0,286.0,315.0,31.3,46.1,38.0,938.5,1.3,0.0,66.055,,65.526,1,2,0
2024,11,AUSTRIAN GRAND PRIX,PER,Red Bull Racing,Q2,65.144,8.0,16.493,29.054,19.597,2.0,SOFT,True,321.0,246.0,284.0,318.0,31.3,46.1,38.0,938.5,1.3,0.0,66.783,,65.612,1,2,0
2024,11,AUSTRIAN GRAND PRIX,HUL,Haas F1 Team,Q2,65.262,9.0,16.391,29.065,19.806,2.0,SOFT,True,322.0,247.0,285.0,318.0,31.3,46.1,38.0,938.5,1.3,0.0,66.966,,66.583,1,2,0
2024,11,AUSTRIAN GRAND PRIX,OCO,Alpine,Q2,65.274,10.0,16.429,29.141,19.704,2.0,SOFT,True,316.0,247.0,282.0,317.0,31.3,46.1,38.0,938.5,1.3,0.0,66.297,,65.686,1,2,0
2024,11,AUSTRIAN GRAND PRIX,RIC,Racing Bulls,Q2,65.289,11.0,16.405,29.193,19.691,2.0,SOFT,True,323.0,245.0,287.0,319.0,31.3,46.1,38.0,938.5,1.3,0.0,66.962,,66.581,1,2,0
2024,11,AUSTRIAN GRAND PRIX,GAS,Alpine,Q2,65.335,13.0,16.452,29.146,19.737,2.0,SOFT,True,318.0,236.0,284.0,314.0,31.3,46.1,38.0,938.5,1.3,0.0,66.734,,65.757,1,2,0
2024,11,AUSTRIAN GRAND PRIX,MAG,Haas F1 Team,Q2,65.347,12.0,16.384,29.173,19.79,2.0,SOFT,True,323.0,240.0,284.0,318.0,31.3,46.1,38.0,938.5,1.3,0.0,67.145,,65.806,1,2,0
2024,11,AUSTRIAN GRAND PRIX,TSU,Racing Bulls,Q2,65.412,14.0,16.422,29.245,19.745,2.0,SOFT,True,322.0,245.0,286.0,316.0,31.3,46.1,38.0,938.5,1.3,0.0,66.579,,65.96,1,2,0
2024,11,AUSTRIAN GRAND PRIX,ALO,Aston Martin,Q2,65.639,15.0,16.505,29.362,19.772,2.0,SOFT,True,321.0,243.0,282.0,315.0,31.3,46.1,38.0,938.5,1.3,0.0,66.603,,65.878,1,2,0
2024,11,AUSTRIAN GRAND PRIX,VER,Red Bull Racing,Q3,64.314,1.0,16.254,28.791,19.269,2.0,SOFT,True,323.0,249.0,288.0,319.0,31.3,46.1,38.0,938.5,1.3,0.0,65.685,,64.686,1,3,0
2024,11,AUSTRIAN GRAND PRIX,NOR,McLaren,Q3,64.718,2.0,16.377,28.847,19.494,2.0,SOFT,True,318.0,248.0,283.0,316.0,31.3,46.1,38.0,938.5,1.3,0.0,66.88,,64.779,1,3,0
2024,11,AUSTRIAN GRAND PRIX,PIA,McLaren,Q3,64.786,7.0,16.422,28.924,19.44,2.0,SOFT,True,318.0,249.0,285.0,315.0,31.3,46.1,38.0,938.5,1.3,0.0,65.961,,64.987,1,3,0
2024,11,AUSTRIAN GRAND PRIX,RUS,Mercedes,Q3,64.84,3.0,16.403,28.882,19.555,2.0,SOFT,True,321.0,247.0,286.0,318.0,31.3,46.1,38.0,938.5,1.3,0.0,66.386,,65.054,1,3,0
2024,11,AUSTRIAN GRAND PRIX,SAI,Ferrari,Q3,64.851,4.0,16.385,28.89,19.576,2.0,SOFT,True,320.0,250.0,285.0,317.0,31.3,46.1,38.0,938.5,1.3,0.0,66.128,,65.126,1,3,0
2024,11,AUSTRIAN GRAND PRIX,HAM,Mercedes,Q3,64.903,5.0,16.338,29.033,19.532,2.0,SOFT,True,320.0,245.0,284.0,317.0,31.3,46.1,38.0,938.5,1.3,0.0,66.254,,65.27,1,3,0
2024,11,AUSTRIAN GRAND PRIX,LEC,Ferrari,Q3,65.044,6.0,16.361,29.044,19.639,4.0,SOFT,False,321.0,245.0,286.0,317.0,31.3,46.1,38.0,938.5,1.3,0.0,66.055,,65.526,1,3,0
2024,11,AUSTRIAN GRAND PRIX,PER,Red Bull Racing,Q3,65.202,8.0,16.454,29.153,19.595,5.0,SOFT,False,320.0,241.0,286.0,316.0,31.3,46.1,38.0,938.5,1.3,0.0,66.783,,65.612,1,3,0
2024,11,AUSTRIAN GRAND PRIX,HUL,Haas F1 Team,Q3,65.385,9.0,16.42,29.144,19.821,2.0,SOFT,True,322.0,244.0,285.0,319.0,31.3,46.1,38.0,938.5,1.3,0.0,66.966,,66.583,1,3,0
2024,11,AUSTRIAN GRAND PRIX,OCO,Alpine,Q3,65.883,10.0,16.555,29.44,19.888,5.0,SOFT,False,318.0,241.0,284.0,315.0,31.3,46.1,38.0,938.5,1.3,0.0,66.297,,65.686,1,3,0
2024,12,BRITISH GRAND PRIX,HAM,Mercedes,Q1,89.547,2.0,28.925,35.67,24.952,4.0,SOFT,True,292.0,262.0,243.0,300.0,13.8,21.3,74.0,987.4,1.6,0.0,87.858,87.202,97.564,0,1,0
2024,12,BRITISH GRAND PRIX,RUS,Mercedes,Q1,90.106,1.0,28.97,36.277,24.859,4.0,SOFT,True,291.0,262.0,251.0,300.0,13.8,21.3,74.0,987.4,1.6,0.0,87.738,87.294,97.529,0,1,0
2024,12,BRITISH GRAND PRIX,LEC,Ferrari,Q1,90.496,11.0,29.112,36.265,25.119,4.0,SOFT,True,291.0,261.0,239.0,296.0,13.8,21.3,74.0,987.4,1.6,0.0,87.903,87.15,98.454,0,1,0
2024,12,BRITISH GRAND PRIX,SAI,Ferrari,Q1,90.557,7.0,29.127,36.345,25.085,4.0,SOFT,True,288.0,262.0,245.0,299.0,13.8,21.3,74.0,987.4,1.6,0.0,87.925,87.249,98.139,0,1,0
2024,12,BRITISH GRAND PRIX,PIA,McLaren,Q1,90.895,5.0,29.2,36.417,25.278,2.0,SOFT,True,286.0,260.0,246.0,292.0,13.8,21.3,74.0,987.4,1.6,0.0,87.631,86.88,96.654,0,1,0
2024,12,BRITISH GRAND PRIX,TSU,Racing Bulls,Q1,90.994,13.0,28.754,36.798,25.442,4.0,SOFT,True,295.0,260.0,244.0,303.0,13.8,21.3,74.0,987.4,1.6,0.0,89.864,87.745,99.82,0,1,0
2024,12,BRITISH GRAND PRIX,ALB,Williams,Q1,91.135,9.0,29.294,36.646,25.195,3.0,SOFT,True,294.0,257.0,236.0,304.0,13.8,21.3,74.0,987.4,1.6,0.0,88.649,87.645,99.603,0,1,0
2024,12,BRITISH GRAND PRIX,ZHO,Kick Sauber,Q1,91.19,14.0,29.035,36.652,25.503,5.0,SOFT,True,290.0,258.0,238.0,297.0,13.8,21.3,74.0,987.4,1.6,0.0,88.59,87.813,101.785,0,1,0
2024,12,BRITISH GRAND PRIX,ALO,Aston Martin,Q1,91.264,10.0,29.224,36.835,25.205,4.0,SOFT,True,292.0,260.0,249.0,303.0,13.8,21.3,74.0,987.4,1.6,0.0,87.794,87.372,98.94,0,1,0
2024,12,BRITISH GRAND PRIX,RIC,Racing Bulls,Q1,91.291,15.0,29.133,37.045,25.113,4.0,SOFT,True,294.0,260.0,248.0,302.0,13.8,21.3,74.0,987.4,1.6,0.0,88.477,87.916,100.823,0,1,0
2024,12,BRITISH GRAND PRIX,VER,Red Bull Racing,Q1,91.342,4.0,29.053,36.706,25.583,4.0,SOFT,True,294.0,259.0,203.0,300.0,13.8,21.3,74.0,987.4,1.6,0.0,87.729,87.233,98.393,0,1,0
2024,12,BRITISH GRAND PRIX,STR,Aston Martin,Q1,91.41,8.0,29.063,37.15,25.197,4.0,SOFT,True,286.0,256.0,249.0,295.0,13.8,21.3,74.0,987.4,1.6,0.0,87.554,87.274,99.7,0,1,0
2024,12,BRITISH GRAND PRIX,NOR,McLaren,Q1,91.596,3.0,29.155,37.04,25.401,2.0,SOFT,True,283.0,259.0,244.0,296.0,13.8,21.3,74.0,987.4,1.6,0.0,87.42,86.549,97.714,0,1,0
2024,12,BRITISH GRAND PRIX,SAR,Williams,Q1,91.608,12.0,29.3,36.866,25.442,3.0,SOFT,True,286.0,256.0,241.0,296.0,13.8,21.3,74.0,987.4,1.6,0.0,,87.809,99.702,0,1,0
2024,12,BRITISH GRAND PRIX,HUL,Haas F1 Team,Q1,91.929,6.0,29.532,37.039,25.358,2.0,SOFT,True,295.0,256.0,248.0,302.0,13.8,21.3,74.0,987.4,1.6,0.0,88.082,86.99,99.34,0,1,0
2024,12,BRITISH GRAND PRIX,BOT,Kick Sauber,Q1,92.431,16.0,29.149,37.552,25.73,2.0,SOFT,True,290.0,256.0,248.0,294.0,13.8,21.3,74.0,987.4,1.6,0.0,88.254,87.381,100.242,0,1,0
2024,12,BRITISH GRAND PRIX,MAG,Haas F1 Team,Q1,92.905,17.0,29.587,37.446,25.872,2.0,SOFT,True,294.0,257.0,229.0,293.0,13.8,21.3,74.0,987.4,1.6,0.0,,88.122,100.539,0,1,0
2024,12,BRITISH GRAND PRIX,OCO,Alpine,Q1,94.557,18.0,30.569,38.201,25.787,3.0,SOFT,True,287.0,253.0,244.0,295.0,13.8,21.3,74.0,987.4,1.6,0.0,87.974,87.743,100.43,0,1,0
2024,12,BRITISH GRAND PRIX,PER,Red Bull Racing,Q1,98.348,19.0,31.119,39.482,27.747,2.0,INTERMEDIATE,True,294.0,246.0,222.0,297.0,13.8,21.3,74.0,987.4,1.6,0.0,,86.983,99.284,0,1,0
2024,12,BRITISH GRAND PRIX,GAS,Alpine,Q1,99.804,20.0,31.617,40.506,27.681,2.0,INTERMEDIATE,True,284.0,241.0,229.0,292.0,13.8,21.3,74.0,987.4,1.6,0.0,,87.732,,0,1,0
2024,12,BRITISH GRAND PRIX,NOR,McLaren,Q2,86.559,3.0,28.113,34.813,23.633,3.0,SOFT,True,309.0,267.0,252.0,320.0,13.8,21.3,74.0,987.4,1.6,0.0,87.42,86.549,97.714,0,2,0
2024,12,BRITISH GRAND PRIX,RUS,Mercedes,Q2,86.723,1.0,28.267,35.016,23.44,4.0,SOFT,True,312.0,266.0,253.0,321.0,13.8,21.3,74.0,987.4,1.6,0.0,87.738,87.294,97.529,0,2,0
2024,12,BRITISH GRAND PRIX,ALO,Aston Martin,Q2,86.73,10.0,28.136,34.915,23.679,3.0,SOFT,False,314.0,265.0,252.0,323.0,13.8,21.3,74.0,987.4,1.6,0.0,87.794,87.372,98.94,0,2,0
2024,12,BRITISH GRAND PRIX,PIA,McLaren,Q2,86.733,5.0,28.178,34.913,23.642,5.0,SOFT,True,308.0,266.0,253.0,320.0,13.8,21.3,74.0,987.4,1.6,0.0,87.631,86.88,96.654,0,2,0
2024,12,BRITISH GRAND PRIX,HAM,Mercedes,Q2,86.77,2.0,28.224,34.921,23.625,2.0,SOFT,True,311.0,266.0,250.0,320.0,13.8,21.3,74.0,987.4,1.6,0.0,87.858,87.202,97.564,0,2,0
2024,12,BRITISH GRAND PRIX,VER,Red Bull Racing,Q2,86.796,4.0,28.138,35.077,23.581,2.0,SOFT,True,313.0,262.0,252.0,320.0,13.8,21.3,74.0,987.4,1.6,0.0,87.729,87.233,98.393,0,2,0
2024,12,BRITISH GRAND PRIX,SAI,Ferrari,Q2,86.843,7.0,28.107,35.04,23.696,2.0,SOFT,True,313.0,263.0,253.0,323.0,13.8,21.3,74.0,987.4,1.6,0.0,87.925,87.249,98.139,0,2,0
2024,12,BRITISH GRAND PRIX,HUL,Haas F1 Team,Q2,86.847,6.0,28.059,35.073,23.715,2.0,SOFT,True,314.0,262.0,253.0,322.0,13.8,21.3,74.0,987.4,1.6,0.0,88.082,86.99,99.34,0,2,0
2024,12,BRITISH GRAND PRIX,ALB,Williams,Q2,86.933,9.0,28.306,34.874,23.753,2.0,SOFT,True,312.0,263.0,252.0,324.0,13.8,21.3,74.0,987.4,1.6,0.0,88.649,87.645,99.603,0,2,0
2024,12,BRITISH GRAND PRIX,STR,Aston Martin,Q2,86.938,8.0,28.158,35.029,23.751,3.0,SOFT,False,313.0,266.0,252.0,324.0,13.8,21.3,74.0,987.4,1.6,0.0,87.554,87.274,99.7,0,2,0
2024,12,BRITISH GRAND PRIX,LEC,Ferrari,Q2,87.097,11.0,28.117,35.16,23.82,2.0,SOFT,True,312.0,254.0,254.0,321.0,13.8,21.3,74.0,987.4,1.6,0.0,87.903,87.15,98.454,0,2,0
2024,12,BRITISH GRAND PRIX,SAR,Williams,Q2,87.175,12.0,28.251,35.129,23.795,3.0,SOFT,False,311.0,263.0,251.0,322.0,13.8,21.3,74.0,987.4,1.6,0.0,,87.809,99.702,0,2,0
2024,12,BRITISH GRAND PRIX,TSU,Racing Bulls,Q2,87.269,13.0,28.115,35.163,23.991,2.0,SOFT,True,314.0,265.0,252.0,323.0,13.8,21.3,74.0,987.4,1.6,0.0,89.864,87.745,99.82,0,2,0
2024,12,BRITISH GRAND PRIX,ZHO,Kick Sauber,Q2,87.867,14.0,28.252,35.594,24.021,2.0,SOFT,True,309.0,263.0,251.0,320.0,13.8,21.3,74.0,987.4,1.6,0.0,88.59,87.813,101.785,0,2,0
2024,12,BRITISH GRAND PRIX,RIC,Racing Bulls,Q2,87.949,15.0,28.418,35.594,23.937,4.0,SOFT,False,315.0,264.0,251.0,324.0,13.8,21.3,74.0,987.4,1.6,0.0,88.477,87.916,100.823,0,2,0
2024,12,BRITISH GRAND PRIX,RUS,Mercedes,Q3,85.819,1.0,28.016,34.508,23.295,2.0,SOFT,True,314.0,269.0,252.0,323.0,13.8,21.3,74.0,987.4,1.6,0.0,87.738,87.294,97.529,0,3,0
2024,12,BRITISH GRAND PRIX,HAM,Mercedes,Q3,85.99,2.0,27.99,34.618,23.382,2.0,SOFT,True,312.0,269.0,249.0,322.0,13.8,21.3,74.0,987.4,1.6,0.0,87.858,87.202,97.564,0,3,0
2024,12,BRITISH GRAND PRIX,NOR,McLaren,Q3,86.03,3.0,28.025,34.567,23.438,2.0,SOFT,True,307.0,268.0,254.0,317.0,13.8,21.3,74.0,987.4,1.6,0.0,87.42,86.549,97.714,0,3,0
2024,12,BRITISH GRAND PRIX,VER,Red Bull Racing,Q3,86.203,4.0,28.136,34.587,23.48,2.0,SOFT,True,313.0,264.0,252.0,322.0,13.8,21.3,74.0,987.4,1.6,0.0,87.729,87.233,98.393,0,3,0
2024,12,BRITISH GRAND PRIX,PIA,McLaren,Q3,86.237,5.0,28.043,34.701,23.493,2.0,SOFT,True,309.0,270.0,254.0,321.0,13.8,21.3,74.0,987.4,1.6,0.0,87.631,86.88,96.654,0,3,0
2024,12,BRITISH GRAND PRIX,HUL,Haas F1 Team,Q3,86.338,6.0,27.886,34.783,23.669,2.0,SOFT,True,315.0,261.0,253.0,324.0,13.8,21.3,74.0,987.4,1.6,0.0,88.082,86.99,99.34,0,3,0
2024,12,BRITISH GRAND PRIX,SAI,Ferrari,Q3,86.509,7.0,28.009,34.891,23.609,2.0,SOFT,True,313.0,265.0,254.0,321.0,13.8,21.3,74.0,987.4,1.6,0.0,87.925,87.249,98.139,0,3,0
2024,12,BRITISH GRAND PRIX,STR,Aston Martin,Q3,86.585,8.0,27.892,34.941,23.752,2.0,SOFT,True,312.0,257.0,252.0,324.0,13.8,21.3,74.0,987.4,1.6,0.0,87.554,87.274,99.7,0,3,0
2024,12,BRITISH GRAND PRIX,ALB,Williams,Q3,86.64,9.0,28.004,34.999,23.637,2.0,SOFT,True,313.0,266.0,253.0,324.0,13.8,21.3,74.0,987.4,1.6,0.0,88.649,87.645,99.603,0,3,0
2024,12,BRITISH GRAND PRIX,ALO,Aston Martin,Q3,86.917,10.0,28.248,35.038,23.631,6.0,SOFT,False,314.0,266.0,252.0,323.0,13.8,21.3,74.0,987.4,1.6,0.0,87.794,87.372,98.94,0,3,0
2024,13,GRAND PRIX DE MONACO,RIC,Racing Bulls,Q1,77.05,9.0,28.273,27.199,21.578,2.0,SOFT,True,282.0,253.0,252.0,289.0,24.3,30.1,61.0,983.9,0.9,1.0,79.578,78.371,76.652,0,1,1
2024,13,GRAND PRIX DE MONACO,HAM,Mercedes,Q1,77.087,5.0,28.005,27.259,21.823,2.0,SOFT,True,279.0,253.0,256.0,308.0,24.3,30.1,61.0,983.9,0.9,1.0,79.287,78.363,76.786,0,1,1
2024,13,GRAND PRIX DE MONACO,VER,Red Bull Racing,Q1,77.087,3.0,28.383,27.004,21.7,8.0,SOFT,False,279.0,256.0,252.0,286.0,24.3,30.1,61.0,983.9,0.9,1.0,78.989,78.031,76.379,0,1,1
2024,13,GRAND PRIX DE MONACO,SAI,Ferrari,Q1,77.244,4.0,28.074,27.322,21.848,2.0,SOFT,True,282.0,251.0,258.0,307.0,24.3,30.1,61.0,983.9,0.9,1.0,78.713,78.185,76.639,0,1,1
2024,13,GRAND PRIX DE MONACO,ALB,Williams,Q1,77.28,13.0,28.331,27.247,21.702,4.0,SOFT,True,279.0,252.0,252.0,290.0,24.3,30.1,61.0,983.9,0.9,1.0,79.794,78.514,76.661,0,1,1
2024,13,GRAND PRIX DE MONACO,HUL,Haas F1 Team,Q1,77.362,11.0,28.018,27.53,21.814,2.0,SOFT,True,288.0,253.0,255.0,298.0,24.3,30.1,61.0,983.9,0.9,1.0,,78.791,76.696,0,1,1
2024,13,GRAND PRIX DE MONACO,STR,Aston Martin,Q1,77.405,8.0,28.383,27.309,21.713,2.0,SOFT,True,282.0,252.0,253.0,291.0,24.3,30.1,61.0,983.9,0.9,1.0,79.265,79.179,77.085,0,1,1
2024,13,GRAND PRIX DE MONACO,TSU,Racing Bulls,Q1,77.436,10.0,28.439,27.36,21.637,2.0,SOFT,True,283.0,250.0,254.0,287.0,24.3,30.1,61.0,983.9,0.9,1.0,79.26,79.606,76.744,0,1,1
2024,13,GRAND PRIX DE MONACO,LEC,Ferrari,Q1,77.437,6.0,28.382,27.269,21.786,9.0,SOFT,False,283.0,253.0,253.0,291.0,24.3,30.1,61.0,983.9,0.9,1.0,79.011,79.286,76.803,0,1,1
2024,13,GRAND PRIX DE MONACO,BOT,Kick Sauber,Q1,77.487,12.0,28.265,27.415,21.807,7.0,SOFT,False,281.0,250.0,253.0,290.0,24.3,30.1,61.0,983.9,0.9,1.0,79.804,78.586,76.804,0,1,1
2024,13,GRAND PRIX DE MONACO,PIA,McLaren,Q1,77.504,2.0,28.281,27.489,21.734,2.0,SOFT,True,278.0,251.0,255.0,304.0,24.3,30.1,61.0,983.9,0.9,1.0,79.249,78.618,76.142,0,1,1
2024,13,GRAND PRIX DE MONACO,ALO,Aston Martin,Q1,77.624,7.0,28.17,27.572,21.882,4.0,SOFT,True,284.0,253.0,258.0,306.0,24.3,30.1,61.0,983.9,0.9,1.0,79.686,78.519,77.001,0,1,1
2024,13,GRAND PRIX DE MONACO,NOR,McLaren,Q1,77.755,1.0,28.341,27.434,21.98,2.0,SOFT,True,280.0,252.0,255.0,305.0,24.3,30.1,61.0,983.9,0.9,1.0,79.211,77.788,76.098,0,1,1
2024,13,GRAND PRIX DE MONACO,SAR,Williams,Q1,77.77,14.0,28.328,27.567,21.875,2.0,SOFT,True,282.0,249.0,259.0,305.0,24.3,30.1,61.0,983.9,0.9,1.0,79.885,78.611,77.168,0,1,1
2024,13,GRAND PRIX DE MONACO,MAG,Haas F1 Team,Q1,77.851,15.0,28.372,27.458,22.021,2.0,SOFT,True,287.0,250.0,255.0,299.0,24.3,30.1,61.0,983.9,0.9,1.0,80.295,78.315,77.507,0,1,1
2024,13,GRAND PRIX DE MONACO,PER,Red Bull Racing,Q1,77.886,16.0,28.356,27.665,21.865,2.0,SOFT,True,285.0,251.0,259.0,306.0,24.3,30.1,61.0,983.9,0.9,1.0,79.44,78.255,76.954,0,1,1
2024,13,GRAND PRIX DE MONACO,RUS,Mercedes,Q1,77.968,17.0,28.628,27.659,21.681,3.0,SOFT,True,276.0,251.0,253.0,288.0,24.3,30.1,61.0,983.9,0.9,1.0,79.137,78.294,76.564,0,1,1
2024,13,GRAND PRIX DE MONACO,ZHO,Kick Sauber,Q1,78.037,18.0,28.502,27.538,21.997,5.0,SOFT,True,279.0,251.0,252.0,289.0,24.3,30.1,61.0,983.9,0.9,1.0,79.18,80.067,77.291,0,1,1
2024,13,GRAND PRIX DE MONACO,OCO,Alpine,Q1,78.049,19.0,28.484,27.536,22.029,2.0,SOFT,True,282.0,251.0,259.0,308.0,24.3,30.1,61.0,983.9,0.9,1.0,80.023,78.754,77.575,0,1,1
2024,13,GRAND PRIX DE MONACO,GAS,Alpine,Q1,78.166,20.0,28.551,27.766,21.849,2.0,SOFT,True,280.0,247.0,258.0,305.0,24.3,30.1,61.0,983.9,0.9,1.0,79.976,78.888,77.499,0,1,1
2024,13,GRAND PRIX DE MONACO,NOR,McLaren,Q2,75.54,1.0,27.632,26.61,21.298,2.0,SOFT,True,280.0,256.0,259.0,305.0,24.3,30.1,61.0,983.9,0.9,1.0,79.211,77.788,76.098,0,2,1
2024,13,GRAND PRIX DE MONACO,VER,Red Bull Racing,Q2,75.77,3.0,27.592,26.78,21.398,2.0,SOFT,True,280.0,257.0,260.0,303.0,24.3,30.1,61.0,983.9,0.9,1.0,78.989,78.031,76.379,0,2,1
2024,13,GRAND PRIX DE MONACO,PIA,McLaren,Q2,75.785,2.0,27.713,26.672,21.4,3.0,SOFT,False,279.0,256.0,259.0,302.0,24.3,30.1,61.0,983.9,0.9,1.0,79.249,78.618,76.142,0,2,1
2024,13,GRAND PRIX DE MONACO,SAI,Ferrari,Q2,75.885,4.0,27.59,26.832,21.463,2.0,SOFT,True,282.0,257.0,258.0,307.0,24.3,30.1,61.0,983.9,0.9,1.0,78.713,78.185,76.639,0,2,1
2024,13,GRAND PRIX DE MONACO,LEC,Ferrari,Q2,75.891,6.0,27.649,26.742,21.5,2.0,SOFT,True,284.0,255.0,259.0,307.0,24.3,30.1,61.0,983.9,0.9,1.0,79.011,79.286,76.803,0,2,1
2024,13,GRAND PRIX DE MONACO,STR,Aston Martin,Q2,76.075,8.0,27.598,27.077,21.4,2.0,SOFT,True,283.0,255.0,260.0,308.0,24.3,30.1,61.0,983.9,0.9,1.0,79.265,79.179,77.085,0,2,1
2024,13,GRAND PRIX DE MONACO,ALO,Aston Martin,Q2,76.117,7.0,27.599,27.042,21.476,2.0,SOFT,True,279.0,252.0,260.0,307.0,24.3,30.1,61.0,983.9,0.9,1.0,79.686,78.519,77.001,0,2,1
2024,13,GRAND PRIX DE MONACO,TSU,Racing Bulls,Q2,76.121,10.0,27.784,26.95,21.387,2.0,SOFT,True,280.0,254.0,258.0,303.0,24.3,30.1,61.0,983.9,0.9,1.0,79.26,79.606,76.744,0,2,1
2024,13,GRAND PRIX DE MONACO,RIC,Racing Bulls,Q2,76.202,9.0,27.714,26.877,21.611,2.0,SOFT,True,282.0,254.0,259.0,302.0,24.3,30.1,61.0,983.9,0.9,1.0,79.578,78.371,76.652,0,2,1
2024,13,GRAND PRIX DE MONACO,HAM,Mercedes,Q2,76.307,5.0,27.793,27.083,21.431,2.0,SOFT,True,280.0,257.0,257.0,305.0,24.3,30.1,61.0,983.9,0.9,1.0,79.287,78.363,76.786,0,2,1
2024,13,GRAND PRIX DE MONACO,HUL,Haas F1 Team,Q2,76.317,11.0,27.588,27.092,21.637,4.0,SOFT,False,288.0,256.0,261.0,312.0,24.3,30.1,61.0,983.9,0.9,1.0,,78.791,76.696,0,2,1
2024,13,GRAND PRIX DE MONACO,BOT,Kick Sauber,Q2,76.384,12.0,27.708,27.176,21.5,2.0,SOFT,True,282.0,253.0,259.0,309.0,24.3,30.1,61.0,983.9,0.9,1.0,79.804,78.586,76.804,0,2,1
2024,13,GRAND PRIX DE MONACO,ALB,Williams,Q2,76.429,13.0,27.791,27.077,21.561,2.0,SOFT,True,282.0,254.0,258.0,305.0,24.3,30.1,61.0,983.9,0.9,1.0,79.794,78.514,76.661,0,2,1
2024,13,GRAND PRIX DE MONACO,SAR,Williams,Q2,76.543,14.0,27.857,27.055,21.631,2.0,SOFT,True,281.0,253.0,256.0,306.0,24.3,30.1,61.0,983.9,0.9,1.0,79.885,78.611,77.168,0,2,1
2024,13,GRAND PRIX DE MONACO,MAG,Haas F1 Team,Q2,76.548,15.0,27.663,27.292,21.593,3.0,SOFT,False,287.0,255.0,260.0,315.0,24.3,30.1,61.0,983.9,0.9,1.0,80.295,78.315,77.507,0,2,1
2024,13,GRAND PRIX DE MONACO,NOR,McLaren,Q3,75.227,1.0,27.606,26.382,21.239,2.0,SOFT,True,279.0,257.0,259.0,304.0,24.3,30.1,61.0,983.9,0.9,1.0,79.211,77.788,76.098,0,3,1
2024,13,GRAND PRIX DE MONACO,PIA,McLaren,Q3,75.249,2.0,27.553,26.472,21.224,2.0,SOFT,True,277.0,257.0,258.0,300.0,24.3,30.1,61.0,983.9,0.9,1.0,79.249,78.618,76.142,0,3,1
2024,13,GRAND PRIX DE MONACO,VER,Red Bull Racing,Q3,75.273,3.0,27.461,26.524,21.288,2.0,SOFT,True,280.0,258.0,256.0,305.0,24.3,30.1,61.0,983.9,0.9,1.0,78.989,78.031,76.379,0,3,1
2024,13,GRAND PRIX DE MONACO,SAI,Ferrari,Q3,75.696,4.0,27.465,26.871,21.36,2.0,SOFT,True,284.0,256.0,258.0,306.0,24.3,30.1,61.0,983.9,0.9,1.0,78.713,78.185,76.639,0,3,1
2024,13,GRAND PRIX DE MONACO,HAM,Mercedes,Q3,75.854,5.0,27.572,26.809,21.473,2.0,SOFT,True,281.0,256.0,257.0,307.0,24.3,30.1,61.0,983.9,0.9,1.0,79.287,78.363,76.786,0,3,1
2024,13,GRAND PRIX DE MONACO,LEC,Ferrari,Q3,75.905,6.0,27.644,26.815,21.446,2.0,SOFT,True,283.0,255.0,260.0,306.0,24.3,30.1,61.0,983.9,0.9,1.0,79.011,79.286,76.803,0,3,1
2024,13,GRAND PRIX DE MONACO,ALO,Aston Martin,Q3,76.043,7.0,27.629,26.933,21.481,3.0,SOFT,False,279.0,256.0,260.0,306.0,24.3,30.1,61.0,983.9,0.9,1.0,79.686,78.519,77.001,0,3,1
2024,13,GRAND PRIX DE MONACO,STR,Aston Martin,Q3,76.244,8.0,27.63,26.955,21.659,2.0,SOFT,True,282.0,255.0,259.0,309.0,24.3,30.1,61.0,983.9,0.9,1.0,79.265,79.179,77.085,0,3,1
2024,13,GRAND PRIX DE MONACO,RIC,Racing Bulls,Q3,76.447,9.0,27.808,27.05,21.589,4.0,SOFT,False,282.0,254.0,255.0,302.0,24.3,30.1,61.0,983.9,0.9,1.0,79.578,78.371,76.652,0,3,1
2024,13,GRAND PRIX DE MONACO,TSU,Racing Bulls,Q3,76.477,10.0,27.913,27.088,21.476,5.0,SOFT,False,279.0,252.0,258.0,301.0,24.3,30.1,61.0,983.9,0.9,1.0,79.26,79.606,76.744,0,3,1
2024,14,BELGIAN GRAND PRIX,PIA,McLaren,Q1,114.835,6.0,32.205,52.44,30.19,2.0,INTERMEDIATE,True,315.0,190.0,212.0,307.0,18.0,22.1,93.0,966.6,1.1,0.0,103.903,102.475,122.998,0,1,0
2024,14,BELGIAN GRAND PRIX,GAS,Alpine,Q1,114.911,12.0,32.482,51.88,30.549,4.0,INTERMEDIATE,True,310.0,188.0,212.0,303.0,18.0,22.1,93.0,966.6,1.1,0.0,104.833,103.829,123.175,0,1,0
2024,14,BELGIAN GRAND PRIX,VER,Red Bull Racing,Q1,114.938,1.0,32.217,52.289,30.432,5.0,INTERMEDIATE,True,309.0,184.0,214.0,304.0,18.0,22.1,93.0,966.6,1.1,0.0,103.372,102.477,121.565,0,1,0
2024,14,BELGIAN GRAND PRIX,PER,Red Bull Racing,Q1,115.139,3.0,32.722,51.994,30.423,2.0,INTERMEDIATE,True,314.0,187.0,216.0,300.0,18.0,22.1,93.0,966.6,1.1,0.0,104.329,103.504,127.103,0,1,0
2024,14,BELGIAN GRAND PRIX,SAI,Ferrari,Q1,115.169,8.0,32.279,52.596,30.294,2.0,INTERMEDIATE,True,318.0,185.0,212.0,305.0,18.0,22.1,93.0,966.6,1.1,0.0,104.574,103.098,,0,1,0
2024,14,BELGIAN GRAND PRIX,LEC,Ferrari,Q1,115.349,2.0,32.28,52.34,30.729,2.0,INTERMEDIATE,True,314.0,189.0,213.0,302.0,18.0,22.1,93.0,966.6,1.1,0.0,104.306,102.837,126.033,0,1,0
2024,14,BELGIAN GRAND PRIX,RUS,Mercedes,Q1,115.353,7.0,32.325,52.391,30.637,2.0,INTERMEDIATE,True,316.0,186.0,216.0,305.0,18.0,22.1,93.0,966.6,1.1,0.0,104.225,103.29,133.645,0,1,0
2024,14,BELGIAN GRAND PRIX,OCO,Alpine,Q1,115.417,10.0,32.087,52.893,30.437,4.0,INTERMEDIATE,True,320.0,183.0,215.0,309.0,18.0,22.1,93.0,966.6,1.1,0.0,,103.401,125.25,0,1,0
2024,14,BELGIAN GRAND PRIX,RIC,Racing Bulls,Q1,115.451,13.0,32.475,52.638,30.338,2.0,INTERMEDIATE,True,315.0,187.0,215.0,305.0,18.0,22.1,93.0,966.6,1.1,0.0,104.95,103.823,128.41,0,1,0
2024,14,BELGIAN GRAND PRIX,ALO,Aston Martin,Q1,115.489,9.0,32.372,52.486,30.631,4.0,INTERMEDIATE,True,312.0,187.0,208.0,303.0,18.0,22.1,93.0,966.6,1.1,0.0,104.921,103.538,128.071,0,1,0
2024,14,BELGIAN GRAND PRIX,BOT,Kick Sauber,Q1,115.531,14.0,32.388,52.768,30.375,3.0,INTERMEDIATE,True,315.0,187.0,216.0,303.0,18.0,22.1,93.0,966.6,1.1,0.0,105.155,103.675,126.492,0,1,0
2024,14,BELGIAN GRAND PRIX,NOR,McLaren,Q1,115.582,5.0,32.656,52.559,30.367,4.0,INTERMEDIATE,True,305.0,182.0,212.0,304.0,18.0,22.1,93.0,966.6,1.1,0.0,104.415,102.26,123.372,0,1,0
2024,14,BELGIAN GRAND PRIX,HAM,Mercedes,Q1,115.692,4.0,32.398,52.722,30.572,5.0,INTERMEDIATE,True,313.0,185.0,212.0,304.0,18.0,22.1,93.0,966.6,1.1,0.0,104.279,103.519,126.751,0,1,0
2024,14,BELGIAN GRAND PRIX,ALB,Williams,Q1,115.722,11.0,32.149,53.07,30.503,4.0,INTERMEDIATE,True,318.0,179.0,212.0,308.0,18.0,22.1,93.0,966.6,1.1,0.0,104.099,103.892,127.443,0,1,0
2024,14,BELGIAN GRAND PRIX,STR,Aston Martin,Q1,116.072,15.0,32.766,52.732,30.574,4.0,INTERMEDIATE,True,310.0,185.0,214.0,297.0,18.0,22.1,93.0,966.6,1.1,0.0,104.699,103.532,126.037,0,1,0
2024,14,BELGIAN GRAND PRIX,HUL,Haas F1 Team,Q1,116.308,16.0,32.263,53.554,30.491,2.0,INTERMEDIATE,True,318.0,183.0,213.0,307.0,18.0,22.1,93.0,966.6,1.1,0.0,105.645,103.846,128.04,0,1,0
2024,14,BELGIAN GRAND PRIX,MAG,Haas F1 Team,Q1,116.5,17.0,32.431,53.468,30.601,4.0,INTERMEDIATE,True,316.0,176.0,213.0,307.0,18.0,22.1,93.0,966.6,1.1,0.0,105.812,103.485,135.163,0,1,0
2024,14,BELGIAN GRAND PRIX,TSU,Racing Bulls,Q1,116.593,18.0,33.296,52.875,30.422,2.0,INTERMEDIATE,True,315.0,190.0,216.0,297.0,18.0,22.1,93.0,966.6,1.1,0.0,105.564,104.348,129.444,0,1,0
2024,14,BELGIAN GRAND PRIX,SAR,Williams,Q1,117.23,19.0,32.713,53.725,30.792,2.0,INTERMEDIATE,True,314.0,186.0,212.0,299.0,18.0,22.1,93.0,966.6,1.1,0.0,105.311,104.226,131.22,0,1,0
2024,14,BELGIAN GRAND PRIX,ZHO,Kick Sauber,Q1,117.775,20.0,32.484,54.494,30.797,5.0,INTERMEDIATE,True,315.0,179.0,215.0,301.0,18.0,22.1,93.0,966.6,1.1,0.0,105.995,104.302,131.109,0,1,0
2024,14,BELGIAN GRAND PRIX,VER,Red Bull Racing,Q2,113.837,1.0,32.029,51.28,30.528,4.0,INTERMEDIATE,True,316.0,181.0,212.0,307.0,18.0,22.1,93.0,966.6,1.1,0.0,103.372,102.477,121.565,0,2,0
2024,14,BELGIAN GRAND PRIX,HAM,Mercedes,Q2,114.037,4.0,32.214,51.202,30.621,4.0,INTERMEDIATE,True,316.0,188.0,214.0,303.0,18.0,22.1,93.0,966.6,1.1,0.0,104.279,103.519,126.751,0,2,0
2024,14,BELGIAN GRAND PRIX,RUS,Mercedes,Q2,114.095,7.0,32.099,51.334,30.662,4.0,INTERMEDIATE,True,317.0,187.0,214.0,306.0,18.0,22.1,93.0,966.6,1.1,0.0,104.225,103.29,133.645,0,2,0
2024,14,BELGIAN GRAND PRIX,SAI,Ferrari,Q2,114.112,8.0,32.141,51.513,30.458,4.0,INTERMEDIATE,True,317.0,185.0,208.0,306.0,18.0,22.1,93.0,966.6,1.1,0.0,104.574,103.098,,0,2,0
2024,14,BELGIAN GRAND PRIX,PIA,McLaren,Q2,114.136,6.0,32.33,51.467,30.339,2.0,INTERMEDIATE,True,315.0,182.0,216.0,298.0,18.0,22.1,93.0,966.6,1.1,0.0,103.903,102.475,122.998,0,2,0
2024,14,BELGIAN GRAND PRIX,LEC,Ferrari,Q2,114.193,2.0,32.351,51.176,30.666,4.0,INTERMEDIATE,True,315.0,189.0,209.0,306.0,18.0,22.1,93.0,966.6,1.1,0.0,104.306,102.837,126.033,0,2,0
2024,14,BELGIAN GRAND PRIX,ALO,Aston Martin,Q2,114.258,9.0,32.29,51.425,30.543,2.0,INTERMEDIATE,True,314.0,187.0,212.0,306.0,18.0,22.1,93.0,966.6,1.1,0.0,104.921,103.538,128.071,0,2,0
2024,14,BELGIAN GRAND PRIX,NOR,McLaren,Q2,114.358,5.0,32.239,51.723,30.396,4.0,INTERMEDIATE,True,318.0,188.0,212.0,301.0,18.0,22.1,93.0,966.6,1.1,0.0,104.415,102.26,123.372,0,2,0
2024,14,BELGIAN GRAND PRIX,OCO,Alpine,Q2,114.46,10.0,31.905,51.947,30.608,2.0,INTERMEDIATE,True,322.0,186.0,213.0,311.0,18.0,22.1,93.0,966.6,1.1,0.0,,103.401,125.25,0,2,0
2024,14,BELGIAN GRAND PRIX,PER,Red Bull Racing,Q2,114.47,3.0,32.372,51.369,30.729,2.0,INTERMEDIATE,True,315.0,188.0,213.0,303.0,18.0,22.1,93.0,966.6,1.1,0.0,104.329,103.504,127.103,0,2,0
2024,14,BELGIAN GRAND PRIX,ALB,Williams,Q2,114.473,11.0,32.171,51.859,30.443,2.0,INTERMEDIATE,True,319.0,181.0,213.0,307.0,18.0,22.1,93.0,966.6,1.1,0.0,104.099,103.892,127.443,0,2,0
2024,14,BELGIAN GRAND PRIX,GAS,Alpine,Q2,114.635,12.0,32.278,51.707,30.65,2.0,INTERMEDIATE,True,317.0,187.0,211.0,307.0,18.0,22.1,93.0,966.6,1.1,0.0,104.833,103.829,123.175,0,2,0
2024,14,BELGIAN GRAND PRIX,RIC,Racing Bulls,Q2,114.682,13.0,32.178,52.088,30.416,2.0,INTERMEDIATE,True,314.0,190.0,214.0,305.0,18.0,22.1,93.0,966.6,1.1,0.0,104.95,103.823,128.41,0,2,0
2024,14,BELGIAN GRAND PRIX,BOT,Kick Sauber,Q2,114.764,14.0,32.241,51.752,30.771,3.0,INTERMEDIATE,True,316.0,183.0,215.0,297.0,18.0,22.1,93.0,966.6,1.1,0.0,105.155,103.675,126.492,0,2,0
2024,14,BELGIAN GRAND PRIX,STR,Aston Martin,Q2,115.716,15.0,32.647,52.417,30.652,2.0,INTERMEDIATE,True,312.0,187.0,212.0,302.0,18.0,22.1,93.0,966.6,1.1,0.0,104.699,103.532,126.037,0,2,0
2024,14,BELGIAN GRAND PRIX,VER,Red Bull Racing,Q3,113.159,1.0,31.998,50.837,30.324,2.0,INTERMEDIATE,True,317.0,184.0,214.0,307.0,18.0,22.1,93.0,966.6,1.1,0.0,103.372,102.477,121.565,0,3,0
2024,14,BELGIAN GRAND PRIX,LEC,Ferrari,Q3,113.754,2.0,32.04,51.286,30.428,2.0,INTERMEDIATE,True,317.0,185.0,212.0,307.0,18.0,22.1,93.0,966.6,1.1,0.0,104.306,102.837,126.033,0,3,0
2024,14,BELGIAN GRAND PRIX,PER,Red Bull Racing,Q3,113.765,3.0,32.216,51.068,30.481,5.0,INTERMEDIATE,False,316.0,185.0,215.0,306.0,18.0,22.1,93.0,966.6,1.1,0.0,104.329,103.504,127.103,0,3,0
2024,14,BELGIAN GRAND PRIX,HAM,Mercedes,Q3,113.835,4.0,32.243,51.046,30.546,4.0,INTERMEDIATE,True,314.0,185.0,212.0,306.0,18.0,22.1,93.0,966.6,1.1,0.0,104.279,103.519,126.751,0,3,0
2024,14,BELGIAN GRAND PRIX,NOR,McLaren,Q3,113.981,5.0,32.013,51.527,30.441,4.0,INTERMEDIATE,True,317.0,183.0,211.0,308.0,18.0,22.1,93.0,966.6,1.1,0.0,104.415,102.26,123.372,0,3,0
2024,14,BELGIAN GRAND PRIX,PIA,McLaren,Q3,114.027,6.0,32.104,51.517,30.406,2.0,INTERMEDIATE,True,318.0,186.0,211.0,309.0,18.0,22.1,93.0,966.6,1.1,0.0,103.903,102.475,122.998,0,3,0
2024,14,BELGIAN GRAND PRIX,RUS,Mercedes,Q3,114.184,7.0,32.082,51.511,30.591,4.0,INTERMEDIATE,True,319.0,177.0,213.0,308.0,18.0,22.1,93.0,966.6,1.1,0.0,104.225,103.29,133.645,0,3,0
2024,14,BELGIAN GRAND PRIX,SAI,Ferrari,Q3,114.477,8.0,32.385,51.619,30.473,2.0,INTERMEDIATE,True,317.0,182.0,215.0,307.0,18.0,22.1,93.0,966.6,1.1,0.0,104.574,103.098,,0,3,0
2024,14,BELGIAN GRAND PRIX,ALO,Aston Martin,Q3,114.765,9.0,32.191,51.711,30.863,6.0,INTERMEDIATE,False,313.0,183.0,211.0,305.0,18.0,22.1,93.0,966.6,1.1,0.0,104.921,103.538,128.071,0,3,0
2024,14,BELGIAN GRAND PRIX,OCO,Alpine,Q3,114.81,10.0,31.891,52.347,30.572,6.0,INTERMEDIATE,False,323.0,178.0,212.0,311.0,18.0,22.1,93.0,966.6,1.1,0.0,,103.401,125.25,0,3,0
2024,15,DUTCH GRAND PRIX,PER,Red Bull Racing,Q1,71.006,5.0,24.161,25.469,21.376,2.0,SOFT,True,293.0,282.0,329.0,335.0,24.4,30.2,67.0,1002.4,4.3,0.0,74.279,71.581,,0,1,0
2024,15,DUTCH GRAND PRIX,RUS,Mercedes,Q1,71.049,4.0,24.38,25.199,21.47,2.0,SOFT,True,290.0,283.0,325.0,334.0,24.4,30.2,67.0,1002.4,4.3,0.0,73.142,70.702,83.958,0,1,0
2024,15,DUTCH GRAND PRIX,SAI,Ferrari,Q1,71.327,10.0,24.559,25.512,21.256,2.0,SOFT,True,288.0,281.0,325.0,331.0,24.4,30.2,67.0,1002.4,4.3,0.0,73.074,73.108,82.589,0,1,0
2024,15,DUTCH GRAND PRIX,LEC,Ferrari,Q1,71.37,6.0,24.309,25.641,21.42,2.0,SOFT,True,289.0,281.0,325.0,332.0,24.4,30.2,67.0,1002.4,4.3,0.0,74.306,71.443,84.158,0,1,0
2024,15,DUTCH GRAND PRIX,HAM,Mercedes,Q1,71.375,11.0,24.336,25.424,21.615,2.0,SOFT,True,287.0,281.0,322.0,333.0,24.4,30.2,67.0,1002.4,4.3,0.0,73.006,70.813,84.098,0,1,0
2024,15,DUTCH GRAND PRIX,NOR,McLaren,Q1,71.377,1.0,24.485,25.432,21.46,2.0,SOFT,True,286.0,279.0,322.0,330.0,24.4,30.2,67.0,1002.4,4.3,0.0,72.322,70.961,81.387,0,1,0
2024,15,DUTCH GRAND PRIX,VER,Red Bull Racing,Q1,71.393,2.0,24.18,25.696,21.517,2.0,SOFT,True,284.0,279.0,319.0,328.0,24.4,30.2,67.0,1002.4,4.3,0.0,72.523,70.986,84.36,0,1,0
2024,15,DUTCH GRAND PRIX,ALO,Aston Martin,Q1,71.493,7.0,24.389,25.586,21.518,2.0,SOFT,True,287.0,280.0,323.0,332.0,24.4,30.2,67.0,1002.4,4.3,0.0,74.467,71.357,81.461,0,1,0
2024,15,DUTCH GRAND PRIX,ALB,Williams,Q1,71.503,10.0,24.483,25.612,21.408,2.0,SOFT,True,285.0,280.0,323.0,327.0,24.4,30.2,67.0,1002.4,4.3,0.0,73.159,71.55,84.007,0,1,0
2024,15,DUTCH GRAND PRIX,STR,Aston Martin,Q1,71.518,8.0,24.215,25.718,21.585,2.0,SOFT,True,287.0,282.0,322.0,329.0,24.4,30.2,67.0,1002.4,4.3,0.0,74.151,71.576,81.941,0,1,0
2024,15,DUTCH GRAND PRIX,PIA,McLaren,Q1,71.541,3.0,24.683,25.277,21.581,2.0,SOFT,True,289.0,280.0,322.0,332.0,24.4,30.2,67.0,1002.4,4.3,0.0,73.23,70.763,81.85,0,1,0
2024,15,DUTCH GRAND PRIX,TSU,Racing Bulls,Q1,71.603,12.0,24.519,25.578,21.506,2.0,SOFT,True,286.0,280.0,320.0,327.0,24.4,30.2,67.0,1002.4,4.3,0.0,74.418,71.374,,0,1,0
2024,15,DUTCH GRAND PRIX,MAG,Haas F1 Team,Q1,71.63,14.0,24.581,25.601,21.448,2.0,SOFT,True,292.0,280.0,326.0,332.0,24.4,30.2,67.0,1002.4,4.3,0.0,73.597,71.43,80.45,0,1,0
2024,15,DUTCH GRAND PRIX,GAS,Alpine,Q1,71.718,9.0,24.411,25.664,21.643,2.0,SOFT,True,288.0,278.0,325.0,332.0,24.4,30.2,67.0,1002.4,4.3,0.0,82.036,71.644,80.311,0,1,0
2024,15,DUTCH GRAND PRIX,HUL,Haas F1 Team,Q1,71.832,13.0,24.612,25.61,21.61,2.0,SOFT,True,290.0,280.0,324.0,331.0,24.4,30.2,67.0,1002.4,4.3,0.0,73.563,73.296,82.354,0,1,0
2024,15,DUTCH GRAND PRIX,RIC,Racing Bulls,Q1,71.943,15.0,24.704,25.532,21.707,2.0,SOFT,True,286.0,280.0,323.0,328.0,24.4,30.2,67.0,1002.4,4.3,0.0,76.231,71.63,85.433,0,1,0
2024,15,DUTCH GRAND PRIX,OCO,Alpine,Q1,71.995,16.0,24.526,25.827,21.642,2.0,SOFT,True,289.0,277.0,324.0,330.0,24.4,30.2,67.0,1002.4,4.3,0.0,75.796,72.061,81.643,0,1,0
2024,15,DUTCH GRAND PRIX,BOT,Kick Sauber,Q1,72.168,17.0,24.63,25.768,21.77,2.0,SOFT,True,284.0,280.0,325.0,327.0,24.4,30.2,67.0,1002.4,4.3,0.0,,72.206,81.155,0,1,0
2024,15,DUTCH GRAND PRIX,ZHO,Kick Sauber,Q1,73.261,18.0,25.036,26.304,21.921,2.0,SOFT,True,284.0,278.0,319.0,325.0,24.4,30.2,67.0,1002.4,4.3,0.0,73.965,71.934,83.24,0,1,0
2024,15,DUTCH GRAND PRIX,NOR,McLaren,Q2,70.496,1.0,24.135,25.104,21.257,2.0,SOFT,True,287.0,284.0,321.0,329.0,24.4,30.2,67.0,1002.4,4.3,0.0,72.322,70.961,81.387,0,2,0
2024,15,DUTCH GRAND PRIX,PIA,McLaren,Q2,70.505,3.0,24.229,25.04,21.236,2.0,SOFT,True,288.0,283.0,322.0,328.0,24.4,30.2,67.0,1002.4,4.3,0.0,73.23,70.763,81.85,0,2,0
2024,15,DUTCH GRAND PRIX,RUS,Mercedes,Q2,70.552,4.0,24.22,25.103,21.229,2.0,SOFT,True,289.0,284.0,323.0,331.0,24.4,30.2,67.0,1002.4,4.3,0.0,73.142,70.702,83.958,0,2,0
2024,15,DUTCH GRAND PRIX,STR,Aston Martin,Q2,70.661,8.0,23.951,25.175,21.535,2.0,SOFT,True,288.0,280.0,322.0,332.0,24.4,30.2,67.0,1002.4,4.3,0.0,74.151,71.576,81.941,0,2,0
2024,15,DUTCH GRAND PRIX,PER,Red Bull Racing,Q2,70.678,5.0,24.138,25.21,21.33,2.0,SOFT,True,294.0,284.0,328.0,334.0,24.4,30.2,67.0,1002.4,4.3,0.0,74.279,71.581,,0,2,0
2024,15,DUTCH GRAND PRIX,LEC,Ferrari,Q2,70.689,6.0,24.188,25.261,21.24,2.0,SOFT,True,289.0,282.0,320.0,333.0,24.4,30.2,67.0,1002.4,4.3,0.0,74.306,71.443,84.158,0,2,0
2024,15,DUTCH GRAND PRIX,ALB,Williams,Q2,70.768,10.0,24.303,25.18,21.285,2.0,SOFT,True,286.0,279.0,319.0,326.0,24.4,30.2,67.0,1002.4,4.3,0.0,73.159,71.55,84.007,0,2,0
2024,15,DUTCH GRAND PRIX,VER,Red Bull Racing,Q2,70.811,2.0,24.155,25.334,21.322,2.0,SOFT,True,287.0,281.0,321.0,329.0,24.4,30.2,67.0,1002.4,4.3,0.0,72.523,70.986,84.36,0,2,0
2024,15,DUTCH GRAND PRIX,GAS,Alpine,Q2,70.815,9.0,24.143,25.254,21.418,2.0,SOFT,True,290.0,282.0,324.0,331.0,24.4,30.2,67.0,1002.4,4.3,0.0,82.036,71.644,80.311,0,2,0
2024,15,DUTCH GRAND PRIX,ALO,Aston Martin,Q2,70.845,7.0,24.25,25.256,21.339,2.0,SOFT,True,290.0,281.0,322.0,333.0,24.4,30.2,67.0,1002.4,4.3,0.0,74.467,71.357,81.461,0,2,0
2024,15,DUTCH GRAND PRIX,SAI,Ferrari,Q2,70.914,10.0,24.349,25.341,21.224,2.0,SOFT,True,291.0,281.0,324.0,330.0,24.4,30.2,67.0,1002.4,4.3,0.0,73.074,73.108,82.589,0,2,0
2024,15,DUTCH GRAND PRIX,HAM,Mercedes,Q2,70.948,11.0,24.258,25.23,21.46,2.0,SOFT,True,288.0,281.0,322.0,334.0,24.4,30.2,67.0,1002.4,4.3,0.0,73.006,70.813,84.098,0,2,0
2024,15,DUTCH GRAND PRIX,TSU,Racing Bulls,Q2,70.955,12.0,24.246,25.241,21.468,2.0,SOFT,True,287.0,279.0,320.0,328.0,24.4,30.2,67.0,1002.4,4.3,0.0,74.418,71.374,,0,2,0
2024,15,DUTCH GRAND PRIX,HUL,Haas F1 Team,Q2,71.215,13.0,24.55,25.263,21.402,2.0,SOFT,True,290.0,283.0,324.0,332.0,24.4,30.2,67.0,1002.4,4.3,0.0,73.563,73.296,82.354,0,2,0
2024,15,DUTCH GRAND PRIX,MAG,Haas F1 Team,Q2,71.295,14.0,24.318,25.603,21.374,2.0,SOFT,True,291.0,282.0,323.0,331.0,24.4,30.2,67.0,1002.4,4.3,0.0,73.597,71.43,80.45,0,2,0
2024,15,DUTCH GRAND PRIX,NOR,McLaren,Q3,69.673,1.0,23.824,24.819,21.03,2.0,SOFT,True,288.0,285.0,322.0,329.0,24.4,30.2,67.0,1002.4,4.3,0.0,72.322,70.961,81.387,0,3,0
2024,15,DUTCH GRAND PRIX,VER,Red Bull Racing,Q3,70.029,2.0,24.073,24.731,21.225,2.0,SOFT,True,287.0,281.0,322.0,329.0,24.4,30.2,67.0,1002.4,4.3,0.0,72.523,70.986,84.36,0,3,0
2024,15,DUTCH GRAND PRIX,PIA,McLaren,Q3,70.172,3.0,24.017,24.983,21.172,2.0,SOFT,True,287.0,283.0,318.0,332.0,24.4,30.2,67.0,1002.4,4.3,0.0,73.23,70.763,81.85,0,3,0
2024,15,DUTCH GRAND PRIX,RUS,Mercedes,Q3,70.244,4.0,24.044,25.038,21.162,2.0,SOFT,True,289.0,283.0,322.0,334.0,24.4,30.2,67.0,1002.4,4.3,0.0,73.142,70.702,83.958,0,3,0
2024,15,DUTCH GRAND PRIX,PER,Red Bull Racing,Q3,70.416,5.0,24.065,25.042,21.309,2.0,SOFT,True,291.0,287.0,326.0,334.0,24.4,30.2,67.0,1002.4,4.3,0.0,74.279,71.581,,0,3,0
2024,15,DUTCH GRAND PRIX,LEC,Ferrari,Q3,70.582,6.0,24.16,25.201,21.221,2.0,SOFT,True,287.0,282.0,322.0,329.0,24.4,30.2,67.0,1002.4,4.3,0.0,74.306,71.443,84.158,0,3,0
2024,15,DUTCH GRAND PRIX,ALO,Aston Martin,Q3,70.633,7.0,24.315,25.123,21.195,2.0,SOFT,True,287.0,283.0,322.0,327.0,24.4,30.2,67.0,1002.4,4.3,0.0,74.467,71.357,81.461,0,3,0
2024,15,DUTCH GRAND PRIX,ALB,Williams,Q3,70.653,10.0,24.158,25.185,21.31,2.0,SOFT,True,284.0,281.0,318.0,326.0,24.4,30.2,67.0,1002.4,4.3,0.0,73.159,71.55,84.007,0,3,0
2024,15,DUTCH GRAND PRIX,STR,Aston Martin,Q3,70.857,8.0,24.217,25.128,21.512,2.0,SOFT,True,285.0,282.0,320.0,328.0,24.4,30.2,67.0,1002.4,4.3,0.0,74.151,71.576,81.941,0,3,0
2024,15,DUTCH GRAND PRIX,GAS,Alpine,Q3,70.977,9.0,24.543,25.054,21.38,2.0,SOFT,True,287.0,283.0,322.0,330.0,24.4,30.2,67.0,1002.4,4.3,0.0,82.036,71.644,80.311,0,3,0
2024,16,GRAN PREMIO D’ITALIA,NOR,McLaren,Q1,79.911,1.0,26.484,26.898,26.529,2.0,SOFT,True,325.0,337.0,307.0,346.0,33.5,49.0,37.0,995.9,1.3,0.0,81.917,80.741,80.262,0,1,0
2024,16,GRAN PREMIO D’ITALIA,LEC,Ferrari,Q1,80.074,4.0,26.468,26.967,26.639,2.0,SOFT,True,327.0,340.0,314.0,350.0,33.5,49.0,37.0,995.9,1.3,0.0,81.904,80.892,80.226,0,1,0
2024,16,GRAN PREMIO D’ITALIA,PIA,McLaren,Q1,80.076,2.0,26.529,26.915,26.632,6.0,SOFT,False,324.0,338.0,314.0,346.0,33.5,49.0,37.0,995.9,1.3,0.0,82.199,80.858,80.252,0,1,0
2024,16,GRAN PREMIO D’ITALIA,SAI,Ferrari,Q1,80.149,5.0,26.403,27.034,26.712,5.0,SOFT,False,328.0,338.0,315.0,349.0,33.5,49.0,37.0,995.9,1.3,0.0,82.126,80.841,80.463,0,1,0
2024,16,GRAN PREMIO D’ITALIA,RUS,Mercedes,Q1,80.169,3.0,26.437,27.055,26.677,5.0,SOFT,False,323.0,339.0,315.0,348.0,33.5,49.0,37.0,995.9,1.3,0.0,,81.086,80.21,0,1,0
2024,16,GRAN PREMIO D’ITALIA,VER,Red Bull Racing,Q1,80.226,7.0,26.605,26.993,26.628,2.0,SOFT,True,324.0,335.0,315.0,342.0,33.5,49.0,37.0,995.9,1.3,0.0,81.676,81.61,80.368,0,1,0
2024,16,GRAN PREMIO D’ITALIA,HAM,Mercedes,Q1,80.477,6.0,26.633,27.078,26.766,2.0,SOFT,True,326.0,334.0,314.0,344.0,33.5,49.0,37.0,995.9,1.3,0.0,82.214,80.738,80.117,0,1,0
2024,16,GRAN PREMIO D’ITALIA,ALB,Williams,Q1,80.542,9.0,26.502,27.271,26.769,2.0,SOFT,True,322.0,334.0,310.0,345.0,33.5,49.0,37.0,995.9,1.3,0.0,82.22,81.592,80.596,0,1,0
2024,16,GRAN PREMIO D’ITALIA,PER,Red Bull Racing,Q1,80.598,8.0,26.693,27.181,26.724,2.0,SOFT,True,325.0,340.0,315.0,344.0,33.5,49.0,37.0,995.9,1.3,0.0,82.311,81.678,81.287,0,1,0
2024,16,GRAN PREMIO D’ITALIA,ALO,Aston Martin,Q1,80.617,11.0,26.537,27.143,26.937,2.0,SOFT,True,325.0,338.0,309.0,349.0,33.5,49.0,37.0,995.9,1.3,0.0,82.315,81.316,80.968,0,1,0
2024,16,GRAN PREMIO D’ITALIA,GAS,Alpine,Q1,80.748,14.0,26.473,27.364,26.911,5.0,SOFT,False,328.0,340.0,317.0,348.0,33.5,49.0,37.0,995.9,1.3,0.0,82.763,81.819,81.155,0,1,0
2024,16,GRAN PREMIO D’ITALIA,OCO,Alpine,Q1,80.764,15.0,26.504,27.264,26.996,5.0,SOFT,False,328.0,341.0,316.0,348.0,33.5,49.0,37.0,995.9,1.3,0.0,82.88,81.867,81.258,0,1,0
2024,16,GRAN PREMIO D’ITALIA,HUL,Haas F1 Team,Q1,80.781,10.0,26.513,27.363,26.905,2.0,SOFT,True,328.0,341.0,311.0,351.0,33.5,49.0,37.0,995.9,1.3,0.0,83.157,81.14,80.943,0,1,0
2024,16,GRAN PREMIO D’ITALIA,MAG,Haas F1 Team,Q1,80.856,13.0,26.784,27.203,26.869,2.0,SOFT,True,326.0,341.0,315.0,350.0,33.5,49.0,37.0,995.9,1.3,0.0,82.572,81.499,81.208,0,1,0
2024,16,GRAN PREMIO D’ITALIA,RIC,Racing Bulls,Q1,80.901,12.0,26.52,27.427,26.954,2.0,SOFT,True,326.0,341.0,315.0,351.0,33.5,49.0,37.0,995.9,1.3,0.0,82.605,81.3,81.077,0,1,0
2024,16,GRAN PREMIO D’ITALIA,TSU,Racing Bulls,Q1,80.945,16.0,26.572,27.406,26.967,2.0,SOFT,True,325.0,339.0,314.0,348.0,33.5,49.0,37.0,995.9,1.3,0.0,82.714,81.735,81.141,0,1,0
2024,16,GRAN PREMIO D’ITALIA,STR,Aston Martin,Q1,81.013,17.0,26.648,27.18,27.185,2.0,SOFT,True,322.0,336.0,307.0,345.0,33.5,49.0,37.0,995.9,1.3,0.0,82.864,81.363,81.157,0,1,0
2024,16,GRAN PREMIO D’ITALIA,COL,Williams,Q1,81.061,18.0,26.613,27.42,27.028,2.0,SOFT,True,325.0,338.0,314.0,348.0,33.5,49.0,37.0,995.9,1.3,0.0,82.88,81.784,80.905,0,1,0
2024,16,GRAN PREMIO D’ITALIA,BOT,Kick Sauber,Q1,81.101,19.0,26.706,27.446,26.949,2.0,SOFT,True,328.0,341.0,311.0,352.0,33.5,49.0,37.0,995.9,1.3,0.0,82.127,81.461,81.357,0,1,0
2024,16,GRAN PREMIO D’ITALIA,ZHO,Kick Sauber,Q1,81.445,20.0,26.5,27.485,27.46,2.0,SOFT,True,327.0,344.0,316.0,352.0,33.5,49.0,37.0,995.9,1.3,0.0,82.854,82.223,82.035,0,1,0
2024,16,GRAN PREMIO D’ITALIA,HAM,Mercedes,Q2,79.641,6.0,26.407,26.855,26.379,2.0,SOFT,True,326.0,340.0,316.0,348.0,33.5,49.0,37.0,995.9,1.3,0.0,82.214,80.738,80.117,0,2,0
2024,16,GRAN PREMIO D’ITALIA,VER,Red Bull Racing,Q2,79.662,7.0,26.389,26.656,26.617,5.0,SOFT,False,326.0,338.0,317.0,347.0,33.5,49.0,37.0,995.9,1.3,0.0,81.676,81.61,80.368,0,2,0
2024,16,GRAN PREMIO D’ITALIA,NOR,McLaren,Q2,79.727,1.0,26.395,26.865,26.467,2.0,SOFT,True,325.0,337.0,314.0,349.0,33.5,49.0,37.0,995.9,1.3,0.0,81.917,80.741,80.262,0,2,0
2024,16,GRAN PREMIO D’ITALIA,SAI,Ferrari,Q2,79.799,5.0,26.348,26.942,26.509,2.0,SOFT,True,326.0,337.0,314.0,348.0,33.5,49.0,37.0,995.9,1.3,0.0,82.126,80.841,80.463,0,2,0
2024,16,GRAN PREMIO D’ITALIA,PIA,McLaren,Q2,79.808,2.0,26.434,26.822,26.552,2.0,SOFT,True,325.0,337.0,314.0,346.0,33.5,49.0,37.0,995.9,1.3,0.0,82.199,80.858,80.252,0,2,0
2024,16,GRAN PREMIO D’ITALIA,RUS,Mercedes,Q2,79.877,3.0,26.463,26.881,26.533,2.0,SOFT,True,325.0,337.0,316.0,345.0,33.5,49.0,37.0,995.9,1.3,0.0,,81.086,80.21,0,2,0
2024,16,GRAN PREMIO D’ITALIA,LEC,Ferrari,Q2,80.007,4.0,26.475,26.921,26.611,2.0,SOFT,True,329.0,338.0,317.0,348.0,33.5,49.0,37.0,995.9,1.3,0.0,81.904,80.892,80.226,0,2,0
2024,16,GRAN PREMIO D’ITALIA,PER,Red Bull Racing,Q2,80.216,8.0,26.498,27.034,26.684,2.0,SOFT,True,326.0,338.0,314.0,346.0,33.5,49.0,37.0,995.9,1.3,0.0,82.311,81.678,81.287,0,2,0
2024,16,GRAN PREMIO D’ITALIA,ALB,Williams,Q2,80.314,9.0,26.436,27.071,26.807,2.0,SOFT,True,322.0,338.0,314.0,348.0,33.5,49.0,37.0,995.9,1.3,0.0,82.22,81.592,80.596,0,2,0
2024,16,GRAN PREMIO D’ITALIA,HUL,Haas F1 Team,Q2,80.411,10.0,26.341,27.16,26.91,2.0,SOFT,True,328.0,341.0,316.0,349.0,33.5,49.0,37.0,995.9,1.3,0.0,83.157,81.14,80.943,0,2,0
2024,16,GRAN PREMIO D’ITALIA,ALO,Aston Martin,Q2,80.421,11.0,26.463,27.131,26.827,2.0,SOFT,True,322.0,337.0,310.0,353.0,33.5,49.0,37.0,995.9,1.3,0.0,82.315,81.316,80.968,0,2,0
2024,16,GRAN PREMIO D’ITALIA,RIC,Racing Bulls,Q2,80.479,12.0,26.363,27.141,26.975,2.0,SOFT,True,327.0,342.0,313.0,353.0,33.5,49.0,37.0,995.9,1.3,0.0,82.605,81.3,81.077,0,2,0
2024,16,GRAN PREMIO D’ITALIA,MAG,Haas F1 Team,Q2,80.698,13.0,26.466,27.107,27.125,5.0,SOFT,False,328.0,341.0,313.0,350.0,33.5,49.0,37.0,995.9,1.3,0.0,82.572,81.499,81.208,0,2,0
2024,16,GRAN PREMIO D’ITALIA,GAS,Alpine,Q2,80.738,14.0,26.563,27.263,26.912,5.0,SOFT,False,325.0,337.0,316.0,346.0,33.5,49.0,37.0,995.9,1.3,0.0,82.763,81.819,81.155,0,2,0
2024,16,GRAN PREMIO D’ITALIA,OCO,Alpine,Q2,80.766,15.0,26.436,27.418,26.912,3.0,SOFT,True,327.0,341.0,316.0,351.0,33.5,49.0,37.0,995.9,1.3,0.0,82.88,81.867,81.258,0,2,0
2024,16,GRAN PREMIO D’ITALIA,NOR,McLaren,Q3,79.327,1.0,26.492,26.579,26.256,2.0,SOFT,True,324.0,338.0,315.0,346.0,33.5,49.0,37.0,995.9,1.3,0.0,81.917,80.741,80.262,0,3,0
2024,16,GRAN PREMIO D’ITALIA,PIA,McLaren,Q3,79.436,2.0,26.407,26.643,26.386,2.0,SOFT,True,323.0,337.0,315.0,345.0,33.5,49.0,37.0,995.9,1.3,0.0,82.199,80.858,80.252,0,3,0
2024,16,GRAN PREMIO D’ITALIA,RUS,Mercedes,Q3,79.44,3.0,26.296,26.844,26.3,2.0,SOFT,True,324.0,337.0,315.0,347.0,33.5,49.0,37.0,995.9,1.3,0.0,,81.086,80.21,0,3,0
2024,16,GRAN PREMIO D’ITALIA,LEC,Ferrari,Q3,79.461,4.0,26.373,26.732,26.356,2.0,SOFT,True,327.0,341.0,318.0,350.0,33.5,49.0,37.0,995.9,1.3,0.0,81.904,80.892,80.226,0,3,0
2024,16,GRAN PREMIO D’ITALIA,SAI,Ferrari,Q3,79.467,5.0,26.223,26.823,26.421,2.0,SOFT,True,328.0,341.0,313.0,350.0,33.5,49.0,37.0,995.9,1.3,0.0,82.126,80.841,80.463,0,3,0
2024,16,GRAN PREMIO D’ITALIA,HAM,Mercedes,Q3,79.513,6.0,26.428,26.672,26.413,2.0,SOFT,True,325.0,338.0,316.0,348.0,33.5,49.0,37.0,995.9,1.3,0.0,82.214,80.738,80.117,0,3,0
2024,16,GRAN PREMIO D’ITALIA,VER,Red Bull Racing,Q3,80.022,7.0,26.392,26.947,26.683,2.0,SOFT,True,325.0,338.0,315.0,344.0,33.5,49.0,37.0,995.9,1.3,0.0,81.676,81.61,80.368,0,3,0
2024,16,GRAN PREMIO D’ITALIA,PER,Red Bull Racing,Q3,80.062,8.0,26.488,27.042,26.532,5.0,SOFT,False,324.0,337.0,313.0,346.0,33.5,49.0,37.0,995.9,1.3,0.0,82.311,81.678,81.287,0,3,0
2024,16,GRAN PREMIO D’ITALIA,ALB,Williams,Q3,80.299,9.0,26.395,27.12,26.784,2.0,SOFT,True,324.0,339.0,314.0,347.0,33.5,49.0,37.0,995.9,1.3,0.0,82.22,81.592,80.596,0,3,0
2024,16,GRAN PREMIO D’ITALIA,HUL,Haas F1 Team,Q3,80.339,10.0,26.479,27.074,26.786,2.0,SOFT,True,328.0,339.0,317.0,347.0,33.5,49.0,37.0,995.9,1.3,0.0,83.157,81.14,80.943,0,3,0
2024,17,AZERBAIJAN GRAND PRIX,LEC,Ferrari,Q1,102.775,1.0,36.162,41.601,25.012,5.0,SOFT,True,221.0,233.0,337.0,317.0,27.1,37.2,37.0,1016.1,1.3,0.0,106.608,103.484,102.527,0,1,0
2024,17,AZERBAIJAN GRAND PRIX,ALB,Williams,Q1,102.899,10.0,36.462,41.46,24.977,2.0,SOFT,True,222.0,237.0,338.0,319.0,27.1,37.2,37.0,1016.1,1.3,0.0,107.955,104.737,103.194,0,1,0
2024,17,AZERBAIJAN GRAND PRIX,PIA,McLaren,Q1,103.033,2.0,36.483,41.591,24.959,7.0,SOFT,False,209.0,233.0,336.0,318.0,27.1,37.2,37.0,1016.1,1.3,0.0,106.282,103.983,102.749,0,1,0
2024,17,AZERBAIJAN GRAND PRIX,GAS,Alpine,Q1,103.088,15.0,36.375,41.823,24.89,2.0,SOFT,True,214.0,229.0,340.0,319.0,27.1,37.2,37.0,1016.1,1.3,0.0,108.712,105.391,103.876,0,1,0
2024,17,AZERBAIJAN GRAND PRIX,HAM,Mercedes,Q1,103.089,7.0,36.621,41.693,24.775,5.0,SOFT,True,218.0,234.0,340.0,321.0,27.1,37.2,37.0,1016.1,1.3,0.0,105.859,103.55,103.301,0,1,0
2024,17,AZERBAIJAN GRAND PRIX,VER,Red Bull Racing,Q1,103.097,6.0,36.405,41.657,25.035,7.0,SOFT,False,218.0,237.0,339.0,317.0,27.1,37.2,37.0,1016.1,1.3,0.0,105.546,104.029,102.862,0,1,0
2024,17,AZERBAIJAN GRAND PRIX,HUL,Haas F1 Team,Q1,103.101,13.0,36.399,41.822,24.88,2.0,SOFT,True,224.0,225.0,341.0,322.0,27.1,37.2,37.0,1016.1,1.3,0.0,107.135,104.475,104.164,0,1,0
2024,17,AZERBAIJAN GRAND PRIX,COL,Williams,Q1,103.138,9.0,36.569,41.708,24.861,2.0,SOFT,True,213.0,231.0,342.0,323.0,27.1,37.2,37.0,1016.1,1.3,0.0,107.901,104.749,103.238,0,1,0
2024,17,AZERBAIJAN GRAND PRIX,RUS,Mercedes,Q1,103.139,5.0,36.765,41.581,24.793,2.0,SOFT,True,222.0,230.0,339.0,323.0,27.1,37.2,37.0,1016.1,1.3,0.0,106.516,104.536,102.514,0,1,0
2024,17,AZERBAIJAN GRAND PRIX,PER,Red Bull Racing,Q1,103.213,4.0,36.37,41.596,25.247,5.0,SOFT,True,217.0,234.0,339.0,316.0,27.1,37.2,37.0,1016.1,1.3,0.0,105.922,103.49,103.024,0,1,0
2024,17,AZERBAIJAN GRAND PRIX,TSU,Racing Bulls,Q1,103.337,12.0,36.874,41.578,24.885,2.0,SOFT,True,213.0,229.0,342.0,319.0,27.1,37.2,37.0,1016.1,1.3,0.0,107.708,104.645,103.503,0,1,0
2024,17,AZERBAIJAN GRAND PRIX,SAI,Ferrari,Q1,103.357,3.0,36.573,41.782,25.002,8.0,SOFT,True,218.0,228.0,338.0,318.0,27.1,37.2,37.0,1016.1,1.3,0.0,106.173,103.95,102.968,0,1,0
2024,17,AZERBAIJAN GRAND PRIX,STR,Aston Martin,Q1,103.37,14.0,36.507,41.892,24.971,2.0,SOFT,True,219.0,229.0,339.0,320.0,27.1,37.2,37.0,1016.1,1.3,0.0,107.184,104.093,103.571,0,1,0
2024,17,AZERBAIJAN GRAND PRIX,BEA,Haas F1 Team,Q1,103.471,11.0,36.473,42.02,24.978,2.0,SOFT,True,218.0,225.0,337.0,319.0,27.1,37.2,37.0,1016.1,1.3,0.0,106.973,104.547,,0,1,0
2024,17,AZERBAIJAN GRAND PRIX,ALO,Aston Martin,Q1,103.472,8.0,36.643,42.094,24.735,2.0,SOFT,True,207.0,223.0,342.0,323.0,27.1,37.2,37.0,1016.1,1.3,0.0,106.452,104.683,103.474,0,1,0
2024,17,AZERBAIJAN GRAND PRIX,RIC,Racing Bulls,Q1,103.547,15.0,36.969,41.617,24.961,2.0,SOFT,True,215.0,227.0,338.0,319.0,27.1,37.2,37.0,1016.1,1.3,0.0,106.687,105.056,103.87,0,1,0
2024,17,AZERBAIJAN GRAND PRIX,NOR,McLaren,Q1,103.609,16.0,36.68,41.881,25.048,4.0,SOFT,True,210.0,232.0,339.0,319.0,27.1,37.2,37.0,1016.1,1.3,0.0,106.027,105.156,102.737,0,1,0
2024,17,AZERBAIJAN GRAND PRIX,BOT,Kick Sauber,Q1,103.618,17.0,36.474,42.32,24.824,2.0,SOFT,True,226.0,211.0,346.0,320.0,27.1,37.2,37.0,1016.1,1.3,0.0,107.64,104.785,104.187,0,1,0
2024,17,AZERBAIJAN GRAND PRIX,ZHO,Kick Sauber,Q1,104.246,18.0,36.851,42.428,24.967,4.0,SOFT,True,207.0,232.0,338.0,318.0,27.1,37.2,37.0,1016.1,1.3,0.0,109.052,105.947,104.869,0,1,0
2024,17,AZERBAIJAN GRAND PRIX,OCO,Alpine,Q1,104.504,19.0,37.116,42.214,25.174,2.0,SOFT,True,214.0,233.0,340.0,319.0,27.1,37.2,37.0,1016.1,1.3,0.0,,105.81,,0,1,0
2024,17,AZERBAIJAN GRAND PRIX,VER,Red Bull Racing,Q2,102.042,6.0,36.049,41.212,24.781,2.0,SOFT,True,216.0,241.0,342.0,320.0,27.1,37.2,37.0,1016.1,1.3,0.0,105.546,104.029,102.862,0,2,0
2024,17,AZERBAIJAN GRAND PRIX,LEC,Ferrari,Q2,102.056,1.0,35.913,40.978,25.165,2.0,SOFT,True,224.0,239.0,336.0,315.0,27.1,37.2,37.0,1016.1,1.3,0.0,106.608,103.484,102.527,0,2,0
2024,17,AZERBAIJAN GRAND PRIX,PER,Red Bull Racing,Q2,102.263,4.0,35.904,41.332,25.027,2.0,SOFT,True,231.0,232.0,340.0,317.0,27.1,37.2,37.0,1016.1,1.3,0.0,105.922,103.49,103.024,0,2,0
2024,17,AZERBAIJAN GRAND PRIX,RUS,Mercedes,Q2,102.329,5.0,36.152,41.451,24.726,2.0,SOFT,True,207.0,240.0,341.0,322.0,27.1,37.2,37.0,1016.1,1.3,0.0,106.516,104.536,102.514,0,2,0
2024,17,AZERBAIJAN GRAND PRIX,ALO,Aston Martin,Q2,102.426,8.0,36.194,41.708,24.524,2.0,SOFT,True,212.0,230.0,345.0,324.0,27.1,37.2,37.0,1016.1,1.3,0.0,106.452,104.683,103.474,0,2,0
2024,17,AZERBAIJAN GRAND PRIX,COL,Williams,Q2,102.473,9.0,36.224,41.483,24.766,2.0,SOFT,True,212.0,228.0,339.0,320.0,27.1,37.2,37.0,1016.1,1.3,0.0,107.901,104.749,103.238,0,2,0
2024,17,AZERBAIJAN GRAND PRIX,SAI,Ferrari,Q2,102.503,3.0,36.085,41.242,25.176,2.0,SOFT,True,227.0,231.0,334.0,314.0,27.1,37.2,37.0,1016.1,1.3,0.0,106.173,103.95,102.968,0,2,0
2024,17,AZERBAIJAN GRAND PRIX,PIA,McLaren,Q2,102.598,2.0,36.232,41.563,24.803,2.0,SOFT,True,211.0,228.0,336.0,319.0,27.1,37.2,37.0,1016.1,1.3,0.0,106.282,103.983,102.749,0,2,0
2024,17,AZERBAIJAN GRAND PRIX,HAM,Mercedes,Q2,102.765,7.0,36.512,41.602,24.651,2.0,SOFT,True,217.0,240.0,343.0,324.0,27.1,37.2,37.0,1016.1,1.3,0.0,105.859,103.55,103.301,0,2,0
2024,17,AZERBAIJAN GRAND PRIX,ALB,Williams,Q2,102.84,10.0,36.338,41.412,25.09,2.0,SOFT,True,212.0,244.0,337.0,319.0,27.1,37.2,37.0,1016.1,1.3,0.0,107.955,104.737,103.194,0,2,0
2024,17,AZERBAIJAN GRAND PRIX,BEA,Haas F1 Team,Q2,102.968,11.0,36.032,41.93,25.006,2.0,SOFT,True,225.0,227.0,337.0,318.0,27.1,37.2,37.0,1016.1,1.3,0.0,106.973,104.547,,0,2,0
2024,17,AZERBAIJAN GRAND PRIX,TSU,Racing Bulls,Q2,103.035,12.0,36.51,41.668,24.857,2.0,SOFT,True,212.0,230.0,341.0,318.0,27.1,37.2,37.0,1016.1,1.3,0.0,107.708,104.645,103.503,0,2,0
2024,17,AZERBAIJAN GRAND PRIX,GAS,Alpine,Q2,103.179,15.0,36.266,41.849,25.064,2.0,SOFT,True,212.0,228.0,337.0,315.0,27.1,37.2,37.0,1016.1,1.3,0.0,108.712,105.391,103.876,0,2,0
2024,17,AZERBAIJAN GRAND PRIX,HUL,Haas F1 Team,Q2,103.191,13.0,36.337,42.005,24.849,2.0,SOFT,True,220.0,233.0,343.0,320.0,27.1,37.2,37.0,1016.1,1.3,0.0,107.135,104.475,104.164,0,2,0
2024,17,AZERBAIJAN GRAND PRIX,STR,Aston Martin,Q2,103.404,14.0,36.487,41.946,24.971,2.0,SOFT,True,214.0,236.0,341.0,318.0,27.1,37.2,37.0,1016.1,1.3,0.0,107.184,104.093,103.571,0,2,0
2024,17,AZERBAIJAN GRAND PRIX,LEC,Ferrari,Q3,101.365,1.0,35.702,40.813,24.85,2.0,SOFT,True,220.0,236.0,338.0,317.0,27.1,37.2,37.0,1016.1,1.3,0.0,106.608,103.484,102.527,0,3,0
2024,17,AZERBAIJAN GRAND PRIX,PIA,McLaren,Q3,101.686,2.0,35.782,40.972,24.932,2.0,SOFT,True,217.0,231.0,336.0,319.0,27.1,37.2,37.0,1016.1,1.3,0.0,106.282,103.983,102.749,0,3,0
2024,17,AZERBAIJAN GRAND PRIX,SAI,Ferrari,Q3,101.805,3.0,35.716,41.181,24.908,2.0,SOFT,True,222.0,230.0,336.0,316.0,27.1,37.2,37.0,1016.1,1.3,0.0,106.173,103.95,102.968,0,3,0
2024,17,AZERBAIJAN GRAND PRIX,PER,Red Bull Racing,Q3,101.813,4.0,35.649,41.198,24.966,2.0,SOFT,True,231.0,232.0,340.0,316.0,27.1,37.2,37.0,1016.1,1.3,0.0,105.922,103.49,103.024,0,3,0
2024,17,AZERBAIJAN GRAND PRIX,RUS,Mercedes,Q3,101.874,5.0,36.074,41.052,24.748,2.0,SOFT,True,223.0,237.0,339.0,322.0,27.1,37.2,37.0,1016.1,1.3,0.0,106.516,104.536,102.514,0,3,0
2024,17,AZERBAIJAN GRAND PRIX,VER,Red Bull Racing,Q3,102.023,6.0,35.948,41.149,24.926,2.0,SOFT,True,224.0,234.0,338.0,318.0,27.1,37.2,37.0,1016.1,1.3,0.0,105.546,104.029,102.862,0,3,0
2024,17,AZERBAIJAN GRAND PRIX,HAM,Mercedes,Q3,102.289,7.0,36.174,41.422,24.693,2.0,SOFT,True,220.0,237.0,341.0,323.0,27.1,37.2,37.0,1016.1,1.3,0.0,105.859,103.55,103.301,0,3,0
2024,17,AZERBAIJAN GRAND PRIX,ALO,Aston Martin,Q3,102.369,8.0,36.064,41.611,24.694,2.0,SOFT,True,219.0,235.0,343.0,322.0,27.1,37.2,37.0,1016.1,1.3,0.0,106.452,104.683,103.474,0,3,0
2024,17,AZERBAIJAN GRAND PRIX,COL,Williams,Q3,102.53,9.0,36.158,41.455,24.917,2.0,SOFT,True,215.0,235.0,337.0,320.0,27.1,37.2,37.0,1016.1,1.3,0.0,107.901,104.749,103.238,0,3,0
2024,17,AZERBAIJAN GRAND PRIX,ALB,Williams,Q3,102.859,10.0,36.554,41.353,24.952,5.0,SOFT,False,220.0,237.0,339.0,321.0,27.1,37.2,37.0,1016.1,1.3,0.0,107.955,104.737,103.194,0,3,0
2024,18,SINGAPORE GRAND PRIX,NOR,McLaren,Q1,90.002,1.0,26.735,37.824,25.443,5.0,SOFT,False,310.0,278.0,259.0,303.0,29.4,32.0,79.0,1007.5,1.3,0.0,91.839,90.727,89.646,0,1,0
2024,18,SINGAPORE GRAND PRIX,VER,Red Bull Racing,Q1,90.157,2.0,26.763,37.949,25.445,2.0,SOFT,True,313.0,278.0,262.0,303.0,29.4,32.0,79.0,1007.5,1.3,0.0,92.097,92.021,90.54,0,1,0
2024,18,SINGAPORE GRAND PRIX,PIA,McLaren,Q1,90.258,5.0,26.756,37.919,25.583,5.0,SOFT,False,310.0,278.0,258.0,302.0,29.4,32.0,79.0,1007.5,1.3,0.0,92.369,91.474,90.431,0,1,0
2024,18,SINGAPORE GRAND PRIX,HAM,Mercedes,Q1,90.393,3.0,26.883,37.977,25.533,2.0,SOFT,True,312.0,278.0,258.0,304.0,29.4,32.0,79.0,1007.5,1.3,0.0,92.679,91.709,90.864,0,1,0
2024,18,SINGAPORE GRAND PRIX,PER,Red Bull Racing,Q1,90.624,13.0,26.822,38.312,25.49,2.0,SOFT,True,315.0,279.0,258.0,303.0,29.4,32.0,79.0,1007.5,1.3,0.0,92.767,91.598,91.44,0,1,0
2024,18,SINGAPORE GRAND PRIX,SAI,Ferrari,Q1,90.67,10.0,26.898,38.15,25.622,2.0,SOFT,True,312.0,279.0,261.0,303.0,29.4,32.0,79.0,1007.5,1.3,0.0,91.952,91.356,90.807,0,1,0
2024,18,SINGAPORE GRAND PRIX,ALB,Williams,Q1,90.679,11.0,26.876,38.082,25.721,2.0,SOFT,True,307.0,276.0,256.0,300.0,29.4,32.0,79.0,1007.5,1.3,0.0,92.451,91.65,90.949,0,1,0
2024,18,SINGAPORE GRAND PRIX,ALO,Aston Martin,Q1,90.684,7.0,26.847,38.21,25.627,2.0,SOFT,True,313.0,280.0,257.0,303.0,29.4,32.0,79.0,1007.5,1.3,0.0,92.61,91.75,91.082,0,1,0
2024,18,SINGAPORE GRAND PRIX,COL,Williams,Q1,90.704,12.0,26.964,37.939,25.801,2.0,SOFT,True,310.0,276.0,255.0,301.0,29.4,32.0,79.0,1007.5,1.3,0.0,92.618,92.057,90.989,0,1,0
2024,18,SINGAPORE GRAND PRIX,TSU,Racing Bulls,Q1,90.716,8.0,26.826,38.192,25.698,2.0,SOFT,True,308.0,275.0,257.0,298.0,29.4,32.0,79.0,1007.5,1.3,0.0,92.263,91.468,91.114,0,1,0
2024,18,SINGAPORE GRAND PRIX,HUL,Haas F1 Team,Q1,90.724,6.0,27.045,38.184,25.495,2.0,SOFT,True,313.0,281.0,260.0,305.0,29.4,32.0,79.0,1007.5,1.3,0.0,93.797,91.667,91.187,0,1,0
2024,18,SINGAPORE GRAND PRIX,LEC,Ferrari,Q1,90.786,9.0,26.876,38.229,25.681,5.0,SOFT,True,312.0,280.0,260.0,301.0,29.4,32.0,79.0,1007.5,1.3,0.0,91.763,90.785,90.559,0,1,0
2024,18,SINGAPORE GRAND PRIX,RUS,Mercedes,Q1,90.811,4.0,27.002,38.212,25.597,2.0,SOFT,True,313.0,279.0,257.0,303.0,29.4,32.0,79.0,1007.5,1.3,0.0,93.334,91.488,90.125,0,1,0
2024,18,SINGAPORE GRAND PRIX,MAG,Haas F1 Team,Q1,90.829,14.0,26.885,38.292,25.652,2.0,SOFT,True,315.0,281.0,259.0,304.0,29.4,32.0,79.0,1007.5,1.3,0.0,93.377,91.793,91.265,0,1,0
2024,18,SINGAPORE GRAND PRIX,OCO,Alpine,Q1,90.958,15.0,27.057,38.356,25.545,2.0,SOFT,True,312.0,278.0,260.0,303.0,29.4,32.0,79.0,1007.5,1.3,0.0,92.615,92.119,91.559,0,1,0
2024,18,SINGAPORE GRAND PRIX,RIC,Racing Bulls,Q1,91.085,16.0,27.079,38.308,25.698,2.0,SOFT,True,308.0,277.0,257.0,298.0,29.4,32.0,79.0,1007.5,1.3,0.0,92.375,91.478,91.561,0,1,0
2024,18,SINGAPORE GRAND PRIX,STR,Aston Martin,Q1,91.094,17.0,26.873,38.53,25.691,2.0,SOFT,True,315.0,279.0,254.0,304.0,29.4,32.0,79.0,1007.5,1.3,0.0,92.778,91.957,91.719,0,1,0
2024,18,SINGAPORE GRAND PRIX,GAS,Alpine,Q1,91.312,18.0,27.088,38.568,25.656,2.0,SOFT,True,312.0,278.0,254.0,302.0,29.4,32.0,79.0,1007.5,1.3,0.0,92.694,92.222,91.367,0,1,0
2024,18,SINGAPORE GRAND PRIX,BOT,Kick Sauber,Q1,91.572,19.0,27.189,38.4,25.983,2.0,SOFT,True,311.0,278.0,255.0,302.0,29.4,32.0,79.0,1007.5,1.3,0.0,93.485,92.786,92.098,0,1,0
2024,18,SINGAPORE GRAND PRIX,ZHO,Kick Sauber,Q1,92.054,20.0,27.236,38.783,26.035,2.0,SOFT,True,310.0,279.0,250.0,300.0,29.4,32.0,79.0,1007.5,1.3,0.0,93.585,92.359,92.652,0,1,0
2024,18,SINGAPORE GRAND PRIX,PIA,McLaren,Q2,89.64,5.0,26.603,37.753,25.284,2.0,SOFT,True,312.0,278.0,260.0,302.0,29.4,32.0,79.0,1007.5,1.3,0.0,92.369,91.474,90.431,0,2,0
2024,18,SINGAPORE GRAND PRIX,VER,Red Bull Racing,Q2,89.68,2.0,26.615,37.663,25.402,2.0,SOFT,True,310.0,277.0,258.0,302.0,29.4,32.0,79.0,1007.5,1.3,0.0,92.097,92.021,90.54,0,2,0
2024,18,SINGAPORE GRAND PRIX,LEC,Ferrari,Q2,89.747,9.0,26.533,37.759,25.455,2.0,SOFT,True,312.0,279.0,262.0,301.0,29.4,32.0,79.0,1007.5,1.3,0.0,91.763,90.785,90.559,0,2,0
2024,18,SINGAPORE GRAND PRIX,HAM,Mercedes,Q2,89.929,3.0,26.742,37.797,25.39,2.0,SOFT,True,312.0,278.0,256.0,303.0,29.4,32.0,79.0,1007.5,1.3,0.0,92.679,91.709,90.864,0,2,0
2024,18,SINGAPORE GRAND PRIX,NOR,McLaren,Q2,90.007,1.0,26.586,37.678,25.743,2.0,SOFT,True,312.0,279.0,257.0,303.0,29.4,32.0,79.0,1007.5,1.3,0.0,91.839,90.727,89.646,0,2,0
2024,18,SINGAPORE GRAND PRIX,SAI,Ferrari,Q2,90.108,10.0,26.75,37.866,25.492,2.0,SOFT,True,313.0,279.0,260.0,301.0,29.4,32.0,79.0,1007.5,1.3,0.0,91.952,91.356,90.807,0,2,0
2024,18,SINGAPORE GRAND PRIX,HUL,Haas F1 Team,Q2,90.15,6.0,26.802,38.048,25.3,2.0,SOFT,True,315.0,280.0,261.0,304.0,29.4,32.0,79.0,1007.5,1.3,0.0,93.797,91.667,91.187,0,2,0
2024,18,SINGAPORE GRAND PRIX,RUS,Mercedes,Q2,90.153,4.0,26.827,37.956,25.37,2.0,SOFT,True,313.0,279.0,258.0,304.0,29.4,32.0,79.0,1007.5,1.3,0.0,93.334,91.488,90.125,0,2,0
2024,18,SINGAPORE GRAND PRIX,TSU,Racing Bulls,Q2,90.289,8.0,26.769,37.897,25.623,2.0,SOFT,True,309.0,277.0,257.0,298.0,29.4,32.0,79.0,1007.5,1.3,0.0,92.263,91.468,91.114,0,2,0
2024,18,SINGAPORE GRAND PRIX,ALO,Aston Martin,Q2,90.45,7.0,26.704,38.2,25.546,2.0,SOFT,True,314.0,279.0,258.0,303.0,29.4,32.0,79.0,1007.5,1.3,0.0,92.61,91.75,91.082,0,2,0
2024,18,SINGAPORE GRAND PRIX,ALB,Williams,Q2,90.474,11.0,26.839,38.06,25.575,2.0,SOFT,True,311.0,277.0,255.0,303.0,29.4,32.0,79.0,1007.5,1.3,0.0,92.451,91.65,90.949,0,2,0
2024,18,SINGAPORE GRAND PRIX,COL,Williams,Q2,90.481,12.0,26.841,37.984,25.656,2.0,SOFT,True,311.0,277.0,253.0,302.0,29.4,32.0,79.0,1007.5,1.3,0.0,92.618,92.057,90.989,0,2,0
2024,18,SINGAPORE GRAND PRIX,PER,Red Bull Racing,Q2,90.579,13.0,26.936,38.154,25.489,2.0,SOFT,True,313.0,279.0,259.0,304.0,29.4,32.0,79.0,1007.5,1.3,0.0,92.767,91.598,91.44,0,2,0
2024,18,SINGAPORE GRAND PRIX,MAG,Haas F1 Team,Q2,90.653,14.0,26.889,38.268,25.496,2.0,SOFT,True,314.0,280.0,261.0,304.0,29.4,32.0,79.0,1007.5,1.3,0.0,93.377,91.793,91.265,0,2,0
2024,18,SINGAPORE GRAND PRIX,OCO,Alpine,Q2,90.769,15.0,26.993,38.296,25.48,2.0,SOFT,True,313.0,279.0,258.0,302.0,29.4,32.0,79.0,1007.5,1.3,0.0,92.615,92.119,91.559,0,2,0
2024,18,SINGAPORE GRAND PRIX,NOR,McLaren,Q3,89.525,1.0,26.599,37.63,25.296,2.0,SOFT,True,312.0,279.0,261.0,304.0,29.4,32.0,79.0,1007.5,1.3,0.0,91.839,90.727,89.646,0,3,0
2024,18,SINGAPORE GRAND PRIX,VER,Red Bull Racing,Q3,89.728,2.0,26.641,37.726,25.361,2.0,SOFT,True,312.0,278.0,260.0,303.0,29.4,32.0,79.0,1007.5,1.3,0.0,92.097,92.021,90.54,0,3,0
2024,18,SINGAPORE GRAND PRIX,HAM,Mercedes,Q3,89.841,3.0,26.626,37.987,25.228,2.0,SOFT,True,313.0,279.0,257.0,305.0,29.4,32.0,79.0,1007.5,1.3,0.0,92.679,91.709,90.864,0,3,0
2024,18,SINGAPORE GRAND PRIX,RUS,Mercedes,Q3,89.867,4.0,26.727,37.913,25.227,2.0,SOFT,True,314.0,280.0,261.0,304.0,29.4,32.0,79.0,1007.5,1.3,0.0,93.334,91.488,90.125,0,3,0
2024,18,SINGAPORE GRAND PRIX,PIA,McLaren,Q3,89.953,5.0,26.641,37.652,25.66,2.0,SOFT,True,310.0,278.0,261.0,302.0,29.4,32.0,79.0,1007.5,1.3,0.0,92.369,91.474,90.431,0,3,0
2024,18,SINGAPORE GRAND PRIX,HUL,Haas F1 Team,Q3,90.115,6.0,26.742,37.939,25.434,2.0,SOFT,True,314.0,280.0,261.0,304.0,29.4,32.0,79.0,1007.5,1.3,0.0,93.797,91.667,91.187,0,3,0
2024,18,SINGAPORE GRAND PRIX,LEC,Ferrari,Q3,90.119,9.0,26.829,37.871,25.419,2.0,SOFT,True,310.0,279.0,261.0,302.0,29.4,32.0,79.0,1007.5,1.3,0.0,91.763,90.785,90.559,0,3,0
2024,18,SINGAPORE GRAND PRIX,ALO,Aston Martin,Q3,90.214,7.0,26.647,38.13,25.437,2.0,SOFT,True,313.0,279.0,258.0,304.0,29.4,32.0,79.0,1007.5,1.3,0.0,92.61,91.75,91.082,0,3,0
2024,18,SINGAPORE GRAND PRIX,TSU,Racing Bulls,Q3,90.354,8.0,26.881,37.937,25.536,2.0,SOFT,True,309.0,277.0,257.0,300.0,29.4,32.0,79.0,1007.5,1.3,0.0,92.263,91.468,91.114,0,3,0
2024,19,UNITED STATES GRAND PRIX,VER,Red Bull Racing,Q1,93.046,2.0,25.016,37.262,30.768,2.0,SOFT,True,242.0,190.0,210.0,327.0,28.5,38.6,38.0,1005.4,2.2,0.0,93.855,,92.833,1,1,0
2024,19,UNITED STATES GRAND PRIX,LEC,Ferrari,Q1,93.241,4.0,25.198,37.161,30.882,2.0,SOFT,True,242.0,192.0,212.0,330.0,28.5,38.6,38.0,1005.4,2.2,0.0,93.623,,93.059,1,1,0
2024,19,UNITED STATES GRAND PRIX,LAW,Racing Bulls,Q1,93.339,15.0,25.231,37.333,30.775,2.0,SOFT,True,239.0,190.0,213.0,332.0,28.5,38.6,38.0,1005.4,2.2,0.0,94.443,,94.284,1,1,0
2024,19,UNITED STATES GRAND PRIX,RUS,Mercedes,Q1,93.536,6.0,25.248,37.302,30.986,2.0,SOFT,True,239.0,191.0,211.0,331.0,28.5,38.6,38.0,1005.4,2.2,0.0,94.093,,92.845,1,1,0
2024,19,UNITED STATES GRAND PRIX,GAS,Alpine,Q1,93.55,7.0,25.358,37.422,30.77,2.0,SOFT,True,237.0,189.0,212.0,331.0,28.5,38.6,38.0,1005.4,2.2,0.0,94.375,,94.363,1,1,0
2024,19,UNITED STATES GRAND PRIX,SAI,Ferrari,Q1,93.556,3.0,25.268,37.348,30.94,2.0,SOFT,True,237.0,191.0,209.0,329.0,28.5,38.6,38.0,1005.4,2.2,0.0,93.602,,93.089,1,1,0
2024,19,UNITED STATES GRAND PRIX,MAG,Haas F1 Team,Q1,93.564,9.0,25.382,37.348,30.834,2.0,SOFT,True,240.0,191.0,211.0,332.0,28.5,38.6,38.0,1005.4,2.2,0.0,94.096,,93.398,1,1,0
2024,19,UNITED STATES GRAND PRIX,HUL,Haas F1 Team,Q1,93.601,12.0,25.444,37.364,30.793,2.0,SOFT,True,238.0,189.0,211.0,332.0,28.5,38.6,38.0,1005.4,2.2,0.0,94.364,,93.183,1,1,0
2024,19,UNITED STATES GRAND PRIX,PER,Red Bull Racing,Q1,93.611,10.0,25.071,37.462,31.078,2.0,SOFT,True,238.0,188.0,211.0,333.0,28.5,38.6,38.0,1005.4,2.2,0.0,94.638,,94.244,1,1,0
2024,19,UNITED STATES GRAND PRIX,NOR,McLaren,Q1,93.616,1.0,25.308,37.438,30.87,2.0,SOFT,True,236.0,188.0,209.0,328.0,28.5,38.6,38.0,1005.4,2.2,0.0,93.868,,93.083,1,1,0
2024,19,UNITED STATES GRAND PRIX,TSU,Racing Bulls,Q1,93.795,11.0,25.157,37.602,31.036,2.0,SOFT,True,234.0,189.0,211.0,331.0,28.5,38.6,38.0,1005.4,2.2,0.0,94.313,,93.802,1,1,0
2024,19,UNITED STATES GRAND PRIX,PIA,McLaren,Q1,93.864,5.0,25.521,37.323,31.02,5.0,SOFT,True,234.0,189.0,210.0,329.0,28.5,38.6,38.0,1005.4,2.2,0.0,93.908,,94.285,1,1,0
2024,19,UNITED STATES GRAND PRIX,ALO,Aston Martin,Q1,93.973,8.0,25.316,37.563,31.094,2.0,SOFT,True,235.0,191.0,210.0,327.0,28.5,38.6,38.0,1005.4,2.2,0.0,94.112,,94.251,1,1,0
2024,19,UNITED STATES GRAND PRIX,OCO,Alpine,Q1,93.986,13.0,25.575,37.539,30.872,2.0,SOFT,True,241.0,191.0,212.0,329.0,28.5,38.6,38.0,1005.4,2.2,0.0,94.806,,94.917,1,1,0
2024,19,UNITED STATES GRAND PRIX,STR,Aston Martin,Q1,94.033,14.0,25.432,37.567,31.034,2.0,SOFT,True,234.0,190.0,212.0,327.0,28.5,38.6,38.0,1005.4,2.2,0.0,94.619,,94.324,1,1,0
2024,19,UNITED STATES GRAND PRIX,ALB,Williams,Q1,94.051,16.0,25.332,37.72,30.999,2.0,SOFT,True,235.0,188.0,210.0,329.0,28.5,38.6,38.0,1005.4,2.2,0.0,94.618,,95.054,1,1,0
2024,19,UNITED STATES GRAND PRIX,COL,Williams,Q1,94.062,17.0,25.517,37.591,30.954,2.0,SOFT,True,228.0,190.0,208.0,327.0,28.5,38.6,38.0,1005.4,2.2,0.0,95.248,,93.952,1,1,0
2024,19,UNITED STATES GRAND PRIX,BOT,Kick Sauber,Q1,94.152,18.0,25.454,37.64,31.058,2.0,SOFT,True,238.0,193.0,212.0,330.0,28.5,38.6,38.0,1005.4,2.2,0.0,95.041,,95.148,1,1,0
2024,19,UNITED STATES GRAND PRIX,HAM,Mercedes,Q1,94.154,19.0,25.267,37.811,31.076,2.0,SOFT,True,243.0,187.0,210.0,332.0,28.5,38.6,38.0,1005.4,2.2,0.0,93.963,,93.37,1,1,0
2024,19,UNITED STATES GRAND PRIX,ZHO,Kick Sauber,Q1,94.228,20.0,25.531,37.663,31.034,2.0,SOFT,True,234.0,192.0,209.0,330.0,28.5,38.6,38.0,1005.4,2.2,0.0,97.219,,95.193,1,1,0
2024,19,UNITED STATES GRAND PRIX,VER,Red Bull Racing,Q2,92.584,2.0,24.977,37.051,30.556,2.0,SOFT,True,240.0,190.0,211.0,328.0,28.5,38.6,38.0,1005.4,2.2,0.0,93.855,,92.833,1,2,0
2024,19,UNITED STATES GRAND PRIX,SAI,Ferrari,Q2,92.836,3.0,25.043,37.121,30.672,2.0,SOFT,True,242.0,192.0,211.0,330.0,28.5,38.6,38.0,1005.4,2.2,0.0,93.602,,93.089,1,2,0
2024,19,UNITED STATES GRAND PRIX,NOR,McLaren,Q2,92.851,1.0,25.187,37.066,30.598,2.0,SOFT,True,237.0,193.0,210.0,330.0,28.5,38.6,38.0,1005.4,2.2,0.0,93.868,,93.083,1,2,0
2024,19,UNITED STATES GRAND PRIX,LEC,Ferrari,Q2,92.962,4.0,25.127,37.135,30.7,2.0,SOFT,True,241.0,193.0,212.0,331.0,28.5,38.6,38.0,1005.4,2.2,0.0,93.623,,93.059,1,2,0
2024,19,UNITED STATES GRAND PRIX,PER,Red Bull Racing,Q2,93.02,10.0,25.077,37.135,30.808,2.0,SOFT,True,233.0,189.0,211.0,329.0,28.5,38.6,38.0,1005.4,2.2,0.0,94.638,,94.244,1,2,0
2024,19,UNITED STATES GRAND PRIX,PIA,McLaren,Q2,93.057,5.0,25.25,37.201,30.606,2.0,SOFT,True,235.0,192.0,209.0,324.0,28.5,38.6,38.0,1005.4,2.2,0.0,93.908,,94.285,1,2,0
2024,19,UNITED STATES GRAND PRIX,RUS,Mercedes,Q2,93.142,6.0,25.223,37.076,30.843,2.0,SOFT,True,234.0,192.0,207.0,331.0,28.5,38.6,38.0,1005.4,2.2,0.0,94.093,,92.845,1,2,0
2024,19,UNITED STATES GRAND PRIX,GAS,Alpine,Q2,93.162,7.0,25.065,37.217,30.88,2.0,SOFT,True,246.0,192.0,212.0,332.0,28.5,38.6,38.0,1005.4,2.2,0.0,94.375,,94.363,1,2,0
2024,19,UNITED STATES GRAND PRIX,ALO,Aston Martin,Q2,93.429,8.0,25.331,37.286,30.812,2.0,SOFT,True,234.0,190.0,211.0,327.0,28.5,38.6,38.0,1005.4,2.2,0.0,94.112,,94.251,1,2,0
2024,19,UNITED STATES GRAND PRIX,MAG,Haas F1 Team,Q2,93.474,9.0,25.196,37.511,30.767,2.0,SOFT,True,243.0,192.0,211.0,329.0,28.5,38.6,38.0,1005.4,2.2,0.0,94.096,,93.398,1,2,0
2024,19,UNITED STATES GRAND PRIX,TSU,Racing Bulls,Q2,93.506,11.0,25.155,37.46,30.891,2.0,SOFT,True,241.0,186.0,210.0,334.0,28.5,38.6,38.0,1005.4,2.2,0.0,94.313,,93.802,1,2,0
2024,19,UNITED STATES GRAND PRIX,HUL,Haas F1 Team,Q2,93.544,12.0,25.765,37.215,30.564,2.0,SOFT,True,242.0,191.0,212.0,331.0,28.5,38.6,38.0,1005.4,2.2,0.0,94.364,,93.183,1,2,0
2024,19,UNITED STATES GRAND PRIX,OCO,Alpine,Q2,93.597,13.0,25.39,37.43,30.777,2.0,SOFT,True,243.0,190.0,213.0,329.0,28.5,38.6,38.0,1005.4,2.2,0.0,94.806,,94.917,1,2,0
2024,19,UNITED STATES GRAND PRIX,STR,Aston Martin,Q2,93.759,14.0,25.394,37.356,31.009,2.0,SOFT,True,232.0,190.0,211.0,328.0,28.5,38.6,38.0,1005.4,2.2,0.0,94.619,,94.324,1,2,0
2024,19,UNITED STATES GRAND PRIX,NOR,McLaren,Q3,92.33,1.0,24.992,36.887,30.451,2.0,SOFT,True,239.0,189.0,210.0,326.0,28.5,38.6,38.0,1005.4,2.2,0.0,93.868,,93.083,1,3,0
2024,19,UNITED STATES GRAND PRIX,VER,Red Bull Racing,Q3,92.361,2.0,24.868,36.986,30.507,2.0,SOFT,True,244.0,191.0,211.0,328.0,28.5,38.6,38.0,1005.4,2.2,0.0,93.855,,92.833,1,3,0
2024,19,UNITED STATES GRAND PRIX,SAI,Ferrari,Q3,92.652,3.0,25.09,37.061,30.501,2.0,SOFT,True,241.0,192.0,212.0,330.0,28.5,38.6,38.0,1005.4,2.2,0.0,93.602,,93.089,1,3,0
2024,19,UNITED STATES GRAND PRIX,LEC,Ferrari,Q3,92.74,4.0,25.222,37.055,30.463,2.0,SOFT,True,241.0,193.0,213.0,330.0,28.5,38.6,38.0,1005.4,2.2,0.0,93.623,,93.059,1,3,0
2024,19,UNITED STATES GRAND PRIX,PIA,McLaren,Q3,92.95,5.0,25.263,37.048,30.639,2.0,SOFT,True,241.0,190.0,210.0,324.0,28.5,38.6,38.0,1005.4,2.2,0.0,93.908,,94.285,1,3,0
2024,19,UNITED STATES GRAND PRIX,RUS,Mercedes,Q3,92.974,6.0,25.259,37.028,30.687,3.0,SOFT,False,235.0,191.0,209.0,329.0,28.5,38.6,38.0,1005.4,2.2,0.0,94.093,,92.845,1,3,0
2024,19,UNITED STATES GRAND PRIX,GAS,Alpine,Q3,93.018,7.0,25.159,37.328,30.531,5.0,SOFT,False,245.0,191.0,213.0,330.0,28.5,38.6,38.0,1005.4,2.2,0.0,94.375,,94.363,1,3,0
2024,19,UNITED STATES GRAND PRIX,PER,Red Bull Racing,Q3,93.26,10.0,25.132,37.371,30.757,5.0,SOFT,False,235.0,189.0,209.0,328.0,28.5,38.6,38.0,1005.4,2.2,0.0,94.638,,94.244,1,3,0
2024,19,UNITED STATES GRAND PRIX,ALO,Aston Martin,Q3,93.309,8.0,25.312,37.314,30.683,2.0,SOFT,True,236.0,193.0,212.0,326.0,28.5,38.6,38.0,1005.4,2.2,0.0,94.112,,94.251,1,3,0
2024,19,UNITED STATES GRAND PRIX,MAG,Haas F1 Team,Q3,93.481,9.0,25.33,37.454,30.697,5.0,SOFT,False,240.0,192.0,210.0,328.0,28.5,38.6,38.0,1005.4,2.2,0.0,94.096,,93.398,1,3,0
2024,20,GRAN PREMIO DE LA CIUDAD DE MÉXICO,NOR,McLaren,Q1,76.505,3.0,27.404,29.431,19.67,2.0,SOFT,True,315.0,296.0,250.0,346.0,21.9,38.7,41.0,784.7,1.2,0.0,,77.948,76.551,0,1,0
2024,20,GRAN PREMIO DE LA CIUDAD DE MÉXICO,SAI,Ferrari,Q1,76.778,1.0,27.239,29.74,19.799,2.0,SOFT,False,319.0,298.0,254.0,348.0,21.9,38.7,41.0,784.7,1.2,0.0,78.315,77.699,76.832,0,1,0
2024,20,GRAN PREMIO DE LA CIUDAD DE MÉXICO,VER,Red Bull Racing,Q1,76.803,2.0,27.326,29.712,19.765,2.0,SOFT,False,316.0,297.0,253.0,348.0,21.9,38.7,41.0,784.7,1.2,0.0,78.839,88.234,77.003,0,1,0
2024,20,GRAN PREMIO DE LA CIUDAD DE MÉXICO,LEC,Ferrari,Q1,76.972,4.0,27.188,29.731,20.053,2.0,SOFT,False,320.0,298.0,255.0,350.0,21.9,38.7,41.0,784.7,1.2,0.0,,77.887,77.232,0,1,0
2024,20,GRAN PREMIO DE LA CIUDAD DE MÉXICO,MAG,Haas F1 Team,Q1,77.125,7.0,27.272,29.902,19.951,2.0,SOFT,False,320.0,298.0,254.0,350.0,21.9,38.7,41.0,784.7,1.2,0.0,79.335,78.239,77.474,0,1,0
2024,20,GRAN PREMIO DE LA CIUDAD DE MÉXICO,GAS,Alpine,Q1,77.149,8.0,27.484,29.818,19.847,2.0,SOFT,True,318.0,297.0,251.0,348.0,21.9,38.7,41.0,784.7,1.2,0.0,79.34,78.942,78.454,0,1,0
2024,20,GRAN PREMIO DE LA CIUDAD DE MÉXICO,TSU,Racing Bulls,Q1,77.182,11.0,27.48,29.797,19.905,2.0,SOFT,False,316.0,296.0,253.0,345.0,21.9,38.7,41.0,784.7,1.2,0.0,78.699,77.878,77.302,0,1,0
2024,20,GRAN PREMIO DE LA CIUDAD DE MÉXICO,HUL,Haas F1 Team,Q1,77.186,10.0,27.435,29.881,19.87,2.0,SOFT,True,316.0,298.0,254.0,346.0,21.9,38.7,41.0,784.7,1.2,0.0,78.904,78.621,77.819,0,1,0
2024,20,GRAN PREMIO DE LA CIUDAD DE MÉXICO,ALB,Williams,Q1,77.189,9.0,27.524,29.725,19.94,2.0,SOFT,False,314.0,294.0,252.0,344.0,21.9,38.7,41.0,784.7,1.2,0.0,79.812,,77.511,0,1,0
2024,20,GRAN PREMIO DE LA CIUDAD DE MÉXICO,RUS,Mercedes,Q1,77.194,5.0,27.421,29.719,20.054,2.0,MEDIUM,True,315.0,296.0,251.0,348.0,21.9,38.7,41.0,784.7,1.2,0.0,77.998,79.041,77.341,0,1,0
2024,20,GRAN PREMIO DE LA CIUDAD DE MÉXICO,HAM,Mercedes,Q1,77.306,6.0,27.491,29.942,19.873,6.0,MEDIUM,False,314.0,294.0,251.0,347.0,21.9,38.7,41.0,784.7,1.2,0.0,,78.279,77.06,0,1,0
2024,20,GRAN PREMIO DE LA CIUDAD DE MÉXICO,ALO,Aston Martin,Q1,77.307,13.0,27.525,29.867,19.915,2.0,SOFT,True,314.0,295.0,252.0,347.0,21.9,38.7,41.0,784.7,1.2,0.0,,78.579,77.798,0,1,0
2024,20,GRAN PREMIO DE LA CIUDAD DE MÉXICO,LAW,Racing Bulls,Q1,77.38,12.0,27.636,29.799,19.945,2.0,SOFT,False,315.0,296.0,251.0,343.0,21.9,38.7,41.0,784.7,1.2,0.0,79.093,78.56,77.494,0,1,0
2024,20,GRAN PREMIO DE LA CIUDAD DE MÉXICO,BOT,Kick Sauber,Q1,77.393,15.0,27.697,29.811,19.885,2.0,SOFT,False,316.0,295.0,251.0,344.0,21.9,38.7,41.0,784.7,1.2,0.0,79.048,78.351,77.639,0,1,0
2024,20,GRAN PREMIO DE LA CIUDAD DE MÉXICO,STR,Aston Martin,Q1,77.407,14.0,27.504,29.946,19.957,2.0,SOFT,False,316.0,295.0,252.0,349.0,21.9,38.7,41.0,784.7,1.2,0.0,79.6,78.89,77.9,0,1,0
2024,20,GRAN PREMIO DE LA CIUDAD DE MÉXICO,COL,Williams,Q1,77.558,16.0,27.79,29.832,19.936,2.0,SOFT,False,312.0,293.0,251.0,341.0,21.9,38.7,41.0,784.7,1.2,0.0,79.109,78.908,77.712,0,1,0
2024,20,GRAN PREMIO DE LA CIUDAD DE MÉXICO,PIA,McLaren,Q1,77.597,17.0,27.654,29.937,20.006,4.0,SOFT,True,313.0,290.0,251.0,346.0,21.9,38.7,41.0,784.7,1.2,0.0,78.958,77.877,76.492,0,1,0
2024,20,GRAN PREMIO DE LA CIUDAD DE MÉXICO,PER,Red Bull Racing,Q1,77.611,18.0,27.555,29.859,20.197,2.0,SOFT,False,316.0,296.0,253.0,348.0,21.9,38.7,41.0,784.7,1.2,0.0,79.094,78.392,77.787,0,1,0
2024,20,GRAN PREMIO DE LA CIUDAD DE MÉXICO,OCO,Alpine,Q1,77.617,19.0,27.658,29.887,20.072,2.0,SOFT,False,317.0,298.0,254.0,348.0,21.9,38.7,41.0,784.7,1.2,0.0,78.996,78.656,78.324,0,1,0
2024,20,GRAN PREMIO DE LA CIUDAD DE MÉXICO,ZHO,Kick Sauber,Q1,78.072,20.0,27.746,30.217,20.109,2.0,SOFT,False,316.0,297.0,253.0,344.0,21.9,38.7,41.0,784.7,1.2,0.0,,78.98,78.428,0,1,0
2024,20,GRAN PREMIO DE LA CIUDAD DE MÉXICO,NOR,McLaren,Q2,76.301,3.0,27.204,29.422,19.675,2.0,SOFT,False,315.0,296.0,252.0,346.0,21.9,38.7,41.0,784.7,1.2,0.0,,77.948,76.551,0,2,0
2024,20,GRAN PREMIO DE LA CIUDAD DE MÉXICO,VER,Red Bull Racing,Q2,76.514,2.0,27.378,29.464,19.672,2.0,SOFT,False,314.0,297.0,253.0,346.0,21.9,38.7,41.0,784.7,1.2,0.0,78.839,88.234,77.003,0,2,0
2024,20,GRAN PREMIO DE LA CIUDAD DE MÉXICO,SAI,Ferrari,Q2,76.515,1.0,27.239,29.567,19.709,2.0,SOFT,False,318.0,299.0,255.0,349.0,21.9,38.7,41.0,784.7,1.2,0.0,78.315,77.699,76.832,0,2,0
2024,20,GRAN PREMIO DE LA CIUDAD DE MÉXICO,LEC,Ferrari,Q2,76.641,4.0,27.179,29.635,19.827,2.0,SOFT,False,318.0,298.0,255.0,348.0,21.9,38.7,41.0,784.7,1.2,0.0,,77.887,77.232,0,2,0
2024,20,GRAN PREMIO DE LA CIUDAD DE MÉXICO,RUS,Mercedes,Q2,76.937,5.0,27.369,29.72,19.848,2.0,SOFT,False,316.0,295.0,252.0,348.0,21.9,38.7,41.0,784.7,1.2,0.0,77.998,79.041,77.341,0,2,0
2024,20,GRAN PREMIO DE LA CIUDAD DE MÉXICO,HAM,Mercedes,Q2,76.973,6.0,27.404,29.636,19.933,2.0,SOFT,False,316.0,294.0,253.0,350.0,21.9,38.7,41.0,784.7,1.2,0.0,,78.279,77.06,0,2,0
2024,20,GRAN PREMIO DE LA CIUDAD DE MÉXICO,ALB,Williams,Q2,76.988,9.0,27.545,29.58,19.863,2.0,SOFT,False,311.0,293.0,251.0,342.0,21.9,38.7,41.0,784.7,1.2,0.0,79.812,,77.511,0,2,0
2024,20,GRAN PREMIO DE LA CIUDAD DE MÉXICO,HUL,Haas F1 Team,Q2,76.995,10.0,27.382,29.592,20.021,2.0,SOFT,False,318.0,299.0,255.0,348.0,21.9,38.7,41.0,784.7,1.2,0.0,78.904,78.621,77.819,0,2,0
2024,20,GRAN PREMIO DE LA CIUDAD DE MÉXICO,MAG,Haas F1 Team,Q2,77.003,7.0,27.343,29.652,20.008,2.0,SOFT,False,319.0,300.0,255.0,349.0,21.9,38.7,41.0,784.7,1.2,0.0,79.335,78.239,77.474,0,2,0
2024,20,GRAN PREMIO DE LA CIUDAD DE MÉXICO,GAS,Alpine,Q2,77.048,8.0,27.418,29.754,19.876,2.0,SOFT,False,318.0,295.0,253.0,348.0,21.9,38.7,41.0,784.7,1.2,0.0,79.34,78.942,78.454,0,2,0
2024,20,GRAN PREMIO DE LA CIUDAD DE MÉXICO,TSU,Racing Bulls,Q2,77.129,11.0,27.446,29.758,19.925,2.0,SOFT,False,314.0,295.0,253.0,344.0,21.9,38.7,41.0,784.7,1.2,0.0,78.699,77.878,77.302,0,2,0
2024,20,GRAN PREMIO DE LA CIUDAD DE MÉXICO,LAW,Racing Bulls,Q2,77.162,12.0,27.666,29.64,19.856,2.0,SOFT,False,313.0,294.0,252.0,343.0,21.9,38.7,41.0,784.7,1.2,0.0,79.093,78.56,77.494,0,2,0
2024,20,GRAN PREMIO DE LA CIUDAD DE MÉXICO,ALO,Aston Martin,Q2,77.168,13.0,27.605,29.665,19.898,2.0,SOFT,False,312.0,295.0,252.0,346.0,21.9,38.7,41.0,784.7,1.2,0.0,,78.579,77.798,0,2,0
2024,20,GRAN PREMIO DE LA CIUDAD DE MÉXICO,STR,Aston Martin,Q2,77.294,14.0,27.573,29.848,19.873,2.0,SOFT,False,315.0,294.0,252.0,348.0,21.9,38.7,41.0,784.7,1.2,0.0,79.6,78.89,77.9,0,2,0
2024,20,GRAN PREMIO DE LA CIUDAD DE MÉXICO,BOT,Kick Sauber,Q2,77.817,15.0,27.703,29.955,20.159,2.0,SOFT,False,316.0,296.0,251.0,343.0,21.9,38.7,41.0,784.7,1.2,0.0,79.048,78.351,77.639,0,2,0
2024,20,GRAN PREMIO DE LA CIUDAD DE MÉXICO,SAI,Ferrari,Q3,75.946,1.0,27.037,29.296,19.613,2.0,SOFT,False,319.0,298.0,254.0,347.0,21.9,38.7,41.0,784.7,1.2,0.0,78.315,77.699,76.832,0,3,0
2024,20,GRAN PREMIO DE LA CIUDAD DE MÉXICO,VER,Red Bull Racing,Q3,76.171,2.0,27.222,29.318,19.631,2.0,SOFT,False,317.0,298.0,253.0,347.0,21.9,38.7,41.0,784.7,1.2,0.0,78.839,88.234,77.003,0,3,0
2024,20,GRAN PREMIO DE LA CIUDAD DE MÉXICO,NOR,McLaren,Q3,76.26,3.0,27.291,29.191,19.778,2.0,SOFT,False,314.0,297.0,252.0,343.0,21.9,38.7,41.0,784.7,1.2,0.0,,77.948,76.551,0,3,0
2024,20,GRAN PREMIO DE LA CIUDAD DE MÉXICO,LEC,Ferrari,Q3,76.265,4.0,27.069,29.429,19.767,2.0,SOFT,False,320.0,300.0,253.0,348.0,21.9,38.7,41.0,784.7,1.2,0.0,,77.887,77.232,0,3,0
2024,20,GRAN PREMIO DE LA CIUDAD DE MÉXICO,RUS,Mercedes,Q3,76.356,5.0,27.38,29.263,19.713,2.0,SOFT,False,316.0,296.0,251.0,345.0,21.9,38.7,41.0,784.7,1.2,0.0,77.998,79.041,77.341,0,3,0
2024,20,GRAN PREMIO DE LA CIUDAD DE MÉXICO,HAM,Mercedes,Q3,76.651,6.0,27.295,29.602,19.754,2.0,SOFT,False,317.0,296.0,253.0,349.0,21.9,38.7,41.0,784.7,1.2,0.0,,78.279,77.06,0,3,0
2024,20,GRAN PREMIO DE LA CIUDAD DE MÉXICO,MAG,Haas F1 Team,Q3,76.886,7.0,27.398,29.624,19.864,2.0,SOFT,False,318.0,299.0,254.0,347.0,21.9,38.7,41.0,784.7,1.2,0.0,79.335,78.239,77.474,0,3,0
2024,20,GRAN PREMIO DE LA CIUDAD DE MÉXICO,GAS,Alpine,Q3,76.892,8.0,27.42,29.585,19.887,2.0,SOFT,False,317.0,299.0,250.0,347.0,21.9,38.7,41.0,784.7,1.2,0.0,79.34,78.942,78.454,0,3,0
2024,20,GRAN PREMIO DE LA CIUDAD DE MÉXICO,ALB,Williams,Q3,77.065,9.0,27.344,29.714,20.007,2.0,SOFT,False,316.0,297.0,251.0,344.0,21.9,38.7,41.0,784.7,1.2,0.0,79.812,,77.511,0,3,0
2024,20,GRAN PREMIO DE LA CIUDAD DE MÉXICO,HUL,Haas F1 Team,Q3,77.365,10.0,27.392,29.632,20.341,2.0,SOFT,False,319.0,298.0,253.0,345.0,21.9,38.7,41.0,784.7,1.2,0.0,78.904,78.621,77.819,0,3,0
2024,21,GRANDE PRÊMIO DE SÃO PAULO,VER,Red Bull Racing,Q1,88.522,12.0,22.473,46.955,19.094,10.0,WET,False,297.0,200.0,304.0,234.0,20.4,23.5,93.0,927.6,0.6,1.0,71.712,,69.219,1,1,1
2024,21,GRANDE PRÊMIO DE SÃO PAULO,ALB,Williams,Q1,89.072,7.0,22.562,47.704,18.806,11.0,WET,False,297.0,208.0,304.0,237.0,20.4,23.5,93.0,927.6,0.6,1.0,70.955,,69.844,1,1,1
2024,21,GRANDE PRÊMIO DE SÃO PAULO,RUS,Mercedes,Q1,89.121,2.0,22.644,47.299,19.178,10.0,WET,False,297.0,210.0,305.0,239.0,20.4,23.5,93.0,927.6,0.6,1.0,70.791,,69.443,1,1,1
2024,21,GRANDE PRÊMIO DE SÃO PAULO,OCO,Alpine,Q1,89.171,4.0,22.24,47.695,19.236,12.0,WET,False,295.0,192.0,300.0,252.0,20.4,23.5,93.0,927.6,0.6,1.0,71.827,,71.052,1,1,1
2024,21,GRANDE PRÊMIO DE SÃO PAULO,TSU,Racing Bulls,Q1,89.172,3.0,22.715,47.538,18.919,5.0,WET,True,294.0,204.0,303.0,243.0,20.4,23.5,93.0,927.6,0.6,1.0,71.483,,71.121,1,1,1
2024,21,GRANDE PRÊMIO DE SÃO PAULO,GAS,Alpine,Q1,89.42,15.0,22.675,47.758,18.987,12.0,WET,False,283.0,201.0,305.0,240.0,20.4,23.5,93.0,927.6,0.6,1.0,71.216,,69.61,1,1,1
2024,21,GRANDE PRÊMIO DE SÃO PAULO,LEC,Ferrari,Q1,89.839,6.0,22.639,48.011,19.189,5.0,WET,True,294.0,212.0,301.0,241.0,20.4,23.5,93.0,927.6,0.6,1.0,71.038,,69.153,1,1,1
2024,21,GRANDE PRÊMIO DE SÃO PAULO,PER,Red Bull Racing,Q1,90.035,13.0,22.455,48.175,19.405,4.0,WET,True,296.0,196.0,304.0,248.0,20.4,23.5,93.0,927.6,0.6,1.0,71.845,,70.024,1,1,1
2024,21,GRANDE PRÊMIO DE SÃO PAULO,PIA,McLaren,Q1,90.114,8.0,23.057,47.647,19.41,2.0,WET,True,290.0,207.0,295.0,221.0,20.4,23.5,93.0,927.6,0.6,1.0,70.95,,68.899,1,1,1
2024,21,GRANDE PRÊMIO DE SÃO PAULO,ALO,Aston Martin,Q1,90.207,9.0,23.304,47.398,19.505,2.0,WET,True,291.0,208.0,297.0,238.0,20.4,23.5,93.0,927.6,0.6,1.0,71.215,,70.978,1,1,1
2024,21,GRANDE PRÊMIO DE SÃO PAULO,SAI,Ferrari,Q1,90.303,14.0,22.852,47.997,19.454,9.0,WET,False,294.0,208.0,300.0,237.0,20.4,23.5,93.0,927.6,0.6,1.0,71.1,,69.257,1,1,1
2024,21,GRANDE PRÊMIO DE SÃO PAULO,STR,Aston Martin,Q1,90.58,10.0,22.826,48.157,19.597,4.0,WET,True,296.0,210.0,302.0,239.0,20.4,23.5,93.0,927.6,0.6,1.0,71.783,,71.28,1,1,1
2024,21,GRANDE PRÊMIO DE SÃO PAULO,BOT,Kick Sauber,Q1,90.633,11.0,23.091,47.835,19.707,6.0,WET,True,289.0,202.0,292.0,236.0,20.4,23.5,93.0,927.6,0.6,1.0,71.651,,70.595,1,1,1
2024,21,GRANDE PRÊMIO DE SÃO PAULO,LAW,Racing Bulls,Q1,90.758,5.0,23.405,48.173,19.18,11.0,WET,False,293.0,189.0,299.0,225.0,20.4,23.5,93.0,927.6,0.6,1.0,71.301,,69.827,1,1,1
2024,21,GRANDE PRÊMIO DE SÃO PAULO,NOR,McLaren,Q1,90.944,1.0,23.804,48.039,19.101,6.0,WET,True,290.0,210.0,299.0,231.0,20.4,23.5,93.0,927.6,0.6,1.0,70.61,,68.928,1,1,1
2024,21,GRANDE PRÊMIO DE SÃO PAULO,HAM,Mercedes,Q1,91.15,16.0,22.915,49.001,19.234,10.0,WET,False,297.0,213.0,300.0,248.0,20.4,23.5,93.0,927.6,0.6,1.0,71.754,,69.941,1,1,1
2024,21,GRANDE PRÊMIO DE SÃO PAULO,BEA,Haas F1 Team,Q1,91.229,17.0,23.423,48.684,19.122,5.0,WET,True,293.0,201.0,300.0,217.0,20.4,23.5,93.0,927.6,0.6,1.0,70.805,,69.629,1,1,1
2024,21,GRANDE PRÊMIO DE SÃO PAULO,COL,Williams,Q1,91.27,18.0,23.159,48.724,19.387,3.0,WET,True,293.0,216.0,305.0,237.0,20.4,23.5,93.0,927.6,0.6,1.0,71.619,,70.275,1,1,1
2024,21,GRANDE PRÊMIO DE SÃO PAULO,HUL,Haas F1 Team,Q1,91.623,19.0,23.524,48.618,19.481,10.0,WET,False,288.0,217.0,302.0,237.0,20.4,23.5,93.0,927.6,0.6,1.0,71.124,,69.964,1,1,1
2024,21,GRANDE PRÊMIO DE SÃO PAULO,ZHO,Kick Sauber,Q1,92.263,20.0,23.896,48.959,19.408,6.0,WET,True,264.0,215.0,292.0,219.0,20.4,23.5,93.0,927.6,0.6,1.0,72.883,,72.978,1,1,1
2024,21,GRANDE PRÊMIO DE SÃO PAULO,NOR,McLaren,Q2,84.844,1.0,22.009,44.649,18.186,3.0,INTERMEDIATE,True,293.0,224.0,303.0,246.0,20.4,23.5,93.0,927.6,0.6,1.0,70.61,,68.928,1,2,1
2024,21,GRANDE PRÊMIO DE SÃO PAULO,ALO,Aston Martin,Q2,85.035,9.0,22.258,44.478,18.299,2.0,INTERMEDIATE,True,297.0,227.0,303.0,244.0,20.4,23.5,93.0,927.6,0.6,1.0,71.215,,70.978,1,2,1
2024,21,GRANDE PRÊMIO DE SÃO PAULO,PIA,McLaren,Q2,85.179,8.0,21.898,44.982,18.299,4.0,INTERMEDIATE,True,294.0,209.0,306.0,249.0,20.4,23.5,93.0,927.6,0.6,1.0,70.95,,68.899,1,2,1
2024,21,GRANDE PRÊMIO DE SÃO PAULO,LAW,Racing Bulls,Q2,85.654,5.0,21.794,45.173,18.687,3.0,INTERMEDIATE,True,301.0,201.0,306.0,236.0,20.4,23.5,93.0,927.6,0.6,1.0,71.301,,69.827,1,2,1
2024,21,GRANDE PRÊMIO DE SÃO PAULO,ALB,Williams,Q2,85.889,7.0,21.669,45.192,19.028,3.0,INTERMEDIATE,True,299.0,202.0,290.0,253.0,20.4,23.5,93.0,927.6,0.6,1.0,70.955,,69.844,1,2,1
2024,21,GRANDE PRÊMIO DE SÃO PAULO,LEC,Ferrari,Q2,86.097,6.0,22.311,45.205,18.581,2.0,INTERMEDIATE,True,298.0,221.0,307.0,258.0,20.4,23.5,93.0,927.6,0.6,1.0,71.038,,69.153,1,2,1
2024,21,GRANDE PRÊMIO DE SÃO PAULO,OCO,Alpine,Q2,86.206,4.0,21.848,45.731,18.627,2.0,INTERMEDIATE,True,301.0,210.0,305.0,245.0,20.4,23.5,93.0,927.6,0.6,1.0,71.827,,71.052,1,2,1
2024,21,GRANDE PRÊMIO DE SÃO PAULO,RUS,Mercedes,Q2,86.307,2.0,22.411,45.359,18.537,2.0,INTERMEDIATE,True,299.0,223.0,309.0,238.0,20.4,23.5,93.0,927.6,0.6,1.0,70.791,,69.443,1,2,1
2024,21,GRANDE PRÊMIO DE SÃO PAULO,STR,Aston Martin,Q2,86.334,10.0,22.201,45.52,18.613,2.0,INTERMEDIATE,True,298.0,216.0,304.0,248.0,20.4,23.5,93.0,927.6,0.6,1.0,71.783,,71.28,1,2,1
2024,21,GRANDE PRÊMIO DE SÃO PAULO,TSU,Racing Bulls,Q2,86.464,3.0,21.956,46.05,18.458,2.0,INTERMEDIATE,True,298.0,211.0,303.0,241.0,20.4,23.5,93.0,927.6,0.6,1.0,71.483,,71.121,1,2,1
2024,21,GRANDE PRÊMIO DE SÃO PAULO,BOT,Kick Sauber,Q2,86.472,11.0,22.34,45.172,18.96,2.0,INTERMEDIATE,True,290.0,210.0,294.0,247.0,20.4,23.5,93.0,927.6,0.6,1.0,71.651,,70.595,1,2,1
2024,21,GRANDE PRÊMIO DE SÃO PAULO,VER,Red Bull Racing,Q2,87.771,12.0,22.587,46.218,18.966,2.0,WET,True,297.0,202.0,298.0,243.0,20.4,23.5,93.0,927.6,0.6,1.0,71.712,,69.219,1,2,1
2024,21,GRANDE PRÊMIO DE SÃO PAULO,PER,Red Bull Racing,Q2,88.158,13.0,22.239,46.708,19.211,7.0,WET,False,297.0,194.0,299.0,245.0,20.4,23.5,93.0,927.6,0.6,1.0,71.845,,70.024,1,2,1
2024,21,GRANDE PRÊMIO DE SÃO PAULO,SAI,Ferrari,Q2,89.406,14.0,22.716,47.542,19.148,2.0,WET,True,293.0,209.0,297.0,240.0,20.4,23.5,93.0,927.6,0.6,1.0,71.1,,69.257,1,2,1
2024,21,GRANDE PRÊMIO DE SÃO PAULO,GAS,Alpine,Q2,89.614,15.0,22.961,47.486,19.167,2.0,WET,True,294.0,202.0,299.0,230.0,20.4,23.5,93.0,927.6,0.6,1.0,71.216,,69.61,1,2,1
2024,21,GRANDE PRÊMIO DE SÃO PAULO,NOR,McLaren,Q3,83.405,1.0,21.639,43.807,17.959,3.0,INTERMEDIATE,True,292.0,229.0,300.0,270.0,20.4,23.5,93.0,927.6,0.6,1.0,70.61,,68.928,1,3,1
2024,21,GRANDE PRÊMIO DE SÃO PAULO,RUS,Mercedes,Q3,83.578,2.0,21.463,44.025,18.09,2.0,INTERMEDIATE,True,305.0,224.0,307.0,242.0,20.4,23.5,93.0,927.6,0.6,1.0,70.791,,69.443,1,3,1
2024,21,GRANDE PRÊMIO DE SÃO PAULO,TSU,Racing Bulls,Q3,84.111,3.0,21.51,44.415,18.186,2.0,INTERMEDIATE,True,300.0,225.0,303.0,258.0,20.4,23.5,93.0,927.6,0.6,1.0,71.483,,71.121,1,3,1
2024,21,GRANDE PRÊMIO DE SÃO PAULO,OCO,Alpine,Q3,84.475,4.0,21.545,44.5,18.43,3.0,INTERMEDIATE,True,301.0,225.0,303.0,253.0,20.4,23.5,93.0,927.6,0.6,1.0,71.827,,71.052,1,3,1
2024,21,GRANDE PRÊMIO DE SÃO PAULO,LAW,Racing Bulls,Q3,84.484,5.0,21.703,44.684,18.097,2.0,INTERMEDIATE,True,299.0,228.0,301.0,251.0,20.4,23.5,93.0,927.6,0.6,1.0,71.301,,69.827,1,3,1
2024,21,GRANDE PRÊMIO DE SÃO PAULO,LEC,Ferrari,Q3,84.525,6.0,21.733,44.546,18.246,3.0,INTERMEDIATE,True,302.0,216.0,305.0,249.0,20.4,23.5,93.0,927.6,0.6,1.0,71.038,,69.153,1,3,1
2024,21,GRANDE PRÊMIO DE SÃO PAULO,ALB,Williams,Q3,84.657,7.0,21.57,44.941,18.146,,NONE,False,299.0,215.0,309.0,262.0,20.4,23.5,93.0,927.6,0.6,1.0,70.955,,69.844,1,3,1
2024,21,GRANDE PRÊMIO DE SÃO PAULO,PIA,McLaren,Q3,84.686,8.0,21.432,44.939,18.315,3.0,INTERMEDIATE,True,295.0,215.0,301.0,259.0,20.4,23.5,93.0,927.6,0.6,1.0,70.95,,68.899,1,3,1
2024,21,GRANDE PRÊMIO DE SÃO PAULO,ALO,Aston Martin,Q3,88.998,9.0,23.07,46.287,19.641,2.0,INTERMEDIATE,True,297.0,194.0,301.0,255.0,20.4,23.5,93.0,927.6,0.6,1.0,71.215,,70.978,1,3,1
2024,22,LAS VEGAS GRAND PRIX,RUS,Mercedes,Q1,93.186,1.0,26.192,31.155,35.839,8.0,SOFT,True,188.0,213.0,321.0,342.0,11.8,13.95,26.0,941.3,0.7,0.0,95.397,94.015,93.57,0,1,0
2024,22,LAS VEGAS GRAND PRIX,HAM,Mercedes,Q1,93.225,10.0,26.246,31.179,35.8,8.0,SOFT,True,188.0,215.0,321.0,341.0,11.8,13.95,26.0,941.3,0.7,0.0,95.001,93.825,94.341,0,1,0
2024,22,LAS VEGAS GRAND PRIX,VER,Red Bull Racing,Q1,93.299,5.0,26.413,31.165,35.721,7.0,SOFT,True,188.0,212.0,323.0,348.0,11.8,13.95,26.0,941.3,0.7,0.0,96.038,95.834,94.137,0,1,0
2024,22,LAS VEGAS GRAND PRIX,LEC,Ferrari,Q1,93.446,4.0,26.341,31.313,35.792,5.0,SOFT,True,184.0,214.0,326.0,343.0,11.8,13.95,26.0,941.3,0.7,0.0,96.007,94.313,94.941,0,1,0
2024,22,LAS VEGAS GRAND PRIX,PIA,McLaren,Q1,93.45,8.0,26.395,31.266,35.789,5.0,SOFT,True,186.0,214.0,324.0,345.0,11.8,13.95,26.0,941.3,0.7,0.0,96.451,94.798,93.785,0,1,0
2024,22,LAS VEGAS GRAND PRIX,SAI,Ferrari,Q1,93.484,2.0,26.395,31.386,35.703,4.0,SOFT,True,186.0,215.0,323.0,343.0,11.8,13.95,26.0,941.3,0.7,0.0,96.218,94.105,93.918,0,1,0
2024,22,LAS VEGAS GRAND PRIX,NOR,McLaren,Q1,93.592,6.0,26.54,31.299,35.753,4.0,SOFT,True,186.0,212.0,323.0,346.0,11.8,13.95,26.0,941.3,0.7,0.0,95.954,93.836,94.008,0,1,0
2024,22,LAS VEGAS GRAND PRIX,GAS,Alpine,Q1,93.691,3.0,26.556,31.381,35.754,5.0,SOFT,True,186.0,213.0,323.0,351.0,11.8,13.95,26.0,941.3,0.7,0.0,96.478,94.651,94.905,0,1,0
2024,22,LAS VEGAS GRAND PRIX,COL,Williams,Q1,93.746,14.0,26.613,31.384,35.749,3.0,SOFT,True,183.0,211.0,325.0,346.0,11.8,13.95,26.0,941.3,0.7,0.0,98.025,95.868,94.723,0,1,0
2024,22,LAS VEGAS GRAND PRIX,TSU,Racing Bulls,Q1,93.789,7.0,26.497,31.292,36.0,3.0,SOFT,True,184.0,213.0,317.0,347.0,11.8,13.95,26.0,941.3,0.7,0.0,98.574,94.997,96.215,0,1,0
2024,22,LAS VEGAS GRAND PRIX,HUL,Haas F1 Team,Q1,93.92,9.0,26.564,31.461,35.895,3.0,SOFT,True,184.0,215.0,321.0,344.0,11.8,13.95,26.0,941.3,0.7,0.0,97.2,94.818,94.908,0,1,0
2024,22,LAS VEGAS GRAND PRIX,OCO,Alpine,Q1,93.968,11.0,26.667,31.533,35.768,5.0,SOFT,True,187.0,212.0,324.0,352.0,11.8,13.95,26.0,941.3,0.7,0.0,97.152,95.221,95.46,0,1,0
2024,22,LAS VEGAS GRAND PRIX,MAG,Haas F1 Team,Q1,93.991,12.0,26.566,31.47,35.955,3.0,SOFT,True,183.0,214.0,321.0,341.0,11.8,13.95,26.0,941.3,0.7,0.0,96.811,94.686,94.883,0,1,0
2024,22,LAS VEGAS GRAND PRIX,ZHO,Kick Sauber,Q1,94.079,13.0,26.533,31.422,36.124,2.0,SOFT,True,186.0,213.0,324.0,332.0,11.8,13.95,26.0,941.3,0.7,0.0,98.35,95.765,96.988,0,1,0
2024,22,LAS VEGAS GRAND PRIX,LAW,Racing Bulls,Q1,94.087,15.0,26.469,31.447,36.171,3.0,SOFT,True,186.0,206.0,321.0,348.0,11.8,13.95,26.0,941.3,0.7,0.0,98.73,95.671,96.544,0,1,0
2024,22,LAS VEGAS GRAND PRIX,PER,Red Bull Racing,Q1,94.155,16.0,26.635,31.556,35.964,9.0,SOFT,True,186.0,214.0,323.0,345.0,11.8,13.95,26.0,941.3,0.7,0.0,96.536,96.055,95.061,0,1,0
2024,22,LAS VEGAS GRAND PRIX,ALO,Aston Martin,Q1,94.258,17.0,26.689,31.599,35.97,5.0,SOFT,True,184.0,211.0,323.0,345.0,11.8,13.95,26.0,941.3,0.7,0.0,96.262,95.44,95.938,0,1,0
2024,22,LAS VEGAS GRAND PRIX,ALB,Williams,Q1,94.425,18.0,26.756,31.586,36.083,5.0,SOFT,True,184.0,213.0,321.0,346.0,11.8,13.95,26.0,941.3,0.7,0.0,96.948,99.629,94.407,0,1,0
2024,22,LAS VEGAS GRAND PRIX,BOT,Kick Sauber,Q1,94.43,19.0,26.587,31.768,36.075,2.0,SOFT,True,188.0,207.0,322.0,343.0,11.8,13.95,26.0,941.3,0.7,0.0,97.765,95.02,96.412,0,1,0
2024,22,LAS VEGAS GRAND PRIX,STR,Aston Martin,Q1,94.484,20.0,26.834,31.446,36.204,2.0,SOFT,True,187.0,214.0,315.0,348.0,11.8,13.95,26.0,941.3,0.7,0.0,96.817,95.251,96.95,0,1,0
2024,22,LAS VEGAS GRAND PRIX,HAM,Mercedes,Q2,92.567,10.0,26.0,30.927,35.64,5.0,SOFT,True,187.0,215.0,322.0,343.0,11.8,13.95,26.0,941.3,0.7,0.0,95.001,93.825,94.341,0,2,0
2024,22,LAS VEGAS GRAND PRIX,SAI,Ferrari,Q2,92.711,2.0,26.205,30.953,35.553,6.0,SOFT,True,188.0,215.0,325.0,347.0,11.8,13.95,26.0,941.3,0.7,0.0,96.218,94.105,93.918,0,2,0
2024,22,LAS VEGAS GRAND PRIX,RUS,Mercedes,Q2,92.779,1.0,26.15,30.845,35.784,5.0,SOFT,True,190.0,215.0,320.0,339.0,11.8,13.95,26.0,941.3,0.7,0.0,95.397,94.015,93.57,0,2,0
2024,22,LAS VEGAS GRAND PRIX,GAS,Alpine,Q2,92.879,3.0,26.212,31.056,35.611,3.0,SOFT,True,189.0,215.0,323.0,352.0,11.8,13.95,26.0,941.3,0.7,0.0,96.478,94.651,94.905,0,2,0
2024,22,LAS VEGAS GRAND PRIX,LEC,Ferrari,Q2,93.016,4.0,26.23,31.049,35.737,3.0,SOFT,True,189.0,213.0,323.0,343.0,11.8,13.95,26.0,941.3,0.7,0.0,96.007,94.313,94.941,0,2,0
2024,22,LAS VEGAS GRAND PRIX,PIA,McLaren,Q2,93.024,8.0,26.161,31.147,35.716,2.0,SOFT,True,189.0,214.0,328.0,345.0,11.8,13.95,26.0,941.3,0.7,0.0,96.451,94.798,93.785,0,2,0
2024,22,LAS VEGAS GRAND PRIX,VER,Red Bull Racing,Q2,93.085,5.0,26.203,31.054,35.828,5.0,SOFT,True,188.0,214.0,322.0,346.0,11.8,13.95,26.0,941.3,0.7,0.0,96.038,95.834,94.137,0,2,0
2024,22,LAS VEGAS GRAND PRIX,TSU,Racing Bulls,Q2,93.089,7.0,26.202,31.133,35.754,3.0,SOFT,True,188.0,215.0,318.0,348.0,11.8,13.95,26.0,941.3,0.7,0.0,98.574,94.997,96.215,0,2,0
2024,22,LAS VEGAS GRAND PRIX,NOR,McLaren,Q2,93.099,6.0,26.46,31.012,35.627,2.0,SOFT,True,188.0,214.0,324.0,346.0,11.8,13.95,26.0,941.3,0.7,0.0,95.954,93.836,94.008,0,2,0
2024,22,LAS VEGAS GRAND PRIX,HUL,Haas F1 Team,Q2,93.114,9.0,26.364,31.027,35.723,2.0,SOFT,True,185.0,213.0,324.0,344.0,11.8,13.95,26.0,941.3,0.7,0.0,97.2,94.818,94.908,0,2,0
2024,22,LAS VEGAS GRAND PRIX,OCO,Alpine,Q2,93.221,11.0,26.434,31.193,35.594,3.0,SOFT,True,186.0,214.0,324.0,351.0,11.8,13.95,26.0,941.3,0.7,0.0,97.152,95.221,95.46,0,2,0
2024,22,LAS VEGAS GRAND PRIX,MAG,Haas F1 Team,Q2,93.297,12.0,26.341,31.167,35.789,2.0,SOFT,True,184.0,216.0,323.0,343.0,11.8,13.95,26.0,941.3,0.7,0.0,96.811,94.686,94.883,0,2,0
2024,22,LAS VEGAS GRAND PRIX,ZHO,Kick Sauber,Q2,93.566,13.0,26.355,31.266,35.945,3.0,SOFT,True,188.0,214.0,319.0,334.0,11.8,13.95,26.0,941.3,0.7,0.0,98.35,95.765,96.988,0,2,0
2024,22,LAS VEGAS GRAND PRIX,COL,Williams,Q2,93.749,14.0,26.398,31.45,35.901,6.0,SOFT,False,185.0,209.0,324.0,348.0,11.8,13.95,26.0,941.3,0.7,0.0,98.025,95.868,94.723,0,2,0
2024,22,LAS VEGAS GRAND PRIX,LAW,Racing Bulls,Q2,94.257,15.0,26.573,31.654,36.03,7.0,SOFT,False,184.0,214.0,321.0,346.0,11.8,13.95,26.0,941.3,0.7,0.0,98.73,95.671,96.544,0,2,0
2024,22,LAS VEGAS GRAND PRIX,RUS,Mercedes,Q3,92.312,1.0,25.736,30.916,35.66,2.0,SOFT,True,188.0,216.0,321.0,343.0,11.8,13.95,26.0,941.3,0.7,0.0,95.397,94.015,93.57,0,3,0
2024,22,LAS VEGAS GRAND PRIX,SAI,Ferrari,Q3,92.41,2.0,26.051,30.911,35.448,3.0,SOFT,True,190.0,215.0,326.0,349.0,11.8,13.95,26.0,941.3,0.7,0.0,96.218,94.105,93.918,0,3,0
2024,22,LAS VEGAS GRAND PRIX,GAS,Alpine,Q3,92.664,3.0,26.222,30.928,35.514,3.0,SOFT,True,186.0,214.0,324.0,352.0,11.8,13.95,26.0,941.3,0.7,0.0,96.478,94.651,94.905,0,3,0
2024,22,LAS VEGAS GRAND PRIX,LEC,Ferrari,Q3,92.783,4.0,26.337,30.898,35.548,3.0,SOFT,True,187.0,215.0,324.0,344.0,11.8,13.95,26.0,941.3,0.7,0.0,96.007,94.313,94.941,0,3,0
2024,22,LAS VEGAS GRAND PRIX,VER,Red Bull Racing,Q3,92.797,5.0,26.067,31.027,35.703,2.0,SOFT,True,186.0,214.0,322.0,348.0,11.8,13.95,26.0,941.3,0.7,0.0,96.038,95.834,94.137,0,3,0
2024,22,LAS VEGAS GRAND PRIX,NOR,McLaren,Q3,93.008,6.0,26.199,31.196,35.613,3.0,SOFT,True,189.0,212.0,323.0,347.0,11.8,13.95,26.0,941.3,0.7,0.0,95.954,93.836,94.008,0,3,0
2024,22,LAS VEGAS GRAND PRIX,TSU,Racing Bulls,Q3,93.029,7.0,26.108,31.148,35.773,3.0,SOFT,True,189.0,214.0,321.0,348.0,11.8,13.95,26.0,941.3,0.7,0.0,98.574,94.997,96.215,0,3,0
2024,22,LAS VEGAS GRAND PRIX,PIA,McLaren,Q3,93.033,8.0,26.192,31.148,35.693,3.0,SOFT,True,188.0,215.0,320.0,344.0,11.8,13.95,26.0,941.3,0.7,0.0,96.451,94.798,93.785,0,3,0
2024,22,LAS VEGAS GRAND PRIX,HUL,Haas F1 Team,Q3,93.062,9.0,26.353,30.942,35.767,2.0,SOFT,True,189.0,216.0,324.0,342.0,11.8,13.95,26.0,941.3,0.7,0.0,97.2,94.818,94.908,0,3,0
2024,22,LAS VEGAS GRAND PRIX,HAM,Mercedes,Q3,95.181,10.0,27.965,31.569,35.647,2.0,SOFT,True,184.0,215.0,323.0,344.0,11.8,13.95,26.0,941.3,0.7,0.0,95.001,93.825,94.341,0,3,0
2024,23,QATAR GRAND PRIX,RUS,Mercedes,Q1,81.241,2.0,29.885,27.581,23.775,9.0,SOFT,True,253.0,289.0,281.0,319.0,18.9,21.6,59.0,1017.7,2.2,0.0,83.16,,81.075,1,1,0
2024,23,QATAR GRAND PRIX,LEC,Ferrari,Q1,81.278,5.0,29.827,27.79,23.661,5.0,SOFT,True,255.0,286.0,279.0,318.0,18.9,21.6,59.0,1017.7,2.2,0.0,81.953,,81.308,1,1,0
2024,23,QATAR GRAND PRIX,NOR,McLaren,Q1,81.437,3.0,29.988,27.615,23.834,3.0,SOFT,True,251.0,287.0,279.0,314.0,18.9,21.6,59.0,1017.7,2.2,0.0,82.378,,81.012,1,1,0
2024,23,QATAR GRAND PRIX,SAI,Ferrari,Q1,81.447,7.0,30.008,27.636,23.803,5.0,SOFT,True,251.0,287.0,278.0,320.0,18.9,21.6,59.0,1017.7,2.2,0.0,82.535,,81.281,1,1,0
2024,23,QATAR GRAND PRIX,VER,Red Bull Racing,Q1,81.579,1.0,29.967,27.798,23.814,3.0,SOFT,True,250.0,288.0,281.0,320.0,18.9,21.6,59.0,1017.7,2.2,0.0,83.213,,81.315,1,1,0
2024,23,QATAR GRAND PRIX,ALO,Aston Martin,Q1,81.608,8.0,30.024,27.738,23.846,2.0,SOFT,True,249.0,289.0,281.0,322.0,18.9,21.6,59.0,1017.7,2.2,0.0,83.227,,82.433,1,1,0
2024,23,QATAR GRAND PRIX,HAM,Mercedes,Q1,81.637,6.0,30.083,27.827,23.727,2.0,SOFT,True,253.0,290.0,282.0,323.0,18.9,21.6,59.0,1017.7,2.2,0.0,83.188,,81.474,1,1,0
2024,23,QATAR GRAND PRIX,PER,Red Bull Racing,Q1,81.675,9.0,30.021,27.853,23.801,3.0,SOFT,True,251.0,287.0,283.0,323.0,18.9,21.6,59.0,1017.7,2.2,0.0,84.039,,82.718,1,1,0
2024,23,QATAR GRAND PRIX,PIA,McLaren,Q1,81.821,4.0,30.282,27.748,23.791,2.0,SOFT,True,250.0,286.0,279.0,315.0,18.9,21.6,59.0,1017.7,2.2,0.0,82.425,,81.171,1,1,0
2024,23,QATAR GRAND PRIX,GAS,Alpine,Q1,81.843,11.0,30.151,27.713,23.979,3.0,SOFT,True,247.0,287.0,278.0,321.0,18.9,21.6,59.0,1017.7,2.2,0.0,83.62,,81.978,1,1,0
2024,23,QATAR GRAND PRIX,MAG,Haas F1 Team,Q1,81.891,10.0,30.233,27.616,24.042,5.0,SOFT,True,250.0,287.0,282.0,319.0,18.9,21.6,59.0,1017.7,2.2,0.0,83.715,,82.56,1,1,0
2024,23,QATAR GRAND PRIX,BOT,Kick Sauber,Q1,81.927,13.0,30.13,27.604,24.193,5.0,SOFT,True,249.0,286.0,279.0,319.0,18.9,21.6,59.0,1017.7,2.2,0.0,83.064,,82.506,1,1,0
2024,23,QATAR GRAND PRIX,STR,Aston Martin,Q1,82.011,15.0,30.211,27.794,24.006,2.0,SOFT,True,249.0,287.0,279.0,323.0,18.9,21.6,59.0,1017.7,2.2,0.0,83.099,,82.522,1,1,0
2024,23,QATAR GRAND PRIX,ZHO,Kick Sauber,Q1,82.103,12.0,30.079,27.792,24.232,5.0,SOFT,True,251.0,286.0,268.0,317.0,18.9,21.6,59.0,1017.7,2.2,0.0,83.88,,82.948,1,1,0
2024,23,QATAR GRAND PRIX,TSU,Racing Bulls,Q1,82.364,14.0,30.419,27.879,24.066,3.0,SOFT,True,250.0,286.0,275.0,320.0,18.9,21.6,59.0,1017.7,2.2,0.0,83.045,,82.722,1,1,0
2024,23,QATAR GRAND PRIX,ALB,Williams,Q1,82.39,16.0,30.259,27.782,24.349,3.0,SOFT,True,249.0,285.0,278.0,318.0,18.9,21.6,59.0,1017.7,2.2,0.0,83.161,,82.526,1,1,0
2024,23,QATAR GRAND PRIX,LAW,Racing Bulls,Q1,82.411,17.0,30.291,27.936,24.184,5.0,SOFT,True,248.0,285.0,278.0,318.0,18.9,21.6,59.0,1017.7,2.2,0.0,83.562,,82.082,1,1,0
2024,23,QATAR GRAND PRIX,HUL,Haas F1 Team,Q1,82.442,18.0,30.495,27.697,24.25,2.0,SOFT,True,249.0,286.0,274.0,315.0,18.9,21.6,59.0,1017.7,2.2,0.0,83.245,,82.088,1,1,0
2024,23,QATAR GRAND PRIX,COL,Williams,Q1,82.594,19.0,30.474,27.901,24.219,3.0,SOFT,True,247.0,285.0,277.0,317.0,18.9,21.6,59.0,1017.7,2.2,0.0,84.2,,83.423,1,1,0
2024,23,QATAR GRAND PRIX,OCO,Alpine,Q1,82.714,20.0,30.537,28.012,24.165,3.0,SOFT,True,246.0,286.0,280.0,321.0,18.9,21.6,59.0,1017.7,2.2,0.0,84.28,,82.906,1,1,0
2024,23,QATAR GRAND PRIX,VER,Red Bull Racing,Q2,80.687,1.0,29.692,27.365,23.63,5.0,SOFT,True,253.0,288.0,283.0,322.0,18.9,21.6,59.0,1017.7,2.2,0.0,83.213,,81.315,1,2,0
2024,23,QATAR GRAND PRIX,NOR,McLaren,Q2,80.983,3.0,29.84,27.453,23.69,2.0,SOFT,True,252.0,288.0,279.0,315.0,18.9,21.6,59.0,1017.7,2.2,0.0,82.378,,81.012,1,2,0
2024,23,QATAR GRAND PRIX,LEC,Ferrari,Q2,81.0,5.0,29.827,27.513,23.66,5.0,SOFT,True,256.0,287.0,282.0,319.0,18.9,21.6,59.0,1017.7,2.2,0.0,81.953,,81.308,1,2,0
2024,23,QATAR GRAND PRIX,RUS,Mercedes,Q2,81.069,2.0,29.958,27.373,23.738,5.0,SOFT,False,252.0,289.0,282.0,321.0,18.9,21.6,59.0,1017.7,2.2,0.0,83.16,,81.075,1,2,0
2024,23,QATAR GRAND PRIX,HAM,Mercedes,Q2,81.095,6.0,29.809,27.637,23.649,5.0,SOFT,False,254.0,290.0,282.0,320.0,18.9,21.6,59.0,1017.7,2.2,0.0,83.188,,81.474,1,2,0
2024,23,QATAR GRAND PRIX,PIA,McLaren,Q2,81.121,4.0,30.015,27.423,23.683,5.0,SOFT,True,253.0,286.0,279.0,313.0,18.9,21.6,59.0,1017.7,2.2,0.0,82.425,,81.171,1,2,0
2024,23,QATAR GRAND PRIX,SAI,Ferrari,Q2,81.199,7.0,29.812,27.597,23.79,5.0,SOFT,True,255.0,287.0,283.0,321.0,18.9,21.6,59.0,1017.7,2.2,0.0,82.535,,81.281,1,2,0
2024,23,QATAR GRAND PRIX,ALO,Aston Martin,Q2,81.208,8.0,29.836,27.635,23.737,2.0,SOFT,True,252.0,288.0,282.0,322.0,18.9,21.6,59.0,1017.7,2.2,0.0,83.227,,82.433,1,2,0
2024,23,QATAR GRAND PRIX,MAG,Haas F1 Team,Q2,81.387,10.0,30.148,27.381,23.858,3.0,SOFT,True,252.0,287.0,280.0,317.0,18.9,21.6,59.0,1017.7,2.2,0.0,83.715,,82.56,1,2,0
2024,23,QATAR GRAND PRIX,PER,Red Bull Racing,Q2,81.425,9.0,30.024,27.534,23.867,2.0,SOFT,True,251.0,287.0,282.0,320.0,18.9,21.6,59.0,1017.7,2.2,0.0,84.039,,82.718,1,2,0
2024,23,QATAR GRAND PRIX,GAS,Alpine,Q2,81.437,11.0,30.062,27.562,23.813,3.0,SOFT,True,249.0,287.0,281.0,319.0,18.9,21.6,59.0,1017.7,2.2,0.0,83.62,,81.978,1,2,0
2024,23,QATAR GRAND PRIX,ZHO,Kick Sauber,Q2,81.501,12.0,29.872,27.533,24.096,3.0,SOFT,True,252.0,285.0,276.0,318.0,18.9,21.6,59.0,1017.7,2.2,0.0,83.88,,82.948,1,2,0
2024,23,QATAR GRAND PRIX,BOT,Kick Sauber,Q2,81.731,13.0,29.992,27.651,24.088,3.0,SOFT,True,252.0,285.0,279.0,319.0,18.9,21.6,59.0,1017.7,2.2,0.0,83.064,,82.506,1,2,0
2024,23,QATAR GRAND PRIX,TSU,Racing Bulls,Q2,81.771,14.0,30.179,27.707,23.885,2.0,SOFT,True,250.0,285.0,281.0,316.0,18.9,21.6,59.0,1017.7,2.2,0.0,83.045,,82.722,1,2,0
2024,23,QATAR GRAND PRIX,STR,Aston Martin,Q2,81.911,15.0,30.386,27.616,23.909,2.0,SOFT,True,248.0,287.0,281.0,322.0,18.9,21.6,59.0,1017.7,2.2,0.0,83.099,,82.522,1,2,0
2024,23,QATAR GRAND PRIX,VER,Red Bull Racing,Q3,80.52,1.0,29.598,27.353,23.569,5.0,SOFT,True,253.0,288.0,283.0,322.0,18.9,21.6,59.0,1017.7,2.2,0.0,83.213,,81.315,1,3,0
2024,23,QATAR GRAND PRIX,RUS,Mercedes,Q3,80.575,2.0,29.742,27.268,23.565,3.0,SOFT,True,254.0,289.0,280.0,317.0,18.9,21.6,59.0,1017.7,2.2,0.0,83.16,,81.075,1,3,0
2024,23,QATAR GRAND PRIX,NOR,McLaren,Q3,80.772,3.0,29.731,27.412,23.629,4.0,SOFT,True,253.0,287.0,281.0,318.0,18.9,21.6,59.0,1017.7,2.2,0.0,82.378,,81.012,1,3,0
2024,23,QATAR GRAND PRIX,PIA,McLaren,Q3,80.829,4.0,29.756,27.476,23.597,3.0,SOFT,True,254.0,287.0,281.0,318.0,18.9,21.6,59.0,1017.7,2.2,0.0,82.425,,81.171,1,3,0
2024,23,QATAR GRAND PRIX,LEC,Ferrari,Q3,80.852,5.0,29.79,27.451,23.611,2.0,SOFT,True,256.0,286.0,282.0,317.0,18.9,21.6,59.0,1017.7,2.2,0.0,81.953,,81.308,1,3,0
2024,23,QATAR GRAND PRIX,HAM,Mercedes,Q3,81.011,6.0,29.826,27.48,23.705,3.0,SOFT,True,256.0,290.0,281.0,321.0,18.9,21.6,59.0,1017.7,2.2,0.0,83.188,,81.474,1,3,0
2024,23,QATAR GRAND PRIX,SAI,Ferrari,Q3,81.041,7.0,29.915,27.402,23.724,2.0,SOFT,True,252.0,287.0,281.0,314.0,18.9,21.6,59.0,1017.7,2.2,0.0,82.535,,81.281,1,3,0
2024,23,QATAR GRAND PRIX,ALO,Aston Martin,Q3,81.251,8.0,29.879,27.636,23.736,2.0,SOFT,True,251.0,288.0,282.0,323.0,18.9,21.6,59.0,1017.7,2.2,0.0,83.227,,82.433,1,3,0
2024,23,QATAR GRAND PRIX,PER,Red Bull Racing,Q3,81.425,9.0,30.045,27.557,23.823,3.0,SOFT,True,252.0,287.0,283.0,324.0,18.9,21.6,59.0,1017.7,2.2,0.0,84.039,,82.718,1,3,0
2024,23,QATAR GRAND PRIX,MAG,Haas F1 Team,Q3,81.5,10.0,30.119,27.5,23.881,6.0,SOFT,False,251.0,286.0,278.0,316.0,18.9,21.6,59.0,1017.7,2.2,0.0,83.715,,82.56,1,3,0
2024,24,ABU DHABI GRAND PRIX,LEC,Ferrari,Q1,83.302,14.0,17.056,36.032,30.214,2.0,SOFT,True,290.0,322.0,219.0,325.0,25.8,29.5,66.0,1017.3,1.5,0.0,84.321,84.201,84.098,0,1,0
2024,24,ABU DHABI GRAND PRIX,BOT,Kick Sauber,Q1,83.481,9.0,17.117,35.98,30.384,2.0,SOFT,True,290.0,327.0,221.0,330.0,25.8,29.5,66.0,1017.3,1.5,0.0,85.611,84.23,84.479,0,1,0
2024,24,ABU DHABI GRAND PRIX,SAI,Ferrari,Q1,83.487,3.0,17.128,36.193,30.166,2.0,SOFT,True,287.0,324.0,220.0,325.0,25.8,29.5,66.0,1017.3,1.5,0.0,,84.099,83.871,0,1,0
2024,24,ABU DHABI GRAND PRIX,VER,Red Bull Racing,Q1,83.516,5.0,17.124,35.99,30.402,2.0,SOFT,True,290.0,326.0,219.0,329.0,25.8,29.5,66.0,1017.3,1.5,0.0,,84.598,83.844,0,1,0
2024,24,ABU DHABI GRAND PRIX,GAS,Alpine,Q1,83.548,6.0,17.079,35.972,30.497,2.0,SOFT,True,291.0,322.0,222.0,325.0,25.8,29.5,66.0,1017.3,1.5,0.0,85.333,84.517,84.408,0,1,0
2024,24,ABU DHABI GRAND PRIX,PER,Red Bull Racing,Q1,83.559,10.0,17.161,36.08,30.318,2.0,SOFT,True,291.0,325.0,219.0,329.0,25.8,29.5,66.0,1017.3,1.5,0.0,85.483,84.555,84.283,0,1,0
2024,24,ABU DHABI GRAND PRIX,MAG,Haas F1 Team,Q1,83.632,15.0,17.234,35.967,30.431,2.0,SOFT,True,290.0,323.0,221.0,327.0,25.8,29.5,66.0,1017.3,1.5,0.0,85.444,84.235,84.094,0,1,0
2024,24,ABU DHABI GRAND PRIX,PIA,McLaren,Q1,83.64,2.0,17.068,36.22,30.352,2.0,SOFT,True,289.0,318.0,222.0,321.0,25.8,29.5,66.0,1017.3,1.5,0.0,,83.751,83.433,0,1,0
2024,24,ABU DHABI GRAND PRIX,RUS,Mercedes,Q1,83.678,7.0,17.133,36.213,30.332,2.0,SOFT,True,291.0,323.0,222.0,326.0,25.8,29.5,66.0,1017.3,1.5,0.0,85.165,84.534,84.075,0,1,0
2024,24,ABU DHABI GRAND PRIX,NOR,McLaren,Q1,83.682,1.0,17.129,36.301,30.252,2.0,SOFT,True,287.0,319.0,221.0,321.0,25.8,29.5,66.0,1017.3,1.5,0.0,84.542,83.517,83.626,0,1,0
2024,24,ABU DHABI GRAND PRIX,HUL,Haas F1 Team,Q1,83.722,4.0,17.213,36.107,30.402,2.0,SOFT,True,292.0,325.0,220.0,327.0,25.8,29.5,66.0,1017.3,1.5,0.0,85.373,83.979,84.093,0,1,0
2024,24,ABU DHABI GRAND PRIX,STR,Aston Martin,Q1,83.729,13.0,17.094,35.963,30.672,2.0,SOFT,True,293.0,321.0,219.0,329.0,25.8,29.5,66.0,1017.3,1.5,0.0,,84.686,84.531,0,1,0
2024,24,ABU DHABI GRAND PRIX,LAW,Racing Bulls,Q1,83.733,12.0,17.193,36.011,30.529,2.0,SOFT,True,292.0,326.0,218.0,328.0,25.8,29.5,66.0,1017.3,1.5,0.0,85.563,84.503,84.519,0,1,0
2024,24,ABU DHABI GRAND PRIX,TSU,Racing Bulls,Q1,83.735,11.0,17.112,36.043,30.58,2.0,SOFT,True,293.0,326.0,221.0,329.0,25.8,29.5,66.0,1017.3,1.5,0.0,,84.497,84.343,0,1,0
2024,24,ABU DHABI GRAND PRIX,ALO,Aston Martin,Q1,83.794,8.0,17.09,36.195,30.509,2.0,SOFT,True,292.0,323.0,219.0,329.0,25.8,29.5,66.0,1017.3,1.5,0.0,85.504,84.574,84.453,0,1,0
2024,24,ABU DHABI GRAND PRIX,ALB,Williams,Q1,83.821,16.0,17.129,36.125,30.567,2.0,SOFT,True,294.0,324.0,221.0,325.0,25.8,29.5,66.0,1017.3,1.5,0.0,,84.269,84.378,0,1,0
2024,24,ABU DHABI GRAND PRIX,ZHO,Kick Sauber,Q1,83.88,17.0,17.282,36.214,30.384,2.0,SOFT,True,291.0,325.0,221.0,327.0,25.8,29.5,66.0,1017.3,1.5,0.0,85.921,84.557,84.668,0,1,0
2024,24,ABU DHABI GRAND PRIX,HAM,Mercedes,Q1,83.887,18.0,17.148,36.232,30.507,2.0,SOFT,True,291.0,321.0,220.0,326.0,25.8,29.5,66.0,1017.3,1.5,0.0,84.806,84.119,83.823,0,1,0
2024,24,ABU DHABI GRAND PRIX,COL,Williams,Q1,83.912,19.0,17.209,36.14,30.563,2.0,SOFT,True,295.0,322.0,219.0,327.0,25.8,29.5,66.0,1017.3,1.5,0.0,85.382,85.265,84.766,0,1,0
2024,24,ABU DHABI GRAND PRIX,DOO,Alpine,Q1,84.105,20.0,17.297,36.258,30.55,2.0,SOFT,True,291.0,323.0,222.0,326.0,25.8,29.5,66.0,1017.3,1.5,0.0,86.304,84.961,84.434,0,1,0
2024,24,ABU DHABI GRAND PRIX,LEC,Ferrari,Q2,82.98,14.0,16.974,35.964,30.042,2.0,SOFT,True,291.0,321.0,220.0,325.0,25.8,29.5,66.0,1017.3,1.5,0.0,84.321,84.201,84.098,0,2,0
2024,24,ABU DHABI GRAND PRIX,SAI,Ferrari,Q2,82.985,3.0,17.051,35.769,30.165,2.0,SOFT,True,289.0,322.0,221.0,327.0,25.8,29.5,66.0,1017.3,1.5,0.0,,84.099,83.871,0,2,0
2024,24,ABU DHABI GRAND PRIX,VER,Red Bull Racing,Q2,82.998,5.0,17.081,35.785,30.132,2.0,SOFT,True,290.0,325.0,219.0,330.0,25.8,29.5,66.0,1017.3,1.5,0.0,,84.598,83.844,0,2,0
2024,24,ABU DHABI GRAND PRIX,HUL,Haas F1 Team,Q2,83.04,4.0,17.075,35.798,30.167,2.0,SOFT,True,292.0,326.0,220.0,329.0,25.8,29.5,66.0,1017.3,1.5,0.0,85.373,83.979,84.093,0,2,0
2024,24,ABU DHABI GRAND PRIX,GAS,Alpine,Q2,83.086,6.0,17.062,35.934,30.09,2.0,SOFT,True,290.0,322.0,220.0,325.0,25.8,29.5,66.0,1017.3,1.5,0.0,85.333,84.517,84.408,0,2,0
2024,24,ABU DHABI GRAND PRIX,NOR,McLaren,Q2,83.098,1.0,17.04,35.971,30.087,4.0,SOFT,False,289.0,322.0,220.0,324.0,25.8,29.5,66.0,1017.3,1.5,0.0,84.542,83.517,83.626,0,2,0
2024,24,ABU DHABI GRAND PRIX,PIA,McLaren,Q2,83.199,2.0,16.972,36.007,30.22,4.0,SOFT,False,289.0,321.0,220.0,327.0,25.8,29.5,66.0,1017.3,1.5,0.0,,83.751,83.433,0,2,0
2024,24,ABU DHABI GRAND PRIX,ALO,Aston Martin,Q2,83.268,8.0,17.011,36.02,30.237,2.0,SOFT,True,292.0,323.0,221.0,329.0,25.8,29.5,66.0,1017.3,1.5,0.0,85.504,84.574,84.453,0,2,0
2024,24,ABU DHABI GRAND PRIX,RUS,Mercedes,Q2,83.283,7.0,17.137,35.956,30.19,2.0,SOFT,True,291.0,323.0,219.0,325.0,25.8,29.5,66.0,1017.3,1.5,0.0,85.165,84.534,84.075,0,2,0
2024,24,ABU DHABI GRAND PRIX,BOT,Kick Sauber,Q2,83.341,9.0,17.171,35.897,30.273,2.0,SOFT,True,289.0,324.0,222.0,330.0,25.8,29.5,66.0,1017.3,1.5,0.0,85.611,84.23,84.479,0,2,0
2024,24,ABU DHABI GRAND PRIX,PER,Red Bull Racing,Q2,83.379,10.0,17.118,35.806,30.455,2.0,SOFT,True,293.0,328.0,221.0,335.0,25.8,29.5,66.0,1017.3,1.5,0.0,85.483,84.555,84.283,0,2,0
2024,24,ABU DHABI GRAND PRIX,TSU,Racing Bulls,Q2,83.419,11.0,17.122,36.033,30.264,2.0,SOFT,True,290.0,324.0,221.0,327.0,25.8,29.5,66.0,1017.3,1.5,0.0,,84.497,84.343,0,2,0
2024,24,ABU DHABI GRAND PRIX,LAW,Racing Bulls,Q2,83.472,12.0,17.133,36.058,30.281,2.0,SOFT,True,291.0,323.0,220.0,328.0,25.8,29.5,66.0,1017.3,1.5,0.0,85.563,84.503,84.519,0,2,0
2024,24,ABU DHABI GRAND PRIX,STR,Aston Martin,Q2,83.784,13.0,17.12,35.985,30.679,4.0,SOFT,False,291.0,322.0,220.0,327.0,25.8,29.5,66.0,1017.3,1.5,0.0,,84.686,84.531,0,2,0
2024,24,ABU DHABI GRAND PRIX,MAG,Haas F1 Team,Q2,83.877,15.0,17.19,36.045,30.642,2.0,SOFT,True,291.0,325.0,219.0,328.0,25.8,29.5,66.0,1017.3,1.5,0.0,85.444,84.235,84.094,0,2,0
2024,24,ABU DHABI GRAND PRIX,NOR,McLaren,Q3,82.595,1.0,16.958,35.776,29.861,2.0,SOFT,True,289.0,318.0,220.0,323.0,25.8,29.5,66.0,1017.3,1.5,0.0,84.542,83.517,83.626,0,3,0
2024,24,ABU DHABI GRAND PRIX,PIA,McLaren,Q3,82.804,2.0,17.027,35.853,29.924,2.0,SOFT,True,290.0,321.0,220.0,324.0,25.8,29.5,66.0,1017.3,1.5,0.0,,83.751,83.433,0,3,0
2024,24,ABU DHABI GRAND PRIX,SAI,Ferrari,Q3,82.824,3.0,16.98,35.787,30.057,2.0,SOFT,True,290.0,324.0,221.0,326.0,25.8,29.5,66.0,1017.3,1.5,0.0,,84.099,83.871,0,3,0
2024,24,ABU DHABI GRAND PRIX,HUL,Haas F1 Team,Q3,82.886,4.0,17.106,35.718,30.062,2.0,SOFT,True,291.0,324.0,221.0,328.0,25.8,29.5,66.0,1017.3,1.5,0.0,85.373,83.979,84.093,0,3,0
2024,24,ABU DHABI GRAND PRIX,VER,Red Bull Racing,Q3,82.945,5.0,17.022,35.73,30.193,2.0,SOFT,True,290.0,325.0,202.0,328.0,25.8,29.5,66.0,1017.3,1.5,0.0,,84.598,83.844,0,3,0
2024,24,ABU DHABI GRAND PRIX,GAS,Alpine,Q3,82.984,6.0,17.081,35.871,30.032,2.0,SOFT,True,289.0,322.0,221.0,325.0,25.8,29.5,66.0,1017.3,1.5,0.0,85.333,84.517,84.408,0,3,0
2024,24,ABU DHABI GRAND PRIX,RUS,Mercedes,Q3,83.132,7.0,17.088,36.005,30.039,2.0,SOFT,True,290.0,319.0,222.0,324.0,25.8,29.5,66.0,1017.3,1.5,0.0,85.165,84.534,84.075,0,3,0
2024,24,ABU DHABI GRAND PRIX,ALO,Aston Martin,Q3,83.196,8.0,17.01,36.006,30.18,2.0,SOFT,True,292.0,323.0,221.0,328.0,25.8,29.5,66.0,1017.3,1.5,0.0,85.504,84.574,84.453,0,3,0
2024,24,ABU DHABI GRAND PRIX,BOT,Kick Sauber,Q3,83.204,9.0,17.152,35.902,30.15,2.0,SOFT,True,290.0,323.0,223.0,330.0,25.8,29.5,66.0,1017.3,1.5,0.0,85.611,84.23,84.479,0,3,0
2024,24,ABU DHABI GRAND PRIX,PER,Red Bull Racing,Q3,83.264,10.0,17.082,35.945,30.237,2.0,SOFT,True,292.0,325.0,221.0,330.0,25.8,29.5,66.0,1017.3,1.5,0.0,85.483,84.555,84.283,0,3,0
2025,1,AUSTRALIAN GRAND PRIX,NOR,McLaren,Q1,75.912,1.0,26.463,17.116,32.333,5.0,SOFT,False,290.0,326.0,308.0,328.0,30.1,40.7,48.0,1009.4,0.7,0.0,77.252,76.58,76.597,0,1,0
2025,1,AUSTRALIAN GRAND PRIX,RUS,Mercedes,Q1,75.971,4.0,26.366,17.086,32.519,2.0,SOFT,True,291.0,328.0,310.0,326.0,30.1,40.7,48.0,1009.4,0.7,0.0,77.716,77.282,75.96,0,1,0
2025,1,AUSTRALIAN GRAND PRIX,VER,Red Bull Racing,Q1,76.018,3.0,26.366,17.171,32.481,2.0,SOFT,True,291.0,327.0,303.0,328.0,30.1,40.7,48.0,1009.4,0.7,0.0,77.696,77.063,76.002,0,1,0
2025,1,AUSTRALIAN GRAND PRIX,LEC,Ferrari,Q1,76.029,7.0,26.411,17.144,32.474,2.0,SOFT,True,290.0,322.0,308.0,325.0,30.1,40.7,48.0,1009.4,0.7,0.0,77.461,76.439,76.188,0,1,0
2025,1,AUSTRALIAN GRAND PRIX,PIA,McLaren,Q1,76.062,2.0,26.27,17.114,32.678,5.0,SOFT,False,289.0,325.0,307.0,325.0,30.1,40.7,48.0,1009.4,0.7,0.0,77.67,76.563,75.921,0,1,0
2025,1,AUSTRALIAN GRAND PRIX,HAM,Ferrari,Q1,76.213,8.0,26.347,17.224,32.642,2.0,SOFT,True,290.0,323.0,305.0,330.0,30.1,40.7,48.0,1009.4,0.7,0.0,78.071,76.859,76.378,0,1,0
2025,1,AUSTRALIAN GRAND PRIX,TSU,Racing Bulls,Q1,76.225,5.0,26.468,17.173,32.584,2.0,SOFT,True,291.0,328.0,307.0,326.0,30.1,40.7,48.0,1009.4,0.7,0.0,78.061,76.784,76.455,0,1,0
2025,1,AUSTRALIAN GRAND PRIX,ALB,Williams,Q1,76.245,6.0,26.378,17.153,32.714,2.0,SOFT,True,292.0,327.0,309.0,325.0,30.1,40.7,48.0,1009.4,0.7,0.0,77.713,77.302,76.258,0,1,0
2025,1,AUSTRALIAN GRAND PRIX,ALO,Aston Martin,Q1,76.288,12.0,26.3,17.107,32.881,2.0,SOFT,True,289.0,327.0,308.0,327.0,30.1,40.7,48.0,1009.4,0.7,0.0,77.736,77.33,77.27,0,1,0
2025,1,AUSTRALIAN GRAND PRIX,DOO,Alpine,Q1,76.315,14.0,26.381,17.15,32.784,2.0,SOFT,True,289.0,326.0,309.0,325.0,30.1,40.7,48.0,1009.4,0.7,0.0,78.232,77.394,76.993,0,1,0
2025,1,AUSTRALIAN GRAND PRIX,GAS,Alpine,Q1,76.328,9.0,26.54,17.148,32.64,2.0,SOFT,True,288.0,328.0,308.0,324.0,30.1,40.7,48.0,1009.4,0.7,0.0,78.505,77.493,76.719,0,1,0
2025,1,AUSTRALIAN GRAND PRIX,HAD,Racing Bulls,Q1,76.354,11.0,26.523,17.139,32.692,2.0,SOFT,True,292.0,329.0,308.0,327.0,30.1,40.7,48.0,1009.4,0.7,0.0,77.847,77.019,76.732,0,1,0
2025,1,AUSTRALIAN GRAND PRIX,SAI,Williams,Q1,76.36,10.0,26.477,17.175,32.708,2.0,SOFT,True,289.0,325.0,310.0,323.0,30.1,40.7,48.0,1009.4,0.7,0.0,77.401,77.302,76.252,0,1,0
2025,1,AUSTRALIAN GRAND PRIX,STR,Aston Martin,Q1,76.369,13.0,26.474,17.151,32.744,2.0,SOFT,True,290.0,328.0,309.0,327.0,30.1,40.7,48.0,1009.4,0.7,0.0,78.057,77.279,76.948,0,1,0
2025,1,AUSTRALIAN GRAND PRIX,BOR,Kick Sauber,Q1,76.516,15.0,26.495,17.22,32.801,2.0,SOFT,True,289.0,327.0,306.0,325.0,30.1,40.7,48.0,1009.4,0.7,0.0,78.438,77.847,76.707,0,1,0
2025,1,AUSTRALIAN GRAND PRIX,ANT,Mercedes,Q1,76.525,16.0,26.443,17.166,32.916,5.0,SOFT,True,290.0,325.0,309.0,324.0,30.1,40.7,48.0,1009.4,0.7,0.0,78.39,77.634,76.206,0,1,0
2025,1,AUSTRALIAN GRAND PRIX,HUL,Kick Sauber,Q1,76.579,17.0,26.656,17.201,32.722,2.0,SOFT,True,288.0,328.0,302.0,327.0,30.1,40.7,48.0,1009.4,0.7,0.0,78.586,77.161,77.146,0,1,0
2025,1,AUSTRALIAN GRAND PRIX,LAW,Red Bull Racing,Q1,77.094,18.0,26.819,17.362,32.913,2.0,SOFT,True,291.0,329.0,307.0,327.0,30.1,40.7,48.0,1009.4,0.7,0.0,78.455,77.64,106.861,0,1,0
2025,1,AUSTRALIAN GRAND PRIX,OCO,Haas F1 Team,Q1,77.147,19.0,26.686,17.206,33.255,2.0,SOFT,True,288.0,327.0,307.0,322.0,30.1,40.7,48.0,1009.4,0.7,0.0,79.139,78.034,77.373,0,1,0
2025,1,AUSTRALIAN GRAND PRIX,NOR,McLaren,Q2,75.415,1.0,26.194,17.03,32.191,5.0,SOFT,False,289.0,325.0,310.0,328.0,30.1,40.7,48.0,1009.4,0.7,0.0,77.252,76.58,76.597,0,2,0
2025,1,AUSTRALIAN GRAND PRIX,PIA,McLaren,Q2,75.468,2.0,26.171,17.111,32.186,2.0,SOFT,True,290.0,324.0,305.0,323.0,30.1,40.7,48.0,1009.4,0.7,0.0,77.67,76.563,75.921,0,2,0
2025,1,AUSTRALIAN GRAND PRIX,VER,Red Bull Racing,Q2,75.565,3.0,26.09,17.003,32.472,5.0,SOFT,False,289.0,328.0,308.0,330.0,30.1,40.7,48.0,1009.4,0.7,0.0,77.696,77.063,76.002,0,2,0
2025,1,AUSTRALIAN GRAND PRIX,RUS,Mercedes,Q2,75.798,4.0,26.373,17.128,32.297,5.0,SOFT,False,290.0,324.0,309.0,321.0,30.1,40.7,48.0,1009.4,0.7,0.0,77.716,77.282,75.96,0,2,0
2025,1,AUSTRALIAN GRAND PRIX,LEC,Ferrari,Q2,75.827,7.0,26.184,17.155,32.488,2.0,SOFT,True,289.0,320.0,303.0,323.0,30.1,40.7,48.0,1009.4,0.7,0.0,77.461,76.439,76.188,0,2,0
2025,1,AUSTRALIAN GRAND PRIX,HAM,Ferrari,Q2,75.919,8.0,26.15,17.223,32.546,2.0,SOFT,True,289.0,321.0,306.0,324.0,30.1,40.7,48.0,1009.4,0.7,0.0,78.071,76.859,76.378,0,2,0
2025,1,AUSTRALIAN GRAND PRIX,SAI,Williams,Q2,75.931,10.0,26.269,17.078,32.584,2.0,SOFT,True,287.0,328.0,308.0,327.0,30.1,40.7,48.0,1009.4,0.7,0.0,77.401,77.302,76.252,0,2,0
2025,1,AUSTRALIAN GRAND PRIX,TSU,Racing Bulls,Q2,76.009,5.0,26.264,17.193,32.552,2.0,SOFT,True,289.0,325.0,307.0,325.0,30.1,40.7,48.0,1009.4,0.7,0.0,78.061,76.784,76.455,0,2,0
2025,1,AUSTRALIAN GRAND PRIX,ALB,Williams,Q2,76.017,6.0,26.186,17.034,32.797,2.0,SOFT,True,289.0,328.0,309.0,327.0,30.1,40.7,48.0,1009.4,0.7,0.0,77.713,77.302,76.258,0,2,0
2025,1,AUSTRALIAN GRAND PRIX,GAS,Alpine,Q2,76.112,9.0,26.4,17.152,32.56,2.0,SOFT,True,287.0,325.0,307.0,324.0,30.1,40.7,48.0,1009.4,0.7,0.0,78.505,77.493,76.719,0,2,0
2025,1,AUSTRALIAN GRAND PRIX,HAD,Racing Bulls,Q2,76.175,11.0,26.345,17.148,32.682,2.0,SOFT,True,289.0,328.0,309.0,329.0,30.1,40.7,48.0,1009.4,0.7,0.0,77.847,77.019,76.732,0,2,0
2025,1,AUSTRALIAN GRAND PRIX,ALO,Aston Martin,Q2,76.453,12.0,26.374,17.188,32.891,2.0,SOFT,True,287.0,328.0,305.0,330.0,30.1,40.7,48.0,1009.4,0.7,0.0,77.736,77.33,77.27,0,2,0
2025,1,AUSTRALIAN GRAND PRIX,STR,Aston Martin,Q2,76.483,13.0,26.457,17.173,32.853,2.0,SOFT,True,288.0,325.0,307.0,326.0,30.1,40.7,48.0,1009.4,0.7,0.0,78.057,77.279,76.948,0,2,0
2025,1,AUSTRALIAN GRAND PRIX,DOO,Alpine,Q2,76.863,14.0,26.27,17.177,33.416,2.0,SOFT,True,288.0,328.0,310.0,327.0,30.1,40.7,48.0,1009.4,0.7,0.0,78.232,77.394,76.993,0,2,0
2025,1,AUSTRALIAN GRAND PRIX,BOR,Kick Sauber,Q2,77.52,15.0,26.577,17.331,33.612,5.0,SOFT,False,289.0,327.0,305.0,325.0,30.1,40.7,48.0,1009.4,0.7,0.0,78.438,77.847,76.707,0,2,0
2025,1,AUSTRALIAN GRAND PRIX,NOR,McLaren,Q3,75.096,1.0,25.961,16.997,32.138,2.0,SOFT,True,288.0,325.0,310.0,326.0,30.1,40.7,48.0,1009.4,0.7,0.0,77.252,76.58,76.597,0,3,0
2025,1,AUSTRALIAN GRAND PRIX,PIA,McLaren,Q3,75.18,2.0,26.082,16.951999999999998,32.146,2.0,SOFT,True,289.0,325.0,309.0,323.0,30.1,40.7,48.0,1009.4,0.7,0.0,77.67,76.563,75.921,0,3,0
2025,1,AUSTRALIAN GRAND PRIX,VER,Red Bull Racing,Q3,75.481,3.0,26.066,16.915,32.5,2.0,SOFT,True,290.0,330.0,310.0,331.0,30.1,40.7,48.0,1009.4,0.7,0.0,77.696,77.063,76.002,0,3,0
2025,1,AUSTRALIAN GRAND PRIX,RUS,Mercedes,Q3,75.546,4.0,26.163,16.951,32.432,2.0,SOFT,True,289.0,327.0,312.0,327.0,30.1,40.7,48.0,1009.4,0.7,0.0,77.716,77.282,75.96,0,3,0
2025,1,AUSTRALIAN GRAND PRIX,TSU,Racing Bulls,Q3,75.67,5.0,26.19,17.005,32.475,2.0,SOFT,True,290.0,330.0,306.0,328.0,30.1,40.7,48.0,1009.4,0.7,0.0,78.061,76.784,76.455,0,3,0
2025,1,AUSTRALIAN GRAND PRIX,ALB,Williams,Q3,75.737,6.0,26.215,16.978,32.544,2.0,SOFT,True,289.0,329.0,309.0,331.0,30.1,40.7,48.0,1009.4,0.7,0.0,77.713,77.302,76.258,0,3,0
2025,1,AUSTRALIAN GRAND PRIX,LEC,Ferrari,Q3,75.755,7.0,26.194,17.025,32.536,2.0,SOFT,True,290.0,325.0,309.0,326.0,30.1,40.7,48.0,1009.4,0.7,0.0,77.461,76.439,76.188,0,3,0
2025,1,AUSTRALIAN GRAND PRIX,HAM,Ferrari,Q3,75.973,8.0,26.265,17.08,32.628,2.0,SOFT,True,290.0,324.0,306.0,328.0,30.1,40.7,48.0,1009.4,0.7,0.0,78.071,76.859,76.378,0,3,0
2025,1,AUSTRALIAN GRAND PRIX,GAS,Alpine,Q3,75.98,9.0,26.293,17.087,32.6,2.0,SOFT,True,287.0,326.0,307.0,326.0,30.1,40.7,48.0,1009.4,0.7,0.0,78.505,77.493,76.719,0,3,0
2025,1,AUSTRALIAN GRAND PRIX,SAI,Williams,Q3,76.062,10.0,26.355,17.0,32.707,2.0,SOFT,True,289.0,329.0,309.0,327.0,30.1,40.7,48.0,1009.4,0.7,0.0,77.401,77.302,76.252,0,3,0
2025,2,CHINESE GRAND PRIX,NOR,McLaren,Q1,90.983,3.0,23.966,27.348,39.669,5.0,SOFT,True,283.0,277.0,274.0,326.0,26.1,38.7,14.0,1015.1,2.3,0.0,91.504,,91.174,1,1,0
2025,2,CHINESE GRAND PRIX,HAD,Racing Bulls,Q1,91.162,7.0,24.234,27.268,39.66,2.0,SOFT,True,284.0,278.0,270.0,330.0,26.1,38.7,14.0,1015.1,2.3,0.0,93.385,,92.171,1,1,0
2025,2,CHINESE GRAND PRIX,TSU,Racing Bulls,Q1,91.238,9.0,24.276,27.203,39.759,2.0,SOFT,True,284.0,278.0,272.0,331.0,26.1,38.7,14.0,1015.1,2.3,0.0,92.934,,91.773,1,1,0
2025,2,CHINESE GRAND PRIX,RUS,Mercedes,Q1,91.295,2.0,24.187,27.368,39.74,5.0,SOFT,True,285.0,279.0,271.0,332.0,26.1,38.7,14.0,1015.1,2.3,0.0,92.377,,91.169,1,1,0
2025,2,CHINESE GRAND PRIX,VER,Red Bull Racing,Q1,91.424,4.0,24.256,27.505,39.663,4.0,SOFT,False,284.0,277.0,269.0,335.0,26.1,38.7,14.0,1015.1,2.3,0.0,93.284,,90.867,1,1,0
2025,2,CHINESE GRAND PRIX,ALB,Williams,Q1,91.503,10.0,24.237,27.477,39.789,2.0,SOFT,True,284.0,278.0,273.0,330.0,26.1,38.7,14.0,1015.1,2.3,0.0,92.687,,91.539,1,1,0
2025,2,CHINESE GRAND PRIX,LEC,Ferrari,Q1,91.579,6.0,24.339,27.514,39.726,5.0,SOFT,True,286.0,280.0,274.0,332.0,26.1,38.7,14.0,1015.1,2.3,0.0,91.958,,91.057,1,1,0
2025,2,CHINESE GRAND PRIX,PIA,McLaren,Q1,91.591,1.0,24.176,27.442,39.973,7.0,SOFT,False,282.0,276.0,268.0,330.0,26.1,38.7,14.0,1015.1,2.3,0.0,92.153,,90.929,1,1,0
2025,2,CHINESE GRAND PRIX,SAI,Williams,Q1,91.628,15.0,24.289,27.48,39.859,2.0,SOFT,True,284.0,278.0,269.0,330.0,26.1,38.7,14.0,1015.1,2.3,0.0,93.145,,92.325,1,1,0
2025,2,CHINESE GRAND PRIX,ANT,Mercedes,Q1,91.676,8.0,24.179,27.69,39.807,2.0,SOFT,True,285.0,277.0,270.0,332.0,26.1,38.7,14.0,1015.1,2.3,0.0,92.874,,91.475,1,1,0
2025,2,CHINESE GRAND PRIX,HAM,Ferrari,Q1,91.69,5.0,24.186,27.43,40.074,5.0,SOFT,False,285.0,278.0,264.0,332.0,26.1,38.7,14.0,1015.1,2.3,0.0,92.195,,90.849,1,1,0
2025,2,CHINESE GRAND PRIX,ALO,Aston Martin,Q1,91.719,13.0,24.117,27.736,39.866,2.0,SOFT,True,282.0,276.0,271.0,326.0,26.1,38.7,14.0,1015.1,2.3,0.0,92.766,,91.815,1,1,0
2025,2,CHINESE GRAND PRIX,OCO,Haas F1 Team,Q1,91.876,11.0,24.244,27.609,40.023,2.0,SOFT,True,285.0,279.0,272.0,327.0,26.1,38.7,14.0,1015.1,2.3,0.0,93.056,,92.651,1,1,0
2025,2,CHINESE GRAND PRIX,HUL,Kick Sauber,Q1,91.921,12.0,24.303,27.609,40.009,2.0,SOFT,True,285.0,279.0,269.0,333.0,26.1,38.7,14.0,1015.1,2.3,0.0,92.507,,92.675,1,1,0
2025,2,CHINESE GRAND PRIX,STR,Aston Martin,Q1,91.923,14.0,24.267,27.617,40.039,2.0,SOFT,True,283.0,277.0,272.0,333.0,26.1,38.7,14.0,1015.1,2.3,0.0,92.984,,91.742,1,1,0
2025,2,CHINESE GRAND PRIX,GAS,Alpine,Q1,91.992,16.0,24.128,27.601,40.263,2.0,SOFT,True,282.0,276.0,270.0,330.0,26.1,38.7,14.0,1015.1,2.3,0.0,93.123,,92.64,1,1,0
2025,2,CHINESE GRAND PRIX,BEA,Haas F1 Team,Q1,92.018,17.0,24.427,27.599,39.992,2.0,SOFT,True,286.0,277.0,270.0,327.0,26.1,38.7,14.0,1015.1,2.3,0.0,92.967,,91.978,1,1,0
2025,2,CHINESE GRAND PRIX,DOO,Alpine,Q1,92.092,18.0,24.407,27.655,40.03,2.0,SOFT,True,284.0,278.0,272.0,331.0,26.1,38.7,14.0,1015.1,2.3,0.0,93.923,,92.575,1,1,0
2025,2,CHINESE GRAND PRIX,BOR,Kick Sauber,Q1,92.141,19.0,24.516,27.517,40.108,2.0,SOFT,True,285.0,278.0,263.0,330.0,26.1,38.7,14.0,1015.1,2.3,0.0,93.822,,92.539,1,1,0
2025,2,CHINESE GRAND PRIX,LAW,Red Bull Racing,Q1,92.174,20.0,24.522,27.622,40.03,2.0,SOFT,True,285.0,275.0,270.0,332.0,26.1,38.7,14.0,1015.1,2.3,0.0,93.631,,92.729,1,1,0
2025,2,CHINESE GRAND PRIX,NOR,McLaren,Q2,90.787,3.0,23.954,27.257,39.576,2.0,SOFT,True,284.0,278.0,273.0,328.0,26.1,38.7,14.0,1015.1,2.3,0.0,91.504,,91.174,1,2,0
2025,2,CHINESE GRAND PRIX,VER,Red Bull Racing,Q2,91.142,4.0,24.168,27.318,39.656,2.0,SOFT,True,285.0,278.0,274.0,339.0,26.1,38.7,14.0,1015.1,2.3,0.0,93.284,,90.867,1,2,0
2025,2,CHINESE GRAND PRIX,PIA,McLaren,Q2,91.2,1.0,24.219,27.341,39.64,2.0,SOFT,True,285.0,279.0,271.0,328.0,26.1,38.7,14.0,1015.1,2.3,0.0,92.153,,90.929,1,2,0
2025,2,CHINESE GRAND PRIX,HAD,Racing Bulls,Q2,91.253,7.0,24.127,27.254,39.872,2.0,SOFT,True,285.0,278.0,271.0,330.0,26.1,38.7,14.0,1015.1,2.3,0.0,93.385,,92.171,1,2,0
2025,2,CHINESE GRAND PRIX,TSU,Racing Bulls,Q2,91.26,9.0,24.171,27.269,39.82,2.0,SOFT,True,285.0,279.0,273.0,331.0,26.1,38.7,14.0,1015.1,2.3,0.0,92.934,,91.773,1,2,0
2025,2,CHINESE GRAND PRIX,RUS,Mercedes,Q2,91.307,2.0,24.264,27.412,39.631,5.0,SOFT,False,286.0,280.0,274.0,338.0,26.1,38.7,14.0,1015.1,2.3,0.0,92.377,,91.169,1,2,0
2025,2,CHINESE GRAND PRIX,LEC,Ferrari,Q2,91.45,6.0,24.205,27.415,39.83,2.0,SOFT,True,288.0,281.0,269.0,332.0,26.1,38.7,14.0,1015.1,2.3,0.0,91.958,,91.057,1,2,0
2025,2,CHINESE GRAND PRIX,HAM,Ferrari,Q2,91.501,5.0,24.304,27.252,39.945,2.0,SOFT,True,287.0,280.0,269.0,332.0,26.1,38.7,14.0,1015.1,2.3,0.0,92.195,,90.849,1,2,0
2025,2,CHINESE GRAND PRIX,ANT,Mercedes,Q2,91.59,8.0,24.271,27.63,39.689,5.0,SOFT,False,287.0,280.0,272.0,332.0,26.1,38.7,14.0,1015.1,2.3,0.0,92.874,,91.475,1,2,0
2025,2,CHINESE GRAND PRIX,ALB,Williams,Q2,91.595,10.0,24.174,27.498,39.923,2.0,SOFT,True,286.0,279.0,273.0,332.0,26.1,38.7,14.0,1015.1,2.3,0.0,92.687,,91.539,1,2,0
2025,2,CHINESE GRAND PRIX,OCO,Haas F1 Team,Q2,91.625,11.0,24.246,27.489,39.89,2.0,SOFT,True,286.0,279.0,271.0,326.0,26.1,38.7,14.0,1015.1,2.3,0.0,93.056,,92.651,1,2,0
2025,2,CHINESE GRAND PRIX,HUL,Kick Sauber,Q2,91.632,12.0,24.256,27.481,39.895,2.0,SOFT,True,285.0,279.0,270.0,333.0,26.1,38.7,14.0,1015.1,2.3,0.0,92.507,,92.675,1,2,0
2025,2,CHINESE GRAND PRIX,ALO,Aston Martin,Q2,91.688,13.0,24.067,27.56,40.061,2.0,SOFT,True,282.0,276.0,268.0,328.0,26.1,38.7,14.0,1015.1,2.3,0.0,92.766,,91.815,1,2,0
2025,2,CHINESE GRAND PRIX,STR,Aston Martin,Q2,91.773,14.0,24.267,27.391,40.115,2.0,SOFT,True,284.0,278.0,269.0,326.0,26.1,38.7,14.0,1015.1,2.3,0.0,92.984,,91.742,1,2,0
2025,2,CHINESE GRAND PRIX,SAI,Williams,Q2,91.84,15.0,24.231,27.5,40.109,2.0,SOFT,True,284.0,279.0,268.0,333.0,26.1,38.7,14.0,1015.1,2.3,0.0,93.145,,92.325,1,2,0
2025,2,CHINESE GRAND PRIX,PIA,McLaren,Q3,90.641,1.0,23.996,27.227,39.418,2.0,SOFT,True,284.0,278.0,272.0,329.0,26.1,38.7,14.0,1015.1,2.3,0.0,92.153,,90.929,1,3,0
2025,2,CHINESE GRAND PRIX,RUS,Mercedes,Q3,90.723,2.0,24.068,27.221,39.434,2.0,SOFT,True,286.0,280.0,272.0,334.0,26.1,38.7,14.0,1015.1,2.3,0.0,92.377,,91.169,1,3,0
2025,2,CHINESE GRAND PRIX,NOR,McLaren,Q3,90.793,3.0,24.03,27.328,39.435,2.0,SOFT,True,283.0,278.0,272.0,327.0,26.1,38.7,14.0,1015.1,2.3,0.0,91.504,,91.174,1,3,0
2025,2,CHINESE GRAND PRIX,VER,Red Bull Racing,Q3,90.817,4.0,23.945,27.313,39.559,2.0,SOFT,True,286.0,278.0,272.0,334.0,26.1,38.7,14.0,1015.1,2.3,0.0,93.284,,90.867,1,3,0
2025,2,CHINESE GRAND PRIX,HAM,Ferrari,Q3,90.927,5.0,24.148,27.175,39.604,2.0,SOFT,True,287.0,281.0,270.0,330.0,26.1,38.7,14.0,1015.1,2.3,0.0,92.195,,90.849,1,3,0
2025,2,CHINESE GRAND PRIX,LEC,Ferrari,Q3,91.021,6.0,24.094,27.355,39.572,2.0,SOFT,True,286.0,281.0,272.0,332.0,26.1,38.7,14.0,1015.1,2.3,0.0,91.958,,91.057,1,3,0
2025,2,CHINESE GRAND PRIX,HAD,Racing Bulls,Q3,91.079,7.0,24.16,27.213,39.706,2.0,SOFT,True,284.0,277.0,270.0,331.0,26.1,38.7,14.0,1015.1,2.3,0.0,93.385,,92.171,1,3,0
2025,2,CHINESE GRAND PRIX,ANT,Mercedes,Q3,91.103,8.0,24.176,27.301,39.626,2.0,SOFT,True,285.0,280.0,271.0,333.0,26.1,38.7,14.0,1015.1,2.3,0.0,92.874,,91.475,1,3,0
2025,2,CHINESE GRAND PRIX,TSU,Racing Bulls,Q3,91.638,9.0,24.28,27.527,39.831,5.0,SOFT,False,285.0,278.0,272.0,331.0,26.1,38.7,14.0,1015.1,2.3,0.0,92.934,,91.773,1,3,0
2025,2,CHINESE GRAND PRIX,ALB,Williams,Q3,91.706,10.0,24.246,27.654,39.806,5.0,SOFT,False,284.0,278.0,273.0,329.0,26.1,38.7,14.0,1015.1,2.3,0.0,92.687,,91.539,1,3,0
2025,3,JAPANESE GRAND PRIX,PIA,McLaren,Q1,87.687,3.0,30.69,39.542,17.455,5.0,SOFT,False,287.0,301.0,271.0,295.0,14.7,32.3,59.0,1013.3,3.0,0.0,89.708,88.114,87.991,0,1,0
2025,3,JAPANESE GRAND PRIX,RUS,Mercedes,Q1,87.843,5.0,30.738,39.662,17.443,5.0,SOFT,False,288.0,304.0,273.0,297.0,14.7,32.3,59.0,1013.3,3.0,0.0,88.712,88.567,88.077,0,1,0
2025,3,JAPANESE GRAND PRIX,NOR,McLaren,Q1,87.845,2.0,30.61,39.725,17.51,5.0,SOFT,True,288.0,303.0,272.0,299.0,14.7,32.3,59.0,1013.3,3.0,0.0,88.549,88.163,87.965,0,1,0
2025,3,JAPANESE GRAND PRIX,LEC,Ferrari,Q1,87.92,4.0,30.67,39.841,17.409,5.0,SOFT,False,289.0,300.0,271.0,296.0,14.7,32.3,59.0,1013.3,3.0,0.0,88.965,88.586,88.414,0,1,0
2025,3,JAPANESE GRAND PRIX,HAM,Ferrari,Q1,87.942,8.0,30.673,39.776,17.493,5.0,SOFT,True,289.0,300.0,272.0,297.0,14.7,32.3,59.0,1013.3,3.0,0.0,89.051,88.544,88.524,0,1,0
2025,3,JAPANESE GRAND PRIX,VER,Red Bull Racing,Q1,87.943,1.0,30.696,39.718,17.529,5.0,SOFT,False,288.0,299.0,270.0,297.0,14.7,32.3,59.0,1013.3,3.0,0.0,89.065,88.67,88.497,0,1,0
2025,3,JAPANESE GRAND PRIX,TSU,Red Bull Racing,Q1,87.967,15.0,30.839,39.679,17.449,2.0,SOFT,True,285.0,296.0,270.0,296.0,14.7,32.3,59.0,1013.3,3.0,0.0,89.172,90.625,88.785,0,1,0
2025,3,JAPANESE GRAND PRIX,ANT,Mercedes,Q1,87.968,6.0,30.9,39.685,17.383,2.0,SOFT,True,287.0,304.0,270.0,297.0,14.7,32.3,59.0,1013.3,3.0,0.0,89.284,89.733,89.126,0,1,0
2025,3,JAPANESE GRAND PRIX,GAS,Alpine,Q1,88.186,11.0,30.666,40.091,17.429,2.0,SOFT,True,286.0,297.0,270.0,295.0,14.7,32.3,59.0,1013.3,3.0,0.0,89.547,88.757,88.603,0,1,0
2025,3,JAPANESE GRAND PRIX,SAI,Williams,Q1,88.209,12.0,30.935,39.794,17.48,2.0,SOFT,True,288.0,302.0,271.0,296.0,14.7,32.3,59.0,1013.3,3.0,0.0,89.333,88.832,88.846,0,1,0
2025,3,JAPANESE GRAND PRIX,ALB,Williams,Q1,88.218,9.0,30.763,39.851,17.604,2.0,SOFT,True,288.0,300.0,272.0,295.0,14.7,32.3,59.0,1013.3,3.0,0.0,89.392,89.023,88.554,0,1,0
2025,3,JAPANESE GRAND PRIX,BEA,Haas F1 Team,Q1,88.228,10.0,30.831,39.938,17.459,2.0,SOFT,True,286.0,299.0,268.0,297.0,14.7,32.3,59.0,1013.3,3.0,0.0,90.077,89.654,90.084,0,1,0
2025,3,JAPANESE GRAND PRIX,HAD,Racing Bulls,Q1,88.278,7.0,30.924,39.881,17.473,2.0,SOFT,True,287.0,300.0,268.0,296.0,14.7,32.3,59.0,1013.3,3.0,0.0,89.225,88.518,88.786,0,1,0
2025,3,JAPANESE GRAND PRIX,ALO,Aston Martin,Q1,88.337,13.0,30.725,39.982,17.63,2.0,SOFT,True,287.0,299.0,269.0,295.0,14.7,32.3,59.0,1013.3,3.0,0.0,89.222,89.978,89.772,0,1,0
2025,3,JAPANESE GRAND PRIX,LAW,Racing Bulls,Q1,88.554,14.0,31.194,39.833,17.527,2.0,SOFT,True,285.0,299.0,270.0,296.0,14.7,32.3,59.0,1013.3,3.0,0.0,89.536,88.559,89.104,0,1,0
2025,3,JAPANESE GRAND PRIX,HUL,Kick Sauber,Q1,88.57,16.0,31.082,39.984,17.504,2.0,SOFT,True,288.0,300.0,272.0,297.0,14.7,32.3,59.0,1013.3,3.0,0.0,90.023,89.062,90.621,0,1,0
2025,3,JAPANESE GRAND PRIX,BOR,Kick Sauber,Q1,88.622,17.0,31.08,40.0,17.542,2.0,SOFT,True,287.0,297.0,271.0,293.0,14.7,32.3,59.0,1013.3,3.0,0.0,90.147,89.335,90.134,0,1,0
2025,3,JAPANESE GRAND PRIX,OCO,Haas F1 Team,Q1,88.696,18.0,31.041,40.137,17.518,2.0,SOFT,True,286.0,296.0,271.0,295.0,14.7,32.3,59.0,1013.3,3.0,0.0,90.123,89.507,90.183,0,1,0
2025,3,JAPANESE GRAND PRIX,DOO,Alpine,Q1,88.877,19.0,30.983,40.186,17.708,2.0,SOFT,True,288.0,301.0,270.0,299.0,14.7,32.3,59.0,1013.3,3.0,0.0,,91.659,89.767,0,1,0
2025,3,JAPANESE GRAND PRIX,STR,Aston Martin,Q1,89.271,20.0,31.034,40.483,17.754,2.0,SOFT,True,285.0,297.0,268.0,295.0,14.7,32.3,59.0,1013.3,3.0,0.0,89.758,90.845,90.267,0,1,0
2025,3,JAPANESE GRAND PRIX,NOR,McLaren,Q2,87.146,2.0,30.451,39.388,17.307,2.0,SOFT,True,285.0,302.0,272.0,298.0,14.7,32.3,59.0,1013.3,3.0,0.0,88.549,88.163,87.965,0,2,0
2025,3,JAPANESE GRAND PRIX,RUS,Mercedes,Q2,87.4,5.0,30.458,39.573,17.369,2.0,SOFT,True,288.0,306.0,272.0,298.0,14.7,32.3,59.0,1013.3,3.0,0.0,88.712,88.567,88.077,0,2,0
2025,3,JAPANESE GRAND PRIX,VER,Red Bull Racing,Q2,87.502,1.0,30.51,39.641,17.351,2.0,SOFT,True,288.0,300.0,271.0,299.0,14.7,32.3,59.0,1013.3,3.0,0.0,89.065,88.67,88.497,0,2,0
2025,3,JAPANESE GRAND PRIX,PIA,McLaren,Q2,87.507,3.0,30.658,39.426,17.423,5.0,SOFT,False,286.0,302.0,269.0,296.0,14.7,32.3,59.0,1013.3,3.0,0.0,89.708,88.114,87.991,0,2,0
2025,3,JAPANESE GRAND PRIX,LEC,Ferrari,Q2,87.555,4.0,30.552,39.604,17.399,5.0,SOFT,False,289.0,299.0,270.0,296.0,14.7,32.3,59.0,1013.3,3.0,0.0,88.965,88.586,88.414,0,2,0
2025,3,JAPANESE GRAND PRIX,HAM,Ferrari,Q2,87.61,8.0,30.699,39.454,17.457,2.0,SOFT,True,289.0,298.0,268.0,296.0,14.7,32.3,59.0,1013.3,3.0,0.0,89.051,88.544,88.524,0,2,0
2025,3,JAPANESE GRAND PRIX,ANT,Mercedes,Q2,87.639,6.0,30.75,39.594,17.295,2.0,SOFT,True,287.0,303.0,269.0,294.0,14.7,32.3,59.0,1013.3,3.0,0.0,89.284,89.733,89.126,0,2,0
2025,3,JAPANESE GRAND PRIX,BEA,Haas F1 Team,Q2,87.711,10.0,30.669,39.639,17.403,2.0,SOFT,True,286.0,299.0,270.0,295.0,14.7,32.3,59.0,1013.3,3.0,0.0,90.077,89.654,90.084,0,2,0
2025,3,JAPANESE GRAND PRIX,HAD,Racing Bulls,Q2,87.775,7.0,30.783,39.591,17.401,2.0,SOFT,True,287.0,301.0,269.0,297.0,14.7,32.3,59.0,1013.3,3.0,0.0,89.225,88.518,88.786,0,2,0
2025,3,JAPANESE GRAND PRIX,ALB,Williams,Q2,87.783,9.0,30.714,39.651,17.418,2.0,SOFT,True,288.0,305.0,273.0,296.0,14.7,32.3,59.0,1013.3,3.0,0.0,89.392,89.023,88.554,0,2,0
2025,3,JAPANESE GRAND PRIX,GAS,Alpine,Q2,87.822,11.0,30.593,39.84,17.389,2.0,SOFT,True,287.0,298.0,270.0,296.0,14.7,32.3,59.0,1013.3,3.0,0.0,89.547,88.757,88.603,0,2,0
2025,3,JAPANESE GRAND PRIX,SAI,Williams,Q2,87.836,12.0,30.76,39.579,17.497,2.0,SOFT,True,287.0,303.0,270.0,298.0,14.7,32.3,59.0,1013.3,3.0,0.0,89.333,88.832,88.846,0,2,0
2025,3,JAPANESE GRAND PRIX,ALO,Aston Martin,Q2,87.897,13.0,30.633,39.705,17.559,2.0,SOFT,True,287.0,299.0,269.0,294.0,14.7,32.3,59.0,1013.3,3.0,0.0,89.222,89.978,89.772,0,2,0
2025,3,JAPANESE GRAND PRIX,LAW,Racing Bulls,Q2,87.906,14.0,30.879,39.634,17.393,2.0,SOFT,True,287.0,302.0,271.0,296.0,14.7,32.3,59.0,1013.3,3.0,0.0,89.536,88.559,89.104,0,2,0
2025,3,JAPANESE GRAND PRIX,TSU,Red Bull Racing,Q2,88.0,15.0,30.84,39.672,17.488,2.0,SOFT,True,284.0,297.0,268.0,292.0,14.7,32.3,59.0,1013.3,3.0,0.0,89.172,90.625,88.785,0,2,0
2025,3,JAPANESE GRAND PRIX,VER,Red Bull Racing,Q3,86.983,1.0,30.387,39.355,17.241,2.0,SOFT,True,288.0,298.0,271.0,295.0,14.7,32.3,59.0,1013.3,3.0,0.0,89.065,88.67,88.497,0,3,0
2025,3,JAPANESE GRAND PRIX,NOR,McLaren,Q3,86.995,2.0,30.358,39.301,17.336,2.0,SOFT,True,287.0,300.0,267.0,295.0,14.7,32.3,59.0,1013.3,3.0,0.0,88.549,88.163,87.965,0,3,0
2025,3,JAPANESE GRAND PRIX,PIA,McLaren,Q3,87.027,3.0,30.625,39.197,17.205,2.0,SOFT,True,287.0,299.0,271.0,294.0,14.7,32.3,59.0,1013.3,3.0,0.0,89.708,88.114,87.991,0,3,0
2025,3,JAPANESE GRAND PRIX,LEC,Ferrari,Q3,87.299,4.0,30.535,39.352,17.412,2.0,SOFT,True,288.0,299.0,271.0,295.0,14.7,32.3,59.0,1013.3,3.0,0.0,88.965,88.586,88.414,0,3,0
2025,3,JAPANESE GRAND PRIX,RUS,Mercedes,Q3,87.318,5.0,30.376,39.599,17.343,2.0,SOFT,True,288.0,303.0,272.0,297.0,14.7,32.3,59.0,1013.3,3.0,0.0,88.712,88.567,88.077,0,3,0
2025,3,JAPANESE GRAND PRIX,ANT,Mercedes,Q3,87.555,6.0,30.669,39.503,17.383,2.0,SOFT,True,287.0,301.0,271.0,295.0,14.7,32.3,59.0,1013.3,3.0,0.0,89.284,89.733,89.126,0,3,0
2025,3,JAPANESE GRAND PRIX,HAD,Racing Bulls,Q3,87.569,7.0,30.663,39.471,17.435,2.0,SOFT,True,288.0,299.0,270.0,295.0,14.7,32.3,59.0,1013.3,3.0,0.0,89.225,88.518,88.786,0,3,0
2025,3,JAPANESE GRAND PRIX,HAM,Ferrari,Q3,87.61,8.0,30.506,39.698,17.406,2.0,SOFT,True,289.0,299.0,271.0,296.0,14.7,32.3,59.0,1013.3,3.0,0.0,89.051,88.544,88.524,0,3,0
2025,3,JAPANESE GRAND PRIX,ALB,Williams,Q3,87.615,9.0,30.604,39.612,17.399,2.0,SOFT,True,289.0,301.0,272.0,294.0,14.7,32.3,59.0,1013.3,3.0,0.0,89.392,89.023,88.554,0,3,0
2025,3,JAPANESE GRAND PRIX,BEA,Haas F1 Team,Q3,87.867,10.0,30.646,39.653,17.568,2.0,SOFT,True,287.0,296.0,267.0,294.0,14.7,32.3,59.0,1013.3,3.0,0.0,90.077,89.654,90.084,0,3,0
2025,4,BAHRAIN GRAND PRIX,NOR,McLaren,Q1,91.107,6.0,29.173,39.194,22.74,2.0,SOFT,True,243.0,273.0,286.0,316.0,26.3,30.8,58.0,1004.2,3.1,0.0,93.204,90.659,92.314,0,1,0
2025,4,BAHRAIN GRAND PRIX,HAM,Ferrari,Q1,91.219,9.0,28.966,39.466,22.787,2.0,SOFT,True,243.0,271.0,286.0,322.0,26.3,30.8,58.0,1004.2,3.1,0.0,93.8,91.576,93.111,0,1,0
2025,4,BAHRAIN GRAND PRIX,VER,Red Bull Racing,Q1,91.303,7.0,29.121,39.288,22.894,2.0,SOFT,True,242.0,275.0,287.0,319.0,26.3,30.8,58.0,1004.2,3.1,0.0,,91.33,93.027,0,1,0
2025,4,BAHRAIN GRAND PRIX,PIA,McLaren,Q1,91.392,1.0,29.287,39.3,22.805,2.0,SOFT,True,243.0,272.0,286.0,316.0,26.3,30.8,58.0,1004.2,3.1,0.0,94.508,90.505,91.646,0,1,0
2025,4,BAHRAIN GRAND PRIX,DOO,Alpine,Q1,91.414,11.0,29.239,39.259,22.916,2.0,SOFT,True,244.0,273.0,289.0,315.0,26.3,30.8,58.0,1004.2,3.1,0.0,94.396,91.788,93.347,0,1,0
2025,4,BAHRAIN GRAND PRIX,ANT,Mercedes,Q1,91.415,4.0,29.348,39.426,22.641,2.0,SOFT,True,242.0,273.0,287.0,314.0,26.3,30.8,58.0,1004.2,3.1,0.0,98.051,91.227,92.916,0,1,0
2025,4,BAHRAIN GRAND PRIX,LEC,Ferrari,Q1,91.454,3.0,28.967,39.606,22.881,2.0,SOFT,True,242.0,269.0,287.0,327.0,26.3,30.8,58.0,1004.2,3.1,0.0,,91.045,92.48,0,1,0
2025,4,BAHRAIN GRAND PRIX,GAS,Alpine,Q1,91.462,5.0,29.356,39.267,22.839,2.0,SOFT,True,241.0,272.0,288.0,315.0,26.3,30.8,58.0,1004.2,3.1,0.0,93.442,91.947,92.974,0,1,0
2025,4,BAHRAIN GRAND PRIX,RUS,Mercedes,Q1,91.494,2.0,29.223,39.49,22.781,2.0,SOFT,True,242.0,272.0,287.0,316.0,26.3,30.8,58.0,1004.2,3.1,0.0,,91.032,92.827,0,1,0
2025,4,BAHRAIN GRAND PRIX,HAD,Racing Bulls,Q1,91.591,12.0,29.232,39.508,22.851,2.0,SOFT,True,241.0,276.0,287.0,320.0,26.3,30.8,58.0,1004.2,3.1,0.0,94.667,91.238,93.023,0,1,0
2025,4,BAHRAIN GRAND PRIX,SAI,Williams,Q1,91.591,8.0,29.211,39.521,22.859,2.0,SOFT,True,242.0,269.0,285.0,314.0,26.3,30.8,58.0,1004.2,3.1,0.0,,91.623,93.092,0,1,0
2025,4,BAHRAIN GRAND PRIX,OCO,Haas F1 Team,Q1,91.594,14.0,29.154,39.527,22.913,2.0,SOFT,True,243.0,271.0,289.0,318.0,26.3,30.8,58.0,1004.2,3.1,0.0,94.184,91.87,93.24,0,1,0
2025,4,BAHRAIN GRAND PRIX,ALO,Aston Martin,Q1,91.634,13.0,29.231,39.502,22.901,2.0,SOFT,True,243.0,269.0,287.0,319.0,26.3,30.8,58.0,1004.2,3.1,0.0,,91.825,93.548,0,1,0
2025,4,BAHRAIN GRAND PRIX,TSU,Red Bull Racing,Q1,91.751,10.0,29.264,39.531,22.956,2.0,SOFT,True,241.0,272.0,284.0,313.0,26.3,30.8,58.0,1004.2,3.1,0.0,94.484,92.024,94.965,0,1,0
2025,4,BAHRAIN GRAND PRIX,HUL,Kick Sauber,Q1,91.998,16.0,29.039,40.051,22.908,2.0,SOFT,True,243.0,273.0,290.0,325.0,26.3,30.8,58.0,1004.2,3.1,0.0,94.262,92.496,94.636,0,1,0
2025,4,BAHRAIN GRAND PRIX,ALB,Williams,Q1,92.04,15.0,29.227,39.776,23.037,2.0,SOFT,True,242.0,272.0,287.0,323.0,26.3,30.8,58.0,1004.2,3.1,0.0,93.928,91.696,93.753,0,1,0
2025,4,BAHRAIN GRAND PRIX,LAW,Racing Bulls,Q1,92.165,17.0,29.327,39.88,22.958,2.0,SOFT,True,241.0,275.0,287.0,316.0,26.3,30.8,58.0,1004.2,3.1,0.0,94.397,91.706,93.37,0,1,0
2025,4,BAHRAIN GRAND PRIX,BOR,Kick Sauber,Q1,92.186,18.0,29.577,39.608,23.001,2.0,SOFT,True,242.0,276.0,286.0,318.0,26.3,30.8,58.0,1004.2,3.1,0.0,94.628,91.772,94.518,0,1,0
2025,4,BAHRAIN GRAND PRIX,STR,Aston Martin,Q1,92.283,19.0,29.282,39.858,23.143,2.0,SOFT,True,242.0,270.0,284.0,316.0,26.3,30.8,58.0,1004.2,3.1,0.0,95.116,92.382,94.363,0,1,0
2025,4,BAHRAIN GRAND PRIX,BEA,Haas F1 Team,Q1,92.373,20.0,29.319,40.089,22.965,2.0,SOFT,True,241.0,273.0,286.0,313.0,26.3,30.8,58.0,1004.2,3.1,0.0,,91.584,94.335,0,1,0
2025,4,BAHRAIN GRAND PRIX,PIA,McLaren,Q2,90.454,1.0,28.883,38.853,22.718,2.0,SOFT,True,244.0,272.0,287.0,314.0,26.3,30.8,58.0,1004.2,3.1,0.0,94.508,90.505,91.646,0,2,0
2025,4,BAHRAIN GRAND PRIX,NOR,McLaren,Q2,90.56,6.0,28.923,38.971,22.666,2.0,SOFT,True,242.0,272.0,287.0,313.0,26.3,30.8,58.0,1004.2,3.1,0.0,93.204,90.659,92.314,0,2,0
2025,4,BAHRAIN GRAND PRIX,GAS,Alpine,Q2,90.643,5.0,29.052,38.804,22.787,2.0,SOFT,True,244.0,273.0,285.0,319.0,26.3,30.8,58.0,1004.2,3.1,0.0,93.442,91.947,92.974,0,2,0
2025,4,BAHRAIN GRAND PRIX,RUS,Mercedes,Q2,90.664,2.0,28.974,39.062,22.628,2.0,SOFT,True,243.0,273.0,287.0,317.0,26.3,30.8,58.0,1004.2,3.1,0.0,,91.032,92.827,0,2,0
2025,4,BAHRAIN GRAND PRIX,ANT,Mercedes,Q2,90.716,4.0,28.977,39.107,22.632,2.0,SOFT,True,243.0,273.0,285.0,316.0,26.3,30.8,58.0,1004.2,3.1,0.0,98.051,91.227,92.916,0,2,0
2025,4,BAHRAIN GRAND PRIX,LEC,Ferrari,Q2,90.724,3.0,28.984,39.054,22.686,2.0,SOFT,True,243.0,270.0,288.0,320.0,26.3,30.8,58.0,1004.2,3.1,0.0,,91.045,92.48,0,2,0
2025,4,BAHRAIN GRAND PRIX,SAI,Williams,Q2,90.844,8.0,29.037,38.929,22.878,2.0,SOFT,True,242.0,271.0,286.0,316.0,26.3,30.8,58.0,1004.2,3.1,0.0,,91.623,93.092,0,2,0
2025,4,BAHRAIN GRAND PRIX,HAM,Ferrari,Q2,91.009,9.0,29.044,39.184,22.781,2.0,SOFT,True,243.0,271.0,289.0,317.0,26.3,30.8,58.0,1004.2,3.1,0.0,93.8,91.576,93.111,0,2,0
2025,4,BAHRAIN GRAND PRIX,VER,Red Bull Racing,Q2,91.019,7.0,28.998,39.064,22.957,2.0,SOFT,True,242.0,275.0,288.0,320.0,26.3,30.8,58.0,1004.2,3.1,0.0,,91.33,93.027,0,2,0
2025,4,BAHRAIN GRAND PRIX,TSU,Red Bull Racing,Q2,91.228,10.0,29.067,39.177,22.984,2.0,SOFT,True,241.0,272.0,284.0,315.0,26.3,30.8,58.0,1004.2,3.1,0.0,94.484,92.024,94.965,0,2,0
2025,4,BAHRAIN GRAND PRIX,DOO,Alpine,Q2,91.245,11.0,29.094,39.215,22.936,2.0,SOFT,True,244.0,272.0,285.0,319.0,26.3,30.8,58.0,1004.2,3.1,0.0,94.396,91.788,93.347,0,2,0
2025,4,BAHRAIN GRAND PRIX,HAD,Racing Bulls,Q2,91.271,12.0,29.081,39.267,22.923,2.0,SOFT,True,243.0,275.0,288.0,321.0,26.3,30.8,58.0,1004.2,3.1,0.0,94.667,91.238,93.023,0,2,0
2025,4,BAHRAIN GRAND PRIX,HUL,Kick Sauber,Q2,91.693,16.0,29.274,39.573,22.846,5.0,SOFT,False,243.0,273.0,285.0,318.0,26.3,30.8,58.0,1004.2,3.1,0.0,94.262,92.496,94.636,0,2,0
2025,4,BAHRAIN GRAND PRIX,ALO,Aston Martin,Q2,91.886,13.0,29.261,39.533,23.092,5.0,SOFT,False,243.0,267.0,284.0,318.0,26.3,30.8,58.0,1004.2,3.1,0.0,,91.825,93.548,0,2,0
2025,4,BAHRAIN GRAND PRIX,PIA,McLaren,Q3,89.841,1.0,28.784,38.574,22.483,2.0,SOFT,True,243.0,273.0,286.0,314.0,26.3,30.8,58.0,1004.2,3.1,0.0,94.508,90.505,91.646,0,3,0
2025,4,BAHRAIN GRAND PRIX,RUS,Mercedes,Q3,90.009,2.0,28.771,38.71,22.528,2.0,SOFT,True,243.0,274.0,289.0,318.0,26.3,30.8,58.0,1004.2,3.1,0.0,,91.032,92.827,0,3,0
2025,4,BAHRAIN GRAND PRIX,LEC,Ferrari,Q3,90.175,3.0,28.926,38.714,22.535,2.0,SOFT,True,243.0,271.0,289.0,319.0,26.3,30.8,58.0,1004.2,3.1,0.0,,91.045,92.48,0,3,0
2025,4,BAHRAIN GRAND PRIX,ANT,Mercedes,Q3,90.213,4.0,28.836,38.786,22.591,2.0,SOFT,True,244.0,273.0,288.0,317.0,26.3,30.8,58.0,1004.2,3.1,0.0,98.051,91.227,92.916,0,3,0
2025,4,BAHRAIN GRAND PRIX,GAS,Alpine,Q3,90.216,5.0,28.883,38.694,22.639,2.0,SOFT,True,245.0,273.0,286.0,319.0,26.3,30.8,58.0,1004.2,3.1,0.0,93.442,91.947,92.974,0,3,0
2025,4,BAHRAIN GRAND PRIX,NOR,McLaren,Q3,90.267,6.0,29.007,38.678,22.582,2.0,SOFT,True,242.0,274.0,286.0,315.0,26.3,30.8,58.0,1004.2,3.1,0.0,93.204,90.659,92.314,0,3,0
2025,4,BAHRAIN GRAND PRIX,VER,Red Bull Racing,Q3,90.423,7.0,28.88,38.855,22.688,2.0,SOFT,True,243.0,274.0,288.0,319.0,26.3,30.8,58.0,1004.2,3.1,0.0,,91.33,93.027,0,3,0
2025,4,BAHRAIN GRAND PRIX,SAI,Williams,Q3,90.68,8.0,28.894,39.063,22.723,2.0,SOFT,True,242.0,271.0,284.0,316.0,26.3,30.8,58.0,1004.2,3.1,0.0,,91.623,93.092,0,3,0
2025,4,BAHRAIN GRAND PRIX,HAM,Ferrari,Q3,90.772,9.0,28.955,39.058,22.759,2.0,SOFT,True,243.0,271.0,289.0,319.0,26.3,30.8,58.0,1004.2,3.1,0.0,93.8,91.576,93.111,0,3,0
2025,4,BAHRAIN GRAND PRIX,TSU,Red Bull Racing,Q3,91.303,10.0,29.026,39.377,22.9,2.0,SOFT,True,242.0,272.0,286.0,315.0,26.3,30.8,58.0,1004.2,3.1,0.0,94.484,92.024,94.965,0,3,0
2025,5,SAUDI ARABIAN GRAND PRIX,VER,Red Bull Racing,Q1,87.778,1.0,31.874,27.813,28.091,5.0,SOFT,False,295.0,330.0,310.0,335.0,29.5,37.150000000000006,59.0,1006.3,0.9,0.0,89.818,88.547,88.334,0,1,0
2025,5,SAUDI ARABIAN GRAND PRIX,NOR,McLaren,Q1,87.805,10.0,31.801,27.831,28.173,5.0,SOFT,True,296.0,327.0,309.0,333.0,29.5,37.150000000000006,59.0,1006.3,0.9,0.0,89.246,88.267,87.489,0,1,0
2025,5,SAUDI ARABIAN GRAND PRIX,PIA,McLaren,Q1,87.901,2.0,31.901,27.71,28.29,5.0,SOFT,False,295.0,325.0,308.0,330.0,29.5,37.150000000000006,59.0,1006.3,0.9,0.0,89.341,88.43,87.513,0,1,0
2025,5,SAUDI ARABIAN GRAND PRIX,ANT,Mercedes,Q1,88.128,5.0,32.232,27.743,28.153,2.0,SOFT,True,295.0,327.0,310.0,332.0,29.5,37.150000000000006,59.0,1006.3,0.9,0.0,89.934,89.242,88.679,0,1,0
2025,5,SAUDI ARABIAN GRAND PRIX,TSU,Red Bull Racing,Q1,88.226,8.0,32.028,27.891,28.307,2.0,SOFT,True,294.0,326.0,312.0,335.0,29.5,37.150000000000006,59.0,1006.3,0.9,0.0,89.821,88.963,88.67,0,1,0
2025,5,SAUDI ARABIAN GRAND PRIX,ALB,Williams,Q1,88.279,11.0,31.964,28.006,28.309,2.0,SOFT,True,297.0,324.0,306.0,332.0,29.5,37.150000000000006,59.0,1006.3,0.9,0.0,89.606,89.22,88.389,0,1,0
2025,5,SAUDI ARABIAN GRAND PRIX,RUS,Mercedes,Q1,88.282,3.0,32.295,27.724,28.263,2.0,SOFT,True,294.0,328.0,306.0,333.0,29.5,37.150000000000006,59.0,1006.3,0.9,0.0,89.618,88.973,88.116,0,1,0
2025,5,SAUDI ARABIAN GRAND PRIX,SAI,Williams,Q1,88.354,6.0,32.096,27.952,28.306,2.0,SOFT,True,297.0,325.0,309.0,332.0,29.5,37.150000000000006,59.0,1006.3,0.9,0.0,89.779,88.942,88.57,0,1,0
2025,5,SAUDI ARABIAN GRAND PRIX,HAM,Ferrari,Q1,88.372,7.0,32.236,27.889,28.247,2.0,SOFT,True,295.0,328.0,309.0,333.0,29.5,37.150000000000006,59.0,1006.3,0.9,0.0,89.815,89.371,88.78,0,1,0
2025,5,SAUDI ARABIAN GRAND PRIX,GAS,Alpine,Q1,88.421,9.0,32.136,28.027,28.258,2.0,SOFT,True,294.0,327.0,311.0,334.0,29.5,37.150000000000006,59.0,1006.3,0.9,0.0,89.239,89.106,88.625,0,1,0
2025,5,SAUDI ARABIAN GRAND PRIX,BEA,Haas F1 Team,Q1,88.536,15.0,32.497,27.817,28.222,2.0,SOFT,True,292.0,327.0,309.0,333.0,29.5,37.150000000000006,59.0,1006.3,0.9,0.0,90.595,89.754,88.989,0,1,0
2025,5,SAUDI ARABIAN GRAND PRIX,ALO,Aston Martin,Q1,88.548,13.0,32.093,27.928,28.527,2.0,SOFT,True,295.0,323.0,303.0,332.0,29.5,37.150000000000006,59.0,1006.3,0.9,0.0,89.976,89.662,88.888,0,1,0
2025,5,SAUDI ARABIAN GRAND PRIX,LEC,Ferrari,Q1,88.552,4.0,32.353,27.978,28.221,2.0,SOFT,True,296.0,330.0,307.0,334.0,29.5,37.150000000000006,59.0,1006.3,0.9,0.0,89.309,88.749,88.372,0,1,0
2025,5,SAUDI ARABIAN GRAND PRIX,LAW,Racing Bulls,Q1,88.561,12.0,32.295,28.003,28.263,2.0,SOFT,True,295.0,325.0,310.0,330.0,29.5,37.150000000000006,59.0,1006.3,0.9,0.0,89.907,89.488,88.861,0,1,0
2025,5,SAUDI ARABIAN GRAND PRIX,HAD,Racing Bulls,Q1,88.571,14.0,32.225,27.994,28.352,2.0,SOFT,True,296.0,325.0,311.0,329.0,29.5,37.150000000000006,59.0,1006.3,0.9,0.0,90.011,89.306,88.769,0,1,0
2025,5,SAUDI ARABIAN GRAND PRIX,STR,Aston Martin,Q1,88.645,16.0,32.072,28.054,28.519,2.0,SOFT,True,293.0,324.0,305.0,334.0,29.5,37.150000000000006,59.0,1006.3,0.9,0.0,90.583,90.007,89.478,0,1,0
2025,5,SAUDI ARABIAN GRAND PRIX,DOO,Alpine,Q1,88.739,17.0,32.223,28.123,28.393,2.0,SOFT,True,297.0,325.0,310.0,336.0,29.5,37.150000000000006,59.0,1006.3,0.9,0.0,90.183,89.912,88.898,0,1,0
2025,5,SAUDI ARABIAN GRAND PRIX,HUL,Kick Sauber,Q1,88.782,18.0,32.477,27.982,28.323,5.0,SOFT,False,298.0,334.0,313.0,338.0,29.5,37.150000000000006,59.0,1006.3,0.9,0.0,89.916,89.193,89.22,0,1,0
2025,5,SAUDI ARABIAN GRAND PRIX,OCO,Haas F1 Team,Q1,89.092,19.0,32.718,28.042,28.332,2.0,SOFT,True,293.0,325.0,308.0,331.0,29.5,37.150000000000006,59.0,1006.3,0.9,0.0,91.029,90.019,89.336,0,1,0
2025,5,SAUDI ARABIAN GRAND PRIX,BOR,Kick Sauber,Q1,89.462,20.0,32.653,28.264,28.545,2.0,SOFT,True,295.0,330.0,311.0,336.0,29.5,37.150000000000006,59.0,1006.3,0.9,0.0,91.038,,89.41,0,1,0
2025,5,SAUDI ARABIAN GRAND PRIX,NOR,McLaren,Q2,87.481,10.0,31.745,27.684,28.052,2.0,SOFT,True,295.0,326.0,309.0,334.0,29.5,37.150000000000006,59.0,1006.3,0.9,0.0,89.246,88.267,87.489,0,2,0
2025,5,SAUDI ARABIAN GRAND PRIX,VER,Red Bull Racing,Q2,87.529,1.0,31.71,27.726,28.093,2.0,SOFT,True,296.0,330.0,311.0,336.0,29.5,37.150000000000006,59.0,1006.3,0.9,0.0,89.818,88.547,88.334,0,2,0
2025,5,SAUDI ARABIAN GRAND PRIX,PIA,McLaren,Q2,87.545,2.0,31.801,27.713,28.031,5.0,SOFT,False,297.0,325.0,309.0,332.0,29.5,37.150000000000006,59.0,1006.3,0.9,0.0,89.341,88.43,87.513,0,2,0
2025,5,SAUDI ARABIAN GRAND PRIX,RUS,Mercedes,Q2,87.599,3.0,31.737,27.761,28.101,2.0,SOFT,True,296.0,329.0,309.0,333.0,29.5,37.150000000000006,59.0,1006.3,0.9,0.0,89.618,88.973,88.116,0,2,0
2025,5,SAUDI ARABIAN GRAND PRIX,ANT,Mercedes,Q2,87.798,5.0,31.92,27.784,28.094,2.0,SOFT,True,295.0,328.0,310.0,333.0,29.5,37.150000000000006,59.0,1006.3,0.9,0.0,89.934,89.242,88.679,0,2,0
2025,5,SAUDI ARABIAN GRAND PRIX,LEC,Ferrari,Q2,87.866,4.0,32.019,27.753,28.094,2.0,SOFT,True,298.0,328.0,311.0,334.0,29.5,37.150000000000006,59.0,1006.3,0.9,0.0,89.309,88.749,88.372,0,2,0
2025,5,SAUDI ARABIAN GRAND PRIX,TSU,Red Bull Racing,Q2,87.99,8.0,31.919,27.841,28.23,2.0,SOFT,True,297.0,331.0,312.0,336.0,29.5,37.150000000000006,59.0,1006.3,0.9,0.0,89.821,88.963,88.67,0,2,0
2025,5,SAUDI ARABIAN GRAND PRIX,SAI,Williams,Q2,88.024,6.0,32.062,27.822,28.14,2.0,SOFT,True,296.0,326.0,311.0,335.0,29.5,37.150000000000006,59.0,1006.3,0.9,0.0,89.779,88.942,88.57,0,2,0
2025,5,SAUDI ARABIAN GRAND PRIX,GAS,Alpine,Q2,88.025,9.0,32.136,27.816,28.073,2.0,SOFT,True,295.0,329.0,312.0,336.0,29.5,37.150000000000006,59.0,1006.3,0.9,0.0,89.239,89.106,88.625,0,2,0
2025,5,SAUDI ARABIAN GRAND PRIX,HAM,Ferrari,Q2,88.102,7.0,31.972,27.922,28.208,2.0,SOFT,True,297.0,329.0,310.0,335.0,29.5,37.150000000000006,59.0,1006.3,0.9,0.0,89.815,89.371,88.78,0,2,0
2025,5,SAUDI ARABIAN GRAND PRIX,ALB,Williams,Q2,88.109,11.0,31.901,27.806,28.402,2.0,SOFT,True,297.0,321.0,309.0,329.0,29.5,37.150000000000006,59.0,1006.3,0.9,0.0,89.606,89.22,88.389,0,2,0
2025,5,SAUDI ARABIAN GRAND PRIX,LAW,Racing Bulls,Q2,88.191,12.0,32.087,27.89,28.214,2.0,SOFT,True,296.0,325.0,303.0,331.0,29.5,37.150000000000006,59.0,1006.3,0.9,0.0,89.907,89.488,88.861,0,2,0
2025,5,SAUDI ARABIAN GRAND PRIX,ALO,Aston Martin,Q2,88.303,13.0,32.021,27.852,28.43,4.0,SOFT,False,295.0,321.0,305.0,330.0,29.5,37.150000000000006,59.0,1006.3,0.9,0.0,89.976,89.662,88.888,0,2,0
2025,5,SAUDI ARABIAN GRAND PRIX,HAD,Racing Bulls,Q2,88.418,14.0,32.209,27.887,28.322,2.0,SOFT,True,296.0,324.0,311.0,329.0,29.5,37.150000000000006,59.0,1006.3,0.9,0.0,90.011,89.306,88.769,0,2,0
2025,5,SAUDI ARABIAN GRAND PRIX,BEA,Haas F1 Team,Q2,88.648,15.0,32.489,27.871,28.288,5.0,SOFT,False,292.0,326.0,308.0,331.0,29.5,37.150000000000006,59.0,1006.3,0.9,0.0,90.595,89.754,88.989,0,2,0
2025,5,SAUDI ARABIAN GRAND PRIX,VER,Red Bull Racing,Q3,87.294,1.0,31.507,27.756,28.031,2.0,SOFT,True,296.0,329.0,309.0,332.0,29.5,37.150000000000006,59.0,1006.3,0.9,0.0,89.818,88.547,88.334,0,3,0
2025,5,SAUDI ARABIAN GRAND PRIX,PIA,McLaren,Q3,87.304,2.0,31.63,27.685,27.989,2.0,SOFT,True,295.0,324.0,309.0,329.0,29.5,37.150000000000006,59.0,1006.3,0.9,0.0,89.341,88.43,87.513,0,3,0
2025,5,SAUDI ARABIAN GRAND PRIX,RUS,Mercedes,Q3,87.407,3.0,31.684,27.577,28.146,2.0,SOFT,True,295.0,327.0,309.0,330.0,29.5,37.150000000000006,59.0,1006.3,0.9,0.0,89.618,88.973,88.116,0,3,0
2025,5,SAUDI ARABIAN GRAND PRIX,LEC,Ferrari,Q3,87.67,4.0,31.857,27.796,28.017,2.0,SOFT,True,295.0,328.0,311.0,332.0,29.5,37.150000000000006,59.0,1006.3,0.9,0.0,89.309,88.749,88.372,0,3,0
2025,5,SAUDI ARABIAN GRAND PRIX,ANT,Mercedes,Q3,87.866,5.0,32.164,27.682,28.02,2.0,SOFT,True,294.0,326.0,309.0,331.0,29.5,37.150000000000006,59.0,1006.3,0.9,0.0,89.934,89.242,88.679,0,3,0
2025,5,SAUDI ARABIAN GRAND PRIX,SAI,Williams,Q3,88.164,6.0,32.084,27.922,28.158,2.0,SOFT,True,295.0,324.0,309.0,332.0,29.5,37.150000000000006,59.0,1006.3,0.9,0.0,89.779,88.942,88.57,0,3,0
2025,5,SAUDI ARABIAN GRAND PRIX,HAM,Ferrari,Q3,88.201,7.0,32.137,27.833,28.231,2.0,SOFT,True,297.0,329.0,309.0,332.0,29.5,37.150000000000006,59.0,1006.3,0.9,0.0,89.815,89.371,88.78,0,3,0
2025,5,SAUDI ARABIAN GRAND PRIX,TSU,Red Bull Racing,Q3,88.204,8.0,32.139,27.862,28.203,2.0,SOFT,True,295.0,332.0,311.0,333.0,29.5,37.150000000000006,59.0,1006.3,0.9,0.0,89.821,88.963,88.67,0,3,0
2025,5,SAUDI ARABIAN GRAND PRIX,GAS,Alpine,Q3,88.367,9.0,32.151,27.918,28.298,2.0,SOFT,True,295.0,329.0,310.0,334.0,29.5,37.150000000000006,59.0,1006.3,0.9,0.0,89.239,89.106,88.625,0,3,0
2025,6,MIAMI GRAND PRIX,VER,Red Bull Racing,Q1,86.87,1.0,28.413,33.45,25.007,2.0,SOFT,True,223.0,191.0,286.0,339.0,27.8,39.7,63.5,1013.5,2.7,0.0,87.558,,86.737,1,1,0
2025,6,MIAMI GRAND PRIX,NOR,McLaren,Q1,86.955,2.0,28.8,33.377,24.778,5.0,SOFT,True,221.0,192.0,287.0,336.0,27.8,39.7,63.5,1013.5,2.7,0.0,88.391,,86.582,1,1,0
2025,6,MIAMI GRAND PRIX,PIA,McLaren,Q1,87.006,4.0,28.671,33.468,24.867,2.0,SOFT,True,219.0,192.0,287.0,335.0,27.8,39.7,63.5,1013.5,2.7,0.0,87.128,,86.527,1,1,0
2025,6,MIAMI GRAND PRIX,RUS,Mercedes,Q1,87.014,5.0,28.674,33.483,24.857,2.0,SOFT,True,222.0,192.0,288.0,338.0,27.8,39.7,63.5,1013.5,2.7,0.0,88.058,,86.791,1,1,0
2025,6,MIAMI GRAND PRIX,ALB,Williams,Q1,87.042,7.0,28.99,33.24,24.812,5.0,SOFT,False,223.0,192.0,286.0,337.0,27.8,39.7,63.5,1013.5,2.7,0.0,87.955,,87.193,1,1,0
2025,6,MIAMI GRAND PRIX,ANT,Mercedes,Q1,87.077,3.0,28.627,33.551,24.899,2.0,SOFT,True,221.0,192.0,287.0,339.0,27.8,39.7,63.5,1013.5,2.7,0.0,88.227,,86.482,1,1,0
2025,6,MIAMI GRAND PRIX,SAI,Williams,Q1,87.098,6.0,28.887,33.383,24.828,2.0,SOFT,True,224.0,193.0,288.0,341.0,27.8,39.7,63.5,1013.5,2.7,0.0,87.678,,87.899,1,1,0
2025,6,MIAMI GRAND PRIX,HAM,Ferrari,Q1,87.279,12.0,28.734,33.597,24.948,2.0,SOFT,True,223.0,194.0,286.0,338.0,27.8,39.7,63.5,1013.5,2.7,0.0,88.556,,87.03,1,1,0
2025,6,MIAMI GRAND PRIX,TSU,Red Bull Racing,Q1,87.298,10.0,28.796,33.451,25.051,2.0,SOFT,True,221.0,190.0,285.0,339.0,27.8,39.7,63.5,1013.5,2.7,0.0,88.155,,89.246,1,1,0
2025,6,MIAMI GRAND PRIX,HAD,Racing Bulls,Q1,87.301,11.0,28.759,33.531,25.011,2.0,SOFT,True,222.0,191.0,287.0,337.0,27.8,39.7,63.5,1013.5,2.7,0.0,87.968,,87.543,1,1,0
2025,6,MIAMI GRAND PRIX,BOR,Kick Sauber,Q1,87.343,13.0,28.887,33.537,24.919,2.0,SOFT,True,219.0,193.0,282.0,338.0,27.8,39.7,63.5,1013.5,2.7,0.0,88.771,,89.312,1,1,0
2025,6,MIAMI GRAND PRIX,LEC,Ferrari,Q1,87.417,8.0,28.861,33.559,24.997,5.0,SOFT,True,221.0,192.0,286.0,336.0,27.8,39.7,63.5,1013.5,2.7,0.0,87.484,,86.808,1,1,0
2025,6,MIAMI GRAND PRIX,DOO,Alpine,Q1,87.422,14.0,28.744,33.66,25.018,2.0,SOFT,True,222.0,191.0,287.0,336.0,27.8,39.7,63.5,1013.5,2.7,0.0,89.357,,89.171,1,1,0
2025,6,MIAMI GRAND PRIX,LAW,Racing Bulls,Q1,87.444,15.0,28.748,33.647,25.049,2.0,SOFT,True,224.0,192.0,280.0,338.0,27.8,39.7,63.5,1013.5,2.7,0.0,88.374,,88.375,1,1,0
2025,6,MIAMI GRAND PRIX,OCO,Haas F1 Team,Q1,87.45,9.0,28.945,33.573,24.932,2.0,SOFT,True,223.0,194.0,286.0,338.0,27.8,39.7,63.5,1013.5,2.7,0.0,89.179,,88.07,1,1,0
2025,6,MIAMI GRAND PRIX,HUL,Kick Sauber,Q1,87.473,16.0,28.781,33.747,24.945,2.0,SOFT,True,224.0,192.0,288.0,337.0,27.8,39.7,63.5,1013.5,2.7,0.0,88.573,,87.85,1,1,0
2025,6,MIAMI GRAND PRIX,ALO,Aston Martin,Q1,87.604,17.0,28.851,33.868,24.885,2.0,SOFT,True,219.0,192.0,286.0,337.0,27.8,39.7,63.5,1013.5,2.7,0.0,88.243,,87.766,1,1,0
2025,6,MIAMI GRAND PRIX,GAS,Alpine,Q1,87.71,18.0,28.962,33.714,25.034,2.0,SOFT,True,221.0,191.0,288.0,337.0,27.8,39.7,63.5,1013.5,2.7,0.0,89.084,,88.167,1,1,0
2025,6,MIAMI GRAND PRIX,STR,Aston Martin,Q1,87.83,19.0,29.106,33.837,24.887,3.0,SOFT,False,216.0,191.0,288.0,337.0,27.8,39.7,63.5,1013.5,2.7,0.0,89.362,,89.028,1,1,0
2025,6,MIAMI GRAND PRIX,BEA,Haas F1 Team,Q1,87.999,20.0,29.116,33.765,25.118,2.0,SOFT,True,219.0,192.0,286.0,335.0,27.8,39.7,63.5,1013.5,2.7,0.0,88.996,,89.825,1,1,0
2025,6,MIAMI GRAND PRIX,PIA,McLaren,Q2,86.269,4.0,28.413,33.032,24.824,2.0,SOFT,True,226.0,192.0,286.0,333.0,27.8,39.7,63.5,1013.5,2.7,0.0,87.128,,86.527,1,2,0
2025,6,MIAMI GRAND PRIX,NOR,McLaren,Q2,86.499,2.0,28.731,32.985,24.783,2.0,SOFT,True,221.0,194.0,285.0,334.0,27.8,39.7,63.5,1013.5,2.7,0.0,88.391,,86.582,1,2,0
2025,6,MIAMI GRAND PRIX,RUS,Mercedes,Q2,86.575,5.0,28.51,33.278,24.787,2.0,SOFT,True,224.0,193.0,285.0,338.0,27.8,39.7,63.5,1013.5,2.7,0.0,88.058,,86.791,1,2,0
2025,6,MIAMI GRAND PRIX,ANT,Mercedes,Q2,86.606,3.0,28.552,33.218,24.836,2.0,SOFT,True,222.0,191.0,285.0,338.0,27.8,39.7,63.5,1013.5,2.7,0.0,88.227,,86.482,1,2,0
2025,6,MIAMI GRAND PRIX,VER,Red Bull Racing,Q2,86.643,1.0,28.345,33.309,24.989,2.0,SOFT,True,223.0,191.0,286.0,337.0,27.8,39.7,63.5,1013.5,2.7,0.0,87.558,,86.737,1,2,0
2025,6,MIAMI GRAND PRIX,SAI,Williams,Q2,86.847,6.0,28.803,33.277,24.767,2.0,SOFT,True,223.0,192.0,286.0,338.0,27.8,39.7,63.5,1013.5,2.7,0.0,87.678,,87.899,1,2,0
2025,6,MIAMI GRAND PRIX,ALB,Williams,Q2,86.855,7.0,28.779,33.225,24.851,2.0,SOFT,True,224.0,192.0,284.0,334.0,27.8,39.7,63.5,1013.5,2.7,0.0,87.955,,87.193,1,2,0
2025,6,MIAMI GRAND PRIX,LEC,Ferrari,Q2,86.948,8.0,28.919,33.303,24.726,2.0,SOFT,True,224.0,192.0,287.0,343.0,27.8,39.7,63.5,1013.5,2.7,0.0,87.484,,86.808,1,2,0
2025,6,MIAMI GRAND PRIX,TSU,Red Bull Racing,Q2,86.959,10.0,28.603,33.318,25.038,2.0,SOFT,True,221.0,191.0,282.0,338.0,27.8,39.7,63.5,1013.5,2.7,0.0,88.155,,89.246,1,2,0
2025,6,MIAMI GRAND PRIX,OCO,Haas F1 Team,Q2,86.967,9.0,28.973,33.136,24.858,2.0,SOFT,True,224.0,193.0,285.0,337.0,27.8,39.7,63.5,1013.5,2.7,0.0,89.179,,88.07,1,2,0
2025,6,MIAMI GRAND PRIX,HAD,Racing Bulls,Q2,86.987,11.0,28.705,33.422,24.86,2.0,SOFT,True,221.0,192.0,284.0,338.0,27.8,39.7,63.5,1013.5,2.7,0.0,87.968,,87.543,1,2,0
2025,6,MIAMI GRAND PRIX,HAM,Ferrari,Q2,87.006,12.0,28.759,33.302,24.945,5.0,SOFT,False,223.0,192.0,287.0,339.0,27.8,39.7,63.5,1013.5,2.7,0.0,88.556,,87.03,1,2,0
2025,6,MIAMI GRAND PRIX,BOR,Kick Sauber,Q2,87.151,13.0,28.808,33.309,25.034,2.0,SOFT,True,225.0,192.0,286.0,339.0,27.8,39.7,63.5,1013.5,2.7,0.0,88.771,,89.312,1,2,0
2025,6,MIAMI GRAND PRIX,DOO,Alpine,Q2,87.186,14.0,28.643,33.52,25.023,2.0,SOFT,True,219.0,190.0,285.0,337.0,27.8,39.7,63.5,1013.5,2.7,0.0,89.357,,89.171,1,2,0
2025,6,MIAMI GRAND PRIX,LAW,Racing Bulls,Q2,87.363,15.0,28.855,33.557,24.951,2.0,SOFT,True,221.0,191.0,284.0,336.0,27.8,39.7,63.5,1013.5,2.7,0.0,88.374,,88.375,1,2,0
2025,6,MIAMI GRAND PRIX,VER,Red Bull Racing,Q3,86.204,1.0,28.246,33.079,24.879,2.0,SOFT,True,223.0,192.0,282.0,339.0,27.8,39.7,63.5,1013.5,2.7,0.0,87.558,,86.737,1,3,0
2025,6,MIAMI GRAND PRIX,NOR,McLaren,Q3,86.269,2.0,28.433,32.901,24.935,2.0,SOFT,True,221.0,194.0,286.0,332.0,27.8,39.7,63.5,1013.5,2.7,0.0,88.391,,86.582,1,3,0
2025,6,MIAMI GRAND PRIX,ANT,Mercedes,Q3,86.271,3.0,28.484,32.983,24.804,2.0,SOFT,True,222.0,192.0,287.0,340.0,27.8,39.7,63.5,1013.5,2.7,0.0,88.227,,86.482,1,3,0
2025,6,MIAMI GRAND PRIX,PIA,McLaren,Q3,86.375,4.0,28.558,33.089,24.728,2.0,SOFT,True,218.0,193.0,286.0,335.0,27.8,39.7,63.5,1013.5,2.7,0.0,87.128,,86.527,1,3,0
2025,6,MIAMI GRAND PRIX,RUS,Mercedes,Q3,86.385,5.0,28.622,33.007,24.756,2.0,SOFT,True,225.0,193.0,286.0,337.0,27.8,39.7,63.5,1013.5,2.7,0.0,88.058,,86.791,1,3,0
2025,6,MIAMI GRAND PRIX,SAI,Williams,Q3,86.569,6.0,28.707,33.113,24.749,2.0,SOFT,True,223.0,192.0,286.0,337.0,27.8,39.7,63.5,1013.5,2.7,0.0,87.678,,87.899,1,3,0
2025,6,MIAMI GRAND PRIX,ALB,Williams,Q3,86.682,7.0,28.633,33.261,24.788,2.0,SOFT,True,222.0,193.0,287.0,337.0,27.8,39.7,63.5,1013.5,2.7,0.0,87.955,,87.193,1,3,0
2025,6,MIAMI GRAND PRIX,LEC,Ferrari,Q3,86.754,8.0,28.668,33.283,24.803,5.0,SOFT,False,222.0,193.0,287.0,338.0,27.8,39.7,63.5,1013.5,2.7,0.0,87.484,,86.808,1,3,0
2025,6,MIAMI GRAND PRIX,OCO,Haas F1 Team,Q3,86.824,9.0,28.69,33.26,24.874,2.0,SOFT,True,225.0,194.0,286.0,335.0,27.8,39.7,63.5,1013.5,2.7,0.0,89.179,,88.07,1,3,0
2025,6,MIAMI GRAND PRIX,TSU,Red Bull Racing,Q3,86.943,10.0,28.551,33.41,24.982,2.0,SOFT,True,222.0,191.0,281.0,339.0,27.8,39.7,63.5,1013.5,2.7,0.0,88.155,,89.246,1,3,0
2025,7,GRAN PREMIO DEL MADE IN ITALY E DELL'EMILIA-ROMAGNA,VER,Red Bull Racing,Q1,75.175,2.0,23.649,26.191,25.335,4.0,SOFT,False,231.0,263.0,283.0,298.0,22.9,39.5,30.0,1008.6,2.0,0.0,76.905,75.735,75.078,0,1,0
2025,7,GRAN PREMIO DEL MADE IN ITALY E DELL'EMILIA-ROMAGNA,PIA,McLaren,Q1,75.5,1.0,23.868,26.238,25.394,3.0,SOFT,False,230.0,263.0,283.0,296.0,22.9,39.5,30.0,1008.6,2.0,0.0,76.545,75.293,74.997,0,1,0
2025,7,GRAN PREMIO DEL MADE IN ITALY E DELL'EMILIA-ROMAGNA,ALO,Aston Martin,Q1,75.695,5.0,24.003,26.176,25.516,2.0,SOFT,True,229.0,263.0,281.0,298.0,22.9,39.5,30.0,1008.6,2.0,0.0,77.121,76.22,75.819,0,1,0
2025,7,GRAN PREMIO DEL MADE IN ITALY E DELL'EMILIA-ROMAGNA,STR,Aston Martin,Q1,75.817,8.0,24.096,26.204,25.517,2.0,MEDIUM,True,229.0,263.0,280.0,299.0,22.9,39.5,30.0,1008.6,2.0,0.0,77.032,76.341,75.975,0,1,0
2025,7,GRAN PREMIO DEL MADE IN ITALY E DELL'EMILIA-ROMAGNA,RUS,Mercedes,Q1,75.852,3.0,23.87,26.356,25.626,2.0,SOFT,True,234.0,263.0,284.0,298.0,22.9,39.5,30.0,1008.6,2.0,0.0,76.599,75.693,75.662,0,1,0
2025,7,GRAN PREMIO DEL MADE IN ITALY E DELL'EMILIA-ROMAGNA,NOR,McLaren,Q1,75.894,4.0,24.053,26.204,25.637,6.0,SOFT,False,233.0,264.0,281.0,299.0,22.9,39.5,30.0,1008.6,2.0,0.0,76.577,75.318,74.897,0,1,0
2025,7,GRAN PREMIO DEL MADE IN ITALY E DELL'EMILIA-ROMAGNA,GAS,Alpine,Q1,75.937,10.0,24.091,26.334,25.512,2.0,SOFT,True,229.0,262.0,285.0,301.0,22.9,39.5,30.0,1008.6,2.0,0.0,76.696,75.569,75.99,0,1,0
2025,7,GRAN PREMIO DEL MADE IN ITALY E DELL'EMILIA-ROMAGNA,ANT,Mercedes,Q1,75.943,13.0,24.165,26.184,25.594,3.0,SOFT,False,225.0,262.0,281.0,296.0,22.9,39.5,30.0,1008.6,2.0,0.0,77.094,76.406,75.399,0,1,0
2025,7,GRAN PREMIO DEL MADE IN ITALY E DELL'EMILIA-ROMAGNA,SAI,Williams,Q1,75.987,6.0,23.89,26.334,25.763,5.0,SOFT,False,232.0,262.0,280.0,296.0,22.9,39.5,30.0,1008.6,2.0,0.0,76.597,75.934,75.457,0,1,0
2025,7,GRAN PREMIO DEL MADE IN ITALY E DELL'EMILIA-ROMAGNA,BEA,Haas F1 Team,Q1,76.077,19.0,24.154,26.262,25.661,2.0,SOFT,True,230.0,264.0,282.0,301.0,22.9,39.5,30.0,1008.6,2.0,0.0,77.446,76.009,75.944,0,1,0
2025,7,GRAN PREMIO DEL MADE IN ITALY E DELL'EMILIA-ROMAGNA,LEC,Ferrari,Q1,76.108,11.0,24.17,26.488,25.45,5.0,SOFT,False,226.0,263.0,284.0,299.0,22.9,39.5,30.0,1008.6,2.0,0.0,77.077,75.768,75.451,0,1,0
2025,7,GRAN PREMIO DEL MADE IN ITALY E DELL'EMILIA-ROMAGNA,ALB,Williams,Q1,76.123,7.0,23.899,26.488,25.736,5.0,SOFT,False,233.0,262.0,281.0,297.0,22.9,39.5,30.0,1008.6,2.0,0.0,76.922,75.916,75.732,0,1,0
2025,7,GRAN PREMIO DEL MADE IN ITALY E DELL'EMILIA-ROMAGNA,HAM,Ferrari,Q1,76.163,12.0,24.039,26.595,25.529,5.0,SOFT,False,229.0,261.0,283.0,300.0,22.9,39.5,30.0,1008.6,2.0,0.0,76.641,75.943,75.787,0,1,0
2025,7,GRAN PREMIO DEL MADE IN ITALY E DELL'EMILIA-ROMAGNA,HAD,Racing Bulls,Q1,76.253,9.0,24.145,26.341,25.767,3.0,SOFT,False,230.0,263.0,281.0,300.0,22.9,39.5,30.0,1008.6,2.0,0.0,77.641,75.792,75.508,0,1,0
2025,7,GRAN PREMIO DEL MADE IN ITALY E DELL'EMILIA-ROMAGNA,COL,Alpine,Q1,76.256,15.0,24.16,26.391,25.705,2.0,SOFT,True,230.0,263.0,281.0,303.0,22.9,39.5,30.0,1008.6,2.0,0.0,77.373,76.044,76.21,0,1,0
2025,7,GRAN PREMIO DEL MADE IN ITALY E DELL'EMILIA-ROMAGNA,BOR,Kick Sauber,Q1,76.34,14.0,24.002,26.483,25.855,2.0,SOFT,True,234.0,262.0,276.0,299.0,22.9,39.5,30.0,1008.6,2.0,0.0,76.925,76.339,76.046,0,1,0
2025,7,GRAN PREMIO DEL MADE IN ITALY E DELL'EMILIA-ROMAGNA,LAW,Racing Bulls,Q1,76.379,16.0,24.297,26.369,25.713,3.0,SOFT,False,227.0,261.0,280.0,298.0,22.9,39.5,30.0,1008.6,2.0,0.0,77.286,76.255,75.977,0,1,0
2025,7,GRAN PREMIO DEL MADE IN ITALY E DELL'EMILIA-ROMAGNA,HUL,Kick Sauber,Q1,76.518,17.0,24.186,26.589,25.743,2.0,SOFT,True,230.0,259.0,281.0,299.0,22.9,39.5,30.0,1008.6,2.0,0.0,76.998,76.419,76.238,0,1,0
2025,7,GRAN PREMIO DEL MADE IN ITALY E DELL'EMILIA-ROMAGNA,OCO,Haas F1 Team,Q1,76.613,18.0,24.341,26.54,25.732,2.0,SOFT,True,227.0,261.0,284.0,300.0,22.9,39.5,30.0,1008.6,2.0,0.0,77.662,76.42,76.387,0,1,0
2025,7,GRAN PREMIO DEL MADE IN ITALY E DELL'EMILIA-ROMAGNA,SAI,Williams,Q2,75.198,6.0,23.663,26.15,25.385,2.0,SOFT,True,233.0,263.0,282.0,299.0,22.9,39.5,30.0,1008.6,2.0,0.0,76.597,75.934,75.457,0,2,0
2025,7,GRAN PREMIO DEL MADE IN ITALY E DELL'EMILIA-ROMAGNA,PIA,McLaren,Q2,75.214,1.0,23.888,26.089,25.237,5.0,SOFT,False,234.0,265.0,283.0,298.0,22.9,39.5,30.0,1008.6,2.0,0.0,76.545,75.293,74.997,0,2,0
2025,7,GRAN PREMIO DEL MADE IN ITALY E DELL'EMILIA-ROMAGNA,NOR,McLaren,Q2,75.261,4.0,24.004,25.901,25.356,2.0,SOFT,True,231.0,263.0,281.0,297.0,22.9,39.5,30.0,1008.6,2.0,0.0,76.577,75.318,74.897,0,2,0
2025,7,GRAN PREMIO DEL MADE IN ITALY E DELL'EMILIA-ROMAGNA,RUS,Mercedes,Q2,75.334,3.0,23.847,26.071,25.416,2.0,SOFT,True,235.0,263.0,283.0,301.0,22.9,39.5,30.0,1008.6,2.0,0.0,76.599,75.693,75.662,0,2,0
2025,7,GRAN PREMIO DEL MADE IN ITALY E DELL'EMILIA-ROMAGNA,VER,Red Bull Racing,Q2,75.394,2.0,23.813,26.132,25.449,5.0,SOFT,False,231.0,262.0,282.0,299.0,22.9,39.5,30.0,1008.6,2.0,0.0,76.905,75.735,75.078,0,2,0
2025,7,GRAN PREMIO DEL MADE IN ITALY E DELL'EMILIA-ROMAGNA,ALO,Aston Martin,Q2,75.442,5.0,23.948,26.003,25.491,2.0,MEDIUM,True,232.0,266.0,281.0,298.0,22.9,39.5,30.0,1008.6,2.0,0.0,77.121,76.22,75.819,0,2,0
2025,7,GRAN PREMIO DEL MADE IN ITALY E DELL'EMILIA-ROMAGNA,STR,Aston Martin,Q2,75.497,8.0,23.814,26.153,25.53,2.0,MEDIUM,True,233.0,264.0,281.0,297.0,22.9,39.5,30.0,1008.6,2.0,0.0,77.032,76.341,75.975,0,2,0
2025,7,GRAN PREMIO DEL MADE IN ITALY E DELL'EMILIA-ROMAGNA,GAS,Alpine,Q2,75.505,10.0,23.957,26.233,25.315,2.0,SOFT,True,231.0,263.0,283.0,302.0,22.9,39.5,30.0,1008.6,2.0,0.0,76.696,75.569,75.99,0,2,0
2025,7,GRAN PREMIO DEL MADE IN ITALY E DELL'EMILIA-ROMAGNA,HAD,Racing Bulls,Q2,75.51,9.0,24.05,26.055,25.405,2.0,SOFT,True,232.0,263.0,283.0,300.0,22.9,39.5,30.0,1008.6,2.0,0.0,77.641,75.792,75.508,0,2,0
2025,7,GRAN PREMIO DEL MADE IN ITALY E DELL'EMILIA-ROMAGNA,ALB,Williams,Q2,75.521,7.0,23.769,26.249,25.503,2.0,SOFT,True,231.0,264.0,280.0,298.0,22.9,39.5,30.0,1008.6,2.0,0.0,76.922,75.916,75.732,0,2,0
2025,7,GRAN PREMIO DEL MADE IN ITALY E DELL'EMILIA-ROMAGNA,LEC,Ferrari,Q2,75.604,11.0,24.007,26.208,25.389,4.0,SOFT,False,230.0,264.0,282.0,302.0,22.9,39.5,30.0,1008.6,2.0,0.0,77.077,75.768,75.451,0,2,0
2025,7,GRAN PREMIO DEL MADE IN ITALY E DELL'EMILIA-ROMAGNA,HAM,Ferrari,Q2,75.765,12.0,24.132,26.188,25.445,4.0,SOFT,False,229.0,262.0,281.0,301.0,22.9,39.5,30.0,1008.6,2.0,0.0,76.641,75.943,75.787,0,2,0
2025,7,GRAN PREMIO DEL MADE IN ITALY E DELL'EMILIA-ROMAGNA,ANT,Mercedes,Q2,75.772,13.0,24.012,26.168,25.592,2.0,SOFT,True,231.0,261.0,279.0,297.0,22.9,39.5,30.0,1008.6,2.0,0.0,77.094,76.406,75.399,0,2,0
2025,7,GRAN PREMIO DEL MADE IN ITALY E DELL'EMILIA-ROMAGNA,BOR,Kick Sauber,Q2,76.26,14.0,24.182,26.389,25.689,2.0,SOFT,True,231.0,260.0,281.0,297.0,22.9,39.5,30.0,1008.6,2.0,0.0,76.925,76.339,76.046,0,2,0
2025,7,GRAN PREMIO DEL MADE IN ITALY E DELL'EMILIA-ROMAGNA,PIA,McLaren,Q3,74.67,1.0,23.677,25.747,25.246,2.0,SOFT,True,235.0,264.0,283.0,300.0,22.9,39.5,30.0,1008.6,2.0,0.0,76.545,75.293,74.997,0,3,0
2025,7,GRAN PREMIO DEL MADE IN ITALY E DELL'EMILIA-ROMAGNA,VER,Red Bull Racing,Q3,74.704,2.0,23.495,25.976,25.233,2.0,SOFT,True,235.0,262.0,282.0,299.0,22.9,39.5,30.0,1008.6,2.0,0.0,76.905,75.735,75.078,0,3,0
2025,7,GRAN PREMIO DEL MADE IN ITALY E DELL'EMILIA-ROMAGNA,RUS,Mercedes,Q3,74.807,3.0,23.791,25.815,25.201,2.0,MEDIUM,True,235.0,266.0,284.0,300.0,22.9,39.5,30.0,1008.6,2.0,0.0,76.599,75.693,75.662,0,3,0
2025,7,GRAN PREMIO DEL MADE IN ITALY E DELL'EMILIA-ROMAGNA,NOR,McLaren,Q3,74.962,4.0,23.907,25.921,25.134,2.0,SOFT,True,231.0,265.0,282.0,301.0,22.9,39.5,30.0,1008.6,2.0,0.0,76.577,75.318,74.897,0,3,0
2025,7,GRAN PREMIO DEL MADE IN ITALY E DELL'EMILIA-ROMAGNA,ALO,Aston Martin,Q3,75.431,5.0,23.87,25.941,25.62,3.0,MEDIUM,False,235.0,264.0,282.0,298.0,22.9,39.5,30.0,1008.6,2.0,0.0,77.121,76.22,75.819,0,3,0
2025,7,GRAN PREMIO DEL MADE IN ITALY E DELL'EMILIA-ROMAGNA,SAI,Williams,Q3,75.432,6.0,23.685,26.222,25.525,2.0,SOFT,True,234.0,262.0,282.0,298.0,22.9,39.5,30.0,1008.6,2.0,0.0,76.597,75.934,75.457,0,3,0
2025,7,GRAN PREMIO DEL MADE IN ITALY E DELL'EMILIA-ROMAGNA,ALB,Williams,Q3,75.473,7.0,23.738,26.159,25.576,2.0,SOFT,True,235.0,263.0,281.0,296.0,22.9,39.5,30.0,1008.6,2.0,0.0,76.922,75.916,75.732,0,3,0
2025,7,GRAN PREMIO DEL MADE IN ITALY E DELL'EMILIA-ROMAGNA,STR,Aston Martin,Q3,75.581,8.0,23.935,26.218,25.428,5.0,MEDIUM,False,231.0,263.0,281.0,298.0,22.9,39.5,30.0,1008.6,2.0,0.0,77.032,76.341,75.975,0,3,0
2025,7,GRAN PREMIO DEL MADE IN ITALY E DELL'EMILIA-ROMAGNA,HAD,Racing Bulls,Q3,75.746,9.0,24.003,26.272,25.471,5.0,SOFT,False,230.0,264.0,281.0,300.0,22.9,39.5,30.0,1008.6,2.0,0.0,77.641,75.792,75.508,0,3,0
2025,7,GRAN PREMIO DEL MADE IN ITALY E DELL'EMILIA-ROMAGNA,GAS,Alpine,Q3,75.787,10.0,23.8,26.267,25.72,2.0,SOFT,True,233.0,263.0,281.0,301.0,22.9,39.5,30.0,1008.6,2.0,0.0,76.696,75.569,75.99,0,3,0
2025,8,GRAND PRIX DE MONACO,LEC,Ferrari,Q1,71.229,2.0,18.451,33.856,18.922,9.0,SOFT,True,223.0,203.0,269.0,282.0,21.1,40.5,59.0,1014.9,0.8,0.0,71.964,71.355,70.953,0,1,0
2025,8,GRAND PRIX DE MONACO,NOR,McLaren,Q1,71.285,1.0,18.694,33.817,18.774,10.0,SOFT,False,221.0,207.0,271.0,280.0,21.1,40.5,59.0,1014.9,0.8,0.0,72.29,71.677,71.247,0,1,0
2025,8,GRAND PRIX DE MONACO,PIA,McLaren,Q1,71.308,3.0,18.651,33.788,18.869,9.0,SOFT,False,218.0,209.0,273.0,281.0,21.1,40.5,59.0,1014.9,0.8,0.0,72.342,71.393,71.398,0,1,0
2025,8,GRAND PRIX DE MONACO,VER,Red Bull Racing,Q1,71.431,5.0,18.562,33.896,18.973,3.0,SOFT,True,221.0,206.0,270.0,280.0,21.1,40.5,59.0,1014.9,0.8,0.0,72.127,72.068,71.233,0,1,0
2025,8,GRAND PRIX DE MONACO,RUS,Mercedes,Q1,71.507,14.0,18.555,34.069,18.883,10.0,SOFT,True,222.0,208.0,272.0,282.0,21.1,40.5,59.0,1014.9,0.8,0.0,72.482,72.092,72.066,0,1,0
2025,8,GRAND PRIX DE MONACO,HAM,Ferrari,Q1,71.575,4.0,18.732,33.707,19.136,2.0,SOFT,True,223.0,207.0,266.0,282.0,21.1,40.5,59.0,1014.9,0.8,0.0,72.69,71.46,71.516,0,1,0
2025,8,GRAND PRIX DE MONACO,ALB,Williams,Q1,71.629,10.0,18.665,34.009,18.955,3.0,SOFT,True,222.0,203.0,272.0,280.0,21.1,40.5,59.0,1014.9,0.8,0.0,72.314,71.918,71.668,0,1,0
2025,8,GRAND PRIX DE MONACO,ALO,Aston Martin,Q1,71.674,7.0,18.734,34.044,18.896,4.0,SOFT,True,220.0,203.0,270.0,280.0,21.1,40.5,59.0,1014.9,0.8,0.0,72.727,71.89,72.101,0,1,0
2025,8,GRAND PRIX DE MONACO,SAI,Williams,Q1,71.707,11.0,18.655,34.065,18.987,3.0,SOFT,True,223.0,205.0,271.0,278.0,21.1,40.5,59.0,1014.9,0.8,0.0,72.534,72.151,71.893,0,1,0
2025,8,GRAND PRIX DE MONACO,TSU,Red Bull Racing,Q1,71.8,12.0,18.831,34.036,18.933,4.0,SOFT,True,223.0,209.0,269.0,280.0,21.1,40.5,59.0,1014.9,0.8,0.0,73.232,72.072,71.952,0,1,0
2025,8,GRAND PRIX DE MONACO,HAD,Racing Bulls,Q1,71.811,6.0,18.715,34.069,19.027,5.0,SOFT,True,222.0,204.0,269.0,281.0,21.1,40.5,59.0,1014.9,0.8,0.0,73.187,71.842,72.271,0,1,0
2025,8,GRAND PRIX DE MONACO,LAW,Racing Bulls,Q1,71.818,9.0,18.793,34.002,19.023,4.0,SOFT,True,223.0,205.0,269.0,280.0,21.1,40.5,59.0,1014.9,0.8,0.0,73.429,71.823,71.814,0,1,0
2025,8,GRAND PRIX DE MONACO,OCO,Haas F1 Team,Q1,71.839,8.0,18.816,34.088,18.935,3.0,SOFT,True,216.0,206.0,272.0,281.0,21.1,40.5,59.0,1014.9,0.8,0.0,73.394,72.541,72.499,0,1,0
2025,8,GRAND PRIX DE MONACO,HUL,Kick Sauber,Q1,71.871,13.0,18.836,34.111,18.924,5.0,SOFT,True,219.0,204.0,268.0,279.0,21.1,40.5,59.0,1014.9,0.8,0.0,72.979,72.262,72.125,0,1,0
2025,8,GRAND PRIX DE MONACO,ANT,Mercedes,Q1,71.88,15.0,18.731,34.015,19.134,2.0,SOFT,True,223.0,203.0,264.0,281.0,21.1,40.5,59.0,1014.9,0.8,0.0,72.765,72.002,72.013,0,1,0
2025,8,GRAND PRIX DE MONACO,BOR,Kick Sauber,Q1,71.902,16.0,18.786,34.067,19.049,5.0,SOFT,True,220.0,205.0,268.0,280.0,21.1,40.5,59.0,1014.9,0.8,0.0,73.47,72.234,72.601,0,1,0
2025,8,GRAND PRIX DE MONACO,BEA,Haas F1 Team,Q1,71.979,17.0,18.595,34.062,19.322,5.0,SOFT,True,223.0,210.0,183.0,281.0,21.1,40.5,59.0,1014.9,0.8,0.0,73.329,72.259,72.251,0,1,0
2025,8,GRAND PRIX DE MONACO,GAS,Alpine,Q1,71.994,18.0,18.632,34.214,19.148,4.0,SOFT,True,224.0,208.0,270.0,279.0,21.1,40.5,59.0,1014.9,0.8,0.0,72.669,72.404,72.194,0,1,0
2025,8,GRAND PRIX DE MONACO,STR,Aston Martin,Q1,72.563,19.0,18.898,34.263,19.402,6.0,SOFT,True,219.0,198.0,270.0,280.0,21.1,40.5,59.0,1014.9,0.8,0.0,75.635,72.512,72.202,0,1,0
2025,8,GRAND PRIX DE MONACO,COL,Alpine,Q1,72.597,20.0,18.756,34.535,19.306,4.0,SOFT,True,222.0,202.0,269.0,279.0,21.1,40.5,59.0,1014.9,0.8,0.0,73.82,73.415,72.851,0,1,0
2025,8,GRAND PRIX DE MONACO,NOR,McLaren,Q2,70.57,1.0,18.459,33.523,18.588,5.0,SOFT,False,223.0,209.0,271.0,278.0,21.1,40.5,59.0,1014.9,0.8,0.0,72.29,71.677,71.247,0,2,0
2025,8,GRAND PRIX DE MONACO,LEC,Ferrari,Q2,70.581,2.0,18.446,33.485,18.65,2.0,SOFT,True,221.0,209.0,270.0,281.0,21.1,40.5,59.0,1014.9,0.8,0.0,71.964,71.355,70.953,0,2,0
2025,8,GRAND PRIX DE MONACO,ALB,Williams,Q2,70.732,10.0,18.369,33.616,18.747,3.0,SOFT,True,221.0,207.0,270.0,280.0,21.1,40.5,59.0,1014.9,0.8,0.0,72.314,71.918,71.668,0,2,0
2025,8,GRAND PRIX DE MONACO,PIA,McLaren,Q2,70.858,3.0,18.411,33.51,18.937,10.0,SOFT,False,222.0,212.0,271.0,278.0,21.1,40.5,59.0,1014.9,0.8,0.0,72.342,71.393,71.398,0,2,0
2025,8,GRAND PRIX DE MONACO,VER,Red Bull Racing,Q2,70.875,5.0,18.467,33.799,18.609,5.0,SOFT,False,221.0,207.0,270.0,279.0,21.1,40.5,59.0,1014.9,0.8,0.0,72.127,72.068,71.233,0,2,0
2025,8,GRAND PRIX DE MONACO,HAM,Ferrari,Q2,70.883,4.0,18.594,33.502,18.787,2.0,SOFT,True,223.0,208.0,269.0,280.0,21.1,40.5,59.0,1014.9,0.8,0.0,72.69,71.46,71.516,0,2,0
2025,8,GRAND PRIX DE MONACO,HAD,Racing Bulls,Q2,71.04,6.0,18.434,33.77,18.836,2.0,SOFT,True,223.0,205.0,268.0,278.0,21.1,40.5,59.0,1014.9,0.8,0.0,73.187,71.842,72.271,0,2,0
2025,8,GRAND PRIX DE MONACO,ALO,Aston Martin,Q2,71.182,7.0,18.605,33.842,18.735,6.0,MEDIUM,False,223.0,204.0,269.0,279.0,21.1,40.5,59.0,1014.9,0.8,0.0,72.727,71.89,72.101,0,2,0
2025,8,GRAND PRIX DE MONACO,LAW,Racing Bulls,Q2,71.25,9.0,18.53,33.838,18.882,5.0,SOFT,True,220.0,207.0,265.0,278.0,21.1,40.5,59.0,1014.9,0.8,0.0,73.429,71.823,71.814,0,2,0
2025,8,GRAND PRIX DE MONACO,OCO,Haas F1 Team,Q2,71.262,8.0,18.716,33.746,18.8,3.0,SOFT,True,216.0,211.0,270.0,279.0,21.1,40.5,59.0,1014.9,0.8,0.0,73.394,72.541,72.499,0,2,0
2025,8,GRAND PRIX DE MONACO,SAI,Williams,Q2,71.362,11.0,18.523,33.954,18.885,7.0,MEDIUM,False,220.0,207.0,270.0,278.0,21.1,40.5,59.0,1014.9,0.8,0.0,72.534,72.151,71.893,0,2,0
2025,8,GRAND PRIX DE MONACO,TSU,Red Bull Racing,Q2,71.415,12.0,18.731,33.801,18.883,2.0,SOFT,True,219.0,209.0,268.0,278.0,21.1,40.5,59.0,1014.9,0.8,0.0,73.232,72.072,71.952,0,2,0
2025,8,GRAND PRIX DE MONACO,HUL,Kick Sauber,Q2,71.596,13.0,18.755,34.038,18.803,2.0,SOFT,True,218.0,209.0,269.0,280.0,21.1,40.5,59.0,1014.9,0.8,0.0,72.979,72.262,72.125,0,2,0
2025,8,GRAND PRIX DE MONACO,RUS,Mercedes,Q2,83.483,14.0,27.162,36.288,20.033,1.0,MEDIUM,True,185.0,188.0,271.0,262.0,21.1,40.5,59.0,1014.9,0.8,0.0,72.482,72.092,72.066,0,2,0
2025,8,GRAND PRIX DE MONACO,NOR,McLaren,Q3,69.954,1.0,18.216,33.254,18.484,4.0,SOFT,True,225.0,215.0,271.0,279.0,21.1,40.5,59.0,1014.9,0.8,0.0,72.29,71.677,71.247,0,3,0
2025,8,GRAND PRIX DE MONACO,LEC,Ferrari,Q3,70.063,2.0,18.29,33.18,18.593,2.0,SOFT,True,224.0,215.0,269.0,281.0,21.1,40.5,59.0,1014.9,0.8,0.0,71.964,71.355,70.953,0,3,0
2025,8,GRAND PRIX DE MONACO,PIA,McLaren,Q3,70.129,3.0,18.17,33.433,18.526,4.0,SOFT,True,224.0,215.0,271.0,279.0,21.1,40.5,59.0,1014.9,0.8,0.0,72.342,71.393,71.398,0,3,0
2025,8,GRAND PRIX DE MONACO,HAM,Ferrari,Q3,70.382,4.0,18.368,33.385,18.629,2.0,SOFT,True,222.0,203.0,270.0,281.0,21.1,40.5,59.0,1014.9,0.8,0.0,72.69,71.46,71.516,0,3,0
2025,8,GRAND PRIX DE MONACO,VER,Red Bull Racing,Q3,70.669,5.0,18.411,33.601,18.657,2.0,SOFT,True,222.0,207.0,267.0,280.0,21.1,40.5,59.0,1014.9,0.8,0.0,72.127,72.068,71.233,0,3,0
2025,8,GRAND PRIX DE MONACO,HAD,Racing Bulls,Q3,70.923,6.0,18.388,33.778,18.757,2.0,SOFT,True,224.0,202.0,269.0,279.0,21.1,40.5,59.0,1014.9,0.8,0.0,73.187,71.842,72.271,0,3,0
2025,8,GRAND PRIX DE MONACO,ALO,Aston Martin,Q3,70.924,7.0,18.515,33.737,18.672,3.0,SOFT,True,222.0,203.0,270.0,279.0,21.1,40.5,59.0,1014.9,0.8,0.0,72.727,71.89,72.101,0,3,0
2025,8,GRAND PRIX DE MONACO,OCO,Haas F1 Team,Q3,70.942,8.0,18.485,33.664,18.793,3.0,SOFT,True,218.0,213.0,270.0,281.0,21.1,40.5,59.0,1014.9,0.8,0.0,73.394,72.541,72.499,0,3,0
2025,8,GRAND PRIX DE MONACO,LAW,Racing Bulls,Q3,71.129,9.0,18.489,33.868,18.772,2.0,SOFT,True,222.0,207.0,270.0,278.0,21.1,40.5,59.0,1014.9,0.8,0.0,73.429,71.823,71.814,0,3,0
2025,8,GRAND PRIX DE MONACO,ALB,Williams,Q3,71.213,10.0,18.656,33.792,18.765,3.0,MEDIUM,True,222.0,203.0,269.0,277.0,21.1,40.5,59.0,1014.9,0.8,0.0,72.314,71.918,71.668,0,3,0
2025,9,GRAN PREMIO DE ESPAÑA,PIA,McLaren,Q1,72.551,1.0,21.477,29.062,22.012,2.0,SOFT,True,296.0,315.0,297.0,327.0,29.2,47.8,36.0,1005.5,1.7,0.0,74.294,72.76,72.387,0,1,0
2025,9,GRAN PREMIO DE ESPAÑA,VER,Red Bull Racing,Q1,72.798,3.0,21.612,29.189,21.997,2.0,SOFT,True,292.0,311.0,295.0,324.0,29.2,47.8,36.0,1005.5,1.7,0.0,74.085,73.07,73.375,0,1,0
2025,9,GRAN PREMIO DE ESPAÑA,NOR,McLaren,Q1,72.799,2.0,21.439,29.139,22.221,2.0,SOFT,True,294.0,309.0,294.0,326.0,29.2,47.8,36.0,1005.5,1.7,0.0,73.718,73.07,72.913,0,1,0
2025,9,GRAN PREMIO DE ESPAÑA,RUS,Mercedes,Q1,72.806,4.0,21.584,29.227,21.995,2.0,SOFT,True,289.0,308.0,295.0,329.0,29.2,47.8,36.0,1005.5,1.7,0.0,74.751,73.046,73.139,0,1,0
2025,9,GRAN PREMIO DE ESPAÑA,ANT,Mercedes,Q1,72.815,6.0,21.682,29.032,22.101,2.0,SOFT,True,290.0,309.0,290.0,325.0,29.2,47.8,36.0,1005.5,1.7,0.0,75.369,73.298,73.405,0,1,0
2025,9,GRAN PREMIO DE ESPAÑA,LEC,Ferrari,Q1,73.014,7.0,21.673,29.184,22.157,2.0,SOFT,True,292.0,310.0,293.0,324.0,29.2,47.8,36.0,1005.5,1.7,0.0,74.238,73.26,73.13,0,1,0
2025,9,GRAN PREMIO DE ESPAÑA,STR,Aston Martin,Q1,73.038,14.0,21.604,29.299,22.135,2.0,SOFT,True,287.0,303.0,290.0,327.0,29.2,47.8,36.0,1005.5,1.7,0.0,74.786,73.839,73.904,0,1,0
2025,9,GRAN PREMIO DE ESPAÑA,LAW,Racing Bulls,Q1,73.039,13.0,21.762,29.092,22.185,2.0,SOFT,True,290.0,310.0,293.0,323.0,29.2,47.8,36.0,1005.5,1.7,0.0,74.339,73.494,73.637,0,1,0
2025,9,GRAN PREMIO DE ESPAÑA,ALB,Williams,Q1,73.044,11.0,21.593,29.193,22.258,2.0,SOFT,True,293.0,308.0,294.0,327.0,29.2,47.8,36.0,1005.5,1.7,0.0,,73.839,74.289,0,1,0
2025,9,GRAN PREMIO DE ESPAÑA,BOR,Kick Sauber,Q1,73.045,12.0,21.588,29.171,22.286,2.0,SOFT,True,291.0,308.0,286.0,326.0,29.2,47.8,36.0,1005.5,1.7,0.0,75.155,73.959,73.722,0,1,0
2025,9,GRAN PREMIO DE ESPAÑA,HAM,Ferrari,Q1,73.058,5.0,21.583,29.333,22.142,2.0,SOFT,True,293.0,311.0,293.0,325.0,29.2,47.8,36.0,1005.5,1.7,0.0,74.096,73.533,73.527,0,1,0
2025,9,GRAN PREMIO DE ESPAÑA,BEA,Haas F1 Team,Q1,73.074,15.0,21.666,29.236,22.172,2.0,SOFT,True,290.0,307.0,288.0,325.0,29.2,47.8,36.0,1005.5,1.7,0.0,74.597,74.126,74.46,0,1,0
2025,9,GRAN PREMIO DE ESPAÑA,GAS,Alpine,Q1,73.081,8.0,21.755,29.163,22.163,2.0,SOFT,True,290.0,310.0,292.0,325.0,29.2,47.8,36.0,1005.5,1.7,0.0,74.746,73.385,73.954,0,1,0
2025,9,GRAN PREMIO DE ESPAÑA,ALO,Aston Martin,Q1,73.102,10.0,21.703,29.28,22.119,2.0,SOFT,True,290.0,305.0,291.0,326.0,29.2,47.8,36.0,1005.5,1.7,0.0,74.798,73.301,73.414,0,1,0
2025,9,GRAN PREMIO DE ESPAÑA,HAD,Racing Bulls,Q1,73.139,9.0,21.665,29.24,22.234,2.0,SOFT,True,289.0,309.0,292.0,325.0,29.2,47.8,36.0,1005.5,1.7,0.0,74.605,73.4,73.382,0,1,0
2025,9,GRAN PREMIO DE ESPAÑA,HUL,Kick Sauber,Q1,73.19,16.0,21.713,29.182,22.295,2.0,SOFT,True,290.0,309.0,290.0,326.0,29.2,47.8,36.0,1005.5,1.7,0.0,74.865,73.592,73.733,0,1,0
2025,9,GRAN PREMIO DE ESPAÑA,OCO,Haas F1 Team,Q1,73.201,17.0,21.68,29.261,22.26,2.0,SOFT,True,287.0,307.0,283.0,326.0,29.2,47.8,36.0,1005.5,1.7,0.0,,74.005,74.138,0,1,0
2025,9,GRAN PREMIO DE ESPAÑA,SAI,Williams,Q1,73.203,18.0,21.571,29.37,22.262,2.0,SOFT,True,291.0,307.0,292.0,327.0,29.2,47.8,36.0,1005.5,1.7,0.0,74.935,73.721,73.758,0,1,0
2025,9,GRAN PREMIO DE ESPAÑA,COL,Alpine,Q1,73.334,19.0,21.768,29.361,22.205,2.0,SOFT,True,293.0,307.0,293.0,326.0,29.2,47.8,36.0,1005.5,1.7,0.0,75.53,74.303,74.085,0,1,0
2025,9,GRAN PREMIO DE ESPAÑA,TSU,Red Bull Racing,Q1,73.385,20.0,21.804,29.379,22.202,2.0,SOFT,True,290.0,308.0,291.0,323.0,29.2,47.8,36.0,1005.5,1.7,0.0,74.643,73.683,73.892,0,1,0
2025,9,GRAN PREMIO DE ESPAÑA,PIA,McLaren,Q2,71.998,1.0,21.366,28.729,21.903,2.0,SOFT,True,294.0,312.0,295.0,329.0,29.2,47.8,36.0,1005.5,1.7,0.0,74.294,72.76,72.387,0,2,0
2025,9,GRAN PREMIO DE ESPAÑA,NOR,McLaren,Q2,72.056,2.0,21.504,28.646,21.906,2.0,SOFT,True,294.0,312.0,296.0,325.0,29.2,47.8,36.0,1005.5,1.7,0.0,73.718,73.07,72.913,0,2,0
2025,9,GRAN PREMIO DE ESPAÑA,VER,Red Bull Racing,Q2,72.358,3.0,21.617,28.898,21.843,2.0,SOFT,True,292.0,313.0,297.0,323.0,29.2,47.8,36.0,1005.5,1.7,0.0,74.085,73.07,73.375,0,2,0
2025,9,GRAN PREMIO DE ESPAÑA,RUS,Mercedes,Q2,72.407,4.0,21.443,29.029,21.935,2.0,SOFT,True,290.0,310.0,295.0,330.0,29.2,47.8,36.0,1005.5,1.7,0.0,74.751,73.046,73.139,0,2,0
2025,9,GRAN PREMIO DE ESPAÑA,HAM,Ferrari,Q2,72.447,5.0,21.476,28.958,22.013,2.0,SOFT,True,293.0,312.0,292.0,326.0,29.2,47.8,36.0,1005.5,1.7,0.0,74.096,73.533,73.527,0,2,0
2025,9,GRAN PREMIO DE ESPAÑA,HAD,Racing Bulls,Q2,72.461,9.0,21.582,28.973,21.906,2.0,SOFT,True,290.0,310.0,293.0,322.0,29.2,47.8,36.0,1005.5,1.7,0.0,74.605,73.4,73.382,0,2,0
2025,9,GRAN PREMIO DE ESPAÑA,LEC,Ferrari,Q2,72.495,7.0,21.501,28.955,22.039,2.0,SOFT,True,292.0,311.0,295.0,326.0,29.2,47.8,36.0,1005.5,1.7,0.0,74.238,73.26,73.13,0,2,0
2025,9,GRAN PREMIO DE ESPAÑA,ALO,Aston Martin,Q2,72.523,10.0,21.591,28.949,21.983,2.0,SOFT,True,290.0,304.0,292.0,326.0,29.2,47.8,36.0,1005.5,1.7,0.0,74.798,73.301,73.414,0,2,0
2025,9,GRAN PREMIO DE ESPAÑA,ANT,Mercedes,Q2,72.585,6.0,21.67,28.957,21.958,2.0,SOFT,True,292.0,311.0,290.0,325.0,29.2,47.8,36.0,1005.5,1.7,0.0,75.369,73.298,73.405,0,2,0
2025,9,GRAN PREMIO DE ESPAÑA,GAS,Alpine,Q2,72.611,8.0,21.676,29.035,21.9,2.0,SOFT,True,292.0,311.0,295.0,325.0,29.2,47.8,36.0,1005.5,1.7,0.0,74.746,73.385,73.954,0,2,0
2025,9,GRAN PREMIO DE ESPAÑA,ALB,Williams,Q2,72.641,11.0,21.465,29.111,22.065,2.0,SOFT,True,293.0,309.0,287.0,326.0,29.2,47.8,36.0,1005.5,1.7,0.0,,73.839,74.289,0,2,0
2025,9,GRAN PREMIO DE ESPAÑA,BOR,Kick Sauber,Q2,72.756,12.0,21.556,29.102,22.098,2.0,SOFT,True,293.0,310.0,292.0,327.0,29.2,47.8,36.0,1005.5,1.7,0.0,75.155,73.959,73.722,0,2,0
2025,9,GRAN PREMIO DE ESPAÑA,LAW,Racing Bulls,Q2,72.763,13.0,21.693,29.083,21.987,2.0,SOFT,True,291.0,309.0,287.0,325.0,29.2,47.8,36.0,1005.5,1.7,0.0,74.339,73.494,73.637,0,2,0
2025,9,GRAN PREMIO DE ESPAÑA,STR,Aston Martin,Q2,73.058,14.0,21.748,29.185,22.125,2.0,SOFT,True,285.0,306.0,288.0,322.0,29.2,47.8,36.0,1005.5,1.7,0.0,74.786,73.839,73.904,0,2,0
2025,9,GRAN PREMIO DE ESPAÑA,BEA,Haas F1 Team,Q2,73.315,15.0,21.797,29.334,22.184,5.0,SOFT,False,288.0,307.0,289.0,323.0,29.2,47.8,36.0,1005.5,1.7,0.0,74.597,74.126,74.46,0,2,0
2025,9,GRAN PREMIO DE ESPAÑA,PIA,McLaren,Q3,71.546,1.0,21.259,28.58,21.707,2.0,SOFT,True,294.0,311.0,297.0,326.0,29.2,47.8,36.0,1005.5,1.7,0.0,74.294,72.76,72.387,0,3,0
2025,9,GRAN PREMIO DE ESPAÑA,NOR,McLaren,Q3,71.755,2.0,21.27,28.709,21.776,2.0,SOFT,True,294.0,310.0,295.0,325.0,29.2,47.8,36.0,1005.5,1.7,0.0,73.718,73.07,72.913,0,3,0
2025,9,GRAN PREMIO DE ESPAÑA,RUS,Mercedes,Q3,71.848,4.0,21.376,28.719,21.753,5.0,SOFT,False,290.0,313.0,294.0,327.0,29.2,47.8,36.0,1005.5,1.7,0.0,74.751,73.046,73.139,0,3,0
2025,9,GRAN PREMIO DE ESPAÑA,VER,Red Bull Racing,Q3,71.848,3.0,21.464,28.704,21.68,2.0,SOFT,True,292.0,314.0,295.0,325.0,29.2,47.8,36.0,1005.5,1.7,0.0,74.085,73.07,73.375,0,3,0
2025,9,GRAN PREMIO DE ESPAÑA,HAM,Ferrari,Q3,72.045,5.0,21.547,28.7,21.798,2.0,SOFT,True,292.0,312.0,293.0,324.0,29.2,47.8,36.0,1005.5,1.7,0.0,74.096,73.533,73.527,0,3,0
2025,9,GRAN PREMIO DE ESPAÑA,ANT,Mercedes,Q3,72.111,6.0,21.524,28.74,21.847,5.0,SOFT,False,290.0,311.0,291.0,326.0,29.2,47.8,36.0,1005.5,1.7,0.0,75.369,73.298,73.405,0,3,0
2025,9,GRAN PREMIO DE ESPAÑA,LEC,Ferrari,Q3,72.131,7.0,21.458,28.729,21.944,2.0,SOFT,True,292.0,312.0,293.0,325.0,29.2,47.8,36.0,1005.5,1.7,0.0,74.238,73.26,73.13,0,3,0
2025,9,GRAN PREMIO DE ESPAÑA,GAS,Alpine,Q3,72.199,8.0,21.594,28.747,21.858,2.0,SOFT,True,291.0,312.0,292.0,324.0,29.2,47.8,36.0,1005.5,1.7,0.0,74.746,73.385,73.954,0,3,0
2025,9,GRAN PREMIO DE ESPAÑA,HAD,Racing Bulls,Q3,72.252,9.0,21.564,28.822,21.866,2.0,SOFT,True,289.0,311.0,292.0,320.0,29.2,47.8,36.0,1005.5,1.7,0.0,74.605,73.4,73.382,0,3,0
2025,9,GRAN PREMIO DE ESPAÑA,ALO,Aston Martin,Q3,72.284,10.0,21.633,28.879,21.772,2.0,SOFT,True,286.0,310.0,280.0,321.0,29.2,47.8,36.0,1005.5,1.7,0.0,74.798,73.301,73.414,0,3,0
2025,10,GRAND PRIX DU CANADA,NOR,McLaren,Q1,71.826,7.0,20.048,22.668,29.11,2.0,SOFT,True,263.0,284.0,297.0,332.0,21.3,43.1,31.0,1018.9,2.3,0.0,73.651,72.151,71.799,0,1,0
2025,10,GRAND PRIX DU CANADA,PIA,McLaren,Q1,71.939,3.0,20.171,22.762,29.006,6.0,SOFT,False,262.0,284.0,299.0,331.0,21.3,43.1,31.0,1018.9,2.3,0.0,74.198,72.562,72.519,0,1,0
2025,10,GRAND PRIX DU CANADA,HAM,Ferrari,Q1,71.952,5.0,20.073,22.755,29.124,2.0,SOFT,True,263.0,286.0,298.0,333.0,21.3,43.1,31.0,1018.9,2.3,0.0,73.62,72.653,72.05,0,1,0
2025,10,GRAND PRIX DU CANADA,LEC,Ferrari,Q1,72.038,8.0,20.227,22.749,29.062,11.0,SOFT,False,264.0,286.0,298.0,332.0,21.3,43.1,31.0,1018.9,2.3,0.0,73.885,,71.877,0,1,0
2025,10,GRAND PRIX DU CANADA,VER,Red Bull Racing,Q1,72.054,2.0,20.189,22.798,29.067,5.0,SOFT,False,259.0,286.0,297.0,336.0,21.3,43.1,31.0,1018.9,2.3,0.0,73.193,72.666,72.072,0,1,0
2025,10,GRAND PRIX DU CANADA,ALO,Aston Martin,Q1,72.073,6.0,20.139,22.771,29.163,9.0,MEDIUM,False,260.0,283.0,297.0,331.0,21.3,43.1,31.0,1018.9,2.3,0.0,73.972,72.458,72.247,0,1,0
2025,10,GRAND PRIX DU CANADA,RUS,Mercedes,Q1,72.075,1.0,20.236,22.665,29.174,2.0,SOFT,True,264.0,284.0,295.0,329.0,21.3,43.1,31.0,1018.9,2.3,0.0,73.535,72.123,71.95,0,1,0
2025,10,GRAND PRIX DU CANADA,ALB,Williams,Q1,72.09,10.0,20.111,22.752,29.227,5.0,SOFT,False,262.0,284.0,296.0,330.0,21.3,43.1,31.0,1018.9,2.3,0.0,73.232,72.445,72.573,0,1,0
2025,10,GRAND PRIX DU CANADA,HAD,Racing Bulls,Q1,72.211,9.0,20.18,22.891,29.14,2.0,SOFT,True,261.0,285.0,296.0,330.0,21.3,43.1,31.0,1018.9,2.3,0.0,73.631,72.799,72.651,0,1,0
2025,10,GRAND PRIX DU CANADA,COL,Alpine,Q1,72.234,12.0,20.145,22.795,29.294,2.0,SOFT,True,261.0,282.0,296.0,328.0,21.3,43.1,31.0,1018.9,2.3,0.0,74.645,73.898,73.06,0,1,0
2025,10,GRAND PRIX DU CANADA,ANT,Mercedes,Q1,72.279,4.0,20.308,22.893,29.078,2.0,SOFT,True,260.0,284.0,296.0,329.0,21.3,43.1,31.0,1018.9,2.3,0.0,74.002,72.411,72.348,0,1,0
2025,10,GRAND PRIX DU CANADA,BEA,Haas F1 Team,Q1,72.306,14.0,20.104,22.679,29.523,3.0,SOFT,True,262.0,282.0,293.0,329.0,21.3,43.1,31.0,1018.9,2.3,0.0,74.52,73.08,72.825,0,1,0
2025,10,GRAND PRIX DU CANADA,HUL,Kick Sauber,Q1,72.323,13.0,20.301,22.889,29.133,3.0,SOFT,True,262.0,285.0,297.0,329.0,21.3,43.1,31.0,1018.9,2.3,0.0,74.821,72.914,73.072,0,1,0
2025,10,GRAND PRIX DU CANADA,TSU,Red Bull Racing,Q1,72.334,11.0,20.169,22.866,29.299,2.0,SOFT,True,263.0,285.0,298.0,334.0,21.3,43.1,31.0,1018.9,2.3,0.0,73.927,72.939,73.573,0,1,0
2025,10,GRAND PRIX DU CANADA,OCO,Haas F1 Team,Q1,72.378,15.0,20.246,22.906,29.226,3.0,SOFT,True,262.0,282.0,295.0,326.0,21.3,43.1,31.0,1018.9,2.3,0.0,74.605,73.175,72.827,0,1,0
2025,10,GRAND PRIX DU CANADA,BOR,Kick Sauber,Q1,72.385,16.0,20.332,22.886,29.167,3.0,SOFT,True,264.0,284.0,297.0,330.0,21.3,43.1,31.0,1018.9,2.3,0.0,74.324,72.896,73.172,0,1,0
2025,10,GRAND PRIX DU CANADA,SAI,Williams,Q1,72.398,17.0,20.27,22.935,29.193,6.0,SOFT,False,263.0,284.0,294.0,330.0,21.3,43.1,31.0,1018.9,2.3,0.0,73.275,72.631,72.519,0,1,0
2025,10,GRAND PRIX DU CANADA,STR,Aston Martin,Q1,72.517,18.0,20.296,22.891,29.33,4.0,SOFT,True,262.0,283.0,297.0,333.0,21.3,43.1,31.0,1018.9,2.3,0.0,74.203,109.253,72.794,0,1,0
2025,10,GRAND PRIX DU CANADA,LAW,Racing Bulls,Q1,72.525,19.0,20.119,23.021,29.385,2.0,SOFT,True,260.0,284.0,295.0,329.0,21.3,43.1,31.0,1018.9,2.3,0.0,73.737,72.751,72.791,0,1,0
2025,10,GRAND PRIX DU CANADA,GAS,Alpine,Q1,72.667,20.0,20.045,23.006,29.616,2.0,SOFT,True,261.0,281.0,293.0,328.0,21.3,43.1,31.0,1018.9,2.3,0.0,73.817,72.874,72.684,0,1,0
2025,10,GRAND PRIX DU CANADA,RUS,Mercedes,Q2,71.57,1.0,20.078,22.484,29.008,2.0,MEDIUM,True,263.0,284.0,294.0,328.0,21.3,43.1,31.0,1018.9,2.3,0.0,73.535,72.123,71.95,0,2,0
2025,10,GRAND PRIX DU CANADA,NOR,McLaren,Q2,71.599,7.0,20.107,22.606,28.886,8.0,SOFT,False,263.0,282.0,296.0,330.0,21.3,43.1,31.0,1018.9,2.3,0.0,73.651,72.151,71.799,0,2,0
2025,10,GRAND PRIX DU CANADA,LEC,Ferrari,Q2,71.626,8.0,20.046,22.607,28.973,2.0,SOFT,True,265.0,284.0,296.0,330.0,21.3,43.1,31.0,1018.9,2.3,0.0,73.885,,71.877,0,2,0
2025,10,GRAND PRIX DU CANADA,VER,Red Bull Racing,Q2,71.638,2.0,19.835,22.743,29.06,2.0,MEDIUM,True,262.0,281.0,297.0,330.0,21.3,43.1,31.0,1018.9,2.3,0.0,73.193,72.666,72.072,0,2,0
2025,10,GRAND PRIX DU CANADA,PIA,McLaren,Q2,71.715,3.0,19.981,22.685,29.049,2.0,SOFT,True,263.0,281.0,295.0,329.0,21.3,43.1,31.0,1018.9,2.3,0.0,74.198,72.562,72.519,0,2,0
2025,10,GRAND PRIX DU CANADA,ALO,Aston Martin,Q2,71.805,6.0,19.922,22.704,29.179,3.0,MEDIUM,True,264.0,285.0,294.0,331.0,21.3,43.1,31.0,1018.9,2.3,0.0,73.972,72.458,72.247,0,2,0
2025,10,GRAND PRIX DU CANADA,HAM,Ferrari,Q2,71.885,5.0,20.055,22.746,29.084,9.0,SOFT,False,262.0,283.0,295.0,328.0,21.3,43.1,31.0,1018.9,2.3,0.0,73.62,72.653,72.05,0,2,0
2025,10,GRAND PRIX DU CANADA,ALB,Williams,Q2,71.892,10.0,20.157,22.65,29.085,6.0,MEDIUM,True,265.0,284.0,295.0,332.0,21.3,43.1,31.0,1018.9,2.3,0.0,73.232,72.445,72.573,0,2,0
2025,10,GRAND PRIX DU CANADA,ANT,Mercedes,Q2,71.974,4.0,20.113,22.763,29.098,2.0,MEDIUM,True,263.0,282.0,294.0,327.0,21.3,43.1,31.0,1018.9,2.3,0.0,74.002,72.411,72.348,0,2,0
2025,10,GRAND PRIX DU CANADA,HAD,Racing Bulls,Q2,72.003,9.0,20.054,22.882,29.067,2.0,SOFT,True,262.0,283.0,294.0,330.0,21.3,43.1,31.0,1018.9,2.3,0.0,73.631,72.799,72.651,0,2,0
2025,10,GRAND PRIX DU CANADA,TSU,Red Bull Racing,Q2,72.102,11.0,20.139,22.714,29.249,2.0,SOFT,True,262.0,283.0,293.0,330.0,21.3,43.1,31.0,1018.9,2.3,0.0,73.927,72.939,73.573,0,2,0
2025,10,GRAND PRIX DU CANADA,COL,Alpine,Q2,72.142,12.0,20.147,22.645,29.35,2.0,MEDIUM,True,259.0,283.0,293.0,329.0,21.3,43.1,31.0,1018.9,2.3,0.0,74.645,73.898,73.06,0,2,0
2025,10,GRAND PRIX DU CANADA,HUL,Kick Sauber,Q2,72.183,13.0,20.241,22.771,29.171,3.0,SOFT,True,262.0,284.0,293.0,329.0,21.3,43.1,31.0,1018.9,2.3,0.0,74.821,72.914,73.072,0,2,0
2025,10,GRAND PRIX DU CANADA,BEA,Haas F1 Team,Q2,72.34,14.0,20.089,22.914,29.337,6.0,SOFT,False,261.0,280.0,291.0,327.0,21.3,43.1,31.0,1018.9,2.3,0.0,74.52,73.08,72.825,0,2,0
2025,10,GRAND PRIX DU CANADA,OCO,Haas F1 Team,Q2,72.634,15.0,20.356,23.023,29.255,6.0,SOFT,False,262.0,279.0,291.0,323.0,21.3,43.1,31.0,1018.9,2.3,0.0,74.605,73.175,72.827,0,2,0
2025,10,GRAND PRIX DU CANADA,RUS,Mercedes,Q3,70.899,1.0,19.781,22.281,28.837,2.0,MEDIUM,True,264.0,283.0,296.0,329.0,21.3,43.1,31.0,1018.9,2.3,0.0,73.535,72.123,71.95,0,3,0
2025,10,GRAND PRIX DU CANADA,VER,Red Bull Racing,Q3,71.059,2.0,19.718,22.4,28.941,2.0,MEDIUM,True,263.0,285.0,297.0,332.0,21.3,43.1,31.0,1018.9,2.3,0.0,73.193,72.666,72.072,0,3,0
2025,10,GRAND PRIX DU CANADA,PIA,McLaren,Q3,71.12,3.0,19.888,22.517,28.715,2.0,SOFT,True,263.0,283.0,295.0,329.0,21.3,43.1,31.0,1018.9,2.3,0.0,74.198,72.562,72.519,0,3,0
2025,10,GRAND PRIX DU CANADA,ANT,Mercedes,Q3,71.391,4.0,19.877,22.491,29.023,5.0,MEDIUM,False,262.0,284.0,295.0,330.0,21.3,43.1,31.0,1018.9,2.3,0.0,74.002,72.411,72.348,0,3,0
2025,10,GRAND PRIX DU CANADA,HAM,Ferrari,Q3,71.526,5.0,19.995,22.544,28.987,2.0,SOFT,True,262.0,284.0,297.0,329.0,21.3,43.1,31.0,1018.9,2.3,0.0,73.62,72.653,72.05,0,3,0
2025,10,GRAND PRIX DU CANADA,ALO,Aston Martin,Q3,71.586,6.0,19.928,22.596,29.062,2.0,MEDIUM,True,261.0,282.0,295.0,328.0,21.3,43.1,31.0,1018.9,2.3,0.0,73.972,72.458,72.247,0,3,0
2025,10,GRAND PRIX DU CANADA,NOR,McLaren,Q3,71.625,7.0,19.996,22.651,28.978,4.0,SOFT,True,263.0,284.0,299.0,330.0,21.3,43.1,31.0,1018.9,2.3,0.0,73.651,72.151,71.799,0,3,0
2025,10,GRAND PRIX DU CANADA,LEC,Ferrari,Q3,71.682,8.0,20.077,22.682,28.923,4.0,SOFT,True,265.0,284.0,298.0,330.0,21.3,43.1,31.0,1018.9,2.3,0.0,73.885,,71.877,0,3,0
2025,10,GRAND PRIX DU CANADA,HAD,Racing Bulls,Q3,71.867,9.0,20.043,22.789,29.035,2.0,SOFT,True,263.0,282.0,295.0,329.0,21.3,43.1,31.0,1018.9,2.3,0.0,73.631,72.799,72.651,0,3,0
2025,10,GRAND PRIX DU CANADA,ALB,Williams,Q3,71.907,10.0,20.105,22.668,29.134,2.0,SOFT,True,263.0,283.0,295.0,330.0,21.3,43.1,31.0,1018.9,2.3,0.0,73.232,72.445,72.573,0,3,0
2025,11,AUSTRIAN GRAND PRIX,NOR,McLaren,Q1,64.672,1.0,16.434,28.843,19.395,2.0,SOFT,True,316.0,250.0,288.0,318.0,27.8,47.2,34.0,945.3,1.3,0.0,,64.58,64.324,0,1,0
2025,11,AUSTRIAN GRAND PRIX,PIA,McLaren,Q1,64.966,3.0,16.454,28.889,19.623,7.0,SOFT,False,314.0,251.0,284.0,320.0,27.8,47.2,34.0,945.3,1.3,0.0,65.697,64.737,64.442,0,1,0
2025,11,AUSTRIAN GRAND PRIX,LAW,Racing Bulls,Q1,65.017,6.0,16.579,28.839,19.599,2.0,SOFT,True,312.0,250.0,285.0,316.0,27.8,47.2,34.0,945.3,1.3,0.0,66.189,65.543,65.182,0,1,0
2025,11,AUSTRIAN GRAND PRIX,GAS,Alpine,Q1,65.054,10.0,16.527,28.909,19.618,5.0,SOFT,False,315.0,247.0,287.0,318.0,27.8,47.2,34.0,945.3,1.3,0.0,65.78,65.613,65.366,0,1,0
2025,11,AUSTRIAN GRAND PRIX,HAD,Racing Bulls,Q1,65.063,13.0,16.556,28.822,19.685,,NONE,True,312.0,247.0,282.0,320.0,27.8,47.2,34.0,945.3,1.3,0.0,66.11,65.547,66.023,0,1,0
2025,11,AUSTRIAN GRAND PRIX,VER,Red Bull Racing,Q1,65.106,7.0,16.37,29.123,19.613,2.0,SOFT,False,319.0,247.0,285.0,318.0,27.8,47.2,34.0,945.3,1.3,0.0,65.607,64.898,64.534,0,1,0
2025,11,AUSTRIAN GRAND PRIX,HAM,Ferrari,Q1,65.115,4.0,16.546,28.892,19.677,2.0,SOFT,True,314.0,246.0,285.0,319.0,27.8,47.2,34.0,945.3,1.3,0.0,66.099,65.511,64.79,0,1,0
2025,11,AUSTRIAN GRAND PRIX,BOR,Kick Sauber,Q1,65.123,8.0,16.523,28.96,19.64,2.0,SOFT,True,317.0,245.0,284.0,319.0,27.8,47.2,34.0,945.3,1.3,0.0,65.874,65.411,65.182,0,1,0
2025,11,AUSTRIAN GRAND PRIX,ALB,Williams,Q1,65.143,12.0,16.395,28.779,19.969,,NONE,True,316.0,250.0,284.0,319.0,27.8,47.2,34.0,945.3,1.3,0.0,65.946,65.765,65.314,0,1,0
2025,11,AUSTRIAN GRAND PRIX,ANT,Mercedes,Q1,65.178,9.0,16.319,29.115,19.744,,NONE,True,317.0,247.0,284.0,321.0,27.8,47.2,34.0,945.3,1.3,0.0,66.13,65.537,65.053,0,1,0
2025,11,AUSTRIAN GRAND PRIX,RUS,Mercedes,Q1,65.189,5.0,16.369,29.315,19.505,2.0,SOFT,True,317.0,248.0,287.0,318.0,27.8,47.2,34.0,945.3,1.3,0.0,65.542,65.229,65.018,0,1,0
2025,11,AUSTRIAN GRAND PRIX,ALO,Aston Martin,Q1,65.197,11.0,16.511,28.957,19.729,2.0,SOFT,True,318.0,246.0,284.0,320.0,27.8,47.2,34.0,945.3,1.3,0.0,66.17,65.457,65.243,0,1,0
2025,11,AUSTRIAN GRAND PRIX,LEC,Ferrari,Q1,65.197,2.0,16.531,29.011,19.655,5.0,NONE,False,315.0,247.0,284.0,320.0,27.8,47.2,34.0,945.3,1.3,0.0,,65.19,64.574,0,1,0
2025,11,AUSTRIAN GRAND PRIX,BEA,Haas F1 Team,Q1,65.218,15.0,16.553,28.878,19.787,2.0,SOFT,True,315.0,245.0,284.0,318.0,27.8,47.2,34.0,945.3,1.3,0.0,66.738,65.835,65.366,0,1,0
2025,11,AUSTRIAN GRAND PRIX,COL,Alpine,Q1,65.278,14.0,16.626,28.974,19.678,2.0,SOFT,True,313.0,247.0,283.0,318.0,27.8,47.2,34.0,945.3,1.3,0.0,66.246,66.176,65.546,0,1,0
2025,11,AUSTRIAN GRAND PRIX,STR,Aston Martin,Q1,65.329,16.0,16.508,29.036,19.785,2.0,SOFT,True,317.0,249.0,283.0,319.0,27.8,47.2,34.0,945.3,1.3,0.0,66.16,65.022,65.062,0,1,0
2025,11,AUSTRIAN GRAND PRIX,OCO,Haas F1 Team,Q1,65.364,17.0,16.613,29.012,19.739,2.0,SOFT,True,313.0,247.0,285.0,319.0,27.8,47.2,34.0,945.3,1.3,0.0,66.51,65.698,65.519,0,1,0
2025,11,AUSTRIAN GRAND PRIX,TSU,Red Bull Racing,Q1,65.369,18.0,16.574,29.027,19.768,2.0,SOFT,True,319.0,248.0,287.0,321.0,27.8,47.2,34.0,945.3,1.3,0.0,66.262,65.292,65.139,0,1,0
2025,11,AUSTRIAN GRAND PRIX,SAI,Williams,Q1,65.582,19.0,16.515,29.13,19.937,2.0,SOFT,True,314.0,244.0,284.0,317.0,27.8,47.2,34.0,945.3,1.3,0.0,66.017,65.814,65.326,0,1,0
2025,11,AUSTRIAN GRAND PRIX,HUL,Kick Sauber,Q1,65.606,20.0,16.581,29.067,19.958,5.0,SOFT,False,314.0,244.0,283.0,316.0,27.8,47.2,34.0,945.3,1.3,0.0,66.14,65.918,65.283,0,1,0
2025,11,AUSTRIAN GRAND PRIX,NOR,McLaren,Q2,64.41,1.0,16.424,28.623,19.363,2.0,SOFT,True,313.0,250.0,287.0,321.0,27.8,47.2,34.0,945.3,1.3,0.0,,64.58,64.324,0,2,0
2025,11,AUSTRIAN GRAND PRIX,PIA,McLaren,Q2,64.556,3.0,16.354,28.694,19.508,2.0,SOFT,True,314.0,251.0,286.0,322.0,27.8,47.2,34.0,945.3,1.3,0.0,65.697,64.737,64.442,0,2,0
2025,11,AUSTRIAN GRAND PRIX,LEC,Ferrari,Q2,64.734,2.0,16.391,28.867,19.476,5.0,SOFT,False,318.0,247.0,287.0,317.0,27.8,47.2,34.0,945.3,1.3,0.0,,65.19,64.574,0,2,0
2025,11,AUSTRIAN GRAND PRIX,VER,Red Bull Racing,Q2,64.836,7.0,16.439,28.901,19.496,2.0,SOFT,True,320.0,247.0,287.0,318.0,27.8,47.2,34.0,945.3,1.3,0.0,65.607,64.898,64.534,0,2,0
2025,11,AUSTRIAN GRAND PRIX,BOR,Kick Sauber,Q2,64.846,8.0,16.492,28.868,19.486,2.0,SOFT,True,318.0,249.0,286.0,318.0,27.8,47.2,34.0,945.3,1.3,0.0,65.874,65.411,65.182,0,2,0
2025,11,AUSTRIAN GRAND PRIX,GAS,Alpine,Q2,64.846,10.0,16.461,28.813,19.572,2.0,SOFT,True,317.0,247.0,287.0,317.0,27.8,47.2,34.0,945.3,1.3,0.0,65.78,65.613,65.366,0,2,0
2025,11,AUSTRIAN GRAND PRIX,RUS,Mercedes,Q2,64.86,5.0,16.31,29.006,19.544,2.0,SOFT,True,320.0,247.0,287.0,320.0,27.8,47.2,34.0,945.3,1.3,0.0,65.542,65.229,65.018,0,2,0
2025,11,AUSTRIAN GRAND PRIX,HAM,Ferrari,Q2,64.896,4.0,16.433,28.898,19.565,2.0,SOFT,True,314.0,250.0,279.0,321.0,27.8,47.2,34.0,945.3,1.3,0.0,66.099,65.511,64.79,0,2,0
2025,11,AUSTRIAN GRAND PRIX,LAW,Racing Bulls,Q2,65.041,6.0,16.493,29.045,19.503,2.0,SOFT,True,317.0,251.0,287.0,315.0,27.8,47.2,34.0,945.3,1.3,0.0,66.189,65.543,65.182,0,2,0
2025,11,AUSTRIAN GRAND PRIX,ANT,Mercedes,Q2,65.052,9.0,16.338,29.161,19.553,2.0,SOFT,True,320.0,247.0,287.0,318.0,27.8,47.2,34.0,945.3,1.3,0.0,66.13,65.537,65.053,0,2,0
2025,11,AUSTRIAN GRAND PRIX,ALO,Aston Martin,Q2,65.128,11.0,16.494,29.038,19.596,2.0,SOFT,True,319.0,249.0,285.0,316.0,27.8,47.2,34.0,945.3,1.3,0.0,66.17,65.457,65.243,0,2,0
2025,11,AUSTRIAN GRAND PRIX,ALB,Williams,Q2,65.205,12.0,16.445,29.025,19.735,4.0,SOFT,False,315.0,244.0,285.0,316.0,27.8,47.2,34.0,945.3,1.3,0.0,65.946,65.765,65.314,0,2,0
2025,11,AUSTRIAN GRAND PRIX,HAD,Racing Bulls,Q2,65.226,13.0,16.712,28.884,19.63,2.0,SOFT,True,313.0,249.0,283.0,316.0,27.8,47.2,34.0,945.3,1.3,0.0,66.11,65.547,66.023,0,2,0
2025,11,AUSTRIAN GRAND PRIX,COL,Alpine,Q2,65.288,14.0,16.482,29.112,19.694,2.0,SOFT,True,317.0,246.0,286.0,316.0,27.8,47.2,34.0,945.3,1.3,0.0,66.246,66.176,65.546,0,2,0
2025,11,AUSTRIAN GRAND PRIX,BEA,Haas F1 Team,Q2,65.312,15.0,16.544,29.127,19.641,2.0,SOFT,True,317.0,246.0,284.0,317.0,27.8,47.2,34.0,945.3,1.3,0.0,66.738,65.835,65.366,0,2,0
2025,11,AUSTRIAN GRAND PRIX,NOR,McLaren,Q3,63.971,1.0,16.285,28.436,19.25,2.0,SOFT,True,316.0,252.0,286.0,318.0,27.8,47.2,34.0,945.3,1.3,0.0,,64.58,64.324,0,3,0
2025,11,AUSTRIAN GRAND PRIX,LEC,Ferrari,Q3,64.492,2.0,16.371,28.763,19.358,2.0,SOFT,True,315.0,249.0,285.0,321.0,27.8,47.2,34.0,945.3,1.3,0.0,,65.19,64.574,0,3,0
2025,11,AUSTRIAN GRAND PRIX,PIA,McLaren,Q3,64.554,3.0,16.469,28.792,19.293,2.0,SOFT,True,315.0,255.0,286.0,321.0,27.8,47.2,34.0,945.3,1.3,0.0,65.697,64.737,64.442,0,3,0
2025,11,AUSTRIAN GRAND PRIX,HAM,Ferrari,Q3,64.582,4.0,16.366,28.703,19.513,2.0,SOFT,True,316.0,247.0,285.0,319.0,27.8,47.2,34.0,945.3,1.3,0.0,66.099,65.511,64.79,0,3,0
2025,11,AUSTRIAN GRAND PRIX,RUS,Mercedes,Q3,64.763,5.0,16.34,28.979,19.444,2.0,SOFT,True,317.0,250.0,287.0,319.0,27.8,47.2,34.0,945.3,1.3,0.0,65.542,65.229,65.018,0,3,0
2025,11,AUSTRIAN GRAND PRIX,LAW,Racing Bulls,Q3,64.926,6.0,16.526,28.839,19.561,2.0,SOFT,True,314.0,251.0,285.0,316.0,27.8,47.2,34.0,945.3,1.3,0.0,66.189,65.543,65.182,0,3,0
2025,11,AUSTRIAN GRAND PRIX,VER,Red Bull Racing,Q3,64.929,7.0,16.496,28.905,19.528,5.0,SOFT,False,316.0,249.0,280.0,320.0,27.8,47.2,34.0,945.3,1.3,0.0,65.607,64.898,64.534,0,3,0
2025,11,AUSTRIAN GRAND PRIX,BOR,Kick Sauber,Q3,65.132,8.0,16.613,28.941,19.578,2.0,SOFT,True,315.0,248.0,285.0,316.0,27.8,47.2,34.0,945.3,1.3,0.0,65.874,65.411,65.182,0,3,0
2025,11,AUSTRIAN GRAND PRIX,ANT,Mercedes,Q3,65.276,9.0,16.439,29.177,19.66,5.0,SOFT,False,316.0,248.0,286.0,321.0,27.8,47.2,34.0,945.3,1.3,0.0,66.13,65.537,65.053,0,3,0
2025,11,AUSTRIAN GRAND PRIX,GAS,Alpine,Q3,65.649,10.0,16.56,29.314,19.775,5.0,SOFT,False,313.0,242.0,285.0,319.0,27.8,47.2,34.0,945.3,1.3,0.0,65.78,65.613,65.366,0,3,0
2025,12,BRITISH GRAND PRIX,VER,Red Bull Racing,Q1,85.886,1.0,27.836,34.494,23.556,5.0,SOFT,False,324.0,272.0,257.0,323.0,19.9,27.4,76.0,994.9,4.0,0.0,87.432,86.314,85.585,0,1,0
2025,12,BRITISH GRAND PRIX,PIA,McLaren,Q1,85.963,2.0,27.97,34.551,23.442,8.0,SOFT,False,318.0,272.0,256.0,316.0,19.9,27.4,76.0,994.9,4.0,0.0,87.042,86.286,85.566,0,1,0
2025,12,BRITISH GRAND PRIX,BEA,Haas F1 Team,Q1,86.005,8.0,27.761,34.49,23.754,2.0,SOFT,True,319.0,269.0,252.0,315.0,19.9,27.4,76.0,994.9,4.0,0.0,88.147,87.226,86.112,0,1,0
2025,12,BRITISH GRAND PRIX,ALB,Williams,Q1,86.093,14.0,27.748,34.682,23.663,2.0,SOFT,True,321.0,270.0,254.0,321.0,19.9,27.4,76.0,994.9,4.0,0.0,87.304,86.84,86.119,0,1,0
2025,12,BRITISH GRAND PRIX,ALO,Aston Martin,Q1,86.108,9.0,27.919,34.635,23.554,2.0,SOFT,True,320.0,271.0,253.0,322.0,19.9,27.4,76.0,994.9,4.0,0.0,87.678,86.876,86.894,0,1,0
2025,12,BRITISH GRAND PRIX,NOR,McLaren,Q1,86.123,3.0,28.079,34.532,23.512,7.0,SOFT,False,319.0,270.0,254.0,317.0,19.9,27.4,76.0,994.9,4.0,0.0,86.915,85.816,85.606,0,1,0
2025,12,BRITISH GRAND PRIX,OCO,Haas F1 Team,Q1,86.136,15.0,27.791,34.694,23.651,2.0,SOFT,True,320.0,268.0,254.0,316.0,19.9,27.4,76.0,994.9,4.0,0.0,88.057,86.941,86.377,0,1,0
2025,12,BRITISH GRAND PRIX,SAI,Williams,Q1,86.175,11.0,27.731,34.747,23.697,2.0,SOFT,True,317.0,271.0,254.0,320.0,19.9,27.4,76.0,994.9,4.0,0.0,87.909,87.159,86.332,0,1,0
2025,12,BRITISH GRAND PRIX,HAD,Racing Bulls,Q1,86.177,13.0,28.079,34.527,23.571,2.0,SOFT,True,318.0,268.0,252.0,318.0,19.9,27.4,76.0,994.9,4.0,0.0,87.217,86.524,86.129,0,1,0
2025,12,BRITISH GRAND PRIX,LEC,Ferrari,Q1,86.186,6.0,28.007,34.61,23.569,8.0,SOFT,False,319.0,269.0,254.0,317.0,19.9,27.4,76.0,994.9,4.0,0.0,87.095,86.038,85.498,0,1,0
2025,12,BRITISH GRAND PRIX,RUS,Mercedes,Q1,86.236,4.0,28.033,34.599,23.604,6.0,SOFT,False,317.0,269.0,254.0,318.0,19.9,27.4,76.0,994.9,4.0,0.0,87.163,86.523,86.125,0,1,0
2025,12,BRITISH GRAND PRIX,ANT,Mercedes,Q1,86.265,7.0,27.817,34.786,23.662,2.0,SOFT,True,317.0,269.0,255.0,314.0,19.9,27.4,76.0,994.9,4.0,0.0,87.367,86.383,86.422,0,1,0
2025,12,BRITISH GRAND PRIX,TSU,Red Bull Racing,Q1,86.275,12.0,27.846,34.665,23.764,2.0,SOFT,True,324.0,271.0,256.0,323.0,19.9,27.4,76.0,994.9,4.0,0.0,,86.98,86.104,0,1,0
2025,12,BRITISH GRAND PRIX,HAM,Ferrari,Q1,86.296,5.0,27.946,34.82,23.53,2.0,SOFT,True,321.0,269.0,254.0,319.0,19.9,27.4,76.0,994.9,4.0,0.0,86.892,86.117,86.332,0,1,0
2025,12,BRITISH GRAND PRIX,GAS,Alpine,Q1,86.328,10.0,27.797,34.786,23.745,2.0,SOFT,True,321.0,267.0,251.0,320.0,19.9,27.4,76.0,994.9,4.0,0.0,88.332,87.174,87.878,0,1,0
2025,12,BRITISH GRAND PRIX,LAW,Racing Bulls,Q1,86.44,16.0,28.109,34.663,23.668,2.0,SOFT,True,317.0,268.0,254.0,317.0,19.9,27.4,76.0,994.9,4.0,0.0,87.351,86.624,86.256,0,1,0
2025,12,BRITISH GRAND PRIX,BOR,Kick Sauber,Q1,86.446,17.0,27.991,34.778,23.677,2.0,SOFT,True,320.0,270.0,255.0,318.0,19.9,27.4,76.0,994.9,4.0,0.0,88.397,86.904,86.501,0,1,0
2025,12,BRITISH GRAND PRIX,STR,Aston Martin,Q1,86.504,18.0,27.904,34.823,23.777,2.0,SOFT,True,319.0,270.0,239.0,324.0,19.9,27.4,76.0,994.9,4.0,0.0,87.844,86.43,87.6,0,1,0
2025,12,BRITISH GRAND PRIX,HUL,Kick Sauber,Q1,86.574,19.0,28.176,34.82,23.578,2.0,SOFT,True,320.0,269.0,255.0,320.0,19.9,27.4,76.0,994.9,4.0,0.0,,87.165,86.499,0,1,0
2025,12,BRITISH GRAND PRIX,COL,Alpine,Q1,87.06,20.0,28.281,35.024,23.755,2.0,SOFT,True,321.0,269.0,251.0,322.0,19.9,27.4,76.0,994.9,4.0,0.0,88.086,87.289,87.597,0,1,0
2025,12,BRITISH GRAND PRIX,HAM,Ferrari,Q2,85.084,5.0,27.528,34.179,23.377,2.0,SOFT,True,321.0,273.0,255.0,322.0,19.9,27.4,76.0,994.9,4.0,0.0,86.892,86.117,86.332,0,2,0
2025,12,BRITISH GRAND PRIX,LEC,Ferrari,Q2,85.133,6.0,27.617,34.189,23.327,2.0,SOFT,True,319.0,272.0,255.0,321.0,19.9,27.4,76.0,994.9,4.0,0.0,87.095,86.038,85.498,0,2,0
2025,12,BRITISH GRAND PRIX,NOR,McLaren,Q2,85.231,3.0,27.693,34.111,23.427,2.0,SOFT,True,318.0,270.0,256.0,316.0,19.9,27.4,76.0,994.9,4.0,0.0,86.915,85.816,85.606,0,2,0
2025,12,BRITISH GRAND PRIX,PIA,McLaren,Q2,85.316,2.0,27.656,34.216,23.444,2.0,SOFT,True,319.0,270.0,257.0,318.0,19.9,27.4,76.0,994.9,4.0,0.0,87.042,86.286,85.566,0,2,0
2025,12,BRITISH GRAND PRIX,VER,Red Bull Racing,Q2,85.316,1.0,27.649,34.272,23.395,2.0,SOFT,True,323.0,269.0,257.0,325.0,19.9,27.4,76.0,994.9,4.0,0.0,87.432,86.314,85.585,0,2,0
2025,12,BRITISH GRAND PRIX,BEA,Haas F1 Team,Q2,85.534,8.0,27.621,34.367,23.546,2.0,SOFT,True,317.0,267.0,254.0,319.0,19.9,27.4,76.0,994.9,4.0,0.0,88.147,87.226,86.112,0,2,0
2025,12,BRITISH GRAND PRIX,ALO,Aston Martin,Q2,85.593,9.0,27.645,34.365,23.583,2.0,SOFT,True,319.0,274.0,253.0,322.0,19.9,27.4,76.0,994.9,4.0,0.0,87.678,86.876,86.894,0,2,0
2025,12,BRITISH GRAND PRIX,ANT,Mercedes,Q2,85.62,7.0,27.681,34.501,23.438,2.0,SOFT,True,319.0,272.0,254.0,322.0,19.9,27.4,76.0,994.9,4.0,0.0,87.367,86.383,86.422,0,2,0
2025,12,BRITISH GRAND PRIX,RUS,Mercedes,Q2,85.637,4.0,27.847,34.341,23.449,2.0,SOFT,True,317.0,271.0,255.0,319.0,19.9,27.4,76.0,994.9,4.0,0.0,87.163,86.523,86.125,0,2,0
2025,12,BRITISH GRAND PRIX,GAS,Alpine,Q2,85.711,10.0,27.777,34.533,23.401,2.0,SOFT,True,321.0,269.0,256.0,324.0,19.9,27.4,76.0,994.9,4.0,0.0,88.332,87.174,87.878,0,2,0
2025,12,BRITISH GRAND PRIX,SAI,Williams,Q2,85.746,11.0,27.693,34.449,23.604,2.0,SOFT,True,316.0,269.0,254.0,325.0,19.9,27.4,76.0,994.9,4.0,0.0,87.909,87.159,86.332,0,2,0
2025,12,BRITISH GRAND PRIX,TSU,Red Bull Racing,Q2,85.826,12.0,27.864,34.342,23.62,2.0,SOFT,True,324.0,272.0,257.0,326.0,19.9,27.4,76.0,994.9,4.0,0.0,,86.98,86.104,0,2,0
2025,12,BRITISH GRAND PRIX,HAD,Racing Bulls,Q2,85.864,13.0,27.906,34.458,23.5,2.0,SOFT,True,319.0,269.0,253.0,321.0,19.9,27.4,76.0,994.9,4.0,0.0,87.217,86.524,86.129,0,2,0
2025,12,BRITISH GRAND PRIX,ALB,Williams,Q2,85.889,14.0,27.803,34.456,23.63,3.0,SOFT,False,317.0,271.0,253.0,321.0,19.9,27.4,76.0,994.9,4.0,0.0,87.304,86.84,86.119,0,2,0
2025,12,BRITISH GRAND PRIX,OCO,Haas F1 Team,Q2,85.95,15.0,27.861,34.401,23.688,2.0,SOFT,True,317.0,268.0,254.0,316.0,19.9,27.4,76.0,994.9,4.0,0.0,88.057,86.941,86.377,0,2,0
2025,12,BRITISH GRAND PRIX,VER,Red Bull Racing,Q3,84.892,1.0,27.493,33.973,23.426,2.0,SOFT,True,323.0,273.0,256.0,323.0,19.9,27.4,76.0,994.9,4.0,0.0,87.432,86.314,85.585,0,3,0
2025,12,BRITISH GRAND PRIX,PIA,McLaren,Q3,84.995,2.0,27.615,34.113,23.267,2.0,SOFT,True,318.0,274.0,258.0,319.0,19.9,27.4,76.0,994.9,4.0,0.0,87.042,86.286,85.566,0,3,0
2025,12,BRITISH GRAND PRIX,NOR,McLaren,Q3,85.01,3.0,27.659,34.027,23.324,2.0,SOFT,True,317.0,270.0,257.0,318.0,19.9,27.4,76.0,994.9,4.0,0.0,86.915,85.816,85.606,0,3,0
2025,12,BRITISH GRAND PRIX,RUS,Mercedes,Q3,85.029,4.0,27.644,34.163,23.222,2.0,SOFT,True,318.0,273.0,256.0,322.0,19.9,27.4,76.0,994.9,4.0,0.0,87.163,86.523,86.125,0,3,0
2025,12,BRITISH GRAND PRIX,HAM,Ferrari,Q3,85.095,5.0,27.5,34.111,23.484,2.0,SOFT,True,319.0,272.0,252.0,320.0,19.9,27.4,76.0,994.9,4.0,0.0,86.892,86.117,86.332,0,3,0
2025,12,BRITISH GRAND PRIX,LEC,Ferrari,Q3,85.121,6.0,27.635,34.036,23.45,2.0,SOFT,True,318.0,271.0,254.0,319.0,19.9,27.4,76.0,994.9,4.0,0.0,87.095,86.038,85.498,0,3,0
2025,12,BRITISH GRAND PRIX,ANT,Mercedes,Q3,85.374,7.0,27.658,34.279,23.437,2.0,SOFT,True,318.0,271.0,255.0,321.0,19.9,27.4,76.0,994.9,4.0,0.0,87.367,86.383,86.422,0,3,0
2025,12,BRITISH GRAND PRIX,BEA,Haas F1 Team,Q3,85.471,8.0,27.698,34.297,23.476,2.0,SOFT,True,316.0,268.0,255.0,319.0,19.9,27.4,76.0,994.9,4.0,0.0,88.147,87.226,86.112,0,3,0
2025,12,BRITISH GRAND PRIX,ALO,Aston Martin,Q3,85.621,9.0,27.631,34.318,23.672,2.0,SOFT,True,319.0,272.0,253.0,318.0,19.9,27.4,76.0,994.9,4.0,0.0,87.678,86.876,86.894,0,3,0
2025,12,BRITISH GRAND PRIX,GAS,Alpine,Q3,85.785,10.0,27.735,34.464,23.586,2.0,SOFT,True,320.0,269.0,250.0,320.0,19.9,27.4,76.0,994.9,4.0,0.0,88.332,87.174,87.878,0,3,0
2025,13,BELGIAN GRAND PRIX,NOR,McLaren,Q1,101.01,1.0,30.223,42.908,27.879,2.0,SOFT,True,335.0,221.0,227.0,311.0,22.6,37.3,55.0,967.8,1.3,0.0,102.526,,101.128,1,1,0
2025,13,BELGIAN GRAND PRIX,PIA,McLaren,Q1,101.201,2.0,30.315,42.885,28.001,2.0,SOFT,True,333.0,218.0,228.0,311.0,22.6,37.3,55.0,967.8,1.3,0.0,102.022,,100.51,1,1,0
2025,13,BELGIAN GRAND PRIX,VER,Red Bull Racing,Q1,101.334,4.0,30.25,43.091,27.993,2.0,SOFT,True,332.0,218.0,228.0,311.0,22.6,37.3,55.0,967.8,1.3,0.0,102.426,,100.987,1,1,0
2025,13,BELGIAN GRAND PRIX,HAD,Racing Bulls,Q1,101.572,8.0,30.098,43.421,28.053,2.0,SOFT,True,337.0,220.0,227.0,311.0,22.6,37.3,55.0,967.8,1.3,0.0,103.122,,101.971,1,1,0
2025,13,BELGIAN GRAND PRIX,BEA,Haas F1 Team,Q1,101.617,12.0,30.147,43.172,28.298,2.0,SOFT,True,338.0,218.0,226.0,310.0,22.6,37.3,55.0,967.8,1.3,0.0,105.077,,101.857,1,1,0
2025,13,BELGIAN GRAND PRIX,LEC,Ferrari,Q1,101.635,3.0,30.001,43.547,28.087,2.0,SOFT,True,344.0,217.0,227.0,313.0,22.6,37.3,55.0,967.8,1.3,0.0,102.928,,101.278,1,1,0
2025,13,BELGIAN GRAND PRIX,HAM,Ferrari,Q1,101.664,16.0,30.046,43.641,27.977,2.0,SOFT,True,341.0,217.0,228.0,315.0,22.6,37.3,55.0,967.8,1.3,0.0,103.085,,103.408,1,1,0
2025,13,BELGIAN GRAND PRIX,SAI,Williams,Q1,101.691,15.0,30.157,43.479,28.055,2.0,SOFT,True,339.0,218.0,224.0,312.0,22.6,37.3,55.0,967.8,1.3,0.0,103.217,,101.761,1,1,0
2025,13,BELGIAN GRAND PRIX,LAW,Racing Bulls,Q1,101.748,9.0,30.17,43.519,28.059,2.0,SOFT,True,335.0,217.0,227.0,311.0,22.6,37.3,55.0,967.8,1.3,0.0,103.478,,102.169,1,1,0
2025,13,BELGIAN GRAND PRIX,ALB,Williams,Q1,101.772,5.0,30.149,43.584,28.039,2.0,SOFT,True,341.0,217.0,227.0,311.0,22.6,37.3,55.0,967.8,1.3,0.0,103.261,,103.212,1,1,0
2025,13,BELGIAN GRAND PRIX,RUS,Mercedes,Q1,101.784,6.0,29.943,43.931,27.91,2.0,SOFT,True,343.0,218.0,226.0,315.0,22.6,37.3,55.0,967.8,1.3,0.0,102.598,,102.33,1,1,0
2025,13,BELGIAN GRAND PRIX,GAS,Alpine,Q1,101.8,13.0,29.921,43.907,27.972,2.0,SOFT,True,339.0,213.0,226.0,317.0,22.6,37.3,55.0,967.8,1.3,0.0,103.929,,101.949,1,1,0
2025,13,BELGIAN GRAND PRIX,TSU,Red Bull Racing,Q1,101.84,7.0,30.153,43.53,28.157,2.0,SOFT,True,340.0,216.0,227.0,312.0,22.6,37.3,55.0,967.8,1.3,0.0,104.492,,102.184,1,1,0
2025,13,BELGIAN GRAND PRIX,HUL,Kick Sauber,Q1,101.844,14.0,30.072,43.488,28.284,2.0,SOFT,True,341.0,217.0,227.0,311.0,22.6,37.3,55.0,967.8,1.3,0.0,103.47,,103.217,1,1,0
2025,13,BELGIAN GRAND PRIX,OCO,Haas F1 Team,Q1,101.884,11.0,29.982,43.868,28.034,2.0,SOFT,True,341.0,214.0,228.0,315.0,22.6,37.3,55.0,967.8,1.3,0.0,103.57,,101.565,1,1,0
2025,13,BELGIAN GRAND PRIX,BOR,Kick Sauber,Q1,101.908,10.0,30.245,43.479,28.184,2.0,SOFT,True,335.0,217.0,227.0,309.0,22.6,37.3,55.0,967.8,1.3,0.0,103.262,,101.901,1,1,0
2025,13,BELGIAN GRAND PRIX,COL,Alpine,Q1,102.022,17.0,30.007,44.049,27.966,2.0,SOFT,True,341.0,212.0,226.0,319.0,22.6,37.3,55.0,967.8,1.3,0.0,104.847,,103.587,1,1,0
2025,13,BELGIAN GRAND PRIX,ANT,Mercedes,Q1,102.139,18.0,30.056,44.2,27.883,2.0,SOFT,True,340.0,219.0,227.0,316.0,22.6,37.3,55.0,967.8,1.3,0.0,102.979,,105.394,1,1,0
2025,13,BELGIAN GRAND PRIX,ALO,Aston Martin,Q1,102.385,19.0,30.185,44.007,28.193,2.0,SOFT,True,340.0,218.0,228.0,310.0,22.6,37.3,55.0,967.8,1.3,0.0,103.12,,102.427,1,1,0
2025,13,BELGIAN GRAND PRIX,STR,Aston Martin,Q1,102.502,20.0,30.222,44.048,28.232,2.0,SOFT,True,340.0,215.0,227.0,309.0,22.6,37.3,55.0,967.8,1.3,0.0,103.112,,102.736,1,1,0
2025,13,BELGIAN GRAND PRIX,PIA,McLaren,Q2,100.626,2.0,30.134,42.623,27.869,2.0,SOFT,True,335.0,220.0,228.0,311.0,22.6,37.3,55.0,967.8,1.3,0.0,102.022,,100.51,1,2,0
2025,13,BELGIAN GRAND PRIX,NOR,McLaren,Q2,100.715,1.0,30.119,42.61,27.986,2.0,SOFT,True,337.0,221.0,226.0,311.0,22.6,37.3,55.0,967.8,1.3,0.0,102.526,,101.128,1,2,0
2025,13,BELGIAN GRAND PRIX,VER,Red Bull Racing,Q2,100.951,4.0,30.163,42.798,27.99,2.0,SOFT,True,336.0,219.0,227.0,310.0,22.6,37.3,55.0,967.8,1.3,0.0,102.426,,100.987,1,2,0
2025,13,BELGIAN GRAND PRIX,LEC,Ferrari,Q2,101.084,3.0,30.013,43.124,27.947,2.0,SOFT,True,341.0,221.0,227.0,312.0,22.6,37.3,55.0,967.8,1.3,0.0,102.928,,101.278,1,2,0
2025,13,BELGIAN GRAND PRIX,TSU,Red Bull Racing,Q2,101.245,7.0,30.087,43.081,28.077,2.0,SOFT,True,339.0,215.0,228.0,311.0,22.6,37.3,55.0,967.8,1.3,0.0,104.492,,102.184,1,2,0
2025,13,BELGIAN GRAND PRIX,RUS,Mercedes,Q2,101.254,6.0,29.899,43.485,27.87,2.0,SOFT,True,341.0,220.0,227.0,317.0,22.6,37.3,55.0,967.8,1.3,0.0,102.598,,102.33,1,2,0
2025,13,BELGIAN GRAND PRIX,HAD,Racing Bulls,Q2,101.281,8.0,30.118,43.172,27.991,2.0,SOFT,True,336.0,218.0,227.0,313.0,22.6,37.3,55.0,967.8,1.3,0.0,103.122,,101.971,1,2,0
2025,13,BELGIAN GRAND PRIX,LAW,Racing Bulls,Q2,101.297,9.0,29.97,43.349,27.978,2.0,SOFT,True,340.0,216.0,228.0,315.0,22.6,37.3,55.0,967.8,1.3,0.0,103.478,,102.169,1,2,0
2025,13,BELGIAN GRAND PRIX,BOR,Kick Sauber,Q2,101.336,10.0,30.083,43.267,27.986,2.0,SOFT,True,340.0,219.0,228.0,314.0,22.6,37.3,55.0,967.8,1.3,0.0,103.262,,101.901,1,2,0
2025,13,BELGIAN GRAND PRIX,ALB,Williams,Q2,101.505,5.0,30.17,43.326,28.009,2.0,SOFT,True,340.0,219.0,226.0,310.0,22.6,37.3,55.0,967.8,1.3,0.0,103.261,,103.212,1,2,0
2025,13,BELGIAN GRAND PRIX,OCO,Haas F1 Team,Q2,101.525,11.0,29.828,43.749,27.948,2.0,SOFT,True,345.0,215.0,228.0,318.0,22.6,37.3,55.0,967.8,1.3,0.0,103.57,,101.565,1,2,0
2025,13,BELGIAN GRAND PRIX,BEA,Haas F1 Team,Q2,101.617,12.0,30.456,42.879,28.282,2.0,SOFT,True,338.0,220.0,225.0,311.0,22.6,37.3,55.0,967.8,1.3,0.0,105.077,,101.857,1,2,0
2025,13,BELGIAN GRAND PRIX,GAS,Alpine,Q2,101.633,13.0,30.009,43.619,28.005,2.0,SOFT,True,339.0,211.0,225.0,318.0,22.6,37.3,55.0,967.8,1.3,0.0,103.929,,101.949,1,2,0
2025,13,BELGIAN GRAND PRIX,HUL,Kick Sauber,Q2,101.707,14.0,30.164,43.407,28.136,2.0,SOFT,True,340.0,220.0,228.0,313.0,22.6,37.3,55.0,967.8,1.3,0.0,103.47,,103.217,1,2,0
2025,13,BELGIAN GRAND PRIX,SAI,Williams,Q2,101.758,15.0,30.122,43.556,28.08,2.0,SOFT,True,338.0,218.0,227.0,313.0,22.6,37.3,55.0,967.8,1.3,0.0,103.217,,101.761,1,2,0
2025,13,BELGIAN GRAND PRIX,NOR,McLaren,Q3,100.562,1.0,30.005,42.579,27.978,2.0,SOFT,True,338.0,217.0,227.0,314.0,22.6,37.3,55.0,967.8,1.3,0.0,102.526,,101.128,1,3,0
2025,13,BELGIAN GRAND PRIX,PIA,McLaren,Q3,100.647,2.0,29.983,42.641,28.023,2.0,SOFT,True,337.0,213.0,228.0,314.0,22.6,37.3,55.0,967.8,1.3,0.0,102.022,,100.51,1,3,0
2025,13,BELGIAN GRAND PRIX,LEC,Ferrari,Q3,100.9,3.0,29.819,43.049,28.032,5.0,SOFT,False,343.0,218.0,228.0,315.0,22.6,37.3,55.0,967.8,1.3,0.0,102.928,,101.278,1,3,0
2025,13,BELGIAN GRAND PRIX,VER,Red Bull Racing,Q3,100.903,4.0,30.192,42.785,27.926,2.0,SOFT,True,335.0,220.0,227.0,312.0,22.6,37.3,55.0,967.8,1.3,0.0,102.426,,100.987,1,3,0
2025,13,BELGIAN GRAND PRIX,ALB,Williams,Q3,101.201,5.0,29.858,43.226,28.117,2.0,SOFT,True,339.0,216.0,226.0,314.0,22.6,37.3,55.0,967.8,1.3,0.0,103.261,,103.212,1,3,0
2025,13,BELGIAN GRAND PRIX,RUS,Mercedes,Q3,101.26,6.0,29.761,43.642,27.857,2.0,SOFT,True,343.0,218.0,227.0,317.0,22.6,37.3,55.0,967.8,1.3,0.0,102.598,,102.33,1,3,0
2025,13,BELGIAN GRAND PRIX,TSU,Red Bull Racing,Q3,101.284,7.0,30.019,43.185,28.08,2.0,SOFT,True,339.0,216.0,227.0,313.0,22.6,37.3,55.0,967.8,1.3,0.0,104.492,,102.184,1,3,0
2025,13,BELGIAN GRAND PRIX,HAD,Racing Bulls,Q3,101.31,8.0,30.032,43.247,28.031,2.0,SOFT,True,337.0,217.0,227.0,314.0,22.6,37.3,55.0,967.8,1.3,0.0,103.122,,101.971,1,3,0
2025,13,BELGIAN GRAND PRIX,LAW,Racing Bulls,Q3,101.328,9.0,29.995,43.291,28.042,2.0,SOFT,True,338.0,213.0,228.0,315.0,22.6,37.3,55.0,967.8,1.3,0.0,103.478,,102.169,1,3,0
2025,13,BELGIAN GRAND PRIX,BOR,Kick Sauber,Q3,102.387,10.0,30.051,44.103,28.233,5.0,SOFT,False,339.0,216.0,226.0,312.0,22.6,37.3,55.0,967.8,1.3,0.0,103.262,,101.901,1,3,0
2025,14,HUNGARIAN GRAND PRIX,PIA,McLaren,Q1,75.211,2.0,27.487,26.526,21.198,5.0,SOFT,False,279.0,255.0,262.0,309.0,28.3,41.0,36.0,983.4,1.9,0.0,76.071,75.915,74.916,0,1,0
2025,14,HUNGARIAN GRAND PRIX,ALO,Aston Martin,Q1,75.281,5.0,27.523,26.529,21.229,2.0,SOFT,True,281.0,256.0,260.0,312.0,28.3,41.0,36.0,983.4,1.9,0.0,,76.233,75.794,0,1,0
2025,14,HUNGARIAN GRAND PRIX,HAD,Racing Bulls,Q1,75.516,10.0,27.704,26.583,21.229,2.0,SOFT,True,283.0,256.0,260.0,308.0,28.3,41.0,36.0,983.4,1.9,0.0,76.681,76.427,76.956,0,1,0
2025,14,HUNGARIAN GRAND PRIX,NOR,McLaren,Q1,75.523,3.0,27.528,26.687,21.308,5.0,SOFT,False,282.0,258.0,263.0,310.0,28.3,41.0,36.0,983.4,1.9,0.0,76.052,75.624,74.948,0,1,0
2025,14,HUNGARIAN GRAND PRIX,LEC,Ferrari,Q1,75.582,1.0,27.485,26.723,21.374,2.0,SOFT,True,288.0,258.0,262.0,314.0,28.3,41.0,36.0,983.4,1.9,0.0,76.269,76.023,75.315,0,1,0
2025,14,HUNGARIAN GRAND PRIX,BOR,Kick Sauber,Q1,75.586,7.0,27.59,26.595,21.401,2.0,SOFT,True,281.0,253.0,260.0,310.0,28.3,41.0,36.0,983.4,1.9,0.0,77.652,76.946,75.978,0,1,0
2025,14,HUNGARIAN GRAND PRIX,RUS,Mercedes,Q1,75.627,4.0,27.749,26.538,21.34,2.0,SOFT,True,283.0,259.0,261.0,314.0,28.3,41.0,36.0,983.4,1.9,0.0,76.925,76.417,75.84,0,1,0
2025,14,HUNGARIAN GRAND PRIX,SAI,Williams,Q1,75.652,13.0,27.575,26.704,21.373,2.0,SOFT,True,282.0,255.0,261.0,310.0,28.3,41.0,36.0,983.4,1.9,0.0,77.195,76.874,76.442,0,1,0
2025,14,HUNGARIAN GRAND PRIX,STR,Aston Martin,Q1,75.673,6.0,27.59,26.62,21.463,2.0,SOFT,True,283.0,256.0,261.0,312.0,28.3,41.0,36.0,983.4,1.9,0.0,76.958,76.119,75.828,0,1,0
2025,14,HUNGARIAN GRAND PRIX,HAM,Ferrari,Q1,75.733,12.0,27.637,26.727,21.369,2.0,SOFT,True,285.0,255.0,259.0,311.0,28.3,41.0,36.0,983.4,1.9,0.0,76.734,76.329,75.684,0,1,0
2025,14,HUNGARIAN GRAND PRIX,VER,Red Bull Racing,Q1,75.736,8.0,27.699,26.647,21.39,2.0,SOFT,True,281.0,259.0,261.0,309.0,28.3,41.0,36.0,983.4,1.9,0.0,76.94,76.791,76.162,0,1,0
2025,14,HUNGARIAN GRAND PRIX,BEA,Haas F1 Team,Q1,75.75,11.0,27.554,26.768,21.428,2.0,SOFT,True,284.0,250.0,261.0,312.0,28.3,41.0,36.0,983.4,1.9,0.0,76.878,76.567,76.127,0,1,0
2025,14,HUNGARIAN GRAND PRIX,ANT,Mercedes,Q1,75.782,15.0,27.631,26.625,21.526,2.0,SOFT,True,282.0,257.0,260.0,313.0,28.3,41.0,36.0,983.4,1.9,0.0,76.88,76.52,75.745,0,1,0
2025,14,HUNGARIAN GRAND PRIX,LAW,Racing Bulls,Q1,75.849,9.0,27.673,26.812,21.364,2.0,SOFT,True,281.0,255.0,259.0,308.0,28.3,41.0,36.0,983.4,1.9,0.0,77.184,76.812,76.371,0,1,0
2025,14,HUNGARIAN GRAND PRIX,COL,Alpine,Q1,75.875,14.0,27.567,26.74,21.568,2.0,SOFT,True,282.0,256.0,260.0,309.0,28.3,41.0,36.0,983.4,1.9,0.0,77.464,77.159,76.247,0,1,0
2025,14,HUNGARIAN GRAND PRIX,TSU,Red Bull Racing,Q1,75.899,16.0,27.623,26.734,21.542,2.0,SOFT,True,285.0,257.0,261.0,311.0,28.3,41.0,36.0,983.4,1.9,0.0,77.393,76.485,76.878,0,1,0
2025,14,HUNGARIAN GRAND PRIX,GAS,Alpine,Q1,75.966,17.0,27.572,26.935,21.459,2.0,SOFT,True,282.0,252.0,261.0,309.0,28.3,41.0,36.0,983.4,1.9,0.0,77.123,77.043,76.57,0,1,0
2025,14,HUNGARIAN GRAND PRIX,OCO,Haas F1 Team,Q1,76.023,18.0,27.603,26.769,21.651,2.0,SOFT,True,283.0,255.0,258.0,310.0,28.3,41.0,36.0,983.4,1.9,0.0,77.004,76.704,76.531,0,1,0
2025,14,HUNGARIAN GRAND PRIX,HUL,Kick Sauber,Q1,76.081,19.0,27.646,26.976,21.459,2.0,SOFT,True,283.0,251.0,261.0,310.0,28.3,41.0,36.0,983.4,1.9,0.0,,76.68,76.025,0,1,0
2025,14,HUNGARIAN GRAND PRIX,ALB,Williams,Q1,76.223,20.0,27.725,26.841,21.657,2.0,SOFT,True,280.0,254.0,259.0,311.0,28.3,41.0,36.0,983.4,1.9,0.0,76.984,77.021,76.53,0,1,0
2025,14,HUNGARIAN GRAND PRIX,NOR,McLaren,Q2,74.89,3.0,27.443,26.396,21.051,2.0,SOFT,True,279.0,259.0,262.0,310.0,28.3,41.0,36.0,983.4,1.9,0.0,76.052,75.624,74.948,0,2,0
2025,14,HUNGARIAN GRAND PRIX,PIA,McLaren,Q2,74.941,2.0,27.555,26.374,21.012,2.0,SOFT,True,279.0,258.0,262.0,310.0,28.3,41.0,36.0,983.4,1.9,0.0,76.071,75.915,74.916,0,2,0
2025,14,HUNGARIAN GRAND PRIX,STR,Aston Martin,Q2,75.129,6.0,27.493,26.416,21.22,2.0,SOFT,True,281.0,256.0,261.0,308.0,28.3,41.0,36.0,983.4,1.9,0.0,76.958,76.119,75.828,0,2,0
2025,14,HUNGARIAN GRAND PRIX,RUS,Mercedes,Q2,75.201,4.0,27.496,26.494,21.211,2.0,SOFT,True,283.0,258.0,261.0,311.0,28.3,41.0,36.0,983.4,1.9,0.0,76.925,76.417,75.84,0,2,0
2025,14,HUNGARIAN GRAND PRIX,ALO,Aston Martin,Q2,75.395,5.0,27.581,26.562,21.252,2.0,SOFT,True,281.0,257.0,260.0,310.0,28.3,41.0,36.0,983.4,1.9,0.0,,76.233,75.794,0,2,0
2025,14,HUNGARIAN GRAND PRIX,LEC,Ferrari,Q2,75.455,1.0,27.489,26.654,21.312,2.0,SOFT,True,285.0,258.0,262.0,311.0,28.3,41.0,36.0,983.4,1.9,0.0,76.269,76.023,75.315,0,2,0
2025,14,HUNGARIAN GRAND PRIX,HAD,Racing Bulls,Q2,75.469,10.0,27.586,26.56,21.323,2.0,SOFT,True,280.0,258.0,259.0,306.0,28.3,41.0,36.0,983.4,1.9,0.0,76.681,76.427,76.956,0,2,0
2025,14,HUNGARIAN GRAND PRIX,VER,Red Bull Racing,Q2,75.547,8.0,27.663,26.588,21.296,2.0,SOFT,True,280.0,260.0,260.0,310.0,28.3,41.0,36.0,983.4,1.9,0.0,76.94,76.791,76.162,0,2,0
2025,14,HUNGARIAN GRAND PRIX,LAW,Racing Bulls,Q2,75.63,9.0,27.623,26.687,21.32,2.0,SOFT,True,280.0,256.0,259.0,305.0,28.3,41.0,36.0,983.4,1.9,0.0,77.184,76.812,76.371,0,2,0
2025,14,HUNGARIAN GRAND PRIX,BOR,Kick Sauber,Q2,75.687,7.0,27.681,26.691,21.315,2.0,SOFT,True,279.0,253.0,259.0,308.0,28.3,41.0,36.0,983.4,1.9,0.0,77.652,76.946,75.978,0,2,0
2025,14,HUNGARIAN GRAND PRIX,ANT,Mercedes,Q2,75.693,15.0,27.631,26.476,21.586,2.0,SOFT,True,282.0,253.0,260.0,307.0,28.3,41.0,36.0,983.4,1.9,0.0,76.88,76.52,75.745,0,2,0
2025,14,HUNGARIAN GRAND PRIX,BEA,Haas F1 Team,Q2,75.694,11.0,27.672,26.687,21.335,2.0,SOFT,True,282.0,254.0,260.0,306.0,28.3,41.0,36.0,983.4,1.9,0.0,76.878,76.567,76.127,0,2,0
2025,14,HUNGARIAN GRAND PRIX,HAM,Ferrari,Q2,75.702,12.0,27.583,26.781,21.338,2.0,SOFT,True,284.0,254.0,258.0,307.0,28.3,41.0,36.0,983.4,1.9,0.0,76.734,76.329,75.684,0,2,0
2025,14,HUNGARIAN GRAND PRIX,SAI,Williams,Q2,75.781,13.0,27.485,26.864,21.432,2.0,SOFT,True,281.0,253.0,260.0,311.0,28.3,41.0,36.0,983.4,1.9,0.0,77.195,76.874,76.442,0,2,0
2025,14,HUNGARIAN GRAND PRIX,COL,Alpine,Q2,76.159,14.0,27.679,26.959,21.521,8.0,SOFT,False,280.0,254.0,261.0,310.0,28.3,41.0,36.0,983.4,1.9,0.0,77.464,77.159,76.247,0,2,0
2025,14,HUNGARIAN GRAND PRIX,LEC,Ferrari,Q3,75.372,1.0,27.541,26.453,21.378,2.0,SOFT,True,286.0,259.0,259.0,305.0,28.3,41.0,36.0,983.4,1.9,0.0,76.269,76.023,75.315,0,3,0
2025,14,HUNGARIAN GRAND PRIX,PIA,McLaren,Q3,75.398,2.0,27.6,26.458,21.34,2.0,SOFT,True,277.0,255.0,259.0,301.0,28.3,41.0,36.0,983.4,1.9,0.0,76.071,75.915,74.916,0,3,0
2025,14,HUNGARIAN GRAND PRIX,NOR,McLaren,Q3,75.413,3.0,27.677,26.521,21.215,2.0,SOFT,True,278.0,258.0,260.0,301.0,28.3,41.0,36.0,983.4,1.9,0.0,76.052,75.624,74.948,0,3,0
2025,14,HUNGARIAN GRAND PRIX,RUS,Mercedes,Q3,75.425,4.0,27.667,26.455,21.303,2.0,SOFT,True,281.0,259.0,261.0,306.0,28.3,41.0,36.0,983.4,1.9,0.0,76.925,76.417,75.84,0,3,0
2025,14,HUNGARIAN GRAND PRIX,ALO,Aston Martin,Q3,75.481,5.0,27.533,26.633,21.315,2.0,SOFT,True,279.0,257.0,258.0,305.0,28.3,41.0,36.0,983.4,1.9,0.0,,76.233,75.794,0,3,0
2025,14,HUNGARIAN GRAND PRIX,STR,Aston Martin,Q3,75.498,6.0,27.577,26.629,21.292,2.0,SOFT,True,280.0,254.0,259.0,305.0,28.3,41.0,36.0,983.4,1.9,0.0,76.958,76.119,75.828,0,3,0
2025,14,HUNGARIAN GRAND PRIX,BOR,Kick Sauber,Q3,75.725,7.0,27.594,26.733,21.398,2.0,SOFT,True,279.0,254.0,257.0,304.0,28.3,41.0,36.0,983.4,1.9,0.0,77.652,76.946,75.978,0,3,0
2025,14,HUNGARIAN GRAND PRIX,VER,Red Bull Racing,Q3,75.728,8.0,27.643,26.667,21.418,2.0,SOFT,True,279.0,258.0,256.0,303.0,28.3,41.0,36.0,983.4,1.9,0.0,76.94,76.791,76.162,0,3,0
2025,14,HUNGARIAN GRAND PRIX,LAW,Racing Bulls,Q3,75.821,9.0,27.691,26.8,21.33,2.0,SOFT,True,280.0,255.0,258.0,302.0,28.3,41.0,36.0,983.4,1.9,0.0,77.184,76.812,76.371,0,3,0
2025,14,HUNGARIAN GRAND PRIX,HAD,Racing Bulls,Q3,75.915,10.0,27.697,26.729,21.489,2.0,SOFT,True,279.0,257.0,256.0,300.0,28.3,41.0,36.0,983.4,1.9,0.0,76.681,76.427,76.956,0,3,0
2025,15,DUTCH GRAND PRIX,PIA,McLaren,Q1,69.338,1.0,23.684,24.593,21.061,5.0,SOFT,False,290.0,281.0,321.0,325.0,20.6,34.2,64.0,1006.1,4.0,0.0,70.57,69.979,69.214,0,1,0
2025,15,DUTCH GRAND PRIX,NOR,McLaren,Q1,69.469,2.0,23.646,24.735,21.088,2.0,SOFT,True,289.0,279.0,321.0,326.0,20.6,34.2,64.0,1006.1,4.0,0.0,70.278,69.89,68.972,0,1,0
2025,15,DUTCH GRAND PRIX,RUS,Mercedes,Q1,69.676,5.0,23.692,24.865,21.119,2.0,SOFT,True,289.0,280.0,319.0,328.0,20.6,34.2,64.0,1006.1,4.0,0.0,71.386,70.274,69.858,0,1,0
2025,15,DUTCH GRAND PRIX,VER,Red Bull Racing,Q1,69.696,3.0,23.817,24.708,21.171,5.0,SOFT,False,291.0,281.0,321.0,328.0,20.6,34.2,64.0,1006.1,4.0,0.0,71.218,70.478,69.925,0,1,0
2025,15,DUTCH GRAND PRIX,LAW,Racing Bulls,Q1,69.779,8.0,23.953,24.646,21.18,2.0,SOFT,True,290.0,280.0,318.0,328.0,20.6,34.2,64.0,1006.1,4.0,0.0,71.753,71.339,70.3,0,1,0
2025,15,DUTCH GRAND PRIX,ALB,Williams,Q1,69.792,15.0,23.734,24.916,21.142,2.0,SOFT,True,292.0,283.0,322.0,331.0,20.6,34.2,64.0,1006.1,4.0,0.0,71.171,71.756,70.099,0,1,0
2025,15,DUTCH GRAND PRIX,ANT,Mercedes,Q1,69.845,11.0,23.988,24.686,21.171,2.0,SOFT,True,289.0,281.0,319.0,326.0,20.6,34.2,64.0,1006.1,4.0,0.0,74.275,71.185,70.697,0,1,0
2025,15,DUTCH GRAND PRIX,GAS,Alpine,Q1,69.894,14.0,24.045,24.699,21.15,2.0,SOFT,True,290.0,280.0,321.0,329.0,20.6,34.2,64.0,1006.1,4.0,0.0,71.613,72.122,70.963,0,1,0
2025,15,DUTCH GRAND PRIX,HAM,Ferrari,Q1,69.9,7.0,24.109,24.624,21.167,2.0,SOFT,True,290.0,279.0,317.0,331.0,20.6,34.2,64.0,1006.1,4.0,0.0,71.96,70.738,70.373,0,1,0
2025,15,DUTCH GRAND PRIX,LEC,Ferrari,Q1,69.906,6.0,23.944,24.821,21.141,2.0,SOFT,True,290.0,280.0,319.0,326.0,20.6,34.2,64.0,1006.1,4.0,0.0,71.951,70.834,69.938,0,1,0
2025,15,DUTCH GRAND PRIX,ALO,Aston Martin,Q1,69.95,10.0,23.917,24.736,21.297,2.0,SOFT,True,291.0,280.0,321.0,329.0,20.6,34.2,64.0,1006.1,4.0,0.0,70.841,69.977,70.232,0,1,0
2025,15,DUTCH GRAND PRIX,TSU,Red Bull Racing,Q1,69.954,12.0,23.819,24.878,21.257,2.0,SOFT,True,290.0,281.0,322.0,332.0,20.6,34.2,64.0,1006.1,4.0,0.0,72.126,70.795,70.349,0,1,0
2025,15,DUTCH GRAND PRIX,HAD,Racing Bulls,Q1,69.966,4.0,23.977,24.803,21.186,2.0,SOFT,True,289.0,280.0,320.0,327.0,20.6,34.2,64.0,1006.1,4.0,0.0,71.772,,70.166,0,1,0
2025,15,DUTCH GRAND PRIX,SAI,Williams,Q1,69.98,9.0,23.823,24.931,21.226,2.0,SOFT,True,292.0,282.0,321.0,330.0,20.6,34.2,64.0,1006.1,4.0,0.0,71.458,71.682,69.913,0,1,0
2025,15,DUTCH GRAND PRIX,BOR,Kick Sauber,Q1,70.037,13.0,24.043,24.842,21.152,2.0,SOFT,True,289.0,281.0,320.0,331.0,20.6,34.2,64.0,1006.1,4.0,0.0,71.509,71.32,70.361,0,1,0
2025,15,DUTCH GRAND PRIX,COL,Alpine,Q1,70.104,16.0,24.036,24.749,21.319,2.0,SOFT,True,291.0,282.0,323.0,330.0,20.6,34.2,64.0,1006.1,4.0,0.0,72.276,70.957,71.054,0,1,0
2025,15,DUTCH GRAND PRIX,HUL,Kick Sauber,Q1,70.195,17.0,24.091,24.869,21.235,2.0,SOFT,True,289.0,282.0,322.0,332.0,20.6,34.2,64.0,1006.1,4.0,0.0,71.875,71.08,70.599,0,1,0
2025,15,DUTCH GRAND PRIX,OCO,Haas F1 Team,Q1,70.197,18.0,24.031,24.848,21.318,2.0,SOFT,True,287.0,281.0,317.0,328.0,20.6,34.2,64.0,1006.1,4.0,0.0,72.144,71.361,70.801,0,1,0
2025,15,DUTCH GRAND PRIX,BEA,Haas F1 Team,Q1,70.262,19.0,24.156,24.935,21.171,2.0,SOFT,True,286.0,280.0,317.0,322.0,20.6,34.2,64.0,1006.1,4.0,0.0,72.564,71.113,70.595,0,1,0
2025,15,DUTCH GRAND PRIX,STR,Aston Martin,Q1,92.046,20.0,24.407,25.053,42.586,2.0,SOFT,True,290.0,281.0,,330.0,20.6,34.2,64.0,1006.1,4.0,0.0,70.779,71.975,70.103,0,1,0
2025,15,DUTCH GRAND PRIX,NOR,McLaren,Q2,68.874,2.0,23.474,24.555,20.845,2.0,SOFT,True,291.0,282.0,321.0,328.0,20.6,34.2,64.0,1006.1,4.0,0.0,70.278,69.89,68.972,0,2,0
2025,15,DUTCH GRAND PRIX,PIA,McLaren,Q2,68.964,1.0,23.59,24.517,20.857,2.0,SOFT,True,289.0,281.0,320.0,329.0,20.6,34.2,64.0,1006.1,4.0,0.0,70.57,69.979,69.214,0,2,0
2025,15,DUTCH GRAND PRIX,VER,Red Bull Racing,Q2,69.122,3.0,23.599,24.547,20.976,2.0,SOFT,True,292.0,281.0,319.0,329.0,20.6,34.2,64.0,1006.1,4.0,0.0,71.218,70.478,69.925,0,2,0
2025,15,DUTCH GRAND PRIX,HAM,Ferrari,Q2,69.261,7.0,23.735,24.493,21.033,2.0,SOFT,True,291.0,280.0,318.0,330.0,20.6,34.2,64.0,1006.1,4.0,0.0,71.96,70.738,70.373,0,2,0
2025,15,DUTCH GRAND PRIX,LEC,Ferrari,Q2,69.304,6.0,23.664,24.691,20.949,2.0,SOFT,True,290.0,280.0,320.0,326.0,20.6,34.2,64.0,1006.1,4.0,0.0,71.951,70.834,69.938,0,2,0
2025,15,DUTCH GRAND PRIX,RUS,Mercedes,Q2,69.313,5.0,23.738,24.573,21.002,2.0,SOFT,True,287.0,282.0,321.0,325.0,20.6,34.2,64.0,1006.1,4.0,0.0,71.386,70.274,69.858,0,2,0
2025,15,DUTCH GRAND PRIX,ALO,Aston Martin,Q2,69.366,10.0,23.823,24.514,21.029,2.0,SOFT,True,293.0,282.0,321.0,331.0,20.6,34.2,64.0,1006.1,4.0,0.0,70.841,69.977,70.232,0,2,0
2025,15,DUTCH GRAND PRIX,LAW,Racing Bulls,Q2,69.383,8.0,23.74,24.508,21.135,2.0,SOFT,True,290.0,281.0,319.0,329.0,20.6,34.2,64.0,1006.1,4.0,0.0,71.753,71.339,70.3,0,2,0
2025,15,DUTCH GRAND PRIX,HAD,Racing Bulls,Q2,69.439,4.0,23.749,24.701,20.989,2.0,SOFT,True,288.0,281.0,320.0,329.0,20.6,34.2,64.0,1006.1,4.0,0.0,71.772,,70.166,0,2,0
2025,15,DUTCH GRAND PRIX,SAI,Williams,Q2,69.472,9.0,23.693,24.739,21.04,2.0,SOFT,True,292.0,283.0,321.0,332.0,20.6,34.2,64.0,1006.1,4.0,0.0,71.458,71.682,69.913,0,2,0
2025,15,DUTCH GRAND PRIX,ANT,Mercedes,Q2,69.493,11.0,23.86,24.599,21.034,2.0,SOFT,True,288.0,282.0,322.0,326.0,20.6,34.2,64.0,1006.1,4.0,0.0,74.275,71.185,70.697,0,2,0
2025,15,DUTCH GRAND PRIX,BOR,Kick Sauber,Q2,69.622,13.0,23.811,24.893,20.918,2.0,SOFT,True,290.0,282.0,320.0,329.0,20.6,34.2,64.0,1006.1,4.0,0.0,71.509,71.32,70.361,0,2,0
2025,15,DUTCH GRAND PRIX,TSU,Red Bull Racing,Q2,69.622,12.0,23.745,24.737,21.14,2.0,SOFT,True,291.0,281.0,323.0,329.0,20.6,34.2,64.0,1006.1,4.0,0.0,72.126,70.795,70.349,0,2,0
2025,15,DUTCH GRAND PRIX,GAS,Alpine,Q2,69.637,14.0,24.138,24.54,20.959,2.0,SOFT,True,289.0,281.0,321.0,329.0,20.6,34.2,64.0,1006.1,4.0,0.0,71.613,72.122,70.963,0,2,0
2025,15,DUTCH GRAND PRIX,ALB,Williams,Q2,69.652,15.0,23.68,24.935,21.037,2.0,SOFT,True,292.0,283.0,325.0,330.0,20.6,34.2,64.0,1006.1,4.0,0.0,71.171,71.756,70.099,0,2,0
2025,15,DUTCH GRAND PRIX,PIA,McLaren,Q3,68.662,1.0,23.367,24.476,20.819,2.0,SOFT,True,289.0,282.0,322.0,325.0,20.6,34.2,64.0,1006.1,4.0,0.0,70.57,69.979,69.214,0,3,0
2025,15,DUTCH GRAND PRIX,NOR,McLaren,Q3,68.674,2.0,23.386,24.394,20.894,2.0,SOFT,True,290.0,283.0,322.0,326.0,20.6,34.2,64.0,1006.1,4.0,0.0,70.278,69.89,68.972,0,3,0
2025,15,DUTCH GRAND PRIX,VER,Red Bull Racing,Q3,68.925,3.0,23.648,24.365,20.912,2.0,SOFT,True,291.0,281.0,322.0,331.0,20.6,34.2,64.0,1006.1,4.0,0.0,71.218,70.478,69.925,0,3,0
2025,15,DUTCH GRAND PRIX,HAD,Racing Bulls,Q3,69.208,4.0,23.691,24.565,20.952,2.0,SOFT,True,291.0,280.0,320.0,328.0,20.6,34.2,64.0,1006.1,4.0,0.0,71.772,,70.166,0,3,0
2025,15,DUTCH GRAND PRIX,RUS,Mercedes,Q3,69.255,5.0,23.691,24.542,21.022,2.0,SOFT,True,286.0,282.0,317.0,326.0,20.6,34.2,64.0,1006.1,4.0,0.0,71.386,70.274,69.858,0,3,0
2025,15,DUTCH GRAND PRIX,LEC,Ferrari,Q3,69.34,6.0,23.774,24.625,20.941,2.0,SOFT,True,288.0,278.0,320.0,325.0,20.6,34.2,64.0,1006.1,4.0,0.0,71.951,70.834,69.938,0,3,0
2025,15,DUTCH GRAND PRIX,HAM,Ferrari,Q3,69.39,7.0,23.779,24.594,21.017,2.0,SOFT,True,290.0,279.0,318.0,325.0,20.6,34.2,64.0,1006.1,4.0,0.0,71.96,70.738,70.373,0,3,0
2025,15,DUTCH GRAND PRIX,LAW,Racing Bulls,Q3,69.5,8.0,23.867,24.544,21.089,2.0,SOFT,True,290.0,280.0,319.0,327.0,20.6,34.2,64.0,1006.1,4.0,0.0,71.753,71.339,70.3,0,3,0
2025,15,DUTCH GRAND PRIX,SAI,Williams,Q3,69.505,9.0,23.727,24.733,21.045,2.0,SOFT,True,291.0,283.0,324.0,328.0,20.6,34.2,64.0,1006.1,4.0,0.0,71.458,71.682,69.913,0,3,0
2025,15,DUTCH GRAND PRIX,ALO,Aston Martin,Q3,69.63,10.0,23.79,24.715,21.125,2.0,SOFT,True,292.0,281.0,320.0,330.0,20.6,34.2,64.0,1006.1,4.0,0.0,70.841,69.977,70.232,0,3,0
2025,16,GRAN PREMIO D’ITALIA,RUS,Mercedes,Q1,79.414,6.0,26.659,26.562,26.193,5.0,MEDIUM,False,323.0,338.0,317.0,345.0,26.6,42.45,36.0,998.6,1.5,0.0,81.11,80.276,79.515,0,1,0
2025,16,GRAN PREMIO D’ITALIA,VER,Red Bull Racing,Q1,79.455,1.0,26.506,26.625,26.324,5.0,SOFT,False,327.0,345.0,317.0,344.0,26.6,42.45,36.0,998.6,1.5,0.0,80.692,80.077,79.498,0,1,0
2025,16,GRAN PREMIO D’ITALIA,NOR,McLaren,Q1,79.517,2.0,26.498,26.626,26.393,6.0,SOFT,False,323.0,337.0,315.0,344.0,26.6,42.45,36.0,998.6,1.5,0.0,81.021,79.878,79.331,0,1,0
2025,16,GRAN PREMIO D’ITALIA,TSU,Red Bull Racing,Q1,79.619,10.0,26.516,26.766,26.337,2.0,SOFT,True,323.0,341.0,315.0,346.0,26.6,42.45,36.0,998.6,1.5,0.0,81.292,80.269,80.059,0,1,0
2025,16,GRAN PREMIO D’ITALIA,SAI,Williams,Q1,79.644,13.0,26.547,26.637,26.46,5.0,SOFT,False,324.0,337.0,312.0,345.0,26.6,42.45,36.0,998.6,1.5,0.0,80.65,79.974,79.907,0,1,0
2025,16,GRAN PREMIO D’ITALIA,ALO,Aston Martin,Q1,79.658,9.0,26.348,26.852,26.458,2.0,SOFT,True,325.0,342.0,315.0,349.0,26.6,42.45,36.0,998.6,1.5,0.0,81.114,80.645,79.861,0,1,0
2025,16,GRAN PREMIO D’ITALIA,BEA,Haas F1 Team,Q1,79.688,11.0,26.558,26.774,26.356,2.0,SOFT,True,324.0,339.0,315.0,344.0,26.6,42.45,36.0,998.6,1.5,0.0,82.058,80.607,80.209,0,1,0
2025,16,GRAN PREMIO D’ITALIA,BOR,Kick Sauber,Q1,79.688,8.0,26.372,26.869,26.447,5.0,SOFT,False,328.0,344.0,315.0,352.0,26.6,42.45,36.0,998.6,1.5,0.0,81.172,80.475,79.558,0,1,0
2025,16,GRAN PREMIO D’ITALIA,LEC,Ferrari,Q1,79.689,4.0,26.47,26.736,26.483,5.0,SOFT,False,326.0,339.0,317.0,346.0,26.6,42.45,36.0,998.6,1.5,0.0,80.286,79.961,79.352,0,1,0
2025,16,GRAN PREMIO D’ITALIA,PIA,McLaren,Q1,79.711,3.0,26.689,26.663,26.359,2.0,SOFT,True,322.0,335.0,312.0,340.0,26.6,42.45,36.0,998.6,1.5,0.0,,80.059,79.496,0,1,0
2025,16,GRAN PREMIO D’ITALIA,ANT,Mercedes,Q1,79.747,7.0,26.529,26.79,26.428,2.0,SOFT,True,323.0,340.0,316.0,346.0,26.6,42.45,36.0,998.6,1.5,0.0,80.94,81.367,79.696,0,1,0
2025,16,GRAN PREMIO D’ITALIA,HAM,Ferrari,Q1,79.765,5.0,26.462,26.872,26.431,5.0,SOFT,False,325.0,339.0,317.0,348.0,26.6,42.45,36.0,998.6,1.5,0.0,80.117,80.07,79.598,0,1,0
2025,16,GRAN PREMIO D’ITALIA,HUL,Kick Sauber,Q1,79.777,12.0,26.181,27.155,26.441,2.0,SOFT,True,330.0,345.0,319.0,355.0,26.6,42.45,36.0,998.6,1.5,0.0,81.179,80.241,79.737,0,1,0
2025,16,GRAN PREMIO D’ITALIA,OCO,Haas F1 Team,Q1,79.816,15.0,26.537,26.819,26.46,2.0,SOFT,True,324.0,339.0,315.0,340.0,26.6,42.45,36.0,998.6,1.5,0.0,81.642,80.654,80.304,0,1,0
2025,16,GRAN PREMIO D’ITALIA,ALB,Williams,Q1,79.837,14.0,26.466,26.862,26.509,6.0,SOFT,False,324.0,338.0,313.0,345.0,26.6,42.45,36.0,998.6,1.5,0.0,81.073,80.179,79.72,0,1,0
2025,16,GRAN PREMIO D’ITALIA,HAD,Racing Bulls,Q1,79.917,16.0,26.331,27.092,26.494,2.0,SOFT,True,326.0,338.0,316.0,350.0,26.6,42.45,36.0,998.6,1.5,0.0,81.158,80.383,79.603,0,1,0
2025,16,GRAN PREMIO D’ITALIA,STR,Aston Martin,Q1,79.948,17.0,26.502,26.903,26.543,2.0,SOFT,True,323.0,339.0,315.0,346.0,26.6,42.45,36.0,998.6,1.5,0.0,81.295,80.528,80.247,0,1,0
2025,16,GRAN PREMIO D’ITALIA,COL,Alpine,Q1,79.992,18.0,26.547,27.016,26.429,2.0,SOFT,True,322.0,337.0,315.0,345.0,26.6,42.45,36.0,998.6,1.5,0.0,,81.564,80.034,0,1,0
2025,16,GRAN PREMIO D’ITALIA,GAS,Alpine,Q1,80.103,19.0,26.628,26.961,26.514,2.0,SOFT,True,323.0,338.0,315.0,344.0,26.6,42.45,36.0,998.6,1.5,0.0,81.653,81.102,80.247,0,1,0
2025,16,GRAN PREMIO D’ITALIA,LAW,Racing Bulls,Q1,80.279,20.0,26.557,27.05,26.672,2.0,SOFT,True,324.0,336.0,315.0,342.0,26.6,42.45,36.0,998.6,1.5,0.0,81.201,80.811,80.132,0,1,0
2025,16,GRAN PREMIO D’ITALIA,VER,Red Bull Racing,Q2,79.14,1.0,26.406,26.538,26.196,2.0,SOFT,True,324.0,341.0,316.0,346.0,26.6,42.45,36.0,998.6,1.5,0.0,80.692,80.077,79.498,0,2,0
2025,16,GRAN PREMIO D’ITALIA,ANT,Mercedes,Q2,79.245,7.0,26.461,26.613,26.171,2.0,SOFT,True,324.0,340.0,314.0,347.0,26.6,42.45,36.0,998.6,1.5,0.0,80.94,81.367,79.696,0,2,0
2025,16,GRAN PREMIO D’ITALIA,PIA,McLaren,Q2,79.286,3.0,26.548,26.529,26.209,2.0,SOFT,True,324.0,339.0,315.0,345.0,26.6,42.45,36.0,998.6,1.5,0.0,,80.059,79.496,0,2,0
2025,16,GRAN PREMIO D’ITALIA,RUS,Mercedes,Q2,79.287,6.0,26.515,26.568,26.204,2.0,SOFT,True,321.0,338.0,315.0,343.0,26.6,42.45,36.0,998.6,1.5,0.0,81.11,80.276,79.515,0,2,0
2025,16,GRAN PREMIO D’ITALIA,NOR,McLaren,Q2,79.293,2.0,26.46,26.625,26.208,5.0,SOFT,True,323.0,336.0,316.0,345.0,26.6,42.45,36.0,998.6,1.5,0.0,81.021,79.878,79.331,0,2,0
2025,16,GRAN PREMIO D’ITALIA,LEC,Ferrari,Q2,79.31,4.0,26.432,26.636,26.242,2.0,SOFT,True,327.0,340.0,318.0,349.0,26.6,42.45,36.0,998.6,1.5,0.0,80.286,79.961,79.352,0,2,0
2025,16,GRAN PREMIO D’ITALIA,BOR,Kick Sauber,Q2,79.323,8.0,26.215,26.782,26.326,2.0,SOFT,True,329.0,345.0,319.0,354.0,26.6,42.45,36.0,998.6,1.5,0.0,81.172,80.475,79.558,0,2,0
2025,16,GRAN PREMIO D’ITALIA,ALO,Aston Martin,Q2,79.362,9.0,26.394,26.593,26.375,2.0,SOFT,True,324.0,342.0,315.0,349.0,26.6,42.45,36.0,998.6,1.5,0.0,81.114,80.645,79.861,0,2,0
2025,16,GRAN PREMIO D’ITALIA,HAM,Ferrari,Q2,79.371,5.0,26.283,26.687,26.401,2.0,SOFT,True,327.0,343.0,318.0,352.0,26.6,42.45,36.0,998.6,1.5,0.0,80.117,80.07,79.598,0,2,0
2025,16,GRAN PREMIO D’ITALIA,TSU,Red Bull Racing,Q2,79.433,10.0,26.42,26.672,26.341,2.0,SOFT,True,322.0,340.0,313.0,348.0,26.6,42.45,36.0,998.6,1.5,0.0,81.292,80.269,80.059,0,2,0
2025,16,GRAN PREMIO D’ITALIA,BEA,Haas F1 Team,Q2,79.446,11.0,26.376,26.736,26.334,2.0,SOFT,True,325.0,341.0,311.0,349.0,26.6,42.45,36.0,998.6,1.5,0.0,82.058,80.607,80.209,0,2,0
2025,16,GRAN PREMIO D’ITALIA,HUL,Kick Sauber,Q2,79.498,12.0,26.338,26.816,26.344,2.0,SOFT,True,328.0,347.0,318.0,355.0,26.6,42.45,36.0,998.6,1.5,0.0,81.179,80.241,79.737,0,2,0
2025,16,GRAN PREMIO D’ITALIA,SAI,Williams,Q2,79.528,13.0,26.393,26.707,26.428,5.0,SOFT,False,325.0,342.0,315.0,349.0,26.6,42.45,36.0,998.6,1.5,0.0,80.65,79.974,79.907,0,2,0
2025,16,GRAN PREMIO D’ITALIA,ALB,Williams,Q2,79.583,14.0,26.442,26.643,26.498,2.0,SOFT,True,323.0,340.0,311.0,345.0,26.6,42.45,36.0,998.6,1.5,0.0,81.073,80.179,79.72,0,2,0
2025,16,GRAN PREMIO D’ITALIA,OCO,Haas F1 Team,Q2,79.707,15.0,26.542,26.729,26.436,2.0,SOFT,True,324.0,339.0,315.0,348.0,26.6,42.45,36.0,998.6,1.5,0.0,81.642,80.654,80.304,0,2,0
2025,16,GRAN PREMIO D’ITALIA,VER,Red Bull Racing,Q3,78.792,1.0,26.262,26.483,26.047,2.0,SOFT,True,327.0,340.0,315.0,348.0,26.6,42.45,36.0,998.6,1.5,0.0,80.692,80.077,79.498,0,3,0
2025,16,GRAN PREMIO D’ITALIA,NOR,McLaren,Q3,78.869,2.0,26.378,26.438,26.053,2.0,SOFT,True,323.0,338.0,315.0,345.0,26.6,42.45,36.0,998.6,1.5,0.0,81.021,79.878,79.331,0,3,0
2025,16,GRAN PREMIO D’ITALIA,PIA,McLaren,Q3,78.982,3.0,26.576,26.34,26.066,2.0,SOFT,True,323.0,338.0,316.0,345.0,26.6,42.45,36.0,998.6,1.5,0.0,,80.059,79.496,0,3,0
2025,16,GRAN PREMIO D’ITALIA,LEC,Ferrari,Q3,79.007,4.0,26.265,26.582,26.16,2.0,SOFT,True,328.0,340.0,319.0,349.0,26.6,42.45,36.0,998.6,1.5,0.0,80.286,79.961,79.352,0,3,0
2025,16,GRAN PREMIO D’ITALIA,HAM,Ferrari,Q3,79.124,5.0,26.219,26.686,26.219,2.0,SOFT,True,328.0,341.0,319.0,349.0,26.6,42.45,36.0,998.6,1.5,0.0,80.117,80.07,79.598,0,3,0
2025,16,GRAN PREMIO D’ITALIA,RUS,Mercedes,Q3,79.157,6.0,26.514,26.434,26.209,2.0,SOFT,True,323.0,338.0,316.0,345.0,26.6,42.45,36.0,998.6,1.5,0.0,81.11,80.276,79.515,0,3,0
2025,16,GRAN PREMIO D’ITALIA,ANT,Mercedes,Q3,79.2,7.0,26.465,26.64,26.095,2.0,SOFT,True,323.0,340.0,314.0,346.0,26.6,42.45,36.0,998.6,1.5,0.0,80.94,81.367,79.696,0,3,0
2025,16,GRAN PREMIO D’ITALIA,BOR,Kick Sauber,Q3,79.39,8.0,26.233,26.676,26.481,2.0,SOFT,True,329.0,347.0,318.0,355.0,26.6,42.45,36.0,998.6,1.5,0.0,81.172,80.475,79.558,0,3,0
2025,16,GRAN PREMIO D’ITALIA,ALO,Aston Martin,Q3,79.424,9.0,26.469,26.592,26.363,2.0,SOFT,True,324.0,341.0,313.0,348.0,26.6,42.45,36.0,998.6,1.5,0.0,81.114,80.645,79.861,0,3,0
2025,16,GRAN PREMIO D’ITALIA,TSU,Red Bull Racing,Q3,79.519,10.0,26.516,26.645,26.358,2.0,SOFT,True,322.0,337.0,314.0,345.0,26.6,42.45,36.0,998.6,1.5,0.0,81.292,80.269,80.059,0,3,0
2025,17,AZERBAIJAN GRAND PRIX,NOR,McLaren,Q1,101.322,7.0,35.478,40.982,24.862,2.0,SOFT,True,219.0,215.0,335.0,321.0,20.8,26.7,60.0,1013.6,2.1,0.0,102.704,102.199,101.223,0,1,0
2025,17,AZERBAIJAN GRAND PRIX,VER,Red Bull Racing,Q1,101.331,1.0,35.416,40.978,24.937,7.0,MEDIUM,False,222.0,225.0,337.0,322.0,20.8,26.7,60.0,1013.6,2.1,0.0,103.79,101.902,101.445,0,1,0
2025,17,AZERBAIJAN GRAND PRIX,LEC,Ferrari,Q1,101.458,10.0,35.5,40.842,25.116,8.0,SOFT,False,224.0,228.0,338.0,322.0,20.8,26.7,60.0,1013.6,2.1,0.0,103.256,101.367,102.209,0,1,0
2025,17,AZERBAIJAN GRAND PRIX,RUS,Mercedes,Q1,101.646,5.0,35.849,41.051,24.746,5.0,MEDIUM,False,221.0,228.0,339.0,322.0,20.8,26.7,60.0,1013.6,2.1,0.0,103.257,101.77,101.964,0,1,0
2025,17,AZERBAIJAN GRAND PRIX,HAD,Racing Bulls,Q1,101.656,8.0,35.73,40.984,24.942,3.0,MEDIUM,True,225.0,227.0,336.0,317.0,20.8,26.7,60.0,1013.6,2.1,0.0,103.975,102.443,102.267,0,1,0
2025,17,AZERBAIJAN GRAND PRIX,HAM,Ferrari,Q1,101.821,12.0,35.572,41.265,24.984,5.0,SOFT,False,233.0,230.0,337.0,320.0,20.8,26.7,60.0,1013.6,2.1,0.0,104.087,101.293,101.499,0,1,0
2025,17,AZERBAIJAN GRAND PRIX,PIA,McLaren,Q1,101.839,9.0,35.689,41.016,25.134,4.0,MEDIUM,False,216.0,216.0,333.0,319.0,20.8,26.7,60.0,1013.6,2.1,0.0,103.014,102.295,101.477,0,1,0
2025,17,AZERBAIJAN GRAND PRIX,STR,Aston Martin,Q1,102.101,14.0,35.944,41.106,25.051,3.0,MEDIUM,True,215.0,225.0,338.0,320.0,20.8,26.7,60.0,1013.6,2.1,0.0,104.329,102.771,103.35,0,1,0
2025,17,AZERBAIJAN GRAND PRIX,ALO,Aston Martin,Q1,102.211,11.0,35.902,41.461,24.848,3.0,MEDIUM,True,222.0,219.0,341.0,324.0,20.8,26.7,60.0,1013.6,2.1,0.0,104.139,102.967,102.591,0,1,0
2025,17,AZERBAIJAN GRAND PRIX,ANT,Mercedes,Q1,102.247,4.0,36.006,41.281,24.96,5.0,MEDIUM,False,223.0,222.0,338.0,322.0,20.8,26.7,60.0,1013.6,2.1,0.0,103.985,101.779,101.876,0,1,0
2025,17,AZERBAIJAN GRAND PRIX,LAW,Racing Bulls,Q1,102.257,3.0,36.057,41.364,24.836,3.0,MEDIUM,True,209.0,210.0,340.0,319.0,20.8,26.7,60.0,1013.6,2.1,0.0,103.903,101.989,102.146,0,1,0
2025,17,AZERBAIJAN GRAND PRIX,TSU,Red Bull Racing,Q1,102.347,6.0,36.006,41.36,24.981,5.0,MEDIUM,False,221.0,219.0,339.0,321.0,20.8,26.7,60.0,1013.6,2.1,0.0,103.738,102.444,102.84,0,1,0
2025,17,AZERBAIJAN GRAND PRIX,BOR,Kick Sauber,Q1,102.511,13.0,36.029,41.213,25.269,5.0,MEDIUM,False,219.0,220.0,335.0,319.0,20.8,26.7,60.0,1013.6,2.1,0.0,104.087,102.561,103.06,0,1,0
2025,17,AZERBAIJAN GRAND PRIX,SAI,Williams,Q1,102.635,2.0,36.179,41.332,25.124,2.0,SOFT,True,225.0,221.0,332.0,319.0,20.8,26.7,60.0,1013.6,2.1,0.0,103.859,102.255,102.486,0,1,0
2025,17,AZERBAIJAN GRAND PRIX,BEA,Haas F1 Team,Q1,102.666,15.0,36.506,41.225,24.935,3.0,SOFT,True,216.0,234.0,329.0,319.0,20.8,26.7,60.0,1013.6,2.1,0.0,104.151,101.891,101.985,0,1,0
2025,17,AZERBAIJAN GRAND PRIX,COL,Alpine,Q1,102.779,16.0,35.907,41.759,25.113,2.0,SOFT,True,216.0,220.0,339.0,323.0,20.8,26.7,60.0,1013.6,2.1,0.0,105.299,103.322,102.789,0,1,0
2025,17,AZERBAIJAN GRAND PRIX,HUL,Kick Sauber,Q1,102.916,17.0,36.348,41.592,24.976,2.0,SOFT,True,214.0,222.0,333.0,320.0,20.8,26.7,60.0,1013.6,2.1,0.0,103.986,102.82,102.428,0,1,0
2025,17,AZERBAIJAN GRAND PRIX,OCO,Haas F1 Team,Q1,103.004,20.0,36.311,41.681,25.012,3.0,SOFT,True,212.0,222.0,337.0,319.0,20.8,26.7,60.0,1013.6,2.1,0.0,104.439,102.167,102.868,0,1,0
2025,17,AZERBAIJAN GRAND PRIX,GAS,Alpine,Q1,103.139,18.0,36.126,41.775,25.238,2.0,SOFT,True,218.0,222.0,336.0,319.0,20.8,26.7,60.0,1013.6,2.1,0.0,105.418,102.674,103.322,0,1,0
2025,17,AZERBAIJAN GRAND PRIX,ALB,Williams,Q1,103.778,19.0,36.704,41.721,25.353,2.0,SOFT,True,214.0,216.0,332.0,319.0,20.8,26.7,60.0,1013.6,2.1,0.0,103.563,102.177,101.983,0,1,0
2025,17,AZERBAIJAN GRAND PRIX,VER,Red Bull Racing,Q2,101.255,1.0,35.385,40.743,25.127,5.0,MEDIUM,True,228.0,232.0,337.0,319.0,20.8,26.7,60.0,1013.6,2.1,0.0,103.79,101.902,101.445,0,2,0
2025,17,AZERBAIJAN GRAND PRIX,NOR,McLaren,Q2,101.396,7.0,35.585,40.836,24.975,6.0,SOFT,False,226.0,216.0,338.0,322.0,20.8,26.7,60.0,1013.6,2.1,0.0,102.704,102.199,101.223,0,2,0
2025,17,AZERBAIJAN GRAND PRIX,PIA,McLaren,Q2,101.414,9.0,35.45,40.825,25.139,6.0,SOFT,False,220.0,210.0,335.0,319.0,20.8,26.7,60.0,1013.6,2.1,0.0,103.014,102.295,101.477,0,2,0
2025,17,AZERBAIJAN GRAND PRIX,RUS,Mercedes,Q2,101.455,5.0,35.582,40.99,24.883,2.0,MEDIUM,True,223.0,231.0,340.0,324.0,20.8,26.7,60.0,1013.6,2.1,0.0,103.257,101.77,101.964,0,2,0
2025,17,AZERBAIJAN GRAND PRIX,ANT,Mercedes,Q2,101.464,4.0,35.739,40.827,24.898,5.0,MEDIUM,False,220.0,217.0,337.0,321.0,20.8,26.7,60.0,1013.6,2.1,0.0,103.985,101.779,101.876,0,2,0
2025,17,AZERBAIJAN GRAND PRIX,LEC,Ferrari,Q2,101.519,10.0,35.797,40.785,24.937,2.0,MEDIUM,True,217.0,220.0,339.0,319.0,20.8,26.7,60.0,1013.6,2.1,0.0,103.256,101.367,102.209,0,2,0
2025,17,AZERBAIJAN GRAND PRIX,LAW,Racing Bulls,Q2,101.537,3.0,35.701,40.943,24.893,7.0,MEDIUM,False,216.0,216.0,338.0,318.0,20.8,26.7,60.0,1013.6,2.1,0.0,103.903,101.989,102.146,0,2,0
2025,17,AZERBAIJAN GRAND PRIX,HAD,Racing Bulls,Q2,101.647,8.0,35.668,40.956,25.023,6.0,MEDIUM,False,224.0,230.0,337.0,318.0,20.8,26.7,60.0,1013.6,2.1,0.0,103.975,102.443,102.267,0,2,0
2025,17,AZERBAIJAN GRAND PRIX,SAI,Williams,Q2,101.675,2.0,35.652,40.833,25.19,4.0,MEDIUM,False,223.0,217.0,333.0,319.0,20.8,26.7,60.0,1013.6,2.1,0.0,103.859,102.255,102.486,0,2,0
2025,17,AZERBAIJAN GRAND PRIX,TSU,Red Bull Racing,Q2,101.788,6.0,35.775,40.837,25.176,5.0,MEDIUM,True,224.0,225.0,336.0,319.0,20.8,26.7,60.0,1013.6,2.1,0.0,103.738,102.444,102.84,0,2,0
2025,17,AZERBAIJAN GRAND PRIX,ALO,Aston Martin,Q2,101.857,11.0,35.825,41.108,24.924,5.0,MEDIUM,True,223.0,227.0,341.0,320.0,20.8,26.7,60.0,1013.6,2.1,0.0,104.139,102.967,102.591,0,2,0
2025,17,AZERBAIJAN GRAND PRIX,HAM,Ferrari,Q2,102.183,12.0,35.711,41.361,25.111,5.0,SOFT,True,212.0,220.0,333.0,319.0,20.8,26.7,60.0,1013.6,2.1,0.0,104.087,101.293,101.499,0,2,0
2025,17,AZERBAIJAN GRAND PRIX,BOR,Kick Sauber,Q2,102.277,13.0,35.854,41.07,25.353,2.0,MEDIUM,True,208.0,229.0,336.0,319.0,20.8,26.7,60.0,1013.6,2.1,0.0,104.087,102.561,103.06,0,2,0
2025,17,AZERBAIJAN GRAND PRIX,STR,Aston Martin,Q2,103.061,14.0,36.028,42.021,25.012,5.0,SOFT,False,214.0,215.0,339.0,321.0,20.8,26.7,60.0,1013.6,2.1,0.0,104.329,102.771,103.35,0,2,0
2025,17,AZERBAIJAN GRAND PRIX,VER,Red Bull Racing,Q3,101.117,1.0,35.331,40.577,25.209,2.0,SOFT,True,225.0,225.0,337.0,319.0,20.8,26.7,60.0,1013.6,2.1,0.0,103.79,101.902,101.445,0,3,0
2025,17,AZERBAIJAN GRAND PRIX,SAI,Williams,Q3,101.595,2.0,35.838,40.574,25.183,7.0,MEDIUM,False,221.0,223.0,329.0,316.0,20.8,26.7,60.0,1013.6,2.1,0.0,103.859,102.255,102.486,0,3,0
2025,17,AZERBAIJAN GRAND PRIX,LAW,Racing Bulls,Q3,101.707,3.0,35.432,41.316,24.959,4.0,SOFT,False,220.0,229.0,337.0,318.0,20.8,26.7,60.0,1013.6,2.1,0.0,103.903,101.989,102.146,0,3,0
2025,17,AZERBAIJAN GRAND PRIX,ANT,Mercedes,Q3,101.717,4.0,35.718,40.84,25.159,4.0,MEDIUM,False,229.0,218.0,336.0,321.0,20.8,26.7,60.0,1013.6,2.1,0.0,103.985,101.779,101.876,0,3,0
2025,17,AZERBAIJAN GRAND PRIX,RUS,Mercedes,Q3,102.07,5.0,35.752,41.331,24.987,2.0,SOFT,True,225.0,228.0,335.0,320.0,20.8,26.7,60.0,1013.6,2.1,0.0,103.257,101.77,101.964,0,3,0
2025,17,AZERBAIJAN GRAND PRIX,TSU,Red Bull Racing,Q3,102.143,6.0,36.038,40.979,25.126,3.0,SOFT,False,215.0,223.0,335.0,318.0,20.8,26.7,60.0,1013.6,2.1,0.0,103.738,102.444,102.84,0,3,0
2025,17,AZERBAIJAN GRAND PRIX,NOR,McLaren,Q3,102.239,7.0,35.512,41.417,25.31,4.0,SOFT,False,221.0,212.0,330.0,317.0,20.8,26.7,60.0,1013.6,2.1,0.0,102.704,102.199,101.223,0,3,0
2025,17,AZERBAIJAN GRAND PRIX,HAD,Racing Bulls,Q3,102.372,8.0,35.556,41.066,25.75,4.0,SOFT,False,223.0,227.0,334.0,316.0,20.8,26.7,60.0,1013.6,2.1,0.0,103.975,102.443,102.267,0,3,0
2025,18,SINGAPORE GRAND PRIX,HAM,Ferrari,Q1,89.765,6.0,26.751,37.669,25.345,2.0,SOFT,True,312.0,279.0,259.0,302.0,29.8,34.849999999999994,69.0,1011.4,1.65,0.0,91.48,91.491,90.559,0,1,0
2025,18,SINGAPORE GRAND PRIX,RUS,Mercedes,Q1,89.928,1.0,26.704,37.84,25.384,2.0,SOFT,True,312.0,278.0,262.0,305.0,29.8,34.849999999999994,69.0,1011.4,1.65,0.0,92.139,93.231,90.197,0,1,0
2025,18,SINGAPORE GRAND PRIX,NOR,McLaren,Q1,89.932,5.0,26.7,37.705,25.527,2.0,SOFT,True,308.0,277.0,262.0,302.0,29.8,34.849999999999994,69.0,1011.4,1.65,0.0,91.698,91.197,90.237,0,1,0
2025,18,SINGAPORE GRAND PRIX,VER,Red Bull Racing,Q1,90.028,2.0,26.795,37.827,25.406,5.0,SOFT,False,311.0,278.0,261.0,301.0,29.8,34.849999999999994,69.0,1011.4,1.65,0.0,91.392,90.857,90.148,0,1,0
2025,18,SINGAPORE GRAND PRIX,ANT,Mercedes,Q1,90.036,4.0,26.609,37.657,25.77,2.0,SOFT,True,311.0,278.0,256.0,303.0,29.8,34.849999999999994,69.0,1011.4,1.65,0.0,92.399,92.719,90.237,0,1,0
2025,18,SINGAPORE GRAND PRIX,HAD,Racing Bulls,Q1,90.214,8.0,26.826,37.894,25.494,5.0,SOFT,True,309.0,278.0,260.0,304.0,29.8,34.849999999999994,69.0,1011.4,1.65,0.0,91.755,90.846,90.489,0,1,0
2025,18,SINGAPORE GRAND PRIX,PIA,McLaren,Q1,90.313,3.0,26.711,38.165,25.437,5.0,SOFT,True,310.0,278.0,262.0,301.0,29.8,34.849999999999994,69.0,1011.4,1.65,0.0,91.481,90.714,90.165,0,1,0
2025,18,SINGAPORE GRAND PRIX,LEC,Ferrari,Q1,90.37,7.0,26.884,37.847,25.639,5.0,SOFT,True,311.0,281.0,263.0,302.0,29.8,34.849999999999994,69.0,1011.4,1.65,0.0,91.266,91.466,90.651,0,1,0
2025,18,SINGAPORE GRAND PRIX,BEA,Haas F1 Team,Q1,90.42,9.0,26.869,38.041,25.51,2.0,SOFT,True,310.0,279.0,261.0,302.0,29.8,34.849999999999994,69.0,1011.4,1.65,0.0,92.538,91.711,90.799,0,1,0
2025,18,SINGAPORE GRAND PRIX,TSU,Red Bull Racing,Q1,90.574,13.0,26.841,38.197,25.536,2.0,SOFT,True,312.0,278.0,259.0,302.0,29.8,34.849999999999994,69.0,1011.4,1.65,0.0,91.86,91.708,91.44,0,1,0
2025,18,SINGAPORE GRAND PRIX,SAI,Williams,Q1,90.64,20.0,27.013,38.132,25.495,5.0,SOFT,False,309.0,276.0,260.0,301.0,29.8,34.849999999999994,69.0,1011.4,1.65,0.0,91.812,91.299,90.392,0,1,0
2025,18,SINGAPORE GRAND PRIX,LAW,Racing Bulls,Q1,90.681,12.0,26.904,38.108,25.669,2.0,SOFT,True,309.0,275.0,257.0,300.0,29.8,34.849999999999994,69.0,1011.4,1.65,0.0,92.461,92.645,93.628,0,1,0
2025,18,SINGAPORE GRAND PRIX,HUL,Kick Sauber,Q1,90.715,11.0,26.916,38.227,25.572,2.0,SOFT,True,309.0,278.0,260.0,300.0,29.8,34.849999999999994,69.0,1011.4,1.65,0.0,92.315,92.069,90.637,0,1,0
2025,18,SINGAPORE GRAND PRIX,ALO,Aston Martin,Q1,90.745,10.0,26.774,38.247,25.724,2.0,SOFT,True,313.0,278.0,261.0,303.0,29.8,34.849999999999994,69.0,1011.4,1.65,0.0,91.116,90.877,90.923,0,1,0
2025,18,SINGAPORE GRAND PRIX,ALB,Williams,Q1,90.775,19.0,26.946,38.22,25.609,5.0,SOFT,False,308.0,277.0,257.0,301.0,29.8,34.849999999999994,69.0,1011.4,1.65,0.0,117.029,92.06,90.668,0,1,0
2025,18,SINGAPORE GRAND PRIX,BOR,Kick Sauber,Q1,90.82,14.0,26.952,38.25,25.618,2.0,SOFT,True,310.0,279.0,260.0,300.0,29.8,34.849999999999994,69.0,1011.4,1.65,0.0,92.611,92.319,90.697,0,1,0
2025,18,SINGAPORE GRAND PRIX,STR,Aston Martin,Q1,90.949,15.0,26.911,38.102,25.936,2.0,SOFT,True,314.0,279.0,255.0,303.0,29.8,34.849999999999994,69.0,1011.4,1.65,0.0,93.034,91.222,91.26,0,1,0
2025,18,SINGAPORE GRAND PRIX,COL,Alpine,Q1,90.982,16.0,26.776,38.309,25.897,2.0,SOFT,True,314.0,279.0,254.0,304.0,29.8,34.849999999999994,69.0,1011.4,1.65,0.0,93.324,93.139,91.047,0,1,0
2025,18,SINGAPORE GRAND PRIX,OCO,Haas F1 Team,Q1,90.989,17.0,26.931,38.465,25.593,2.0,SOFT,True,312.0,277.0,261.0,302.0,29.8,34.849999999999994,69.0,1011.4,1.65,0.0,92.128,91.298,90.784,0,1,0
2025,18,SINGAPORE GRAND PRIX,GAS,Alpine,Q1,91.261,18.0,27.022,38.521,25.718,2.0,SOFT,True,312.0,279.0,260.0,304.0,29.8,34.849999999999994,69.0,1011.4,1.65,0.0,92.378,92.458,91.643,0,1,0
2025,18,SINGAPORE GRAND PRIX,RUS,Mercedes,Q2,89.562,1.0,26.599,37.576,25.387,2.0,SOFT,True,313.0,278.0,261.0,303.0,29.8,34.849999999999994,69.0,1011.4,1.65,0.0,92.139,93.231,90.197,0,2,0
2025,18,SINGAPORE GRAND PRIX,VER,Red Bull Racing,Q2,89.572,2.0,26.676,37.578,25.318,2.0,SOFT,True,310.0,278.0,262.0,302.0,29.8,34.849999999999994,69.0,1011.4,1.65,0.0,91.392,90.857,90.148,0,2,0
2025,18,SINGAPORE GRAND PRIX,ANT,Mercedes,Q2,89.649,4.0,26.794,37.413,25.442,2.0,SOFT,True,315.0,279.0,261.0,302.0,29.8,34.849999999999994,69.0,1011.4,1.65,0.0,92.399,92.719,90.237,0,2,0
2025,18,SINGAPORE GRAND PRIX,NOR,McLaren,Q2,89.809,5.0,26.667,37.674,25.468,2.0,SOFT,True,309.0,278.0,261.0,303.0,29.8,34.849999999999994,69.0,1011.4,1.65,0.0,91.698,91.197,90.237,0,2,0
2025,18,SINGAPORE GRAND PRIX,PIA,McLaren,Q2,89.813,3.0,26.754,37.624,25.435,2.0,SOFT,True,308.0,277.0,263.0,303.0,29.8,34.849999999999994,69.0,1011.4,1.65,0.0,91.481,90.714,90.165,0,2,0
2025,18,SINGAPORE GRAND PRIX,LEC,Ferrari,Q2,89.914,7.0,26.707,37.729,25.478,2.0,SOFT,True,313.0,281.0,263.0,304.0,29.8,34.849999999999994,69.0,1011.4,1.65,0.0,91.266,91.466,90.651,0,2,0
2025,18,SINGAPORE GRAND PRIX,HAM,Ferrari,Q2,89.936,6.0,26.775,37.641,25.52,3.0,SOFT,True,310.0,278.0,258.0,301.0,29.8,34.849999999999994,69.0,1011.4,1.65,0.0,91.48,91.491,90.559,0,2,0
2025,18,SINGAPORE GRAND PRIX,HAD,Racing Bulls,Q2,90.016,8.0,26.743,37.812,25.461,2.0,SOFT,True,309.0,277.0,259.0,301.0,29.8,34.849999999999994,69.0,1011.4,1.65,0.0,91.755,90.846,90.489,0,2,0
2025,18,SINGAPORE GRAND PRIX,ALO,Aston Martin,Q2,90.054,10.0,26.897,37.812,25.345,2.0,SOFT,True,311.0,278.0,257.0,303.0,29.8,34.849999999999994,69.0,1011.4,1.65,0.0,91.116,90.877,90.923,0,2,0
2025,18,SINGAPORE GRAND PRIX,BEA,Haas F1 Team,Q2,90.076,9.0,26.764,37.97,25.342,2.0,SOFT,True,312.0,281.0,261.0,303.0,29.8,34.849999999999994,69.0,1011.4,1.65,0.0,92.538,91.711,90.799,0,2,0
2025,18,SINGAPORE GRAND PRIX,HUL,Kick Sauber,Q2,90.141,11.0,26.721,37.864,25.556,2.0,SOFT,True,310.0,280.0,261.0,301.0,29.8,34.849999999999994,69.0,1011.4,1.65,0.0,92.315,92.069,90.637,0,2,0
2025,18,SINGAPORE GRAND PRIX,ALB,Williams,Q2,90.202,19.0,26.726,38.02,25.456,2.0,SOFT,True,311.0,277.0,261.0,301.0,29.8,34.849999999999994,69.0,1011.4,1.65,0.0,117.029,92.06,90.668,0,2,0
2025,18,SINGAPORE GRAND PRIX,SAI,Williams,Q2,90.235,20.0,26.813,37.945,25.477,2.0,SOFT,True,310.0,278.0,261.0,301.0,29.8,34.849999999999994,69.0,1011.4,1.65,0.0,91.812,91.299,90.392,0,2,0
2025,18,SINGAPORE GRAND PRIX,LAW,Racing Bulls,Q2,90.32,12.0,26.864,37.903,25.553,4.0,SOFT,False,309.0,278.0,258.0,300.0,29.8,34.849999999999994,69.0,1011.4,1.65,0.0,92.461,92.645,93.628,0,2,0
2025,18,SINGAPORE GRAND PRIX,TSU,Red Bull Racing,Q2,90.353,13.0,26.95,37.935,25.468,2.0,SOFT,True,311.0,279.0,259.0,302.0,29.8,34.849999999999994,69.0,1011.4,1.65,0.0,91.86,91.708,91.44,0,2,0
2025,18,SINGAPORE GRAND PRIX,RUS,Mercedes,Q3,89.158,1.0,26.475,37.329,25.354,2.0,SOFT,True,312.0,278.0,261.0,304.0,29.8,34.849999999999994,69.0,1011.4,1.65,0.0,92.139,93.231,90.197,0,3,0
2025,18,SINGAPORE GRAND PRIX,VER,Red Bull Racing,Q3,89.34,2.0,26.701,37.419,25.22,2.0,SOFT,True,310.0,278.0,262.0,303.0,29.8,34.849999999999994,69.0,1011.4,1.65,0.0,91.392,90.857,90.148,0,3,0
2025,18,SINGAPORE GRAND PRIX,PIA,McLaren,Q3,89.524,3.0,26.556,37.609,25.359,2.0,SOFT,True,311.0,279.0,262.0,303.0,29.8,34.849999999999994,69.0,1011.4,1.65,0.0,91.481,90.714,90.165,0,3,0
2025,18,SINGAPORE GRAND PRIX,ANT,Mercedes,Q3,89.537,4.0,26.563,37.482,25.492,2.0,SOFT,True,313.0,279.0,259.0,304.0,29.8,34.849999999999994,69.0,1011.4,1.65,0.0,92.399,92.719,90.237,0,3,0
2025,18,SINGAPORE GRAND PRIX,NOR,McLaren,Q3,89.586,5.0,26.645,37.451,25.49,2.0,SOFT,True,309.0,278.0,261.0,302.0,29.8,34.849999999999994,69.0,1011.4,1.65,0.0,91.698,91.197,90.237,0,3,0
2025,18,SINGAPORE GRAND PRIX,HAM,Ferrari,Q3,89.688,6.0,26.745,37.592,25.351,3.0,SOFT,False,311.0,279.0,259.0,302.0,29.8,34.849999999999994,69.0,1011.4,1.65,0.0,91.48,91.491,90.559,0,3,0
2025,18,SINGAPORE GRAND PRIX,LEC,Ferrari,Q3,89.784,7.0,26.769,37.682,25.333,5.0,SOFT,False,310.0,280.0,264.0,301.0,29.8,34.849999999999994,69.0,1011.4,1.65,0.0,91.266,91.466,90.651,0,3,0
2025,18,SINGAPORE GRAND PRIX,HAD,Racing Bulls,Q3,89.846,8.0,26.694,37.71,25.442,2.0,SOFT,True,308.0,277.0,254.0,301.0,29.8,34.849999999999994,69.0,1011.4,1.65,0.0,91.755,90.846,90.489,0,3,0
2025,18,SINGAPORE GRAND PRIX,BEA,Haas F1 Team,Q3,89.868,9.0,26.703,37.824,25.341,2.0,SOFT,True,312.0,279.0,263.0,300.0,29.8,34.849999999999994,69.0,1011.4,1.65,0.0,92.538,91.711,90.799,0,3,0
2025,18,SINGAPORE GRAND PRIX,ALO,Aston Martin,Q3,89.955,10.0,26.741,37.827,25.387,2.0,SOFT,True,311.0,279.0,261.0,304.0,29.8,34.849999999999994,69.0,1011.4,1.65,0.0,91.116,90.877,90.923,0,3,0
2025,19,UNITED STATES GRAND PRIX,VER,Red Bull Racing,Q1,93.207,1.0,25.164,37.615,30.428,2.0,SOFT,True,238.0,193.0,212.0,324.0,34.0,45.7,36.0,989.4,1.8,0.0,,,,1,1,0
2025,19,UNITED STATES GRAND PRIX,RUS,Mercedes,Q1,93.311,4.0,25.158,37.585,30.568,2.0,SOFT,True,238.0,191.0,210.0,324.0,34.0,45.7,36.0,989.4,1.8,0.0,,,,1,1,0
2025,19,UNITED STATES GRAND PRIX,ANT,Mercedes,Q1,93.501,7.0,25.193,37.74,30.568,2.0,SOFT,True,239.0,190.0,213.0,324.0,34.0,45.7,36.0,989.4,1.8,0.0,,,,1,1,0
2025,19,UNITED STATES GRAND PRIX,LEC,Ferrari,Q1,93.525,3.0,25.251,37.712,30.562,2.0,SOFT,True,241.0,191.0,214.0,324.0,34.0,45.7,36.0,989.4,1.8,0.0,,,,1,1,0
2025,19,UNITED STATES GRAND PRIX,LAW,Racing Bulls,Q1,93.549,12.0,25.328,37.791,30.43,2.0,SOFT,True,238.0,193.0,213.0,322.0,34.0,45.7,36.0,989.4,1.8,0.0,,,,1,1,0
2025,19,UNITED STATES GRAND PRIX,HUL,Kick Sauber,Q1,93.551,11.0,25.338,37.639,30.574,2.0,SOFT,True,237.0,192.0,213.0,322.0,34.0,45.7,36.0,989.4,1.8,0.0,,,,1,1,0
2025,19,UNITED STATES GRAND PRIX,GAS,Alpine,Q1,93.599,14.0,25.197,37.679,30.723,2.0,SOFT,True,237.0,190.0,208.0,324.0,34.0,45.7,36.0,989.4,1.8,0.0,,,,1,1,0
2025,19,UNITED STATES GRAND PRIX,ALB,Williams,Q1,93.67,19.0,25.006,37.895,30.769,2.0,SOFT,True,231.0,192.0,211.0,326.0,34.0,45.7,36.0,989.4,1.8,0.0,,,,1,1,0
2025,19,UNITED STATES GRAND PRIX,HAM,Ferrari,Q1,93.685,5.0,25.276,37.764,30.645,2.0,SOFT,True,234.0,192.0,212.0,320.0,34.0,45.7,36.0,989.4,1.8,0.0,,,,1,1,0
2025,19,UNITED STATES GRAND PRIX,SAI,Williams,Q1,93.739,9.0,25.334,37.82,30.585,2.0,SOFT,True,235.0,192.0,213.0,326.0,34.0,45.7,36.0,989.4,1.8,0.0,,,,1,1,0
2025,19,UNITED STATES GRAND PRIX,ALO,Aston Martin,Q1,93.741,10.0,25.161,37.979,30.601,2.0,SOFT,True,240.0,193.0,211.0,325.0,34.0,45.7,36.0,989.4,1.8,0.0,,,,1,1,0
2025,19,UNITED STATES GRAND PRIX,PIA,McLaren,Q1,93.746,6.0,25.266,37.899,30.581,6.0,SOFT,True,235.0,191.0,212.0,321.0,34.0,45.7,36.0,989.4,1.8,0.0,,,,1,1,0
2025,19,UNITED STATES GRAND PRIX,NOR,McLaren,Q1,93.843,2.0,25.355,37.67,30.818,3.0,SOFT,True,240.0,189.0,210.0,324.0,34.0,45.7,36.0,989.4,1.8,0.0,,,,1,1,0
2025,19,UNITED STATES GRAND PRIX,STR,Aston Martin,Q1,93.878,18.0,25.463,37.763,30.652,2.0,SOFT,True,231.0,190.0,213.0,323.0,34.0,45.7,36.0,989.4,1.8,0.0,,,,1,1,0
2025,19,UNITED STATES GRAND PRIX,BEA,Haas F1 Team,Q1,93.921,8.0,25.337,37.808,30.776,2.0,SOFT,True,237.0,194.0,209.0,322.0,34.0,45.7,36.0,989.4,1.8,0.0,,,,1,1,0
2025,19,UNITED STATES GRAND PRIX,TSU,Red Bull Racing,Q1,93.935,13.0,25.334,37.89,30.711,2.0,SOFT,True,232.0,191.0,212.0,323.0,34.0,45.7,36.0,989.4,1.8,0.0,,,,1,1,0
2025,19,UNITED STATES GRAND PRIX,COL,Alpine,Q1,94.039,15.0,25.323,37.874,30.842,2.0,SOFT,True,240.0,190.0,210.0,322.0,34.0,45.7,36.0,989.4,1.8,0.0,,,,1,1,0
2025,19,UNITED STATES GRAND PRIX,BOR,Kick Sauber,Q1,94.125,16.0,25.326,38.036,30.763,2.0,SOFT,True,240.0,193.0,210.0,322.0,34.0,45.7,36.0,989.4,1.8,0.0,,,,1,1,0
2025,19,UNITED STATES GRAND PRIX,OCO,Haas F1 Team,Q1,94.136,17.0,25.431,37.931,30.774,2.0,SOFT,True,235.0,192.0,213.0,323.0,34.0,45.7,36.0,989.4,1.8,0.0,,,,1,1,0
2025,19,UNITED STATES GRAND PRIX,VER,Red Bull Racing,Q2,92.701,1.0,24.973,37.388,30.34,2.0,SOFT,True,240.0,192.0,212.0,326.0,34.0,45.7,36.0,989.4,1.8,0.0,,,,1,2,0
2025,19,UNITED STATES GRAND PRIX,LEC,Ferrari,Q2,92.869,3.0,25.081,37.511,30.277,2.0,SOFT,True,237.0,193.0,213.0,326.0,34.0,45.7,36.0,989.4,1.8,0.0,,,,1,2,0
2025,19,UNITED STATES GRAND PRIX,NOR,McLaren,Q2,92.876,2.0,25.075,37.356,30.445,2.0,SOFT,True,242.0,192.0,210.0,323.0,34.0,45.7,36.0,989.4,1.8,0.0,,,,1,2,0
2025,19,UNITED STATES GRAND PRIX,HAM,Ferrari,Q2,92.914,5.0,25.161,37.403,30.35,2.0,SOFT,True,238.0,192.0,212.0,325.0,34.0,45.7,36.0,989.4,1.8,0.0,,,,1,2,0
2025,19,UNITED STATES GRAND PRIX,ANT,Mercedes,Q2,93.044,7.0,25.082,37.494,30.468,2.0,SOFT,True,238.0,191.0,210.0,328.0,34.0,45.7,36.0,989.4,1.8,0.0,,,,1,2,0
2025,19,UNITED STATES GRAND PRIX,RUS,Mercedes,Q2,93.058,4.0,25.033,37.544,30.481,2.0,SOFT,True,241.0,191.0,211.0,324.0,34.0,45.7,36.0,989.4,1.8,0.0,,,,1,2,0
2025,19,UNITED STATES GRAND PRIX,SAI,Williams,Q2,93.124,9.0,25.017,37.526,30.581,2.0,SOFT,True,237.0,191.0,210.0,327.0,34.0,45.7,36.0,989.4,1.8,0.0,,,,1,2,0
2025,19,UNITED STATES GRAND PRIX,PIA,McLaren,Q2,93.228,6.0,25.288,37.583,30.357,2.0,SOFT,True,235.0,191.0,211.0,324.0,34.0,45.7,36.0,989.4,1.8,0.0,,,,1,2,0
2025,19,UNITED STATES GRAND PRIX,ALO,Aston Martin,Q2,93.237,10.0,25.08,37.477,30.68,3.0,SOFT,False,238.0,192.0,210.0,326.0,34.0,45.7,36.0,989.4,1.8,0.0,,,,1,2,0
2025,19,UNITED STATES GRAND PRIX,BEA,Haas F1 Team,Q2,93.238,8.0,25.156,37.616,30.466,2.0,SOFT,True,239.0,194.0,210.0,325.0,34.0,45.7,36.0,989.4,1.8,0.0,,,,1,2,0
2025,19,UNITED STATES GRAND PRIX,HUL,Kick Sauber,Q2,93.334,11.0,25.21,37.452,30.672,5.0,SOFT,False,238.0,192.0,210.0,325.0,34.0,45.7,36.0,989.4,1.8,0.0,,,,1,2,0
2025,19,UNITED STATES GRAND PRIX,LAW,Racing Bulls,Q2,93.36,12.0,25.207,37.629,30.524,2.0,SOFT,True,237.0,192.0,209.0,325.0,34.0,45.7,36.0,989.4,1.8,0.0,,,,1,2,0
2025,19,UNITED STATES GRAND PRIX,TSU,Red Bull Racing,Q2,93.466,13.0,25.251,37.604,30.611,2.0,SOFT,True,237.0,192.0,212.0,325.0,34.0,45.7,36.0,989.4,1.8,0.0,,,,1,2,0
2025,19,UNITED STATES GRAND PRIX,GAS,Alpine,Q2,93.651,14.0,25.144,37.654,30.853,2.0,SOFT,True,234.0,191.0,211.0,326.0,34.0,45.7,36.0,989.4,1.8,0.0,,,,1,2,0
2025,19,UNITED STATES GRAND PRIX,COL,Alpine,Q2,94.044,15.0,25.383,37.811,30.85,2.0,SOFT,True,242.0,190.0,210.0,325.0,34.0,45.7,36.0,989.4,1.8,0.0,,,,1,2,0
2025,19,UNITED STATES GRAND PRIX,VER,Red Bull Racing,Q3,92.51,1.0,24.914,37.41,30.186,2.0,SOFT,True,241.0,191.0,211.0,324.0,34.0,45.7,36.0,989.4,1.8,0.0,,,,1,3,0
2025,19,UNITED STATES GRAND PRIX,NOR,McLaren,Q3,92.801,2.0,25.074,37.57,30.157,2.0,SOFT,True,240.0,189.0,212.0,320.0,34.0,45.7,36.0,989.4,1.8,0.0,,,,1,3,0
2025,19,UNITED STATES GRAND PRIX,LEC,Ferrari,Q3,92.807,3.0,25.042,37.512,30.253,2.0,SOFT,True,239.0,192.0,213.0,323.0,34.0,45.7,36.0,989.4,1.8,0.0,,,,1,3,0
2025,19,UNITED STATES GRAND PRIX,RUS,Mercedes,Q3,92.826,4.0,25.042,37.532,30.252,2.0,SOFT,True,240.0,193.0,210.0,322.0,34.0,45.7,36.0,989.4,1.8,0.0,,,,1,3,0
2025,19,UNITED STATES GRAND PRIX,HAM,Ferrari,Q3,92.912,5.0,24.949,37.73,30.233,2.0,SOFT,True,244.0,193.0,212.0,322.0,34.0,45.7,36.0,989.4,1.8,0.0,,,,1,3,0
2025,19,UNITED STATES GRAND PRIX,PIA,McLaren,Q3,93.084,6.0,25.168,37.598,30.318,2.0,SOFT,True,232.0,192.0,211.0,321.0,34.0,45.7,36.0,989.4,1.8,0.0,,,,1,3,0
2025,19,UNITED STATES GRAND PRIX,ANT,Mercedes,Q3,93.114,7.0,25.326,37.452,30.336,2.0,SOFT,True,237.0,190.0,211.0,325.0,34.0,45.7,36.0,989.4,1.8,0.0,,,,1,3,0
2025,19,UNITED STATES GRAND PRIX,BEA,Haas F1 Team,Q3,93.139,8.0,25.215,37.578,30.346,4.0,SOFT,False,241.0,193.0,210.0,322.0,34.0,45.7,36.0,989.4,1.8,0.0,,,,1,3,0
2025,19,UNITED STATES GRAND PRIX,SAI,Williams,Q3,93.15,9.0,24.973,37.687,30.49,2.0,SOFT,True,234.0,191.0,211.0,324.0,34.0,45.7,36.0,989.4,1.8,0.0,,,,1,3,0
2025,19,UNITED STATES GRAND PRIX,ALO,Aston Martin,Q3,93.16,10.0,25.138,37.712,30.31,2.0,SOFT,True,240.0,193.0,213.0,324.0,34.0,45.7,36.0,989.4,1.8,0.0,,,,1,3,0
2025,20,GRAN PREMIO DE LA CIUDAD DE MÉXICO,HAD,Racing Bulls,Q1,76.733,9.0,27.468,29.549,19.716,2.0,SOFT,True,314.0,294.0,252.0,340.0,26.2,45.9,27.0,780.5,2.0,0.0,79.409,78.281,77.396,0,1,0
2025,20,GRAN PREMIO DE LA CIUDAD DE MÉXICO,HAM,Ferrari,Q1,76.736,3.0,27.266,29.598,19.872,2.0,SOFT,True,318.0,295.0,254.0,347.0,26.2,45.9,27.0,780.5,2.0,0.0,,77.692,76.978,0,1,0
2025,20,GRAN PREMIO DE LA CIUDAD DE MÉXICO,RUS,Mercedes,Q1,76.895,4.0,27.337,29.685,19.873,2.0,SOFT,True,316.0,295.0,254.0,348.0,26.2,45.9,27.0,780.5,2.0,0.0,,77.829,77.145,0,1,0
2025,20,GRAN PREMIO DE LA CIUDAD DE MÉXICO,NOR,McLaren,Q1,76.899,1.0,27.339,29.667,19.893,5.0,SOFT,True,316.0,297.0,253.0,346.0,26.2,45.9,27.0,780.5,2.0,0.0,,77.643,76.633,0,1,0
2025,20,GRAN PREMIO DE LA CIUDAD DE MÉXICO,OCO,Haas F1 Team,Q1,76.948,12.0,27.428,29.692,19.828,2.0,SOFT,True,316.0,297.0,255.0,345.0,26.2,45.9,27.0,780.5,2.0,0.0,79.038,78.266,77.574,0,1,0
2025,20,GRAN PREMIO DE LA CIUDAD DE MÉXICO,LAW,Racing Bulls,Q1,76.961,15.0,27.541,29.564,19.856,2.0,SOFT,True,313.0,295.0,250.0,341.0,26.2,45.9,27.0,780.5,2.0,0.0,,78.218,77.552,0,1,0
2025,20,GRAN PREMIO DE LA CIUDAD DE MÉXICO,LEC,Ferrari,Q1,77.024,2.0,27.237,29.746,20.041,5.0,SOFT,True,317.0,298.0,252.0,350.0,26.2,45.9,27.0,780.5,2.0,0.0,78.38,77.545,77.199,0,1,0
2025,20,GRAN PREMIO DE LA CIUDAD DE MÉXICO,BEA,Haas F1 Team,Q1,77.04,10.0,27.419,29.731,19.89,2.0,SOFT,True,317.0,296.0,253.0,345.0,26.2,45.9,27.0,780.5,2.0,0.0,,78.442,78.046,0,1,0
2025,20,GRAN PREMIO DE LA CIUDAD DE MÉXICO,VER,Red Bull Racing,Q1,77.076,5.0,27.278,29.907,19.891,5.0,SOFT,False,316.0,295.0,253.0,347.0,26.2,45.9,27.0,780.5,2.0,0.0,,77.392,77.242,0,1,0
2025,20,GRAN PREMIO DE LA CIUDAD DE MÉXICO,PIA,McLaren,Q1,77.158,8.0,27.41,29.763,19.985,5.0,SOFT,True,316.0,297.0,253.0,346.0,26.2,45.9,27.0,780.5,2.0,0.0,78.784,78.232,77.232,0,1,0
2025,20,GRAN PREMIO DE LA CIUDAD DE MÉXICO,SAI,Williams,Q1,77.171,7.0,27.331,29.903,19.937,2.0,SOFT,True,318.0,295.0,253.0,350.0,26.2,45.9,27.0,780.5,2.0,0.0,,77.939,77.801,0,1,0
2025,20,GRAN PREMIO DE LA CIUDAD DE MÉXICO,ALO,Aston Martin,Q1,77.232,14.0,27.557,29.778,19.897,3.0,SOFT,False,316.0,295.0,254.0,348.0,26.2,45.9,27.0,780.5,2.0,0.0,79.472,77.938,78.611,0,1,0
2025,20,GRAN PREMIO DE LA CIUDAD DE MÉXICO,TSU,Red Bull Racing,Q1,77.234,11.0,27.395,29.747,20.092,2.0,SOFT,True,316.0,296.0,254.0,349.0,26.2,45.9,27.0,780.5,2.0,0.0,79.09,77.883,77.415,0,1,0
2025,20,GRAN PREMIO DE LA CIUDAD DE MÉXICO,HUL,Kick Sauber,Q1,77.251,13.0,27.43,29.788,20.033,8.0,SOFT,False,316.0,296.0,253.0,345.0,26.2,45.9,27.0,780.5,2.0,0.0,78.76,78.348,77.664,0,1,0
2025,20,GRAN PREMIO DE LA CIUDAD DE MÉXICO,ANT,Mercedes,Q1,77.291,6.0,27.331,29.969,19.991,2.0,SOFT,True,318.0,295.0,252.0,349.0,26.2,45.9,27.0,780.5,2.0,0.0,78.487,77.566,77.253,0,1,0
2025,20,GRAN PREMIO DE LA CIUDAD DE MÉXICO,BOR,Kick Sauber,Q1,77.412,16.0,27.511,29.925,19.976,2.0,SOFT,True,316.0,296.0,253.0,345.0,26.2,45.9,27.0,780.5,2.0,0.0,78.916,78.323,77.526,0,1,0
2025,20,GRAN PREMIO DE LA CIUDAD DE MÉXICO,ALB,Williams,Q1,77.49,17.0,27.356,30.026,20.108,2.0,SOFT,True,316.0,297.0,253.0,349.0,26.2,45.9,27.0,780.5,2.0,0.0,79.384,78.855,77.994,0,1,0
2025,20,GRAN PREMIO DE LA CIUDAD DE MÉXICO,GAS,Alpine,Q1,77.546,18.0,27.461,30.041,20.044,2.0,SOFT,True,316.0,294.0,252.0,348.0,26.2,45.9,27.0,780.5,2.0,0.0,,79.194,78.412,0,1,0
2025,20,GRAN PREMIO DE LA CIUDAD DE MÉXICO,STR,Aston Martin,Q1,77.606,19.0,27.648,29.897,20.061,3.0,SOFT,False,315.0,294.0,252.0,347.0,26.2,45.9,27.0,780.5,2.0,0.0,,77.954,77.598,0,1,0
2025,20,GRAN PREMIO DE LA CIUDAD DE MÉXICO,COL,Alpine,Q1,77.67,20.0,27.495,30.015,20.16,2.0,SOFT,True,317.0,296.0,253.0,349.0,26.2,45.9,27.0,780.5,2.0,0.0,79.331,78.721,78.581,0,1,0
2025,20,GRAN PREMIO DE LA CIUDAD DE MÉXICO,NOR,McLaren,Q2,76.252,1.0,27.062,29.521,19.669,2.0,SOFT,True,316.0,298.0,252.0,346.0,26.2,45.9,27.0,780.5,2.0,0.0,,77.643,76.633,0,2,0
2025,20,GRAN PREMIO DE LA CIUDAD DE MÉXICO,HAM,Ferrari,Q2,76.458,3.0,27.098,29.493,19.867,2.0,SOFT,True,320.0,297.0,254.0,349.0,26.2,45.9,27.0,780.5,2.0,0.0,,77.692,76.978,0,2,0
2025,20,GRAN PREMIO DE LA CIUDAD DE MÉXICO,RUS,Mercedes,Q2,76.537,4.0,27.198,29.57,19.769,2.0,SOFT,True,317.0,296.0,253.0,350.0,26.2,45.9,27.0,780.5,2.0,0.0,,77.829,77.145,0,2,0
2025,20,GRAN PREMIO DE LA CIUDAD DE MÉXICO,VER,Red Bull Racing,Q2,76.605,5.0,27.137,29.643,19.825,2.0,SOFT,True,317.0,298.0,253.0,348.0,26.2,45.9,27.0,780.5,2.0,0.0,,77.392,77.242,0,2,0
2025,20,GRAN PREMIO DE LA CIUDAD DE MÉXICO,SAI,Williams,Q2,76.607,7.0,27.238,29.623,19.746,2.0,SOFT,True,317.0,297.0,252.0,350.0,26.2,45.9,27.0,780.5,2.0,0.0,,77.939,77.801,0,2,0
2025,20,GRAN PREMIO DE LA CIUDAD DE MÉXICO,LEC,Ferrari,Q2,76.658,2.0,27.224,29.544,19.89,2.0,SOFT,True,320.0,298.0,253.0,348.0,26.2,45.9,27.0,780.5,2.0,0.0,78.38,77.545,77.199,0,2,0
2025,20,GRAN PREMIO DE LA CIUDAD DE MÉXICO,PIA,McLaren,Q2,76.737,8.0,27.285,29.61,19.842,2.0,SOFT,True,316.0,297.0,253.0,347.0,26.2,45.9,27.0,780.5,2.0,0.0,78.784,78.232,77.232,0,2,0
2025,20,GRAN PREMIO DE LA CIUDAD DE MÉXICO,ANT,Mercedes,Q2,76.773,6.0,27.168,29.7,19.905,2.0,SOFT,True,318.0,296.0,252.0,351.0,26.2,45.9,27.0,780.5,2.0,0.0,78.487,77.566,77.253,0,2,0
2025,20,GRAN PREMIO DE LA CIUDAD DE MÉXICO,BEA,Haas F1 Team,Q2,76.787,10.0,27.303,29.687,19.797,2.0,SOFT,True,318.0,296.0,253.0,347.0,26.2,45.9,27.0,780.5,2.0,0.0,,78.442,78.046,0,2,0
2025,20,GRAN PREMIO DE LA CIUDAD DE MÉXICO,HAD,Racing Bulls,Q2,76.804,9.0,27.416,29.685,19.703,2.0,SOFT,True,313.0,293.0,251.0,341.0,26.2,45.9,27.0,780.5,2.0,0.0,79.409,78.281,77.396,0,2,0
2025,20,GRAN PREMIO DE LA CIUDAD DE MÉXICO,TSU,Red Bull Racing,Q2,76.816,11.0,27.419,29.531,19.866,2.0,SOFT,True,316.0,297.0,254.0,348.0,26.2,45.9,27.0,780.5,2.0,0.0,79.09,77.883,77.415,0,2,0
2025,20,GRAN PREMIO DE LA CIUDAD DE MÉXICO,OCO,Haas F1 Team,Q2,76.837,12.0,27.277,29.668,19.892,2.0,SOFT,True,317.0,297.0,255.0,346.0,26.2,45.9,27.0,780.5,2.0,0.0,79.038,78.266,77.574,0,2,0
2025,20,GRAN PREMIO DE LA CIUDAD DE MÉXICO,HUL,Kick Sauber,Q2,77.016,13.0,27.507,29.668,19.841,2.0,SOFT,True,316.0,296.0,254.0,341.0,26.2,45.9,27.0,780.5,2.0,0.0,78.76,78.348,77.664,0,2,0
2025,20,GRAN PREMIO DE LA CIUDAD DE MÉXICO,ALO,Aston Martin,Q2,77.103,14.0,27.444,29.729,19.93,3.0,SOFT,False,316.0,297.0,252.0,350.0,26.2,45.9,27.0,780.5,2.0,0.0,79.472,77.938,78.611,0,2,0
2025,20,GRAN PREMIO DE LA CIUDAD DE MÉXICO,LAW,Racing Bulls,Q2,78.072,15.0,27.684,30.172,20.216,5.0,SOFT,False,312.0,289.0,251.0,342.0,26.2,45.9,27.0,780.5,2.0,0.0,,78.218,77.552,0,2,0
2025,20,GRAN PREMIO DE LA CIUDAD DE MÉXICO,NOR,McLaren,Q3,75.586,1.0,26.916,29.114,19.556,2.0,SOFT,True,317.0,298.0,254.0,349.0,26.2,45.9,27.0,780.5,2.0,0.0,,77.643,76.633,0,3,0
2025,20,GRAN PREMIO DE LA CIUDAD DE MÉXICO,LEC,Ferrari,Q3,75.848,2.0,26.945,29.185,19.718,2.0,SOFT,True,318.0,298.0,255.0,349.0,26.2,45.9,27.0,780.5,2.0,0.0,78.38,77.545,77.199,0,3,0
2025,20,GRAN PREMIO DE LA CIUDAD DE MÉXICO,HAM,Ferrari,Q3,75.938,3.0,27.089,29.156,19.693,2.0,SOFT,True,317.0,298.0,252.0,349.0,26.2,45.9,27.0,780.5,2.0,0.0,,77.692,76.978,0,3,0
2025,20,GRAN PREMIO DE LA CIUDAD DE MÉXICO,RUS,Mercedes,Q3,76.034,4.0,27.022,29.299,19.713,2.0,SOFT,True,317.0,296.0,253.0,351.0,26.2,45.9,27.0,780.5,2.0,0.0,,77.829,77.145,0,3,0
2025,20,GRAN PREMIO DE LA CIUDAD DE MÉXICO,VER,Red Bull Racing,Q3,76.07,5.0,27.049,29.328,19.693,2.0,SOFT,True,317.0,298.0,253.0,350.0,26.2,45.9,27.0,780.5,2.0,0.0,,77.392,77.242,0,3,0
2025,20,GRAN PREMIO DE LA CIUDAD DE MÉXICO,ANT,Mercedes,Q3,76.118,6.0,27.112,29.219,19.787,2.0,SOFT,True,318.0,297.0,252.0,350.0,26.2,45.9,27.0,780.5,2.0,0.0,78.487,77.566,77.253,0,3,0
2025,20,GRAN PREMIO DE LA CIUDAD DE MÉXICO,SAI,Williams,Q3,76.172,7.0,27.013,29.42,19.739,2.0,SOFT,True,318.0,297.0,253.0,352.0,26.2,45.9,27.0,780.5,2.0,0.0,,77.939,77.801,0,3,0
2025,20,GRAN PREMIO DE LA CIUDAD DE MÉXICO,PIA,McLaren,Q3,76.174,8.0,27.117,29.351,19.706,2.0,SOFT,True,317.0,298.0,254.0,349.0,26.2,45.9,27.0,780.5,2.0,0.0,78.784,78.232,77.232,0,3,0
2025,20,GRAN PREMIO DE LA CIUDAD DE MÉXICO,HAD,Racing Bulls,Q3,76.252,9.0,27.198,29.353,19.701,2.0,SOFT,True,314.0,295.0,252.0,345.0,26.2,45.9,27.0,780.5,2.0,0.0,79.409,78.281,77.396,0,3,0
2025,20,GRAN PREMIO DE LA CIUDAD DE MÉXICO,BEA,Haas F1 Team,Q3,76.46,10.0,27.267,29.552,19.641,2.0,SOFT,True,317.0,297.0,253.0,344.0,26.2,45.9,27.0,780.5,2.0,0.0,,78.442,78.046,0,3,0
2025,21,GRANDE PRÊMIO DE SÃO PAULO,NOR,McLaren,Q1,69.656,1.0,18.027,35.681,15.948,2.0,SOFT,True,326.0,268.0,329.0,334.0,26.0,39.6,56.0,918.4,1.4,0.0,69.975,,69.243,1,1,0
2025,21,GRANDE PRÊMIO DE SÃO PAULO,GAS,Alpine,Q1,69.885,9.0,18.177,35.734,15.974,2.0,SOFT,True,324.0,266.0,330.0,336.0,26.0,39.6,56.0,918.4,1.4,0.0,70.681,,69.852,1,1,0
2025,21,GRANDE PRÊMIO DE SÃO PAULO,BEA,Haas F1 Team,Q1,69.891,8.0,18.212,35.685,15.994,2.0,SOFT,True,324.0,267.0,330.0,332.0,26.0,39.6,56.0,918.4,1.4,0.0,70.961,,69.946,1,1,0
2025,21,GRANDE PRÊMIO DE SÃO PAULO,PIA,McLaren,Q1,69.928,4.0,18.161,35.726,16.041,2.0,SOFT,True,325.0,266.0,329.0,337.0,26.0,39.6,56.0,918.4,1.4,0.0,69.998,,69.416,1,1,0
2025,21,GRANDE PRÊMIO DE SÃO PAULO,LEC,Ferrari,Q1,69.934,3.0,18.041,35.822,16.071,2.0,SOFT,True,325.0,268.0,330.0,334.0,26.0,39.6,56.0,918.4,1.4,0.0,71.493,,69.725,1,1,0
2025,21,GRANDE PRÊMIO DE SÃO PAULO,RUS,Mercedes,Q1,69.935,6.0,18.143,35.759,16.033,2.0,SOFT,True,327.0,267.0,337.0,335.0,26.0,39.6,56.0,918.4,1.4,0.0,70.645,,69.384,1,1,0
2025,21,GRANDE PRÊMIO DE SÃO PAULO,HAM,Ferrari,Q1,70.016,13.0,18.231,35.714,16.071,2.0,SOFT,True,325.0,265.0,331.0,338.0,26.0,39.6,56.0,918.4,1.4,0.0,71.526,,69.811,1,1,0
2025,21,GRANDE PRÊMIO DE SÃO PAULO,STR,Aston Martin,Q1,70.041,14.0,18.137,35.791,16.113,2.0,SOFT,True,322.0,264.0,327.0,331.0,26.0,39.6,56.0,918.4,1.4,0.0,71.07,,69.647,1,1,0
2025,21,GRANDE PRÊMIO DE SÃO PAULO,HAD,Racing Bulls,Q1,70.083,5.0,18.101,35.966,16.016,2.0,SOFT,True,325.0,266.0,332.0,334.0,26.0,39.6,56.0,918.4,1.4,0.0,70.707,,69.608,1,1,0
2025,21,GRANDE PRÊMIO DE SÃO PAULO,LAW,Racing Bulls,Q1,70.108,7.0,18.268,35.856,15.984,2.0,SOFT,True,323.0,266.0,330.0,334.0,26.0,39.6,56.0,918.4,1.4,0.0,70.794,,70.666,1,1,0
2025,21,GRANDE PRÊMIO DE SÃO PAULO,ALB,Williams,Q1,70.115,12.0,18.098,35.891,16.126,2.0,SOFT,True,324.0,266.0,327.0,336.0,26.0,39.6,56.0,918.4,1.4,0.0,70.807,,69.813,1,1,0
2025,21,GRANDE PRÊMIO DE SÃO PAULO,ALO,Aston Martin,Q1,70.181,11.0,18.438,35.727,16.016,2.0,SOFT,True,323.0,266.0,330.0,333.0,26.0,39.6,56.0,918.4,1.4,0.0,70.606,,69.33,1,1,0
2025,21,GRANDE PRÊMIO DE SÃO PAULO,SAI,Williams,Q1,70.184,15.0,18.232,35.866,16.086,2.0,SOFT,True,324.0,266.0,328.0,333.0,26.0,39.6,56.0,918.4,1.4,0.0,70.686,,71.12,1,1,0
2025,21,GRANDE PRÊMIO DE SÃO PAULO,ANT,Mercedes,Q1,70.192,2.0,18.267,35.837,16.088,2.0,SOFT,True,328.0,267.0,333.0,329.0,26.0,39.6,56.0,918.4,1.4,0.0,70.744,,69.34,1,1,0
2025,21,GRANDE PRÊMIO DE SÃO PAULO,HUL,Kick Sauber,Q1,70.337,10.0,18.266,35.926,16.145,5.0,SOFT,False,323.0,265.0,323.0,334.0,26.0,39.6,56.0,918.4,1.4,0.0,70.594,,69.735,1,1,0
2025,21,GRANDE PRÊMIO DE SÃO PAULO,VER,Red Bull Racing,Q1,70.403,16.0,18.199,36.036,16.168,5.0,SOFT,True,325.0,266.0,332.0,338.0,26.0,39.6,56.0,918.4,1.4,0.0,71.368,,69.58,1,1,0
2025,21,GRANDE PRÊMIO DE SÃO PAULO,OCO,Haas F1 Team,Q1,70.438,17.0,18.382,35.915,16.141,2.0,SOFT,True,322.0,265.0,329.0,330.0,26.0,39.6,56.0,918.4,1.4,0.0,70.906,,70.872,1,1,0
2025,21,GRANDE PRÊMIO DE SÃO PAULO,COL,Alpine,Q1,70.632,18.0,18.163,36.322,16.147,2.0,SOFT,True,324.0,265.0,328.0,334.0,26.0,39.6,56.0,918.4,1.4,0.0,71.16,,70.441,1,1,0
2025,21,GRANDE PRÊMIO DE SÃO PAULO,TSU,Red Bull Racing,Q1,70.711,19.0,18.335,36.256,16.12,2.0,SOFT,True,325.0,265.0,333.0,338.0,26.0,39.6,56.0,918.4,1.4,0.0,71.763,,70.692,1,1,0
2025,21,GRANDE PRÊMIO DE SÃO PAULO,NOR,McLaren,Q2,69.616,1.0,17.998,35.587,16.031,2.0,SOFT,True,327.0,270.0,329.0,335.0,26.0,39.6,56.0,918.4,1.4,0.0,69.975,,69.243,1,2,0
2025,21,GRANDE PRÊMIO DE SÃO PAULO,BEA,Haas F1 Team,Q2,69.755,8.0,18.062,35.641,16.052,2.0,SOFT,True,323.0,268.0,330.0,332.0,26.0,39.6,56.0,918.4,1.4,0.0,70.961,,69.946,1,2,0
2025,21,GRANDE PRÊMIO DE SÃO PAULO,ANT,Mercedes,Q2,69.774,2.0,18.122,35.588,16.064,2.0,SOFT,True,328.0,268.0,331.0,336.0,26.0,39.6,56.0,918.4,1.4,0.0,70.744,,69.34,1,2,0
2025,21,GRANDE PRÊMIO DE SÃO PAULO,LEC,Ferrari,Q2,69.801,3.0,18.049,35.68,16.072,2.0,SOFT,True,326.0,268.0,331.0,334.0,26.0,39.6,56.0,918.4,1.4,0.0,71.493,,69.725,1,2,0
2025,21,GRANDE PRÊMIO DE SÃO PAULO,PIA,McLaren,Q2,69.835,4.0,18.127,35.596,16.112,4.0,SOFT,False,325.0,267.0,329.0,334.0,26.0,39.6,56.0,918.4,1.4,0.0,69.998,,69.416,1,2,0
2025,21,GRANDE PRÊMIO DE SÃO PAULO,GAS,Alpine,Q2,69.857,9.0,18.09,35.643,16.124,2.0,SOFT,True,325.0,266.0,330.0,334.0,26.0,39.6,56.0,918.4,1.4,0.0,70.681,,69.852,1,2,0
2025,21,GRANDE PRÊMIO DE SÃO PAULO,RUS,Mercedes,Q2,69.88,6.0,18.081,35.748,16.051,2.0,SOFT,True,327.0,269.0,330.0,336.0,26.0,39.6,56.0,918.4,1.4,0.0,70.645,,69.384,1,2,0
2025,21,GRANDE PRÊMIO DE SÃO PAULO,LAW,Racing Bulls,Q2,69.95,7.0,18.164,35.712,16.074,2.0,SOFT,True,325.0,267.0,331.0,334.0,26.0,39.6,56.0,918.4,1.4,0.0,70.794,,70.666,1,2,0
2025,21,GRANDE PRÊMIO DE SÃO PAULO,HAD,Racing Bulls,Q2,69.97,5.0,18.118,35.822,16.03,2.0,SOFT,True,325.0,267.0,332.0,334.0,26.0,39.6,56.0,918.4,1.4,0.0,70.707,,69.608,1,2,0
2025,21,GRANDE PRÊMIO DE SÃO PAULO,HUL,Kick Sauber,Q2,69.985,10.0,18.183,35.68,16.122,2.0,SOFT,True,323.0,266.0,329.0,330.0,26.0,39.6,56.0,918.4,1.4,0.0,70.594,,69.735,1,2,0
2025,21,GRANDE PRÊMIO DE SÃO PAULO,ALO,Aston Martin,Q2,70.001,11.0,18.211,35.722,16.068,2.0,SOFT,True,324.0,268.0,328.0,332.0,26.0,39.6,56.0,918.4,1.4,0.0,70.606,,69.33,1,2,0
2025,21,GRANDE PRÊMIO DE SÃO PAULO,ALB,Williams,Q2,70.053,12.0,18.006,35.957,16.09,2.0,SOFT,True,325.0,268.0,326.0,336.0,26.0,39.6,56.0,918.4,1.4,0.0,70.807,,69.813,1,2,0
2025,21,GRANDE PRÊMIO DE SÃO PAULO,HAM,Ferrari,Q2,70.1,13.0,18.121,35.795,16.184,3.0,SOFT,True,326.0,269.0,329.0,334.0,26.0,39.6,56.0,918.4,1.4,0.0,71.526,,69.811,1,2,0
2025,21,GRANDE PRÊMIO DE SÃO PAULO,STR,Aston Martin,Q2,70.161,14.0,18.173,35.826,16.162,2.0,SOFT,True,323.0,265.0,330.0,332.0,26.0,39.6,56.0,918.4,1.4,0.0,71.07,,69.647,1,2,0
2025,21,GRANDE PRÊMIO DE SÃO PAULO,SAI,Williams,Q2,70.472,15.0,18.146,36.127,16.199,2.0,SOFT,True,323.0,266.0,328.0,333.0,26.0,39.6,56.0,918.4,1.4,0.0,70.686,,71.12,1,2,0
2025,21,GRANDE PRÊMIO DE SÃO PAULO,NOR,McLaren,Q3,69.511,1.0,18.036,35.534,15.941,2.0,SOFT,True,327.0,270.0,330.0,335.0,26.0,39.6,56.0,918.4,1.4,0.0,69.975,,69.243,1,3,0
2025,21,GRANDE PRÊMIO DE SÃO PAULO,ANT,Mercedes,Q3,69.685,2.0,18.065,35.582,16.038,2.0,SOFT,True,326.0,268.0,329.0,333.0,26.0,39.6,56.0,918.4,1.4,0.0,70.744,,69.34,1,3,0
2025,21,GRANDE PRÊMIO DE SÃO PAULO,LEC,Ferrari,Q3,69.805,3.0,18.012,35.759,16.034,2.0,SOFT,True,326.0,268.0,330.0,335.0,26.0,39.6,56.0,918.4,1.4,0.0,71.493,,69.725,1,3,0
2025,21,GRANDE PRÊMIO DE SÃO PAULO,PIA,McLaren,Q3,69.886,4.0,18.147,35.709,16.03,2.0,SOFT,True,325.0,267.0,329.0,337.0,26.0,39.6,56.0,918.4,1.4,0.0,69.998,,69.416,1,3,0
2025,21,GRANDE PRÊMIO DE SÃO PAULO,HAD,Racing Bulls,Q3,69.931,5.0,18.086,35.841,16.004,2.0,SOFT,True,326.0,265.0,331.0,336.0,26.0,39.6,56.0,918.4,1.4,0.0,70.707,,69.608,1,3,0
2025,21,GRANDE PRÊMIO DE SÃO PAULO,RUS,Mercedes,Q3,69.942,6.0,18.117,35.776,16.049,2.0,MEDIUM,True,327.0,267.0,329.0,335.0,26.0,39.6,56.0,918.4,1.4,0.0,70.645,,69.384,1,3,0
2025,21,GRANDE PRÊMIO DE SÃO PAULO,LAW,Racing Bulls,Q3,69.962,7.0,18.216,35.677,16.069,2.0,SOFT,True,324.0,266.0,329.0,334.0,26.0,39.6,56.0,918.4,1.4,0.0,70.794,,70.666,1,3,0
2025,21,GRANDE PRÊMIO DE SÃO PAULO,BEA,Haas F1 Team,Q3,69.977,8.0,18.121,35.753,16.103,2.0,SOFT,True,324.0,268.0,329.0,329.0,26.0,39.6,56.0,918.4,1.4,0.0,70.961,,69.946,1,3,0
2025,21,GRANDE PRÊMIO DE SÃO PAULO,GAS,Alpine,Q3,70.002,9.0,18.134,35.782,16.086,2.0,SOFT,True,325.0,265.0,329.0,335.0,26.0,39.6,56.0,918.4,1.4,0.0,70.681,,69.852,1,3,0
2025,21,GRANDE PRÊMIO DE SÃO PAULO,HUL,Kick Sauber,Q3,70.039,10.0,18.247,35.705,16.087,4.0,SOFT,False,322.0,267.0,322.0,329.0,26.0,39.6,56.0,918.4,1.4,0.0,70.594,,69.735,1,3,0
2025,22,LAS VEGAS GRAND PRIX,RUS,Mercedes,Q1,113.144,4.0,32.474,39.483,41.187,7.0,WET,True,145.0,178.0,297.0,234.0,11.7,12.6,65.0,946.0,1.6,0.0,95.534,94.037,94.054,0,1,0
2025,22,LAS VEGAS GRAND PRIX,VER,Red Bull Racing,Q1,113.458,2.0,32.701,38.597,42.16,7.0,WET,True,146.0,189.0,286.0,213.0,11.7,12.6,65.0,946.0,1.6,0.0,95.109,94.105,94.281,0,1,0
2025,22,LAS VEGAS GRAND PRIX,ALO,Aston Martin,Q1,113.739,7.0,32.787,39.307,41.645,9.0,WET,True,145.0,186.0,272.0,227.0,11.7,12.6,65.0,946.0,1.6,0.0,95.746,95.012,95.54,0,1,0
2025,22,LAS VEGAS GRAND PRIX,STR,Aston Martin,Q1,114.416,12.0,33.007,39.456,41.953,8.0,WET,True,145.0,184.0,290.0,221.0,11.7,12.6,65.0,946.0,1.6,0.0,95.894,94.191,95.533,0,1,0
2025,22,LAS VEGAS GRAND PRIX,GAS,Alpine,Q1,114.432,10.0,32.818,39.587,42.027,8.0,WET,True,131.0,170.0,268.0,234.0,11.7,12.6,65.0,946.0,1.6,0.0,95.589,94.373,95.562,0,1,0
2025,22,LAS VEGAS GRAND PRIX,PIA,McLaren,Q1,114.544,5.0,33.208,39.574,41.762,7.0,WET,True,143.0,182.0,279.0,232.0,11.7,12.6,65.0,946.0,1.6,0.0,95.45,94.493,97.023,0,1,0
2025,22,LAS VEGAS GRAND PRIX,HUL,Kick Sauber,Q1,114.555,11.0,32.701,39.534,42.32,9.0,WET,True,143.0,178.0,275.0,225.0,11.7,12.6,65.0,946.0,1.6,0.0,96.17,93.879,96.65,0,1,0
2025,22,LAS VEGAS GRAND PRIX,OCO,Haas F1 Team,Q1,114.635,13.0,33.144,39.578,41.913,7.0,WET,True,145.0,188.0,289.0,222.0,11.7,12.6,65.0,946.0,1.6,0.0,96.123,95.228,95.817,0,1,0
2025,22,LAS VEGAS GRAND PRIX,LEC,Ferrari,Q1,114.814,9.0,32.908,39.314,42.592,6.0,WET,True,142.0,184.0,281.0,209.0,11.7,12.6,65.0,946.0,1.6,0.0,94.802,93.763,95.908,0,1,0
2025,22,LAS VEGAS GRAND PRIX,LAW,Racing Bulls,Q1,114.828,6.0,33.359,39.555,41.914,7.0,WET,True,135.0,186.0,291.0,221.0,11.7,12.6,65.0,946.0,1.6,0.0,95.709,93.901,95.439,0,1,0
2025,22,LAS VEGAS GRAND PRIX,COL,Alpine,Q1,114.847,15.0,33.133,39.671,42.043,7.0,WET,True,144.0,178.0,282.0,226.0,11.7,12.6,65.0,946.0,1.6,0.0,96.758,94.824,96.305,0,1,0
2025,22,LAS VEGAS GRAND PRIX,SAI,Williams,Q1,114.873,3.0,33.368,39.185,42.32,5.0,WET,False,143.0,185.0,270.0,209.0,11.7,12.6,65.0,946.0,1.6,0.0,95.179,94.435,95.662,0,1,0
2025,22,LAS VEGAS GRAND PRIX,NOR,McLaren,Q1,115.473,1.0,32.964,39.404,43.105,6.0,WET,True,144.0,178.0,259.0,211.0,11.7,12.6,65.0,946.0,1.6,0.0,95.258,93.602,97.112,0,1,0
2025,22,LAS VEGAS GRAND PRIX,HAD,Racing Bulls,Q1,115.613,8.0,33.038,40.248,42.327,7.0,WET,True,142.0,179.0,279.0,212.0,11.7,12.6,65.0,946.0,1.6,0.0,95.299,93.893,95.169,0,1,0
2025,22,LAS VEGAS GRAND PRIX,BEA,Haas F1 Team,Q1,116.016,14.0,33.123,39.924,42.969,6.0,WET,True,141.0,175.0,290.0,240.0,11.7,12.6,65.0,946.0,1.6,0.0,95.99,94.986,95.586,0,1,0
2025,22,LAS VEGAS GRAND PRIX,ALB,Williams,Q1,116.22,16.0,33.523,40.194,42.503,4.0,WET,True,143.0,183.0,266.0,206.0,11.7,12.6,65.0,946.0,1.6,0.0,94.968,94.067,94.875,0,1,0
2025,22,LAS VEGAS GRAND PRIX,ANT,Mercedes,Q1,116.314,17.0,33.18,39.906,43.228,5.0,WET,True,143.0,183.0,250.0,238.0,11.7,12.6,65.0,946.0,1.6,0.0,95.538,93.631,95.385,0,1,0
2025,22,LAS VEGAS GRAND PRIX,BOR,Kick Sauber,Q1,116.674,18.0,33.719,39.977,42.978,8.0,WET,True,141.0,178.0,259.0,200.0,11.7,12.6,65.0,946.0,1.6,0.0,96.398,95.499,95.738,0,1,0
2025,22,LAS VEGAS GRAND PRIX,TSU,Red Bull Racing,Q1,116.798,19.0,33.582,40.91,42.306,7.0,WET,True,143.0,164.0,288.0,219.0,11.7,12.6,65.0,946.0,1.6,0.0,95.071,94.692,96.667,0,1,0
2025,22,LAS VEGAS GRAND PRIX,HAM,Ferrari,Q1,117.115,20.0,33.579,41.173,42.363,6.0,WET,True,141.0,180.0,274.0,225.0,11.7,12.6,65.0,946.0,1.6,0.0,95.561,94.127,95.269,0,1,0
2025,22,LAS VEGAS GRAND PRIX,RUS,Mercedes,Q2,110.935,4.0,31.812,38.683,40.44,16.0,WET,False,145.0,180.0,311.0,244.0,11.7,12.6,65.0,946.0,1.6,0.0,95.534,94.037,94.054,0,2,0
2025,22,LAS VEGAS GRAND PRIX,HAD,Racing Bulls,Q2,111.12,8.0,31.836,38.525,40.759,8.0,WET,True,150.0,183.0,311.0,238.0,11.7,12.6,65.0,946.0,1.6,0.0,95.299,93.893,95.169,0,2,0
2025,22,LAS VEGAS GRAND PRIX,SAI,Williams,Q2,111.144,3.0,31.982,38.615,40.547,7.0,WET,True,142.0,186.0,307.0,256.0,11.7,12.6,65.0,946.0,1.6,0.0,95.179,94.435,95.662,0,2,0
2025,22,LAS VEGAS GRAND PRIX,NOR,McLaren,Q2,111.379,1.0,31.847,38.39,41.142,7.0,WET,True,147.0,177.0,290.0,243.0,11.7,12.6,65.0,946.0,1.6,0.0,95.258,93.602,97.112,0,2,0
2025,22,LAS VEGAS GRAND PRIX,VER,Red Bull Racing,Q2,111.593,2.0,31.989,38.38,41.224,5.0,WET,True,147.0,188.0,284.0,222.0,11.7,12.6,65.0,946.0,1.6,0.0,95.109,94.105,94.281,0,2,0
2025,22,LAS VEGAS GRAND PRIX,LAW,Racing Bulls,Q2,111.621,6.0,32.028,38.87,40.723,8.0,WET,True,150.0,187.0,311.0,230.0,11.7,12.6,65.0,946.0,1.6,0.0,95.709,93.901,95.439,0,2,0
2025,22,LAS VEGAS GRAND PRIX,GAS,Alpine,Q2,111.76,10.0,31.827,38.785,41.148,8.0,WET,True,138.0,179.0,308.0,233.0,11.7,12.6,65.0,946.0,1.6,0.0,95.589,94.373,95.562,0,2,0
2025,22,LAS VEGAS GRAND PRIX,ALO,Aston Martin,Q2,111.865,7.0,31.98,38.903,40.982,16.0,WET,False,144.0,180.0,297.0,242.0,11.7,12.6,65.0,946.0,1.6,0.0,95.746,95.012,95.54,0,2,0
2025,22,LAS VEGAS GRAND PRIX,LEC,Ferrari,Q2,111.952,9.0,31.492,39.143,41.317,6.0,WET,True,144.0,185.0,289.0,256.0,11.7,12.6,65.0,946.0,1.6,0.0,94.802,93.763,95.908,0,2,0
2025,22,LAS VEGAS GRAND PRIX,PIA,McLaren,Q2,112.126,5.0,32.132,39.056,40.938,7.0,WET,True,148.0,183.0,299.0,262.0,11.7,12.6,65.0,946.0,1.6,0.0,95.45,94.493,97.023,0,2,0
2025,22,LAS VEGAS GRAND PRIX,HUL,Kick Sauber,Q2,112.781,11.0,32.418,39.063,41.3,16.0,WET,False,145.0,184.0,296.0,238.0,11.7,12.6,65.0,946.0,1.6,0.0,96.17,93.879,96.65,0,2,0
2025,22,LAS VEGAS GRAND PRIX,STR,Aston Martin,Q2,112.85,12.0,32.3,38.944,41.606,3.0,WET,True,144.0,183.0,298.0,242.0,11.7,12.6,65.0,946.0,1.6,0.0,95.894,94.191,95.533,0,2,0
2025,22,LAS VEGAS GRAND PRIX,OCO,Haas F1 Team,Q2,112.987,13.0,32.601,39.31,41.076,5.0,WET,True,147.0,180.0,301.0,226.0,11.7,12.6,65.0,946.0,1.6,0.0,96.123,95.228,95.817,0,2,0
2025,22,LAS VEGAS GRAND PRIX,BEA,Haas F1 Team,Q2,113.094,14.0,32.373,39.244,41.477,7.0,WET,True,140.0,179.0,300.0,210.0,11.7,12.6,65.0,946.0,1.6,0.0,95.99,94.986,95.586,0,2,0
2025,22,LAS VEGAS GRAND PRIX,COL,Alpine,Q2,113.683,15.0,32.639,39.106,41.938,5.0,WET,True,141.0,177.0,301.0,230.0,11.7,12.6,65.0,946.0,1.6,0.0,96.758,94.824,96.305,0,2,0
2025,22,LAS VEGAS GRAND PRIX,NOR,McLaren,Q3,107.934,1.0,30.43,36.842,40.662,7.0,INTERMEDIATE,True,154.0,194.0,313.0,256.0,11.7,12.6,65.0,946.0,1.6,0.0,95.258,93.602,97.112,0,3,0
2025,22,LAS VEGAS GRAND PRIX,VER,Red Bull Racing,Q3,108.257,2.0,30.863,37.391,40.003,6.0,INTERMEDIATE,True,146.0,196.0,311.0,258.0,11.7,12.6,65.0,946.0,1.6,0.0,95.109,94.105,94.281,0,3,0
2025,22,LAS VEGAS GRAND PRIX,SAI,Williams,Q3,108.296,3.0,30.894,37.608,39.794,6.0,INTERMEDIATE,True,151.0,191.0,316.0,255.0,11.7,12.6,65.0,946.0,1.6,0.0,95.179,94.435,95.662,0,3,0
2025,22,LAS VEGAS GRAND PRIX,RUS,Mercedes,Q3,108.803,4.0,30.787,38.216,39.8,6.0,INTERMEDIATE,True,154.0,194.0,315.0,244.0,11.7,12.6,65.0,946.0,1.6,0.0,95.534,94.037,94.054,0,3,0
2025,22,LAS VEGAS GRAND PRIX,PIA,McLaren,Q3,108.961,5.0,30.975,37.889,40.097,5.0,INTERMEDIATE,True,147.0,195.0,314.0,274.0,11.7,12.6,65.0,946.0,1.6,0.0,95.45,94.493,97.023,0,3,0
2025,22,LAS VEGAS GRAND PRIX,LAW,Racing Bulls,Q3,109.062,6.0,31.385,37.593,40.084,6.0,INTERMEDIATE,True,149.0,192.0,318.0,247.0,11.7,12.6,65.0,946.0,1.6,0.0,95.709,93.901,95.439,0,3,0
2025,22,LAS VEGAS GRAND PRIX,ALO,Aston Martin,Q3,109.466,7.0,31.379,37.563,40.524,6.0,INTERMEDIATE,True,145.0,193.0,310.0,232.0,11.7,12.6,65.0,946.0,1.6,0.0,95.746,95.012,95.54,0,3,0
2025,22,LAS VEGAS GRAND PRIX,HAD,Racing Bulls,Q3,109.554,8.0,31.151,38.325,40.078,6.0,INTERMEDIATE,True,144.0,190.0,317.0,267.0,11.7,12.6,65.0,946.0,1.6,0.0,95.299,93.893,95.169,0,3,0
2025,22,LAS VEGAS GRAND PRIX,LEC,Ferrari,Q3,109.872,9.0,30.789,38.302,40.781,5.0,INTERMEDIATE,True,151.0,196.0,303.0,240.0,11.7,12.6,65.0,946.0,1.6,0.0,94.802,93.763,95.908,0,3,0
2025,22,LAS VEGAS GRAND PRIX,GAS,Alpine,Q3,111.54,10.0,32.126,38.721,40.693,4.0,INTERMEDIATE,True,144.0,185.0,300.0,245.0,11.7,12.6,65.0,946.0,1.6,0.0,95.589,94.373,95.562,0,3,0
2025,23,QATAR GRAND PRIX,RUS,Mercedes,Q1,80.074,4.0,29.31,27.226,23.538,6.0,SOFT,True,259.0,290.0,285.0,327.0,20.5,25.6,75.0,1016.6,0.8,0.0,81.824,,80.087,1,1,0
2025,23,QATAR GRAND PRIX,NOR,McLaren,Q1,80.157,2.0,29.569,27.095,23.493,2.0,SOFT,True,258.0,290.0,286.0,323.0,20.5,25.6,75.0,1016.6,0.8,0.0,80.982,,80.285,1,1,0
2025,23,QATAR GRAND PRIX,PIA,McLaren,Q1,80.234,1.0,29.557,27.151,23.526,2.0,SOFT,True,259.0,290.0,286.0,325.0,20.5,25.6,75.0,1016.6,0.8,0.0,80.924,,80.055,1,1,0
2025,23,QATAR GRAND PRIX,ANT,Mercedes,Q1,80.455,5.0,29.508,27.193,23.754,5.0,SOFT,True,256.0,291.0,285.0,327.0,20.5,25.6,75.0,1016.6,0.8,0.0,81.698,,80.532,1,1,0
2025,23,QATAR GRAND PRIX,VER,Red Bull Racing,Q1,80.472,3.0,29.462,27.315,23.695,5.0,SOFT,True,257.0,289.0,285.0,324.0,20.5,25.6,75.0,1016.6,0.8,0.0,81.504,,80.528,1,1,0
2025,23,QATAR GRAND PRIX,GAS,Alpine,Q1,80.513,9.0,29.541,27.299,23.673,2.0,SOFT,True,256.0,287.0,282.0,326.0,20.5,25.6,75.0,1016.6,0.8,0.0,82.424,,82.112,1,1,0
2025,23,QATAR GRAND PRIX,SAI,Williams,Q1,80.52,7.0,29.669,27.252,23.599,5.0,SOFT,True,252.0,289.0,285.0,324.0,20.5,25.6,75.0,1016.6,0.8,0.0,81.404,,80.542,1,1,0
2025,23,QATAR GRAND PRIX,LAW,Racing Bulls,Q1,80.539,12.0,29.638,27.297,23.604,2.0,SOFT,True,257.0,287.0,284.0,323.0,20.5,25.6,75.0,1016.6,0.8,0.0,82.562,,81.851,1,1,0
2025,23,QATAR GRAND PRIX,BEA,Haas F1 Team,Q1,80.548,13.0,29.532,27.289,23.727,5.0,SOFT,True,255.0,287.0,280.0,324.0,20.5,25.6,75.0,1016.6,0.8,0.0,81.926,,81.494,1,1,0
2025,23,QATAR GRAND PRIX,LEC,Ferrari,Q1,80.564,10.0,29.58,27.347,23.637,2.0,SOFT,True,258.0,289.0,282.0,320.0,20.5,25.6,75.0,1016.6,0.8,0.0,81.668,,80.622,1,1,0
2025,23,QATAR GRAND PRIX,ALO,Aston Martin,Q1,80.598,8.0,29.509,27.398,23.691,2.0,SOFT,True,256.0,286.0,278.0,321.0,20.5,25.6,75.0,1016.6,0.8,0.0,81.31,,80.45,1,1,0
2025,23,QATAR GRAND PRIX,HAD,Racing Bulls,Q1,80.603,6.0,29.689,27.234,23.68,2.0,SOFT,True,254.0,287.0,283.0,321.0,20.5,25.6,75.0,1016.6,0.8,0.0,81.503,,81.277,1,1,0
2025,23,QATAR GRAND PRIX,ALB,Williams,Q1,80.629,15.0,29.613,27.334,23.682,5.0,SOFT,True,255.0,288.0,284.0,325.0,20.5,25.6,75.0,1016.6,0.8,0.0,81.609,,80.788,1,1,0
2025,23,QATAR GRAND PRIX,HUL,Kick Sauber,Q1,80.63,11.0,29.657,27.276,23.697,5.0,SOFT,False,254.0,286.0,280.0,323.0,20.5,25.6,75.0,1016.6,0.8,0.0,81.783,,81.327,1,1,0
2025,23,QATAR GRAND PRIX,BOR,Kick Sauber,Q1,80.653,14.0,29.469,27.482,23.702,5.0,SOFT,False,257.0,286.0,281.0,325.0,20.5,25.6,75.0,1016.6,0.8,0.0,81.926,,81.567,1,1,0
2025,23,QATAR GRAND PRIX,TSU,Red Bull Racing,Q1,80.761,16.0,29.66,27.464,23.637,5.0,SOFT,True,253.0,290.0,285.0,325.0,20.5,25.6,75.0,1016.6,0.8,0.0,81.796,,80.519,1,1,0
2025,23,QATAR GRAND PRIX,OCO,Haas F1 Team,Q1,80.864,17.0,29.717,27.419,23.728,5.0,SOFT,True,249.0,288.0,283.0,323.0,20.5,25.6,75.0,1016.6,0.8,0.0,82.096,,81.666,1,1,0
2025,23,QATAR GRAND PRIX,HAM,Ferrari,Q1,80.907,18.0,29.774,27.389,23.744,2.0,SOFT,True,255.0,290.0,283.0,323.0,20.5,25.6,75.0,1016.6,0.8,0.0,81.794,,82.043,1,1,0
2025,23,QATAR GRAND PRIX,STR,Aston Martin,Q1,81.058,19.0,29.782,27.505,23.771,4.0,SOFT,True,253.0,286.0,281.0,325.0,20.5,25.6,75.0,1016.6,0.8,0.0,81.669,,81.807,1,1,0
2025,23,QATAR GRAND PRIX,COL,Alpine,Q1,81.137,20.0,29.965,27.492,23.68,2.0,SOFT,True,252.0,287.0,279.0,326.0,20.5,25.6,75.0,1016.6,0.8,0.0,83.529,,82.364,1,1,0
2025,23,QATAR GRAND PRIX,PIA,McLaren,Q2,79.65,1.0,29.236,27.116,23.298,5.0,SOFT,False,261.0,290.0,285.0,323.0,20.5,25.6,75.0,1016.6,0.8,0.0,80.924,,80.055,1,2,0
2025,23,QATAR GRAND PRIX,NOR,McLaren,Q2,79.861,2.0,29.367,27.104,23.39,2.0,SOFT,True,257.0,290.0,285.0,321.0,20.5,25.6,75.0,1016.6,0.8,0.0,80.982,,80.285,1,2,0
2025,23,QATAR GRAND PRIX,VER,Red Bull Racing,Q2,79.985,3.0,29.321,27.214,23.45,6.0,SOFT,True,257.0,288.0,284.0,324.0,20.5,25.6,75.0,1016.6,0.8,0.0,81.504,,80.528,1,2,0
2025,23,QATAR GRAND PRIX,RUS,Mercedes,Q2,80.04,4.0,29.337,27.21,23.493,6.0,SOFT,True,259.0,291.0,286.0,327.0,20.5,25.6,75.0,1016.6,0.8,0.0,81.824,,80.087,1,2,0
2025,23,QATAR GRAND PRIX,ANT,Mercedes,Q2,80.084,5.0,29.279,27.142,23.663,2.0,SOFT,True,256.0,291.0,285.0,328.0,20.5,25.6,75.0,1016.6,0.8,0.0,81.698,,80.532,1,2,0
2025,23,QATAR GRAND PRIX,ALO,Aston Martin,Q2,80.219,8.0,29.5,27.17,23.549,2.0,SOFT,True,254.0,287.0,281.0,322.0,20.5,25.6,75.0,1016.6,0.8,0.0,81.31,,80.45,1,2,0
2025,23,QATAR GRAND PRIX,SAI,Williams,Q2,80.251,7.0,29.546,27.164,23.541,2.0,SOFT,True,252.0,289.0,284.0,324.0,20.5,25.6,75.0,1016.6,0.8,0.0,81.404,,80.542,1,2,0
2025,23,QATAR GRAND PRIX,GAS,Alpine,Q2,80.324,9.0,29.495,27.21,23.619,2.0,SOFT,True,256.0,287.0,283.0,325.0,20.5,25.6,75.0,1016.6,0.8,0.0,82.424,,82.112,1,2,0
2025,23,QATAR GRAND PRIX,LEC,Ferrari,Q2,80.343,10.0,29.52,27.318,23.505,2.0,SOFT,True,259.0,290.0,285.0,324.0,20.5,25.6,75.0,1016.6,0.8,0.0,81.668,,80.622,1,2,0
2025,23,QATAR GRAND PRIX,HAD,Racing Bulls,Q2,80.35,6.0,29.538,27.195,23.617,2.0,SOFT,True,255.0,287.0,283.0,322.0,20.5,25.6,75.0,1016.6,0.8,0.0,81.503,,81.277,1,2,0
2025,23,QATAR GRAND PRIX,HUL,Kick Sauber,Q2,80.353,11.0,29.545,27.14,23.668,5.0,SOFT,False,254.0,286.0,282.0,322.0,20.5,25.6,75.0,1016.6,0.8,0.0,81.783,,81.327,1,2,0
2025,23,QATAR GRAND PRIX,LAW,Racing Bulls,Q2,80.433,12.0,29.602,27.235,23.596,2.0,SOFT,True,256.0,287.0,282.0,323.0,20.5,25.6,75.0,1016.6,0.8,0.0,82.562,,81.851,1,2,0
2025,23,QATAR GRAND PRIX,BEA,Haas F1 Team,Q2,80.438,13.0,29.517,27.233,23.688,2.0,SOFT,True,254.0,288.0,283.0,322.0,20.5,25.6,75.0,1016.6,0.8,0.0,81.926,,81.494,1,2,0
2025,23,QATAR GRAND PRIX,BOR,Kick Sauber,Q2,80.534,14.0,29.57,27.354,23.61,5.0,SOFT,False,255.0,286.0,282.0,323.0,20.5,25.6,75.0,1016.6,0.8,0.0,81.926,,81.567,1,2,0
2025,23,QATAR GRAND PRIX,ALB,Williams,Q2,80.629,15.0,29.732,27.209,23.688,2.0,SOFT,True,252.0,289.0,284.0,322.0,20.5,25.6,75.0,1016.6,0.8,0.0,81.609,,80.788,1,2,0
2025,23,QATAR GRAND PRIX,PIA,McLaren,Q3,79.387,1.0,29.209,26.919,23.259,2.0,SOFT,True,262.0,291.0,285.0,325.0,20.5,25.6,75.0,1016.6,0.8,0.0,80.924,,80.055,1,3,0
2025,23,QATAR GRAND PRIX,NOR,McLaren,Q3,79.495,2.0,29.212,26.978,23.305,2.0,SOFT,True,259.0,291.0,285.0,323.0,20.5,25.6,75.0,1016.6,0.8,0.0,80.982,,80.285,1,3,0
2025,23,QATAR GRAND PRIX,VER,Red Bull Racing,Q3,79.651,3.0,29.16,27.064,23.427,2.0,SOFT,True,258.0,289.0,284.0,327.0,20.5,25.6,75.0,1016.6,0.8,0.0,81.504,,80.528,1,3,0
2025,23,QATAR GRAND PRIX,RUS,Mercedes,Q3,79.662,4.0,29.246,26.987,23.429,3.0,SOFT,True,258.0,292.0,285.0,325.0,20.5,25.6,75.0,1016.6,0.8,0.0,81.824,,80.087,1,3,0
2025,23,QATAR GRAND PRIX,ANT,Mercedes,Q3,79.846,5.0,29.331,26.954,23.561,2.0,SOFT,True,258.0,292.0,284.0,325.0,20.5,25.6,75.0,1016.6,0.8,0.0,81.698,,80.532,1,3,0
2025,23,QATAR GRAND PRIX,HAD,Racing Bulls,Q3,80.114,6.0,29.473,27.125,23.516,2.0,SOFT,True,256.0,287.0,283.0,323.0,20.5,25.6,75.0,1016.6,0.8,0.0,81.503,,81.277,1,3,0
2025,23,QATAR GRAND PRIX,SAI,Williams,Q3,80.287,7.0,29.573,27.178,23.536,2.0,SOFT,True,253.0,289.0,285.0,323.0,20.5,25.6,75.0,1016.6,0.8,0.0,81.404,,80.542,1,3,0
2025,23,QATAR GRAND PRIX,ALO,Aston Martin,Q3,80.418,8.0,29.358,27.432,23.628,5.0,SOFT,False,257.0,287.0,280.0,323.0,20.5,25.6,75.0,1016.6,0.8,0.0,81.31,,80.45,1,3,0
2025,23,QATAR GRAND PRIX,GAS,Alpine,Q3,80.477,9.0,29.551,27.243,23.683,5.0,SOFT,False,256.0,287.0,283.0,325.0,20.5,25.6,75.0,1016.6,0.8,0.0,82.424,,82.112,1,3,0
2025,23,QATAR GRAND PRIX,LEC,Ferrari,Q3,80.561,10.0,29.633,27.367,23.561,5.0,SOFT,False,259.0,290.0,284.0,321.0,20.5,25.6,75.0,1016.6,0.8,0.0,81.668,,80.622,1,3,0
2025,24,ABU DHABI GRAND PRIX,PIA,McLaren,Q1,82.605,3.0,16.963,36.015,29.627,2.0,SOFT,True,293.0,321.0,223.0,326.0,25.1,29.0,77.0,1017.2,1.1,0.0,,83.763,83.593,0,1,0
2025,24,ABU DHABI GRAND PRIX,VER,Red Bull Racing,Q1,82.877,1.0,16.911,35.892,30.074,2.0,SOFT,True,294.0,325.0,222.0,330.0,25.1,29.0,77.0,1017.2,1.1,0.0,84.493,83.446,83.458,0,1,0
2025,24,ABU DHABI GRAND PRIX,ANT,Mercedes,Q1,82.894,14.0,16.957,35.946,29.991,2.0,SOFT,True,295.0,324.0,221.0,330.0,25.1,29.0,77.0,1017.2,1.1,0.0,84.608,83.75,83.707,0,1,0
2025,24,ABU DHABI GRAND PRIX,ALO,Aston Martin,Q1,83.071,6.0,16.994,35.994,30.083,2.0,SOFT,True,293.0,323.0,221.0,326.0,25.1,29.0,77.0,1017.2,1.1,0.0,,83.708,83.585,0,1,0
2025,24,ABU DHABI GRAND PRIX,LEC,Ferrari,Q1,83.163,5.0,17.072,35.979,30.112,2.0,SOFT,True,291.0,325.0,220.0,332.0,25.1,29.0,77.0,1017.2,1.1,0.0,84.501,83.658,83.675,0,1,0
2025,24,ABU DHABI GRAND PRIX,NOR,McLaren,Q1,83.178,2.0,17.056,36.237,29.885,2.0,SOFT,True,291.0,320.0,223.0,325.0,25.1,29.0,77.0,1017.2,1.1,0.0,84.485,83.083,83.338,0,1,0
2025,24,ABU DHABI GRAND PRIX,SAI,Williams,Q1,83.187,12.0,16.902,36.124,30.161,2.0,SOFT,True,293.0,321.0,221.0,325.0,25.1,29.0,77.0,1017.2,1.1,0.0,84.771,83.872,83.811,0,1,0
2025,24,ABU DHABI GRAND PRIX,RUS,Mercedes,Q1,83.247,4.0,17.008,36.13,30.109,2.0,SOFT,True,293.0,324.0,220.0,328.0,25.1,29.0,77.0,1017.2,1.1,0.0,84.733,83.462,83.334,0,1,0
2025,24,ABU DHABI GRAND PRIX,BEA,Haas F1 Team,Q1,83.254,11.0,17.023,36.078,30.153,2.0,SOFT,True,292.0,322.0,220.0,324.0,25.1,29.0,77.0,1017.2,1.1,0.0,84.759,83.501,83.609,0,1,0
2025,24,ABU DHABI GRAND PRIX,LAW,Racing Bulls,Q1,83.265,13.0,17.11,36.09,30.065,2.0,SOFT,True,291.0,322.0,221.0,328.0,25.1,29.0,77.0,1017.2,1.1,0.0,,84.474,83.947,0,1,0
2025,24,ABU DHABI GRAND PRIX,STR,Aston Martin,Q1,83.316,15.0,17.005,36.18,30.131,2.0,SOFT,True,294.0,321.0,218.0,327.0,25.1,29.0,77.0,1017.2,1.1,0.0,,83.832,83.895,0,1,0
2025,24,ABU DHABI GRAND PRIX,OCO,Haas F1 Team,Q1,83.334,8.0,17.156,36.129,30.049,2.0,SOFT,True,294.0,321.0,222.0,324.0,25.1,29.0,77.0,1017.2,1.1,0.0,,83.958,83.605,0,1,0
2025,24,ABU DHABI GRAND PRIX,HAD,Racing Bulls,Q1,83.373,9.0,17.047,36.094,30.232,2.0,SOFT,True,292.0,323.0,220.0,329.0,25.1,29.0,77.0,1017.2,1.1,0.0,84.977,83.657,83.979,0,1,0
2025,24,ABU DHABI GRAND PRIX,BOR,Kick Sauber,Q1,83.374,7.0,17.01,36.177,30.187,2.0,SOFT,True,291.0,321.0,220.0,329.0,25.1,29.0,77.0,1017.2,1.1,0.0,84.742,83.57,83.791,0,1,0
2025,24,ABU DHABI GRAND PRIX,TSU,Red Bull Racing,Q1,83.386,10.0,17.032,35.933,30.421,2.0,SOFT,True,294.0,326.0,222.0,331.0,25.1,29.0,77.0,1017.2,1.1,0.0,,84.303,84.693,0,1,0
2025,24,ABU DHABI GRAND PRIX,HAM,Ferrari,Q1,83.394,16.0,17.18,36.143,30.071,2.0,SOFT,True,289.0,321.0,221.0,325.0,25.1,29.0,77.0,1017.2,1.1,0.0,,83.939,84.47,0,1,0
2025,24,ABU DHABI GRAND PRIX,ALB,Williams,Q1,83.416,17.0,16.982,36.131,30.303,2.0,SOFT,True,292.0,319.0,220.0,325.0,25.1,29.0,77.0,1017.2,1.1,0.0,,83.95,83.722,0,1,0
2025,24,ABU DHABI GRAND PRIX,HUL,Kick Sauber,Q1,83.45,18.0,17.129,36.191,30.13,2.0,SOFT,True,292.0,324.0,218.0,330.0,25.1,29.0,77.0,1017.2,1.1,0.0,84.629,83.55,83.87,0,1,0
2025,24,ABU DHABI GRAND PRIX,GAS,Alpine,Q1,83.468,19.0,17.05,36.078,30.34,2.0,SOFT,True,294.0,322.0,220.0,328.0,25.1,29.0,77.0,1017.2,1.1,0.0,,84.963,84.072,0,1,0
2025,24,ABU DHABI GRAND PRIX,COL,Alpine,Q1,83.89,20.0,17.124,36.288,30.478,2.0,SOFT,True,295.0,322.0,218.0,328.0,25.1,29.0,77.0,1017.2,1.1,0.0,84.855,84.771,84.501,0,1,0
2025,24,ABU DHABI GRAND PRIX,RUS,Mercedes,Q2,82.73,4.0,16.946,35.916,29.868,2.0,SOFT,True,294.0,322.0,223.0,328.0,25.1,29.0,77.0,1017.2,1.1,0.0,84.733,83.462,83.334,0,2,0
2025,24,ABU DHABI GRAND PRIX,VER,Red Bull Racing,Q2,82.752,1.0,16.932,35.957,29.863,5.0,SOFT,False,293.0,326.0,221.0,330.0,25.1,29.0,77.0,1017.2,1.1,0.0,84.493,83.446,83.458,0,2,0
2025,24,ABU DHABI GRAND PRIX,NOR,McLaren,Q2,82.804,2.0,16.992,36.043,29.769,5.0,SOFT,False,293.0,323.0,220.0,326.0,25.1,29.0,77.0,1017.2,1.1,0.0,84.485,83.083,83.338,0,2,0
2025,24,ABU DHABI GRAND PRIX,ALO,Aston Martin,Q2,82.861,6.0,16.922,35.984,29.955,2.0,SOFT,True,295.0,324.0,222.0,329.0,25.1,29.0,77.0,1017.2,1.1,0.0,,83.708,83.585,0,2,0
2025,24,ABU DHABI GRAND PRIX,BOR,Kick Sauber,Q2,82.874,7.0,17.031,35.968,29.875,2.0,SOFT,True,291.0,322.0,221.0,327.0,25.1,29.0,77.0,1017.2,1.1,0.0,84.742,83.57,83.791,0,2,0
2025,24,ABU DHABI GRAND PRIX,LEC,Ferrari,Q2,82.948,5.0,17.066,35.922,29.96,2.0,SOFT,True,290.0,321.0,221.0,325.0,25.1,29.0,77.0,1017.2,1.1,0.0,84.501,83.658,83.675,0,2,0
2025,24,ABU DHABI GRAND PRIX,HAD,Racing Bulls,Q2,82.997,9.0,17.019,36.034,29.944,2.0,SOFT,True,292.0,322.0,222.0,328.0,25.1,29.0,77.0,1017.2,1.1,0.0,84.977,83.657,83.979,0,2,0
2025,24,ABU DHABI GRAND PRIX,PIA,McLaren,Q2,83.021,3.0,17.022,36.202,29.797,5.0,SOFT,False,292.0,320.0,221.0,326.0,25.1,29.0,77.0,1017.2,1.1,0.0,,83.763,83.593,0,2,0
2025,24,ABU DHABI GRAND PRIX,OCO,Haas F1 Team,Q2,83.023,8.0,16.991,36.049,29.983,2.0,SOFT,True,295.0,321.0,223.0,328.0,25.1,29.0,77.0,1017.2,1.1,0.0,,83.958,83.605,0,2,0
2025,24,ABU DHABI GRAND PRIX,TSU,Red Bull Racing,Q2,83.034,10.0,17.007,35.801,30.226,2.0,SOFT,True,295.0,324.0,219.0,332.0,25.1,29.0,77.0,1017.2,1.1,0.0,,84.303,84.693,0,2,0
2025,24,ABU DHABI GRAND PRIX,BEA,Haas F1 Team,Q2,83.041,11.0,17.005,36.102,29.934,2.0,SOFT,True,294.0,320.0,219.0,326.0,25.1,29.0,77.0,1017.2,1.1,0.0,84.759,83.501,83.609,0,2,0
2025,24,ABU DHABI GRAND PRIX,SAI,Williams,Q2,83.042,12.0,16.915,35.92,30.207,2.0,SOFT,True,293.0,320.0,219.0,326.0,25.1,29.0,77.0,1017.2,1.1,0.0,84.771,83.872,83.811,0,2,0
2025,24,ABU DHABI GRAND PRIX,LAW,Racing Bulls,Q2,83.077,13.0,17.013,36.073,29.991,2.0,SOFT,True,292.0,322.0,222.0,328.0,25.1,29.0,77.0,1017.2,1.1,0.0,,84.474,83.947,0,2,0
2025,24,ABU DHABI GRAND PRIX,ANT,Mercedes,Q2,83.08,14.0,16.959,36.008,30.113,2.0,SOFT,True,296.0,325.0,221.0,331.0,25.1,29.0,77.0,1017.2,1.1,0.0,84.608,83.75,83.707,0,2,0
2025,24,ABU DHABI GRAND PRIX,STR,Aston Martin,Q2,83.097,15.0,16.955,36.021,30.121,2.0,SOFT,True,294.0,321.0,221.0,327.0,25.1,29.0,77.0,1017.2,1.1,0.0,,83.832,83.895,0,2,0
2025,24,ABU DHABI GRAND PRIX,VER,Red Bull Racing,Q3,82.207,1.0,16.858,35.71,29.639,2.0,SOFT,True,295.0,323.0,221.0,330.0,25.1,29.0,77.0,1017.2,1.1,0.0,84.493,83.446,83.458,0,3,0
2025,24,ABU DHABI GRAND PRIX,NOR,McLaren,Q3,82.408,2.0,16.908,35.89,29.61,2.0,SOFT,True,293.0,321.0,219.0,327.0,25.1,29.0,77.0,1017.2,1.1,0.0,84.485,83.083,83.338,0,3,0
2025,24,ABU DHABI GRAND PRIX,PIA,McLaren,Q3,82.437,3.0,16.919,35.93,29.588,2.0,SOFT,True,293.0,321.0,220.0,327.0,25.1,29.0,77.0,1017.2,1.1,0.0,,83.763,83.593,0,3,0
2025,24,ABU DHABI GRAND PRIX,RUS,Mercedes,Q3,82.645,4.0,16.918,35.898,29.829,2.0,SOFT,True,295.0,323.0,216.0,330.0,25.1,29.0,77.0,1017.2,1.1,0.0,84.733,83.462,83.334,0,3,0
2025,24,ABU DHABI GRAND PRIX,LEC,Ferrari,Q3,82.73,5.0,16.987,35.823,29.92,2.0,SOFT,True,291.0,321.0,221.0,326.0,25.1,29.0,77.0,1017.2,1.1,0.0,84.501,83.658,83.675,0,3,0
2025,24,ABU DHABI GRAND PRIX,ALO,Aston Martin,Q3,82.902,6.0,16.97,36.049,29.883,2.0,SOFT,True,293.0,321.0,222.0,327.0,25.1,29.0,77.0,1017.2,1.1,0.0,,83.708,83.585,0,3,0
2025,24,ABU DHABI GRAND PRIX,BOR,Kick Sauber,Q3,82.904,7.0,17.025,36.016,29.863,2.0,SOFT,True,291.0,319.0,220.0,325.0,25.1,29.0,77.0,1017.2,1.1,0.0,84.742,83.57,83.791,0,3,0
2025,24,ABU DHABI GRAND PRIX,OCO,Haas F1 Team,Q3,82.913,8.0,17.066,36.006,29.841,2.0,SOFT,True,294.0,320.0,222.0,326.0,25.1,29.0,77.0,1017.2,1.1,0.0,,83.958,83.605,0,3,0
2025,24,ABU DHABI GRAND PRIX,HAD,Racing Bulls,Q3,83.072,9.0,17.008,36.141,29.923,2.0,SOFT,True,293.0,321.0,220.0,328.0,25.1,29.0,77.0,1017.2,1.1,0.0,84.977,83.657,83.979,0,3,0
2025,24,ABU DHABI GRAND PRIX,TSU,Red Bull Racing,Q3,83.083,10.0,16.989,35.914,30.18,2.0,SOFT,True,294.0,323.0,219.0,329.0,25.1,29.0,77.0,1017.2,1.1,0.0,,84.303,84.693,0,3,0
