Year,Round,Circuit,Driver,Team,SubSession,LapTime_s,GridPosition,Sector1_s,Sector2_s,Sector3_s,TyreLife,Compound,FreshTyre,SpeedI1,SpeedI2,SpeedFL,SpeedST,AirTemp_C,TrackTemp_C,Humidity_pct,Pressure_hPa,WindSpeed_ms,Rainfall,FP1_s,FP2_s,FP3_s,IsSprintWeekend,SubSession_ord,Wet
2022,1,FORMULA 1 GULF AIR BAHRAIN GRAND PRIX 2022,LEC,Ferrari,Q1,91.471,1.0,29.367,39.067,23.037,2.0,SOFT,True,241.0,269.0,286.0,314.0,19.4,25.4,56.0,1013.7,0.5,0.0,94.557,92.023,92.64,0,1,0
2022,1,FORMULA 1 GULF AIR BAHRAIN GRAND PRIX 2022,SAI,Ferrari,Q1,91.567,3.0,29.394,39.218,22.955,2.0,SOFT,True,240.0,268.0,287.0,315.0,19.4,25.4,56.0,1013.7,0.5,0.0,94.611,92.52,93.053,0,1,0
2022,1,FORMULA 1 GULF AIR BAHRAIN GRAND PRIX 2022,VER,Red Bull Racing,Q1,91.785,2.0,29.422,39.518,22.845,4.0,SOFT,True,237.0,270.0,288.0,321.0,19.4,25.4,56.0,1013.7,0.5,0.0,94.742,91.936,92.544,0,1,0
2022,1,FORMULA 1 GULF AIR BAHRAIN GRAND PRIX 2022,BOT,Alfa Romeo,Q1,91.919,6.0,29.391,39.5,23.028,2.0,SOFT,True,240.0,268.0,287.0,313.0,19.4,25.4,56.0,1013.7,0.5,0.0,,92.951,93.733,0,1,0
2022,1,FORMULA 1 GULF AIR BAHRAIN GRAND PRIX 2022,MAG,Haas F1 Team,Q1,91.955,7.0,29.58,39.379,22.996,2.0,SOFT,True,240.0,270.0,288.0,318.0,19.4,25.4,56.0,1013.7,0.5,0.0,96.804,93.183,93.437,0,1,0
2022,1,FORMULA 1 GULF AIR BAHRAIN GRAND PRIX 2022,OCO,Alpine,Q1,92.041,11.0,29.538,39.431,23.072,2.0,SOFT,True,239.0,269.0,286.0,317.0,19.4,25.4,56.0,1013.7,0.5,0.0,95.151,93.36,94.957,0,1,0
2022,1,FORMULA 1 GULF AIR BAHRAIN GRAND PRIX 2022,GAS,AlphaTauri,Q1,92.096,10.0,29.597,39.481,23.018,2.0,SOFT,True,238.0,268.0,287.0,315.0,19.4,25.4,56.0,1013.7,0.5,0.0,94.193,93.621,94.176,0,1,0
2022,1,FORMULA 1 GULF AIR BAHRAIN GRAND PRIX 2022,NOR,McLaren,Q1,92.239,13.0,29.632,39.514,23.093,2.0,SOFT,True,237.0,267.0,285.0,315.0,19.4,25.4,56.0,1013.7,0.5,0.0,96.304,93.28,93.955,0,1,0
2022,1,FORMULA 1 GULF AIR BAHRAIN GRAND PRIX 2022,RUS,Mercedes,Q1,92.269,9.0,29.652,39.53,23.087,4.0,SOFT,True,237.0,266.0,282.0,309.0,19.4,25.4,56.0,1013.7,0.5,0.0,94.629,92.529,92.935,0,1,0
2022,1,FORMULA 1 GULF AIR BAHRAIN GRAND PRIX 2022,HAM,Mercedes,Q1,92.285,5.0,29.549,39.74,22.996,2.0,SOFT,True,238.0,266.0,286.0,314.0,19.4,25.4,56.0,1013.7,0.5,0.0,94.943,93.144,93.121,0,1,0
2022,1,FORMULA 1 GULF AIR BAHRAIN GRAND PRIX 2022,PER,Red Bull Racing,Q1,92.311,4.0,29.807,39.462,23.042,5.0,SOFT,False,236.0,269.0,289.0,320.0,19.4,25.4,56.0,1013.7,0.5,0.0,95.05,92.958,92.791,0,1,0
2022,1,FORMULA 1 GULF AIR BAHRAIN GRAND PRIX 2022,ALO,Alpine,Q1,92.346,8.0,29.571,39.609,23.166,2.0,SOFT,True,241.0,268.0,287.0,318.0,19.4,25.4,56.0,1013.7,0.5,0.0,95.0,92.877,94.628,0,1,0
2022,1,FORMULA 1 GULF AIR BAHRAIN GRAND PRIX 2022,MSC,Haas F1 Team,Q1,92.38,12.0,29.642,39.743,22.995,2.0,SOFT,True,239.0,271.0,289.0,318.0,19.4,25.4,56.0,1013.7,0.5,0.0,96.536,93.085,94.295,0,1,0
2022,1,FORMULA 1 GULF AIR BAHRAIN GRAND PRIX 2022,ZHO,Alfa Romeo,Q1,92.493,15.0,29.501,39.796,23.196,2.0,SOFT,True,240.0,268.0,288.0,314.0,19.4,25.4,56.0,1013.7,0.5,0.0,95.053,93.953,93.88,0,1,0
2022,1,FORMULA 1 GULF AIR BAHRAIN GRAND PRIX 2022,ALB,Williams,Q1,92.726,14.0,29.64,39.785,23.301,2.0,SOFT,True,240.0,272.0,288.0,314.0,19.4,25.4,56.0,1013.7,0.5,0.0,95.923,94.735,94.868,0,1,0
2022,1,FORMULA 1 GULF AIR BAHRAIN GRAND PRIX 2022,TSU,AlphaTauri,Q1,92.75,16.0,29.724,39.811,23.215,2.0,SOFT,True,235.0,267.0,286.0,318.0,19.4,25.4,56.0,1013.7,0.5,0.0,95.028,93.789,,0,1,0
2022,1,FORMULA 1 GULF AIR BAHRAIN GRAND PRIX 2022,HUL,Aston Martin,Q1,92.777,17.0,29.833,39.76,23.184,2.0,SOFT,True,238.0,264.0,279.0,310.0,19.4,25.4,56.0,1013.7,0.5,0.0,95.815,94.061,93.971,0,1,0
2022,1,FORMULA 1 GULF AIR BAHRAIN GRAND PRIX 2022,RIC,McLaren,Q1,92.945,18.0,29.763,39.862,23.32,2.0,SOFT,True,237.0,266.0,282.0,311.0,19.4,25.4,56.0,1013.7,0.5,0.0,96.402,94.166,94.378,0,1,0
2022,1,FORMULA 1 GULF AIR BAHRAIN GRAND PRIX 2022,STR,Aston Martin,Q1,93.032,19.0,29.906,39.844,23.282,2.0,SOFT,True,238.0,267.0,284.0,311.0,19.4,25.4,56.0,1013.7,0.5,0.0,94.814,93.958,93.92,0,1,0
2022,1,FORMULA 1 GULF AIR BAHRAIN GRAND PRIX 2022,LAT,Williams,Q1,93.634,20.0,29.81,40.495,23.329,2.0,SOFT,True,240.0,270.0,289.0,319.0,19.4,25.4,56.0,1013.7,0.5,0.0,95.644,94.486,95.667,0,1,0
2022,1,FORMULA 1 GULF AIR BAHRAIN GRAND PRIX 2022,VER,Red Bull Racing,Q2,90.757,2.0,29.028,38.834,22.895,2.0,SOFT,True,239.0,271.0,288.0,322.0,19.4,25.4,56.0,1013.7,0.5,0.0,94.742,91.936,92.544,0,2,0
2022,1,FORMULA 1 GULF AIR BAHRAIN GRAND PRIX 2022,SAI,Ferrari,Q2,90.787,3.0,29.089,38.885,22.813,2.0,SOFT,True,240.0,269.0,287.0,315.0,19.4,25.4,56.0,1013.7,0.5,0.0,94.611,92.52,93.053,0,2,0
2022,1,FORMULA 1 GULF AIR BAHRAIN GRAND PRIX 2022,LEC,Ferrari,Q2,90.932,1.0,29.355,38.85,22.727,2.0,SOFT,True,242.0,271.0,286.0,312.0,19.4,25.4,56.0,1013.7,0.5,0.0,94.557,92.023,92.64,0,2,0
2022,1,FORMULA 1 GULF AIR BAHRAIN GRAND PRIX 2022,PER,Red Bull Racing,Q2,91.008,4.0,29.165,39.097,22.746,2.0,SOFT,True,241.0,270.0,289.0,322.0,19.4,25.4,56.0,1013.7,0.5,0.0,95.05,92.958,92.791,0,2,0
2022,1,FORMULA 1 GULF AIR BAHRAIN GRAND PRIX 2022,HAM,Mercedes,Q2,91.048,5.0,29.1,39.038,22.91,2.0,SOFT,True,240.0,268.0,285.0,314.0,19.4,25.4,56.0,1013.7,0.5,0.0,94.943,93.144,93.121,0,2,0
2022,1,FORMULA 1 GULF AIR BAHRAIN GRAND PRIX 2022,RUS,Mercedes,Q2,91.252,9.0,29.197,39.104,22.951,2.0,SOFT,True,239.0,265.0,284.0,313.0,19.4,25.4,56.0,1013.7,0.5,0.0,94.629,92.529,92.935,0,2,0
2022,1,FORMULA 1 GULF AIR BAHRAIN GRAND PRIX 2022,MAG,Haas F1 Team,Q2,91.461,7.0,29.391,39.191,22.879,2.0,SOFT,True,241.0,271.0,287.0,316.0,19.4,25.4,56.0,1013.7,0.5,0.0,96.804,93.183,93.437,0,2,0
2022,1,FORMULA 1 GULF AIR BAHRAIN GRAND PRIX 2022,ALO,Alpine,Q2,91.621,8.0,29.306,39.305,23.01,2.0,SOFT,True,241.0,268.0,286.0,318.0,19.4,25.4,56.0,1013.7,0.5,0.0,95.0,92.877,94.628,0,2,0
2022,1,FORMULA 1 GULF AIR BAHRAIN GRAND PRIX 2022,GAS,AlphaTauri,Q2,91.635,10.0,29.253,39.335,23.047,2.0,SOFT,True,239.0,269.0,279.0,314.0,19.4,25.4,56.0,1013.7,0.5,0.0,94.193,93.621,94.176,0,2,0
2022,1,FORMULA 1 GULF AIR BAHRAIN GRAND PRIX 2022,BOT,Alfa Romeo,Q2,91.717,6.0,29.402,39.454,22.861,2.0,SOFT,True,240.0,268.0,285.0,315.0,19.4,25.4,56.0,1013.7,0.5,0.0,,92.951,93.733,0,2,0
2022,1,FORMULA 1 GULF AIR BAHRAIN GRAND PRIX 2022,OCO,Alpine,Q2,91.782,11.0,29.407,39.294,23.081,2.0,SOFT,True,240.0,269.0,287.0,320.0,19.4,25.4,56.0,1013.7,0.5,0.0,95.151,93.36,94.957,0,2,0
2022,1,FORMULA 1 GULF AIR BAHRAIN GRAND PRIX 2022,MSC,Haas F1 Team,Q2,91.998,12.0,29.538,39.43,23.03,2.0,SOFT,True,241.0,271.0,287.0,317.0,19.4,25.4,56.0,1013.7,0.5,0.0,96.536,93.085,94.295,0,2,0
2022,1,FORMULA 1 GULF AIR BAHRAIN GRAND PRIX 2022,NOR,McLaren,Q2,92.008,13.0,29.544,39.355,23.109,2.0,SOFT,True,237.0,267.0,283.0,313.0,19.4,25.4,56.0,1013.7,0.5,0.0,96.304,93.28,93.955,0,2,0
2022,1,FORMULA 1 GULF AIR BAHRAIN GRAND PRIX 2022,ZHO,Alfa Romeo,Q2,92.387,15.0,29.493,39.829,23.065,2.0,SOFT,True,241.0,268.0,286.0,315.0,19.4,25.4,56.0,1013.7,0.5,0.0,95.053,93.953,93.88,0,2,0
2022,1,FORMULA 1 GULF AIR BAHRAIN GRAND PRIX 2022,ALB,Williams,Q2,92.664,14.0,29.564,39.897,23.203,2.0,SOFT,True,240.0,271.0,287.0,313.0,19.4,25.4,56.0,1013.7,0.5,0.0,95.923,94.735,94.868,0,2,0
2022,1,FORMULA 1 GULF AIR BAHRAIN GRAND PRIX 2022,LEC,Ferrari,Q3,90.558,1.0,29.115,38.702,22.741,2.0,SOFT,True,241.0,270.0,288.0,316.0,19.4,25.4,56.0,1013.7,0.5,0.0,94.557,92.023,92.64,0,3,0
2022,1,FORMULA 1 GULF AIR BAHRAIN GRAND PRIX 2022,VER,Red Bull Racing,Q3,90.681,2.0,28.97,38.832,22.879,2.0,SOFT,True,239.0,271.0,289.0,322.0,19.4,25.4,56.0,1013.7,0.5,0.0,94.742,91.936,92.544,0,3,0
2022,1,FORMULA 1 GULF AIR BAHRAIN GRAND PRIX 2022,SAI,Ferrari,Q3,90.687,3.0,29.036,38.842,22.809,2.0,SOFT,True,240.0,270.0,284.0,315.0,19.4,25.4,56.0,1013.7,0.5,0.0,94.611,92.52,93.053,0,3,0
2022,1,FORMULA 1 GULF AIR BAHRAIN GRAND PRIX 2022,PER,Red Bull Racing,Q3,90.921,4.0,29.18,38.894,22.847,2.0,SOFT,True,239.0,269.0,288.0,322.0,19.4,25.4,56.0,1013.7,0.5,0.0,95.05,92.958,92.791,0,3,0
2022,1,FORMULA 1 GULF AIR BAHRAIN GRAND PRIX 2022,HAM,Mercedes,Q3,91.238,5.0,29.384,38.965,22.889,2.0,SOFT,True,239.0,268.0,285.0,312.0,19.4,25.4,56.0,1013.7,0.5,0.0,94.943,93.144,93.121,0,3,0
2022,1,FORMULA 1 GULF AIR BAHRAIN GRAND PRIX 2022,BOT,Alfa Romeo,Q3,91.56,6.0,29.203,39.296,23.061,2.0,SOFT,True,239.0,269.0,286.0,314.0,19.4,25.4,56.0,1013.7,0.5,0.0,,92.951,93.733,0,3,0
2022,1,FORMULA 1 GULF AIR BAHRAIN GRAND PRIX 2022,MAG,Haas F1 Team,Q3,91.808,7.0,29.31,39.456,23.042,2.0,SOFT,True,241.0,270.0,278.0,318.0,19.4,25.4,56.0,1013.7,0.5,0.0,96.804,93.183,93.437,0,3,0
2022,1,FORMULA 1 GULF AIR BAHRAIN GRAND PRIX 2022,ALO,Alpine,Q3,92.195,8.0,29.47,39.551,23.174,2.0,SOFT,True,239.0,268.0,287.0,320.0,19.4,25.4,56.0,1013.7,0.5,0.0,95.0,92.877,94.628,0,3,0
2022,1,FORMULA 1 GULF AIR BAHRAIN GRAND PRIX 2022,RUS,Mercedes,Q3,92.216,9.0,30.002,39.362,22.852,2.0,SOFT,True,238.0,267.0,284.0,309.0,19.4,25.4,56.0,1013.7,0.5,0.0,94.629,92.529,92.935,0,3,0
2022,1,FORMULA 1 GULF AIR BAHRAIN GRAND PRIX 2022,GAS,AlphaTauri,Q3,92.338,10.0,29.392,39.815,23.131,2.0,SOFT,True,239.0,269.0,276.0,315.0,19.4,25.4,56.0,1013.7,0.5,0.0,94.193,93.621,94.176,0,3,0
2022,2,FORMULA 1 STC SAUDI ARABIAN GRAND PRIX 2022,SAI,Ferrari,Q1,88.855,3.0,32.426,28.519,27.91,5.0,SOFT,False,286.0,320.0,296.0,325.0,23.4,25.3,59.0,1014.5,3.0,0.0,91.139,90.32,90.009,0,1,0
2022,2,FORMULA 1 STC SAUDI ARABIAN GRAND PRIX 2022,VER,Red Bull Racing,Q1,88.928,4.0,32.634,28.414,27.88,6.0,SOFT,False,288.0,326.0,308.0,331.0,23.4,25.3,59.0,1014.5,3.0,0.0,90.888,90.214,89.768,0,1,0
2022,2,FORMULA 1 STC SAUDI ARABIAN GRAND PRIX 2022,LEC,Ferrari,Q1,89.039,2.0,32.57,28.486,27.983,5.0,SOFT,False,285.0,320.0,297.0,325.0,23.4,25.3,59.0,1014.5,3.0,0.0,90.772,90.074,89.735,0,1,0
2022,2,FORMULA 1 STC SAUDI ARABIAN GRAND PRIX 2022,RUS,Mercedes,Q1,89.68,6.0,32.646,28.768,28.266,2.0,SOFT,True,287.0,319.0,296.0,324.0,23.4,25.3,59.0,1014.5,3.0,0.0,92.839,90.664,90.983,0,1,0
2022,2,FORMULA 1 STC SAUDI ARABIAN GRAND PRIX 2022,BOT,Alfa Romeo,Q1,89.683,8.0,32.829,28.765,28.089,6.0,SOFT,True,286.0,322.0,303.0,325.0,23.4,25.3,59.0,1014.5,3.0,0.0,91.084,90.832,90.03,0,1,0
2022,2,FORMULA 1 STC SAUDI ARABIAN GRAND PRIX 2022,PER,Red Bull Racing,Q1,89.705,1.0,32.881,28.752,28.072,6.0,SOFT,False,288.0,327.0,307.0,332.0,23.4,25.3,59.0,1014.5,3.0,0.0,91.563,90.36,89.833,0,1,0
2022,2,FORMULA 1 STC SAUDI ARABIAN GRAND PRIX 2022,MAG,Haas F1 Team,Q1,89.831,10.0,32.879,28.858,28.094,4.0,SOFT,True,283.0,323.0,303.0,329.0,23.4,25.3,59.0,1014.5,3.0,0.0,124.638,92.344,90.262,0,1,0
2022,2,FORMULA 1 STC SAUDI ARABIAN GRAND PRIX 2022,GAS,AlphaTauri,Q1,89.891,9.0,32.896,28.787,28.208,4.0,SOFT,False,284.0,322.0,301.0,326.0,23.4,25.3,59.0,1014.5,3.0,0.0,91.317,90.963,90.148,0,1,0
2022,2,FORMULA 1 STC SAUDI ARABIAN GRAND PRIX 2022,NOR,McLaren,Q1,89.957,11.0,32.832,28.797,28.328,4.0,SOFT,True,283.0,315.0,287.0,320.0,23.4,25.3,59.0,1014.5,3.0,0.0,92.594,90.735,91.529,0,1,0
2022,2,FORMULA 1 STC SAUDI ARABIAN GRAND PRIX 2022,ALO,Alpine,Q1,89.978,7.0,32.853,28.843,28.282,6.0,SOFT,True,286.0,317.0,301.0,323.0,23.4,25.3,59.0,1014.5,3.0,0.0,92.381,90.944,90.296,0,1,0
2022,2,FORMULA 1 STC SAUDI ARABIAN GRAND PRIX 2022,ZHO,Alfa Romeo,Q1,89.978,13.0,32.985,28.735,28.258,6.0,SOFT,True,285.0,322.0,298.0,326.0,23.4,25.3,59.0,1014.5,3.0,0.0,92.608,91.615,90.946,0,1,0
2022,2,FORMULA 1 STC SAUDI ARABIAN GRAND PRIX 2022,RIC,McLaren,Q1,90.009,12.0,32.741,28.833,28.435,4.0,SOFT,True,284.0,315.0,291.0,321.0,23.4,25.3,59.0,1014.5,3.0,0.0,92.506,91.527,91.186,0,1,0
2022,2,FORMULA 1 STC SAUDI ARABIAN GRAND PRIX 2022,OCO,Alpine,Q1,90.093,5.0,32.894,28.85,28.349,6.0,SOFT,True,286.0,319.0,301.0,324.0,23.4,25.3,59.0,1014.5,3.0,0.0,92.026,90.76,90.139,0,1,0
2022,2,FORMULA 1 STC SAUDI ARABIAN GRAND PRIX 2022,MSC,Haas F1 Team,Q1,90.167,14.0,32.896,29.035,28.236,3.0,SOFT,True,283.0,320.0,300.0,326.0,23.4,25.3,59.0,1014.5,3.0,0.0,94.429,91.169,90.765,0,1,0
2022,2,FORMULA 1 STC SAUDI ARABIAN GRAND PRIX 2022,STR,Aston Martin,Q1,90.256,15.0,33.048,28.884,28.324,2.0,SOFT,True,288.0,320.0,303.0,326.0,23.4,25.3,59.0,1014.5,3.0,0.0,92.582,91.372,91.067,0,1,0
2022,2,FORMULA 1 STC SAUDI ARABIAN GRAND PRIX 2022,HAM,Mercedes,Q1,90.343,16.0,33.085,28.967,28.291,6.0,SOFT,True,285.0,317.0,299.0,324.0,23.4,25.3,59.0,1014.5,3.0,0.0,92.364,90.513,90.707,0,1,0
2022,2,FORMULA 1 STC SAUDI ARABIAN GRAND PRIX 2022,ALB,Williams,Q1,90.492,17.0,33.167,28.975,28.35,4.0,SOFT,True,288.0,323.0,304.0,326.0,23.4,25.3,59.0,1014.5,3.0,0.0,93.087,91.866,91.374,0,1,0
2022,2,FORMULA 1 STC SAUDI ARABIAN GRAND PRIX 2022,HUL,Aston Martin,Q1,90.543,18.0,33.201,28.915,28.427,2.0,SOFT,True,287.0,318.0,302.0,325.0,23.4,25.3,59.0,1014.5,3.0,0.0,93.034,91.615,91.424,0,1,0
2022,2,FORMULA 1 STC SAUDI ARABIAN GRAND PRIX 2022,LAT,Williams,Q1,91.817,19.0,33.926,29.247,28.644,2.0,SOFT,True,282.0,321.0,301.0,325.0,23.4,25.3,59.0,1014.5,3.0,0.0,93.529,91.814,91.992,0,1,0
2022,2,FORMULA 1 STC SAUDI ARABIAN GRAND PRIX 2022,SAI,Ferrari,Q2,73.67,3.0,,33.035,31.369,2.0,SOFT,False,255.0,296.0,290.0,294.0,23.4,25.3,59.0,1014.5,3.0,0.0,91.139,90.32,90.009,0,2,0
2022,2,FORMULA 1 STC SAUDI ARABIAN GRAND PRIX 2022,LEC,Ferrari,Q2,88.78,2.0,32.565,28.448,27.767,4.0,SOFT,False,282.0,322.0,300.0,326.0,23.4,25.3,59.0,1014.5,3.0,0.0,90.772,90.074,89.735,0,2,0
2022,2,FORMULA 1 STC SAUDI ARABIAN GRAND PRIX 2022,PER,Red Bull Racing,Q2,88.924,1.0,32.69,28.48,27.754,2.0,SOFT,True,289.0,330.0,305.0,333.0,23.4,25.3,59.0,1014.5,3.0,0.0,91.563,90.36,89.833,0,2,0
2022,2,FORMULA 1 STC SAUDI ARABIAN GRAND PRIX 2022,VER,Red Bull Racing,Q2,88.945,4.0,32.681,28.347,27.917,3.0,SOFT,True,288.0,328.0,306.0,332.0,23.4,25.3,59.0,1014.5,3.0,0.0,90.888,90.214,89.768,0,2,0
2022,2,FORMULA 1 STC SAUDI ARABIAN GRAND PRIX 2022,ALO,Alpine,Q2,89.295,7.0,32.668,28.716,27.911,6.0,SOFT,False,282.0,315.0,299.0,326.0,23.4,25.3,59.0,1014.5,3.0,0.0,92.381,90.944,90.296,0,2,0
2022,2,FORMULA 1 STC SAUDI ARABIAN GRAND PRIX 2022,BOT,Alfa Romeo,Q2,89.404,8.0,32.795,28.654,27.955,3.0,SOFT,True,283.0,324.0,299.0,328.0,23.4,25.3,59.0,1014.5,3.0,0.0,91.084,90.832,90.03,0,2,0
2022,2,FORMULA 1 STC SAUDI ARABIAN GRAND PRIX 2022,GAS,AlphaTauri,Q2,89.418,9.0,32.722,28.574,28.122,4.0,SOFT,False,284.0,323.0,295.0,326.0,23.4,25.3,59.0,1014.5,3.0,0.0,91.317,90.963,90.148,0,2,0
2022,2,FORMULA 1 STC SAUDI ARABIAN GRAND PRIX 2022,MAG,Haas F1 Team,Q2,89.546,10.0,32.821,28.703,28.022,5.0,SOFT,False,280.0,324.0,298.0,329.0,23.4,25.3,59.0,1014.5,3.0,0.0,124.638,92.344,90.262,0,2,0
2022,2,FORMULA 1 STC SAUDI ARABIAN GRAND PRIX 2022,OCO,Alpine,Q2,89.584,5.0,32.836,28.677,28.071,3.0,SOFT,True,284.0,319.0,299.0,326.0,23.4,25.3,59.0,1014.5,3.0,0.0,92.026,90.76,90.139,0,2,0
2022,2,FORMULA 1 STC SAUDI ARABIAN GRAND PRIX 2022,RUS,Mercedes,Q2,89.618,6.0,32.607,28.672,28.339,6.0,MEDIUM,False,287.0,315.0,299.0,323.0,23.4,25.3,59.0,1014.5,3.0,0.0,92.839,90.664,90.983,0,2,0
2022,2,FORMULA 1 STC SAUDI ARABIAN GRAND PRIX 2022,NOR,McLaren,Q2,89.651,11.0,32.721,28.669,28.261,3.0,SOFT,False,283.0,318.0,296.0,323.0,23.4,25.3,59.0,1014.5,3.0,0.0,92.594,90.735,91.529,0,2,0
2022,2,FORMULA 1 STC SAUDI ARABIAN GRAND PRIX 2022,RIC,McLaren,Q2,89.773,12.0,32.78,28.776,28.217,4.0,SOFT,False,282.0,314.0,289.0,321.0,23.4,25.3,59.0,1014.5,3.0,0.0,92.506,91.527,91.186,0,2,0
2022,2,FORMULA 1 STC SAUDI ARABIAN GRAND PRIX 2022,ZHO,Alfa Romeo,Q2,89.819,13.0,33.028,28.714,28.077,5.0,SOFT,False,284.0,323.0,298.0,327.0,23.4,25.3,59.0,1014.5,3.0,0.0,92.608,91.615,90.946,0,2,0
2022,2,FORMULA 1 STC SAUDI ARABIAN GRAND PRIX 2022,MSC,Haas F1 Team,Q2,89.92,14.0,32.914,28.765,28.241,6.0,SOFT,False,283.0,322.0,300.0,327.0,23.4,25.3,59.0,1014.5,3.0,0.0,94.429,91.169,90.765,0,2,0
2022,2,FORMULA 1 STC SAUDI ARABIAN GRAND PRIX 2022,STR,Aston Martin,Q2,91.009,15.0,33.294,29.201,28.514,8.0,SOFT,False,285.0,322.0,302.0,325.0,23.4,25.3,59.0,1014.5,3.0,0.0,92.582,91.372,91.067,0,2,0
2022,2,FORMULA 1 STC SAUDI ARABIAN GRAND PRIX 2022,PER,Red Bull Racing,Q3,88.2,1.0,32.299,28.323,27.578,2.0,SOFT,True,290.0,329.0,308.0,335.0,23.4,25.3,59.0,1014.5,3.0,0.0,91.563,90.36,89.833,0,3,0
2022,2,FORMULA 1 STC SAUDI ARABIAN GRAND PRIX 2022,LEC,Ferrari,Q3,88.225,2.0,32.134,28.347,27.744,3.0,SOFT,True,287.0,320.0,300.0,325.0,23.4,25.3,59.0,1014.5,3.0,0.0,90.772,90.074,89.735,0,3,0
2022,2,FORMULA 1 STC SAUDI ARABIAN GRAND PRIX 2022,SAI,Ferrari,Q3,88.402,3.0,32.289,28.482,27.631,7.0,SOFT,False,288.0,320.0,301.0,327.0,23.4,25.3,59.0,1014.5,3.0,0.0,91.139,90.32,90.009,0,3,0
2022,2,FORMULA 1 STC SAUDI ARABIAN GRAND PRIX 2022,VER,Red Bull Racing,Q3,88.461,4.0,32.314,28.335,27.812,3.0,SOFT,True,290.0,326.0,302.0,334.0,23.4,25.3,59.0,1014.5,3.0,0.0,90.888,90.214,89.768,0,3,0
2022,2,FORMULA 1 STC SAUDI ARABIAN GRAND PRIX 2022,OCO,Alpine,Q3,89.068,5.0,32.566,28.589,27.913,9.0,SOFT,False,288.0,320.0,302.0,326.0,23.4,25.3,59.0,1014.5,3.0,0.0,92.026,90.76,90.139,0,3,0
2022,2,FORMULA 1 STC SAUDI ARABIAN GRAND PRIX 2022,RUS,Mercedes,Q3,89.104,6.0,32.501,28.548000000000002,28.055,3.0,SOFT,True,286.0,313.0,296.0,322.0,23.4,25.3,59.0,1014.5,3.0,0.0,92.839,90.664,90.983,0,3,0
2022,2,FORMULA 1 STC SAUDI ARABIAN GRAND PRIX 2022,ALO,Alpine,Q3,89.147,7.0,32.724,28.581,27.842,2.0,SOFT,True,285.0,319.0,303.0,328.0,23.4,25.3,59.0,1014.5,3.0,0.0,92.381,90.944,90.296,0,3,0
2022,2,FORMULA 1 STC SAUDI ARABIAN GRAND PRIX 2022,BOT,Alfa Romeo,Q3,89.183,8.0,32.544,28.572,28.067,6.0,SOFT,True,285.0,321.0,297.0,326.0,23.4,25.3,59.0,1014.5,3.0,0.0,91.084,90.832,90.03,0,3,0
2022,2,FORMULA 1 STC SAUDI ARABIAN GRAND PRIX 2022,GAS,AlphaTauri,Q3,89.254,9.0,32.698,28.586,27.97,5.0,SOFT,False,285.0,323.0,302.0,328.0,23.4,25.3,59.0,1014.5,3.0,0.0,91.317,90.963,90.148,0,3,0
2022,2,FORMULA 1 STC SAUDI ARABIAN GRAND PRIX 2022,MAG,Haas F1 Team,Q3,89.588,10.0,32.765,28.706,28.117,7.0,SOFT,False,284.0,325.0,299.0,330.0,23.4,25.3,59.0,1014.5,3.0,0.0,124.638,92.344,90.262,0,3,0
2022,3,FORMULA 1 HEINEKEN AUSTRALIAN GRAND PRIX 2022,VER,Red Bull Racing,Q1,78.58,2.0,27.091,17.866,33.623,6.0,SOFT,True,281.0,303.0,299.0,318.0,23.2,29.1,57.0,1017.4,1.1,0.0,80.626,79.223,79.809,0,1,0
2022,3,FORMULA 1 HEINEKEN AUSTRALIAN GRAND PRIX 2022,PER,Red Bull Racing,Q1,78.834,3.0,27.198,17.946,33.69,6.0,SOFT,True,283.0,304.0,302.0,322.0,23.2,29.1,57.0,1017.4,1.1,0.0,80.399,79.658,79.265,0,1,0
2022,3,FORMULA 1 HEINEKEN AUSTRALIAN GRAND PRIX 2022,LEC,Ferrari,Q1,78.881,1.0,27.152,17.935,33.794,4.0,SOFT,True,283.0,301.0,298.0,310.0,23.2,29.1,57.0,1017.4,1.1,0.0,80.377,78.978,79.249,0,1,0
2022,3,FORMULA 1 HEINEKEN AUSTRALIAN GRAND PRIX 2022,SAI,Ferrari,Q1,78.983,9.0,27.213,18.025,33.745,6.0,SOFT,True,281.0,296.0,298.0,310.0,23.2,29.1,57.0,1017.4,1.1,0.0,79.806,79.376,79.419,0,1,0
2022,3,FORMULA 1 HEINEKEN AUSTRALIAN GRAND PRIX 2022,ALO,Alpine,Q1,79.192,10.0,27.193,17.86,34.139,4.0,SOFT,True,283.0,305.0,301.0,320.0,23.2,29.1,57.0,1017.4,1.1,0.0,81.229,79.537,79.275,0,1,0
2022,3,FORMULA 1 HEINEKEN AUSTRALIAN GRAND PRIX 2022,BOT,Alfa Romeo,Q1,79.251,12.0,27.193,18.019,34.039,4.0,SOFT,True,283.0,304.0,300.0,314.0,23.2,29.1,57.0,1017.4,1.1,0.0,81.247,80.055,80.008,0,1,0
2022,3,FORMULA 1 HEINEKEN AUSTRALIAN GRAND PRIX 2022,NOR,McLaren,Q1,79.28,4.0,27.145,18.133,34.002,5.0,SOFT,True,278.0,294.0,296.0,312.0,23.2,29.1,57.0,1017.4,1.1,0.0,80.878,80.1,79.117,0,1,0
2022,3,FORMULA 1 HEINEKEN AUSTRALIAN GRAND PRIX 2022,HAM,Mercedes,Q1,79.401,5.0,27.163,18.116,34.122,5.0,SOFT,True,278.0,292.0,295.0,312.0,23.2,29.1,57.0,1017.4,1.1,0.0,81.027,80.521,79.896,0,1,0
2022,3,FORMULA 1 HEINEKEN AUSTRALIAN GRAND PRIX 2022,RUS,Mercedes,Q1,79.405,6.0,27.257,18.033,34.115,5.0,SOFT,True,278.0,294.0,297.0,313.0,23.2,29.1,57.0,1017.4,1.1,0.0,81.457,80.212,80.096,0,1,0
2022,3,FORMULA 1 HEINEKEN AUSTRALIAN GRAND PRIX 2022,GAS,AlphaTauri,Q1,79.58,11.0,27.419,18.049,34.112,7.0,SOFT,False,279.0,298.0,295.0,313.0,23.2,29.1,57.0,1017.4,1.1,0.0,81.701,80.142,80.133,0,1,0
2022,3,FORMULA 1 HEINEKEN AUSTRALIAN GRAND PRIX 2022,OCO,Alpine,Q1,79.605,8.0,27.462,17.945,34.198,4.0,SOFT,True,282.0,305.0,299.0,318.0,23.2,29.1,57.0,1017.4,1.1,0.0,81.004,79.842,80.205,0,1,0
2022,3,FORMULA 1 HEINEKEN AUSTRALIAN GRAND PRIX 2022,RIC,McLaren,Q1,79.665,7.0,27.451,18.194,34.02,5.0,SOFT,True,278.0,290.0,297.0,312.0,23.2,29.1,57.0,1017.4,1.1,0.0,81.155,80.203,79.693,0,1,0
2022,3,FORMULA 1 HEINEKEN AUSTRALIAN GRAND PRIX 2022,TSU,AlphaTauri,Q1,79.742,13.0,27.33,18.104,34.308,2.0,SOFT,True,278.0,302.0,298.0,316.0,23.2,29.1,57.0,1017.4,1.1,0.0,81.289,80.424,80.071,0,1,0
2022,3,FORMULA 1 HEINEKEN AUSTRALIAN GRAND PRIX 2022,ZHO,Alfa Romeo,Q1,79.91,14.0,27.625,18.204,34.081,2.0,SOFT,True,278.0,300.0,299.0,313.0,23.2,29.1,57.0,1017.4,1.1,0.0,81.821,81.063,80.836,0,1,0
2022,3,FORMULA 1 HEINEKEN AUSTRALIAN GRAND PRIX 2022,MSC,Haas F1 Team,Q1,80.104,15.0,27.352,18.273,34.479,2.0,SOFT,True,278.0,299.0,299.0,313.0,23.2,29.1,57.0,1017.4,1.1,0.0,84.349,81.974,80.692,0,1,0
2022,3,FORMULA 1 HEINEKEN AUSTRALIAN GRAND PRIX 2022,ALB,Williams,Q1,80.135,16.0,27.401,18.067,34.667,2.0,SOFT,True,283.0,300.0,300.0,315.0,23.2,29.1,57.0,1017.4,1.1,0.0,82.754,81.912,80.958,0,1,0
2022,3,FORMULA 1 HEINEKEN AUSTRALIAN GRAND PRIX 2022,MAG,Haas F1 Team,Q1,80.254,17.0,27.859,18.237,34.158,2.0,SOFT,True,279.0,298.0,297.0,313.0,23.2,29.1,57.0,1017.4,1.1,0.0,83.186,81.191,81.025,0,1,0
2022,3,FORMULA 1 HEINEKEN AUSTRALIAN GRAND PRIX 2022,VET,Aston Martin,Q1,81.149,18.0,27.994,18.148,35.007,2.0,SOFT,True,279.0,299.0,299.0,313.0,23.2,29.1,57.0,1017.4,1.1,0.0,81.661,,94.542,0,1,0
2022,3,FORMULA 1 HEINEKEN AUSTRALIAN GRAND PRIX 2022,LAT,Williams,Q1,81.372,19.0,27.719,18.192,35.461,4.0,SOFT,True,281.0,301.0,302.0,317.0,23.2,29.1,57.0,1017.4,1.1,0.0,83.924,82.307,81.05,0,1,0
2022,3,FORMULA 1 HEINEKEN AUSTRALIAN GRAND PRIX 2022,STR,Aston Martin,Q1,106.833,20.0,43.939,20.806,42.088,1.0,SOFT,True,156.0,282.0,296.0,100.0,23.2,29.1,57.0,1017.4,1.1,0.0,81.869,80.611,81.636,0,1,0
2022,3,FORMULA 1 HEINEKEN AUSTRALIAN GRAND PRIX 2022,PER,Red Bull Racing,Q2,78.34,3.0,26.946,17.839,33.555,4.0,SOFT,True,283.0,306.0,304.0,321.0,23.2,29.1,57.0,1017.4,1.1,0.0,80.399,79.658,79.265,0,2,0
2022,3,FORMULA 1 HEINEKEN AUSTRALIAN GRAND PRIX 2022,SAI,Ferrari,Q2,78.469,9.0,27.01,17.772,33.687,5.0,SOFT,True,283.0,304.0,296.0,313.0,23.2,29.1,57.0,1017.4,1.1,0.0,79.806,79.376,79.419,0,2,0
2022,3,FORMULA 1 HEINEKEN AUSTRALIAN GRAND PRIX 2022,LEC,Ferrari,Q2,78.606,1.0,26.915,17.978,33.713,3.0,SOFT,True,283.0,299.0,298.0,312.0,23.2,29.1,57.0,1017.4,1.1,0.0,80.377,78.978,79.249,0,2,0
2022,3,FORMULA 1 HEINEKEN AUSTRALIAN GRAND PRIX 2022,VER,Red Bull Racing,Q2,78.611,2.0,27.11,17.831,33.67,2.0,SOFT,True,282.0,303.0,302.0,317.0,23.2,29.1,57.0,1017.4,1.1,0.0,80.626,79.223,79.809,0,2,0
2022,3,FORMULA 1 HEINEKEN AUSTRALIAN GRAND PRIX 2022,ALO,Alpine,Q2,78.815,10.0,27.015,17.78,34.02,2.0,SOFT,True,284.0,307.0,303.0,322.0,23.2,29.1,57.0,1017.4,1.1,0.0,81.229,79.537,79.275,0,2,0
2022,3,FORMULA 1 HEINEKEN AUSTRALIAN GRAND PRIX 2022,NOR,McLaren,Q2,79.066,4.0,27.244,17.971,33.851,2.0,SOFT,True,279.0,297.0,296.0,319.0,23.2,29.1,57.0,1017.4,1.1,0.0,80.878,80.1,79.117,0,2,0
2022,3,FORMULA 1 HEINEKEN AUSTRALIAN GRAND PRIX 2022,RUS,Mercedes,Q2,79.076,6.0,27.084,18.017,33.975,4.0,SOFT,True,280.0,293.0,298.0,315.0,23.2,29.1,57.0,1017.4,1.1,0.0,81.457,80.212,80.096,0,2,0
2022,3,FORMULA 1 HEINEKEN AUSTRALIAN GRAND PRIX 2022,HAM,Mercedes,Q2,79.106,5.0,27.237,18.059,33.81,3.0,SOFT,True,279.0,295.0,297.0,315.0,23.2,29.1,57.0,1017.4,1.1,0.0,81.027,80.521,79.896,0,2,0
2022,3,FORMULA 1 HEINEKEN AUSTRALIAN GRAND PRIX 2022,RIC,McLaren,Q2,79.13,7.0,27.236,17.981,33.913,4.0,SOFT,False,278.0,293.0,295.0,314.0,23.2,29.1,57.0,1017.4,1.1,0.0,81.155,80.203,79.693,0,2,0
2022,3,FORMULA 1 HEINEKEN AUSTRALIAN GRAND PRIX 2022,OCO,Alpine,Q2,79.136,8.0,27.193,17.929,34.014,2.0,SOFT,True,283.0,307.0,300.0,319.0,23.2,29.1,57.0,1017.4,1.1,0.0,81.004,79.842,80.205,0,2,0
2022,3,FORMULA 1 HEINEKEN AUSTRALIAN GRAND PRIX 2022,GAS,AlphaTauri,Q2,79.226,11.0,27.317,18.086,33.823,5.0,SOFT,False,278.0,298.0,300.0,316.0,23.2,29.1,57.0,1017.4,1.1,0.0,81.701,80.142,80.133,0,2,0
2022,3,FORMULA 1 HEINEKEN AUSTRALIAN GRAND PRIX 2022,BOT,Alfa Romeo,Q2,79.41,12.0,27.318,17.996,34.096,2.0,SOFT,True,282.0,307.0,301.0,316.0,23.2,29.1,57.0,1017.4,1.1,0.0,81.247,80.055,80.008,0,2,0
2022,3,FORMULA 1 HEINEKEN AUSTRALIAN GRAND PRIX 2022,TSU,AlphaTauri,Q2,79.424,13.0,27.079,18.098,34.247,4.0,SOFT,True,281.0,303.0,299.0,317.0,23.2,29.1,57.0,1017.4,1.1,0.0,81.289,80.424,80.071,0,2,0
2022,3,FORMULA 1 HEINEKEN AUSTRALIAN GRAND PRIX 2022,ZHO,Alfa Romeo,Q2,80.155,14.0,27.7,18.202,34.253,4.0,SOFT,True,279.0,302.0,296.0,314.0,23.2,29.1,57.0,1017.4,1.1,0.0,81.821,81.063,80.836,0,2,0
2022,3,FORMULA 1 HEINEKEN AUSTRALIAN GRAND PRIX 2022,MSC,Haas F1 Team,Q2,80.465,15.0,27.358,18.258,34.849,4.0,SOFT,True,280.0,295.0,299.0,313.0,23.2,29.1,57.0,1017.4,1.1,0.0,84.349,81.974,80.692,0,2,0
2022,3,FORMULA 1 HEINEKEN AUSTRALIAN GRAND PRIX 2022,LEC,Ferrari,Q3,77.868,1.0,26.74,17.786,33.342,3.0,SOFT,True,284.0,302.0,301.0,312.0,23.2,29.1,57.0,1017.4,1.1,0.0,80.377,78.978,79.249,0,3,0
2022,3,FORMULA 1 HEINEKEN AUSTRALIAN GRAND PRIX 2022,VER,Red Bull Racing,Q3,78.154,2.0,26.865,17.792,33.497,2.0,SOFT,True,281.0,304.0,298.0,318.0,23.2,29.1,57.0,1017.4,1.1,0.0,80.626,79.223,79.809,0,3,0
2022,3,FORMULA 1 HEINEKEN AUSTRALIAN GRAND PRIX 2022,PER,Red Bull Racing,Q3,78.24,3.0,26.845,17.76,33.635,2.0,SOFT,True,283.0,306.0,293.0,320.0,23.2,29.1,57.0,1017.4,1.1,0.0,80.399,79.658,79.265,0,3,0
2022,3,FORMULA 1 HEINEKEN AUSTRALIAN GRAND PRIX 2022,NOR,McLaren,Q3,78.703,4.0,27.047,17.991,33.665,2.0,SOFT,True,279.0,295.0,298.0,314.0,23.2,29.1,57.0,1017.4,1.1,0.0,80.878,80.1,79.117,0,3,0
2022,3,FORMULA 1 HEINEKEN AUSTRALIAN GRAND PRIX 2022,HAM,Mercedes,Q3,78.825,5.0,26.975,18.0,33.85,5.0,SOFT,True,280.0,294.0,297.0,313.0,23.2,29.1,57.0,1017.4,1.1,0.0,81.027,80.521,79.896,0,3,0
2022,3,FORMULA 1 HEINEKEN AUSTRALIAN GRAND PRIX 2022,RUS,Mercedes,Q3,78.933,6.0,27.037,18.05,33.846,5.0,SOFT,True,279.0,290.0,296.0,312.0,23.2,29.1,57.0,1017.4,1.1,0.0,81.457,80.212,80.096,0,3,0
2022,3,FORMULA 1 HEINEKEN AUSTRALIAN GRAND PRIX 2022,RIC,McLaren,Q3,79.032,7.0,27.143,18.066,33.823,5.0,SOFT,False,278.0,291.0,293.0,312.0,23.2,29.1,57.0,1017.4,1.1,0.0,81.155,80.203,79.693,0,3,0
2022,3,FORMULA 1 HEINEKEN AUSTRALIAN GRAND PRIX 2022,OCO,Alpine,Q3,79.061,8.0,26.96,17.963,34.138,2.0,SOFT,True,284.0,306.0,302.0,320.0,23.2,29.1,57.0,1017.4,1.1,0.0,81.004,79.842,80.205,0,3,0
2022,3,FORMULA 1 HEINEKEN AUSTRALIAN GRAND PRIX 2022,SAI,Ferrari,Q3,79.408,9.0,26.942,17.844,34.622,2.0,SOFT,True,283.0,301.0,299.0,312.0,23.2,29.1,57.0,1017.4,1.1,0.0,79.806,79.376,79.419,0,3,0
2022,3,FORMULA 1 HEINEKEN AUSTRALIAN GRAND PRIX 2022,ALO,Alpine,Q3,100.649,10.0,38.302,23.009,39.338,1.0,SOFT,True,255.0,267.0,305.0,209.0,23.2,29.1,57.0,1017.4,1.1,0.0,81.229,79.537,79.275,0,3,0
2022,4,FORMULA 1 ROLEX GRAN PREMIO DEL MADE IN ITALY E DELL'EMILIA-ROMAGNA 2022,LEC,Ferrari,Q1,78.796,2.0,25.581,26.959,26.256,9.0,SOFT,False,222.0,260.0,272.0,291.0,12.5,14.4,84.0,997.7,1.8,0.0,89.402,79.74,79.044,1,1,0
2022,4,FORMULA 1 ROLEX GRAN PREMIO DEL MADE IN ITALY E DELL'EMILIA-ROMAGNA 2022,VER,Red Bull Racing,Q1,79.295,1.0,25.546,26.935,26.814,7.0,SOFT,True,220.0,261.0,276.0,295.0,12.5,14.4,84.0,997.7,1.8,0.0,90.867,80.371,79.154,1,1,0
2022,4,FORMULA 1 ROLEX GRAN PREMIO DEL MADE IN ITALY E DELL'EMILIA-ROMAGNA 2022,SAI,Ferrari,Q1,79.305,10.0,25.882,26.917,26.506,9.0,SOFT,False,219.0,259.0,273.0,293.0,12.5,14.4,84.0,997.7,1.8,0.0,90.279,80.258,79.251,1,1,0
2022,4,FORMULA 1 ROLEX GRAN PREMIO DEL MADE IN ITALY E DELL'EMILIA-ROMAGNA 2022,ZHO,Alfa Romeo,Q1,79.73,14.0,25.729,27.408,26.593,8.0,SOFT,True,218.0,256.0,270.0,287.0,12.5,14.4,84.0,997.7,1.8,0.0,97.45,80.498,,1,1,0
2022,4,FORMULA 1 ROLEX GRAN PREMIO DEL MADE IN ITALY E DELL'EMILIA-ROMAGNA 2022,PER,Red Bull Racing,Q1,79.773,7.0,25.771,27.213,26.789,8.0,SOFT,True,221.0,259.0,275.0,296.0,12.5,14.4,84.0,997.7,1.8,0.0,93.012,79.538,79.012,1,1,0
2022,4,FORMULA 1 ROLEX GRAN PREMIO DEL MADE IN ITALY E DELL'EMILIA-ROMAGNA 2022,RIC,McLaren,Q1,79.98,6.0,25.795,27.212,26.973,7.0,SOFT,True,220.0,256.0,273.0,290.0,12.5,14.4,84.0,997.7,1.8,0.0,95.625,,80.328,1,1,0
2022,4,FORMULA 1 ROLEX GRAN PREMIO DEL MADE IN ITALY E DELL'EMILIA-ROMAGNA 2022,MAG,Haas F1 Team,Q1,80.147,4.0,26.027,27.191,26.929,7.0,SOFT,True,215.0,259.0,269.0,286.0,12.5,14.4,84.0,997.7,1.8,0.0,92.439,80.74,80.557,1,1,0
2022,4,FORMULA 1 ROLEX GRAN PREMIO DEL MADE IN ITALY E DELL'EMILIA-ROMAGNA 2022,NOR,McLaren,Q1,80.168,3.0,26.165,27.254,26.749,4.0,SOFT,True,218.0,256.0,270.0,290.0,12.5,14.4,84.0,997.7,1.8,0.0,95.502,83.821,80.03,1,1,0
2022,4,FORMULA 1 ROLEX GRAN PREMIO DEL MADE IN ITALY E DELL'EMILIA-ROMAGNA 2022,ALO,Alpine,Q1,80.198,5.0,25.937,27.178,27.083,8.0,SOFT,True,220.0,258.0,270.0,291.0,12.5,14.4,84.0,997.7,1.8,0.0,93.16,80.174,80.639,1,1,0
2022,4,FORMULA 1 ROLEX GRAN PREMIO DEL MADE IN ITALY E DELL'EMILIA-ROMAGNA 2022,STR,Aston Martin,Q1,80.342,15.0,25.915,27.197,27.23,2.0,SOFT,True,218.0,260.0,273.0,295.0,12.5,14.4,84.0,997.7,1.8,0.0,96.033,81.149,80.948,1,1,0
2022,4,FORMULA 1 ROLEX GRAN PREMIO DEL MADE IN ITALY E DELL'EMILIA-ROMAGNA 2022,VET,Aston Martin,Q1,80.364,9.0,26.115,27.322,26.927,2.0,SOFT,True,220.0,259.0,273.0,296.0,12.5,14.4,84.0,997.7,1.8,0.0,93.365,81.155,81.044,1,1,0
2022,4,FORMULA 1 ROLEX GRAN PREMIO DEL MADE IN ITALY E DELL'EMILIA-ROMAGNA 2022,RUS,Mercedes,Q1,80.383,11.0,26.019,27.482,26.882,4.0,SOFT,False,216.0,254.0,272.0,282.0,12.5,14.4,84.0,997.7,1.8,0.0,94.262,79.457,80.756,1,1,0
2022,4,FORMULA 1 ROLEX GRAN PREMIO DEL MADE IN ITALY E DELL'EMILIA-ROMAGNA 2022,BOT,Alfa Romeo,Q1,80.419,8.0,26.21,27.281,26.928,12.0,SOFT,False,217.0,257.0,264.0,281.0,12.5,14.4,84.0,997.7,1.8,0.0,94.615,,80.219,1,1,0
2022,4,FORMULA 1 ROLEX GRAN PREMIO DEL MADE IN ITALY E DELL'EMILIA-ROMAGNA 2022,MSC,Haas F1 Team,Q1,80.422,12.0,26.129,27.376,26.917,8.0,SOFT,True,221.0,256.0,269.0,290.0,12.5,14.4,84.0,997.7,1.8,0.0,92.988,80.977,80.567,1,1,0
2022,4,FORMULA 1 ROLEX GRAN PREMIO DEL MADE IN ITALY E DELL'EMILIA-ROMAGNA 2022,HAM,Mercedes,Q1,80.47,13.0,25.979,27.379,27.112,3.0,SOFT,True,211.0,255.0,274.0,284.0,12.5,14.4,84.0,997.7,1.8,0.0,96.464,79.992,80.663,1,1,0
2022,4,FORMULA 1 ROLEX GRAN PREMIO DEL MADE IN ITALY E DELL'EMILIA-ROMAGNA 2022,TSU,AlphaTauri,Q1,80.474,16.0,26.331,27.339,26.804,7.0,SOFT,True,218.0,258.0,267.0,290.0,12.5,14.4,84.0,997.7,1.8,0.0,93.611,80.381,80.909,1,1,0
2022,4,FORMULA 1 ROLEX GRAN PREMIO DEL MADE IN ITALY E DELL'EMILIA-ROMAGNA 2022,GAS,AlphaTauri,Q1,80.732,17.0,26.39,27.254,27.088,7.0,SOFT,True,217.0,256.0,271.0,289.0,12.5,14.4,84.0,997.7,1.8,0.0,95.104,80.439,80.599,1,1,0
2022,4,FORMULA 1 ROLEX GRAN PREMIO DEL MADE IN ITALY E DELL'EMILIA-ROMAGNA 2022,LAT,Williams,Q1,81.971,18.0,26.653,27.869,27.449,4.0,SOFT,True,210.0,259.0,274.0,295.0,12.5,14.4,84.0,997.7,1.8,0.0,99.698,81.263,81.437,1,1,0
2022,4,FORMULA 1 ROLEX GRAN PREMIO DEL MADE IN ITALY E DELL'EMILIA-ROMAGNA 2022,OCO,Alpine,Q1,82.338,19.0,26.48,28.024,27.834,6.0,SOFT,False,217.0,256.0,272.0,282.0,12.5,14.4,84.0,997.7,1.8,0.0,95.42,81.179,80.995,1,1,0
2022,4,FORMULA 1 ROLEX GRAN PREMIO DEL MADE IN ITALY E DELL'EMILIA-ROMAGNA 2022,ALB,Williams,Q1,123.171,20.0,59.055,32.59,31.526,1.0,SOFT,True,192.0,239.0,271.0,241.0,12.5,14.4,84.0,997.7,1.8,0.0,96.461,80.591,81.02,1,1,0
2022,4,FORMULA 1 ROLEX GRAN PREMIO DEL MADE IN ITALY E DELL'EMILIA-ROMAGNA 2022,SAI,Ferrari,Q2,78.678,10.0,25.325,27.087,26.266,3.0,SOFT,True,219.0,257.0,,293.0,12.5,14.4,84.0,997.7,1.8,0.0,90.279,80.258,79.251,1,2,0
2022,4,FORMULA 1 ROLEX GRAN PREMIO DEL MADE IN ITALY E DELL'EMILIA-ROMAGNA 2022,VER,Red Bull Racing,Q2,78.793,1.0,25.472,26.85,26.471,2.0,SOFT,True,220.0,259.0,275.0,294.0,12.5,14.4,84.0,997.7,1.8,0.0,90.867,80.371,79.154,1,2,0
2022,4,FORMULA 1 ROLEX GRAN PREMIO DEL MADE IN ITALY E DELL'EMILIA-ROMAGNA 2022,NOR,McLaren,Q2,79.294,3.0,25.742,27.08,26.472,2.0,SOFT,True,224.0,257.0,271.0,290.0,12.5,14.4,84.0,997.7,1.8,0.0,95.502,83.821,80.03,1,2,0
2022,4,FORMULA 1 ROLEX GRAN PREMIO DEL MADE IN ITALY E DELL'EMILIA-ROMAGNA 2022,PER,Red Bull Racing,Q2,79.296,7.0,25.6,27.042,26.654,2.0,SOFT,True,222.0,259.0,274.0,294.0,12.5,14.4,84.0,997.7,1.8,0.0,93.012,79.538,79.012,1,2,0
2022,4,FORMULA 1 ROLEX GRAN PREMIO DEL MADE IN ITALY E DELL'EMILIA-ROMAGNA 2022,LEC,Ferrari,Q2,79.584,2.0,25.953,27.189,26.442,2.0,SOFT,True,221.0,258.0,274.0,292.0,12.5,14.4,84.0,997.7,1.8,0.0,89.402,79.74,79.044,1,2,0
2022,4,FORMULA 1 ROLEX GRAN PREMIO DEL MADE IN ITALY E DELL'EMILIA-ROMAGNA 2022,ALO,Alpine,Q2,79.595,5.0,25.764,27.126,26.705,2.0,SOFT,True,223.0,258.0,269.0,290.0,12.5,14.4,84.0,997.7,1.8,0.0,93.16,80.174,80.639,1,2,0
2022,4,FORMULA 1 ROLEX GRAN PREMIO DEL MADE IN ITALY E DELL'EMILIA-ROMAGNA 2022,MAG,Haas F1 Team,Q2,79.902,4.0,26.054,27.081,26.767,2.0,SOFT,True,215.0,255.0,267.0,288.0,12.5,14.4,84.0,997.7,1.8,0.0,92.439,80.74,80.557,1,2,0
2022,4,FORMULA 1 ROLEX GRAN PREMIO DEL MADE IN ITALY E DELL'EMILIA-ROMAGNA 2022,VET,Aston Martin,Q2,79.957,9.0,25.833,27.325,26.799,2.0,SOFT,True,219.0,259.0,274.0,295.0,12.5,14.4,84.0,997.7,1.8,0.0,93.365,81.155,81.044,1,2,0
2022,4,FORMULA 1 ROLEX GRAN PREMIO DEL MADE IN ITALY E DELL'EMILIA-ROMAGNA 2022,RIC,McLaren,Q2,80.031,6.0,26.018,27.305,26.708,2.0,SOFT,True,219.0,256.0,268.0,290.0,12.5,14.4,84.0,997.7,1.8,0.0,95.625,,80.328,1,2,0
2022,4,FORMULA 1 ROLEX GRAN PREMIO DEL MADE IN ITALY E DELL'EMILIA-ROMAGNA 2022,BOT,Alfa Romeo,Q2,80.192,8.0,26.045,27.455,26.692,2.0,SOFT,True,214.0,257.0,265.0,283.0,12.5,14.4,84.0,997.7,1.8,0.0,94.615,,80.219,1,2,0
2022,4,FORMULA 1 ROLEX GRAN PREMIO DEL MADE IN ITALY E DELL'EMILIA-ROMAGNA 2022,RUS,Mercedes,Q2,80.757,11.0,26.286,27.458,27.013,2.0,SOFT,True,218.0,253.0,273.0,285.0,12.5,14.4,84.0,997.7,1.8,0.0,94.262,79.457,80.756,1,2,0
2022,4,FORMULA 1 ROLEX GRAN PREMIO DEL MADE IN ITALY E DELL'EMILIA-ROMAGNA 2022,MSC,Haas F1 Team,Q2,80.916,12.0,25.96,28.152,26.804,2.0,SOFT,True,223.0,256.0,271.0,290.0,12.5,14.4,84.0,997.7,1.8,0.0,92.988,80.977,80.567,1,2,0
2022,4,FORMULA 1 ROLEX GRAN PREMIO DEL MADE IN ITALY E DELL'EMILIA-ROMAGNA 2022,HAM,Mercedes,Q2,81.138,13.0,26.356,27.725,27.057,2.0,SOFT,True,214.0,256.0,272.0,284.0,12.5,14.4,84.0,997.7,1.8,0.0,96.464,79.992,80.663,1,2,0
2022,4,FORMULA 1 ROLEX GRAN PREMIO DEL MADE IN ITALY E DELL'EMILIA-ROMAGNA 2022,ZHO,Alfa Romeo,Q2,81.434,14.0,26.529,27.888,27.017,2.0,SOFT,True,215.0,257.0,273.0,291.0,12.5,14.4,84.0,997.7,1.8,0.0,97.45,80.498,,1,2,0
2022,4,FORMULA 1 ROLEX GRAN PREMIO DEL MADE IN ITALY E DELL'EMILIA-ROMAGNA 2022,STR,Aston Martin,Q2,88.119,15.0,25.81,27.564,34.745,2.0,SOFT,True,220.0,256.0,210.0,163.0,12.5,14.4,84.0,997.7,1.8,0.0,96.033,81.149,80.948,1,2,0
2022,4,FORMULA 1 ROLEX GRAN PREMIO DEL MADE IN ITALY E DELL'EMILIA-ROMAGNA 2022,VER,Red Bull Racing,Q3,87.999,1.0,27.642,29.779,30.578,3.0,INTERMEDIATE,True,212.0,250.0,269.0,238.0,12.5,14.4,84.0,997.7,1.8,0.0,90.867,80.371,79.154,1,3,0
2022,4,FORMULA 1 ROLEX GRAN PREMIO DEL MADE IN ITALY E DELL'EMILIA-ROMAGNA 2022,LEC,Ferrari,Q3,88.778,2.0,28.87,29.711,30.197,2.0,INTERMEDIATE,True,207.0,250.0,268.0,272.0,12.5,14.4,84.0,997.7,1.8,0.0,89.402,79.74,79.044,1,3,0
2022,4,FORMULA 1 ROLEX GRAN PREMIO DEL MADE IN ITALY E DELL'EMILIA-ROMAGNA 2022,NOR,McLaren,Q3,89.131,3.0,28.236,29.992,30.903,4.0,INTERMEDIATE,False,206.0,244.0,263.0,270.0,12.5,14.4,84.0,997.7,1.8,0.0,95.502,83.821,80.03,1,3,0
2022,4,FORMULA 1 ROLEX GRAN PREMIO DEL MADE IN ITALY E DELL'EMILIA-ROMAGNA 2022,MAG,Haas F1 Team,Q3,89.164,4.0,28.408,30.157,30.599,3.0,INTERMEDIATE,True,200.0,247.0,265.0,278.0,12.5,14.4,84.0,997.7,1.8,0.0,92.439,80.74,80.557,1,3,0
2022,4,FORMULA 1 ROLEX GRAN PREMIO DEL MADE IN ITALY E DELL'EMILIA-ROMAGNA 2022,ALO,Alpine,Q3,89.202,5.0,28.212,30.034,30.956,3.0,INTERMEDIATE,True,209.0,250.0,265.0,268.0,12.5,14.4,84.0,997.7,1.8,0.0,93.16,80.174,80.639,1,3,0
2022,4,FORMULA 1 ROLEX GRAN PREMIO DEL MADE IN ITALY E DELL'EMILIA-ROMAGNA 2022,RIC,McLaren,Q3,89.742,6.0,28.592,30.516,30.634,2.0,INTERMEDIATE,True,206.0,244.0,264.0,260.0,12.5,14.4,84.0,997.7,1.8,0.0,95.625,,80.328,1,3,0
2022,4,FORMULA 1 ROLEX GRAN PREMIO DEL MADE IN ITALY E DELL'EMILIA-ROMAGNA 2022,PER,Red Bull Racing,Q3,89.808,7.0,27.781,31.334,30.693,3.0,INTERMEDIATE,True,208.0,232.0,267.0,277.0,12.5,14.4,84.0,997.7,1.8,0.0,93.012,79.538,79.012,1,3,0
2022,4,FORMULA 1 ROLEX GRAN PREMIO DEL MADE IN ITALY E DELL'EMILIA-ROMAGNA 2022,BOT,Alfa Romeo,Q3,90.439,8.0,28.796,30.289,31.354,7.0,INTERMEDIATE,False,201.0,245.0,258.0,252.0,12.5,14.4,84.0,997.7,1.8,0.0,94.615,,80.219,1,3,0
2022,4,FORMULA 1 ROLEX GRAN PREMIO DEL MADE IN ITALY E DELL'EMILIA-ROMAGNA 2022,VET,Aston Martin,Q3,91.062,9.0,28.933,30.824,31.305,2.0,INTERMEDIATE,True,199.0,249.0,267.0,235.0,12.5,14.4,84.0,997.7,1.8,0.0,93.365,81.155,81.044,1,3,0
2022,5,FORMULA 1 CRYPTO.COM MIAMI GRAND PRIX 2022,LEC,Ferrari,Q1,89.474,1.0,29.711,34.296,25.467,5.0,SOFT,False,219.0,192.0,286.0,325.0,33.2,50.8,40.0,1008.5,1.6,0.0,91.098,90.044,90.498,0,1,0
2022,5,FORMULA 1 CRYPTO.COM MIAMI GRAND PRIX 2022,VER,Red Bull Racing,Q1,89.836,3.0,30.186,34.142,25.508,5.0,SOFT,True,222.0,192.0,287.0,331.0,33.2,50.8,40.0,1008.5,1.6,0.0,91.277,,90.649,0,1,0
2022,5,FORMULA 1 CRYPTO.COM MIAMI GRAND PRIX 2022,PER,Red Bull Racing,Q1,90.055,4.0,30.172,34.353,25.53,8.0,SOFT,False,222.0,192.0,288.0,334.0,33.2,50.8,40.0,1008.5,1.6,0.0,91.301,90.15,90.304,0,1,0
2022,5,FORMULA 1 CRYPTO.COM MIAMI GRAND PRIX 2022,SAI,Ferrari,Q1,90.079,2.0,29.808,34.584,25.687,5.0,SOFT,False,223.0,190.0,286.0,321.0,33.2,50.8,40.0,1008.5,1.6,0.0,91.528,90.964,91.172,0,1,0
2022,5,FORMULA 1 CRYPTO.COM MIAMI GRAND PRIX 2022,HAM,Mercedes,Q1,90.388,6.0,29.957,34.59,25.841,2.0,SOFT,True,222.0,190.0,283.0,323.0,33.2,50.8,40.0,1008.5,1.6,0.0,91.956,90.179,91.89,0,1,0
2022,5,FORMULA 1 CRYPTO.COM MIAMI GRAND PRIX 2022,ALO,Alpine,Q1,90.407,11.0,30.005,34.413,25.989,2.0,SOFT,True,220.0,191.0,285.0,326.0,33.2,50.8,40.0,1008.5,1.6,0.0,92.884,90.372,91.036,0,1,0
2022,5,FORMULA 1 CRYPTO.COM MIAMI GRAND PRIX 2022,STR,Aston Martin,Q1,90.441,10.0,30.165,34.479,25.797,2.0,SOFT,True,220.0,191.0,287.0,324.0,33.2,50.8,40.0,1008.5,1.6,0.0,93.576,91.631,91.665,0,1,0
2022,5,FORMULA 1 CRYPTO.COM MIAMI GRAND PRIX 2022,TSU,AlphaTauri,Q1,90.485,9.0,30.135,34.645,25.705,2.0,SOFT,True,222.0,191.0,286.0,327.0,33.2,50.8,40.0,1008.5,1.6,0.0,94.043,91.26,91.659,0,1,0
2022,5,FORMULA 1 CRYPTO.COM MIAMI GRAND PRIX 2022,RUS,Mercedes,Q1,90.49,12.0,30.07,34.572,25.848,7.0,SOFT,True,221.0,191.0,285.0,322.0,33.2,50.8,40.0,1008.5,1.6,0.0,91.169,89.938,91.924,0,1,0
2022,5,FORMULA 1 CRYPTO.COM MIAMI GRAND PRIX 2022,RIC,McLaren,Q1,90.583,14.0,30.101,34.549,25.933,5.0,SOFT,True,221.0,191.0,284.0,322.0,33.2,50.8,40.0,1008.5,1.6,0.0,92.592,91.208,91.728,0,1,0
2022,5,FORMULA 1 CRYPTO.COM MIAMI GRAND PRIX 2022,MSC,Haas F1 Team,Q1,90.645,15.0,29.972,34.802,25.871,2.0,SOFT,True,221.0,190.0,284.0,323.0,33.2,50.8,40.0,1008.5,1.6,0.0,94.945,91.587,91.05,0,1,0
2022,5,FORMULA 1 CRYPTO.COM MIAMI GRAND PRIX 2022,VET,Aston Martin,Q1,90.677,13.0,30.776,34.324,25.576999999999998,2.0,SOFT,True,224.0,192.0,286.0,325.0,33.2,50.8,40.0,1008.5,1.6,0.0,93.024,91.393,91.049,0,1,0
2022,5,FORMULA 1 CRYPTO.COM MIAMI GRAND PRIX 2022,NOR,McLaren,Q1,90.761,8.0,30.354,34.416,25.991,5.0,SOFT,True,223.0,190.0,281.0,322.0,33.2,50.8,40.0,1008.5,1.6,0.0,92.615,90.535,91.594,0,1,0
2022,5,FORMULA 1 CRYPTO.COM MIAMI GRAND PRIX 2022,GAS,AlphaTauri,Q1,90.779,7.0,30.515,34.617,25.647,2.0,SOFT,True,223.0,191.0,286.0,327.0,33.2,50.8,40.0,1008.5,1.6,0.0,91.498,90.547,91.901,0,1,0
2022,5,FORMULA 1 CRYPTO.COM MIAMI GRAND PRIX 2022,BOT,Alfa Romeo,Q1,90.845,5.0,29.962,35.002,25.881,2.0,SOFT,True,225.0,191.0,285.0,317.0,33.2,50.8,40.0,1008.5,1.6,0.0,93.773,,91.885,0,1,0
2022,5,FORMULA 1 CRYPTO.COM MIAMI GRAND PRIX 2022,MAG,Haas F1 Team,Q1,90.975,16.0,30.523,34.919,25.533,9.0,SOFT,True,218.0,189.0,287.0,326.0,33.2,50.8,40.0,1008.5,1.6,0.0,92.559,90.921,91.227,0,1,0
2022,5,FORMULA 1 CRYPTO.COM MIAMI GRAND PRIX 2022,ZHO,Alfa Romeo,Q1,91.02,17.0,30.468,34.531,26.021,4.0,SOFT,True,219.0,190.0,281.0,326.0,33.2,50.8,40.0,1008.5,1.6,0.0,93.02,90.86,92.051,0,1,0
2022,5,FORMULA 1 CRYPTO.COM MIAMI GRAND PRIX 2022,ALB,Williams,Q1,91.266,18.0,30.641,34.81,25.815,2.0,SOFT,True,221.0,190.0,288.0,327.0,33.2,50.8,40.0,1008.5,1.6,0.0,91.854,91.71,91.501,0,1,0
2022,5,FORMULA 1 CRYPTO.COM MIAMI GRAND PRIX 2022,LAT,Williams,Q1,91.325,19.0,30.651,34.834,25.84,4.0,SOFT,True,217.0,190.0,284.0,324.0,33.2,50.8,40.0,1008.5,1.6,0.0,95.637,92.913,92.376,0,1,0
2022,5,FORMULA 1 CRYPTO.COM MIAMI GRAND PRIX 2022,LEC,Ferrari,Q2,89.13,1.0,29.504,34.19,25.436,2.0,SOFT,True,224.0,192.0,285.0,323.0,33.2,50.8,40.0,1008.5,1.6,0.0,91.098,90.044,90.498,0,2,0
2022,5,FORMULA 1 CRYPTO.COM MIAMI GRAND PRIX 2022,VER,Red Bull Racing,Q2,89.202,3.0,29.738,33.955,25.509,2.0,SOFT,True,222.0,192.0,287.0,332.0,33.2,50.8,40.0,1008.5,1.6,0.0,91.277,,90.649,0,2,0
2022,5,FORMULA 1 CRYPTO.COM MIAMI GRAND PRIX 2022,NOR,McLaren,Q2,89.634,8.0,29.709,34.057,25.868,2.0,SOFT,True,220.0,191.0,281.0,320.0,33.2,50.8,40.0,1008.5,1.6,0.0,92.615,90.535,91.594,0,2,0
2022,5,FORMULA 1 CRYPTO.COM MIAMI GRAND PRIX 2022,PER,Red Bull Racing,Q2,89.673,4.0,29.673000000000002,34.232,25.768,2.0,SOFT,True,219.0,191.0,286.0,332.0,33.2,50.8,40.0,1008.5,1.6,0.0,91.301,90.15,90.304,0,2,0
2022,5,FORMULA 1 CRYPTO.COM MIAMI GRAND PRIX 2022,SAI,Ferrari,Q2,89.729,2.0,29.568,34.423,25.738,12.0,SOFT,False,224.0,191.0,283.0,322.0,33.2,50.8,40.0,1008.5,1.6,0.0,91.528,90.964,91.172,0,2,0
2022,5,FORMULA 1 CRYPTO.COM MIAMI GRAND PRIX 2022,BOT,Alfa Romeo,Q2,89.751,5.0,29.993,34.216,25.542,2.0,SOFT,True,223.0,192.0,286.0,324.0,33.2,50.8,40.0,1008.5,1.6,0.0,93.773,,91.885,0,2,0
2022,5,FORMULA 1 CRYPTO.COM MIAMI GRAND PRIX 2022,HAM,Mercedes,Q2,89.797,6.0,29.869,34.463,25.465,5.0,SOFT,False,220.0,192.0,282.0,327.0,33.2,50.8,40.0,1008.5,1.6,0.0,91.956,90.179,91.89,0,2,0
2022,5,FORMULA 1 CRYPTO.COM MIAMI GRAND PRIX 2022,STR,Aston Martin,Q2,89.996,10.0,30.112,34.357,25.527,2.0,SOFT,True,222.0,192.0,288.0,325.0,33.2,50.8,40.0,1008.5,1.6,0.0,93.576,91.631,91.665,0,2,0
2022,5,FORMULA 1 CRYPTO.COM MIAMI GRAND PRIX 2022,TSU,AlphaTauri,Q2,90.031,9.0,29.977,34.385,25.669,2.0,SOFT,True,222.0,190.0,284.0,325.0,33.2,50.8,40.0,1008.5,1.6,0.0,94.043,91.26,91.659,0,2,0
2022,5,FORMULA 1 CRYPTO.COM MIAMI GRAND PRIX 2022,GAS,AlphaTauri,Q2,90.128,7.0,30.145,34.201,25.782,2.0,SOFT,True,221.0,192.0,284.0,327.0,33.2,50.8,40.0,1008.5,1.6,0.0,91.498,90.547,91.901,0,2,0
2022,5,FORMULA 1 CRYPTO.COM MIAMI GRAND PRIX 2022,ALO,Alpine,Q2,90.16,11.0,29.773,34.616,25.771,2.0,SOFT,True,220.0,189.0,285.0,326.0,33.2,50.8,40.0,1008.5,1.6,0.0,92.884,90.372,91.036,0,2,0
2022,5,FORMULA 1 CRYPTO.COM MIAMI GRAND PRIX 2022,RUS,Mercedes,Q2,90.173,12.0,29.799,34.559,25.815,3.0,SOFT,True,221.0,190.0,286.0,322.0,33.2,50.8,40.0,1008.5,1.6,0.0,91.169,89.938,91.924,0,2,0
2022,5,FORMULA 1 CRYPTO.COM MIAMI GRAND PRIX 2022,VET,Aston Martin,Q2,90.214,13.0,30.193,34.403,25.618,2.0,SOFT,True,224.0,190.0,286.0,324.0,33.2,50.8,40.0,1008.5,1.6,0.0,93.024,91.393,91.049,0,2,0
2022,5,FORMULA 1 CRYPTO.COM MIAMI GRAND PRIX 2022,RIC,McLaren,Q2,90.31,14.0,29.834,34.501,25.975,2.0,SOFT,True,220.0,191.0,281.0,314.0,33.2,50.8,40.0,1008.5,1.6,0.0,92.592,91.208,91.728,0,2,0
2022,5,FORMULA 1 CRYPTO.COM MIAMI GRAND PRIX 2022,MSC,Haas F1 Team,Q2,90.423,15.0,30.044,34.532,25.847,6.0,SOFT,False,222.0,191.0,283.0,324.0,33.2,50.8,40.0,1008.5,1.6,0.0,94.945,91.587,91.05,0,2,0
2022,5,FORMULA 1 CRYPTO.COM MIAMI GRAND PRIX 2022,LEC,Ferrari,Q3,88.796,1.0,29.441,33.831,25.524,2.0,SOFT,True,222.0,194.0,284.0,323.0,33.2,50.8,40.0,1008.5,1.6,0.0,91.098,90.044,90.498,0,3,0
2022,5,FORMULA 1 CRYPTO.COM MIAMI GRAND PRIX 2022,SAI,Ferrari,Q3,88.986,2.0,29.278,34.017,25.691,2.0,SOFT,True,223.0,192.0,285.0,322.0,33.2,50.8,40.0,1008.5,1.6,0.0,91.528,90.964,91.172,0,3,0
2022,5,FORMULA 1 CRYPTO.COM MIAMI GRAND PRIX 2022,VER,Red Bull Racing,Q3,88.991,3.0,29.546,33.977,25.468,2.0,SOFT,True,223.0,192.0,287.0,334.0,33.2,50.8,40.0,1008.5,1.6,0.0,91.277,,90.649,0,3,0
2022,5,FORMULA 1 CRYPTO.COM MIAMI GRAND PRIX 2022,PER,Red Bull Racing,Q3,89.036,4.0,29.635,34.012,25.389,2.0,SOFT,True,223.0,192.0,287.0,332.0,33.2,50.8,40.0,1008.5,1.6,0.0,91.301,90.15,90.304,0,3,0
2022,5,FORMULA 1 CRYPTO.COM MIAMI GRAND PRIX 2022,BOT,Alfa Romeo,Q3,89.475,5.0,29.833,34.074,25.568,2.0,SOFT,True,223.0,194.0,286.0,324.0,33.2,50.8,40.0,1008.5,1.6,0.0,93.773,,91.885,0,3,0
2022,5,FORMULA 1 CRYPTO.COM MIAMI GRAND PRIX 2022,HAM,Mercedes,Q3,89.625,6.0,29.687,34.29,25.648,2.0,SOFT,True,221.0,191.0,285.0,324.0,33.2,50.8,40.0,1008.5,1.6,0.0,91.956,90.179,91.89,0,3,0
2022,5,FORMULA 1 CRYPTO.COM MIAMI GRAND PRIX 2022,GAS,AlphaTauri,Q3,89.69,7.0,29.907,34.246,25.537,2.0,SOFT,True,221.0,191.0,285.0,326.0,33.2,50.8,40.0,1008.5,1.6,0.0,91.498,90.547,91.901,0,3,0
2022,5,FORMULA 1 CRYPTO.COM MIAMI GRAND PRIX 2022,NOR,McLaren,Q3,89.75,8.0,29.704,34.235,25.811,2.0,SOFT,True,222.0,190.0,280.0,322.0,33.2,50.8,40.0,1008.5,1.6,0.0,92.615,90.535,91.594,0,3,0
2022,5,FORMULA 1 CRYPTO.COM MIAMI GRAND PRIX 2022,TSU,AlphaTauri,Q3,89.932,9.0,29.975,34.286,25.671,2.0,SOFT,True,220.0,191.0,285.0,327.0,33.2,50.8,40.0,1008.5,1.6,0.0,94.043,91.26,91.659,0,3,0
2022,5,FORMULA 1 CRYPTO.COM MIAMI GRAND PRIX 2022,STR,Aston Martin,Q3,90.676,10.0,30.438,34.552,25.686,2.0,SOFT,True,220.0,190.0,288.0,323.0,33.2,50.8,40.0,1008.5,1.6,0.0,93.576,91.631,91.665,0,3,0
2022,6,FORMULA 1 PIRELLI GRAN PREMIO DE ESPAÑA 2022,LEC,Ferrari,Q1,79.861,1.0,22.333,29.923000000000002,27.605,2.0,SOFT,True,285.0,305.0,286.0,319.0,34.7,47.2,18.0,1003.4,3.0,0.0,79.828,79.67,79.772,0,1,0
2022,6,FORMULA 1 PIRELLI GRAN PREMIO DE ESPAÑA 2022,SAI,Ferrari,Q1,79.892,3.0,22.329,29.826,27.737,2.0,SOFT,True,285.0,304.0,285.0,315.0,34.7,47.2,18.0,1003.4,3.0,0.0,79.907,79.99,80.129,0,1,0
2022,6,FORMULA 1 PIRELLI GRAN PREMIO DE ESPAÑA 2022,VER,Red Bull Racing,Q1,80.091,2.0,22.163,30.047,27.881,2.0,SOFT,True,287.0,304.0,281.0,321.0,34.7,47.2,18.0,1003.4,3.0,0.0,80.164,80.006,79.844,0,1,0
2022,6,FORMULA 1 PIRELLI GRAN PREMIO DE ESPAÑA 2022,RUS,Mercedes,Q1,80.218,4.0,22.15,30.12,27.948,2.0,SOFT,True,286.0,291.0,282.0,321.0,34.7,47.2,18.0,1003.4,3.0,0.0,80.59,79.787,79.92,0,1,0
2022,6,FORMULA 1 PIRELLI GRAN PREMIO DE ESPAÑA 2022,MAG,Haas F1 Team,Q1,80.227,8.0,22.452,30.061,27.714,2.0,SOFT,True,288.0,302.0,286.0,320.0,34.7,47.2,18.0,1003.4,3.0,0.0,82.089,81.013,80.646,0,1,0
2022,6,FORMULA 1 PIRELLI GRAN PREMIO DE ESPAÑA 2022,HAM,Mercedes,Q1,80.252,6.0,22.161,29.9,28.191,2.0,SOFT,True,289.0,307.0,282.0,320.0,34.7,47.2,18.0,1003.4,3.0,0.0,80.811,79.874,80.002,0,1,0
2022,6,FORMULA 1 PIRELLI GRAN PREMIO DE ESPAÑA 2022,BOT,Alfa Romeo,Q1,80.355,7.0,22.345,30.127,27.883,2.0,SOFT,True,286.0,302.0,283.0,318.0,34.7,47.2,18.0,1003.4,3.0,0.0,82.614,81.828,80.781,0,1,0
2022,6,FORMULA 1 PIRELLI GRAN PREMIO DE ESPAÑA 2022,PER,Red Bull Racing,Q1,80.447,5.0,22.395,30.118,27.934,2.0,SOFT,True,288.0,305.0,283.0,316.0,34.7,47.2,18.0,1003.4,3.0,0.0,,80.632,80.26,0,1,0
2022,6,FORMULA 1 PIRELLI GRAN PREMIO DE ESPAÑA 2022,ZHO,Alfa Romeo,Q1,80.476,15.0,22.376,30.23,27.87,2.0,SOFT,True,286.0,303.0,283.0,320.0,34.7,47.2,18.0,1003.4,3.0,0.0,,81.866,81.201,0,1,0
2022,6,FORMULA 1 PIRELLI GRAN PREMIO DE ESPAÑA 2022,RIC,McLaren,Q1,80.549,9.0,22.251,30.259,28.039,2.0,SOFT,True,280.0,302.0,278.0,319.0,34.7,47.2,18.0,1003.4,3.0,0.0,81.737,81.385,80.91,0,1,0
2022,6,FORMULA 1 PIRELLI GRAN PREMIO DE ESPAÑA 2022,MSC,Haas F1 Team,Q1,80.683,10.0,22.365,30.43,27.888,2.0,SOFT,True,284.0,303.0,286.0,321.0,34.7,47.2,18.0,1003.4,3.0,0.0,82.146,80.757,85.467,0,1,0
2022,6,FORMULA 1 PIRELLI GRAN PREMIO DE ESPAÑA 2022,TSU,AlphaTauri,Q1,80.707,13.0,22.277,30.409,28.021,2.0,SOFT,True,289.0,305.0,285.0,322.0,34.7,47.2,18.0,1003.4,3.0,0.0,81.814,81.285,81.449,0,1,0
2022,6,FORMULA 1 PIRELLI GRAN PREMIO DE ESPAÑA 2022,GAS,AlphaTauri,Q1,80.719,14.0,22.304,30.346,28.069,2.0,SOFT,True,285.0,303.0,283.0,322.0,34.7,47.2,18.0,1003.4,3.0,0.0,81.422,80.917,,0,1,0
2022,6,FORMULA 1 PIRELLI GRAN PREMIO DE ESPAÑA 2022,NOR,McLaren,Q1,80.838,11.0,22.384,30.304,28.15,2.0,SOFT,True,281.0,296.0,278.0,317.0,34.7,47.2,18.0,1003.4,3.0,0.0,81.279,83.388,80.403,0,1,0
2022,6,FORMULA 1 PIRELLI GRAN PREMIO DE ESPAÑA 2022,OCO,Alpine,Q1,80.88,12.0,22.376,30.36,28.144,2.0,SOFT,True,287.0,302.0,283.0,318.0,34.7,47.2,18.0,1003.4,3.0,0.0,81.891,80.745,80.882,0,1,0
2022,6,FORMULA 1 PIRELLI GRAN PREMIO DE ESPAÑA 2022,VET,Aston Martin,Q1,80.954,16.0,22.433,30.324,28.197,2.0,SOFT,True,285.0,294.0,279.0,318.0,34.7,47.2,18.0,1003.4,3.0,0.0,82.164,80.703,80.944,0,1,0
2022,6,FORMULA 1 PIRELLI GRAN PREMIO DE ESPAÑA 2022,ALO,Alpine,Q1,81.043,17.0,22.413,30.54,28.09,2.0,SOFT,True,284.0,295.0,282.0,317.0,34.7,47.2,18.0,1003.4,3.0,0.0,80.768,80.203,80.981,0,1,0
2022,6,FORMULA 1 PIRELLI GRAN PREMIO DE ESPAÑA 2022,STR,Aston Martin,Q1,81.418,18.0,22.611,30.41,28.397,2.0,SOFT,True,287.0,298.0,277.0,318.0,34.7,47.2,18.0,1003.4,3.0,0.0,81.92,81.249,81.52,0,1,0
2022,6,FORMULA 1 PIRELLI GRAN PREMIO DE ESPAÑA 2022,ALB,Williams,Q1,81.645,19.0,22.57,30.748,28.327,2.0,SOFT,True,283.0,293.0,285.0,322.0,34.7,47.2,18.0,1003.4,3.0,0.0,,82.319,81.572,0,1,0
2022,6,FORMULA 1 PIRELLI GRAN PREMIO DE ESPAÑA 2022,LAT,Williams,Q1,81.915,20.0,22.517,30.812,28.586,2.0,SOFT,True,284.0,294.0,283.0,321.0,34.7,47.2,18.0,1003.4,3.0,0.0,83.011,83.197,82.419,0,1,0
2022,6,FORMULA 1 PIRELLI GRAN PREMIO DE ESPAÑA 2022,VER,Red Bull Racing,Q2,79.219,2.0,22.068,29.662,27.489,2.0,SOFT,True,290.0,306.0,283.0,318.0,34.7,47.2,18.0,1003.4,3.0,0.0,80.164,80.006,79.844,0,2,0
2022,6,FORMULA 1 PIRELLI GRAN PREMIO DE ESPAÑA 2022,SAI,Ferrari,Q2,79.453,3.0,22.08,29.819,27.554,2.0,SOFT,True,288.0,305.0,285.0,320.0,34.7,47.2,18.0,1003.4,3.0,0.0,79.907,79.99,80.129,0,2,0
2022,6,FORMULA 1 PIRELLI GRAN PREMIO DE ESPAÑA 2022,RUS,Mercedes,Q2,79.47,4.0,21.995,29.776,27.699,2.0,SOFT,True,286.0,295.0,284.0,321.0,34.7,47.2,18.0,1003.4,3.0,0.0,80.59,79.787,79.92,0,2,0
2022,6,FORMULA 1 PIRELLI GRAN PREMIO DE ESPAÑA 2022,HAM,Mercedes,Q2,79.794,6.0,22.115,29.723,27.956,2.0,SOFT,True,288.0,307.0,283.0,319.0,34.7,47.2,18.0,1003.4,3.0,0.0,80.811,79.874,80.002,0,2,0
2022,6,FORMULA 1 PIRELLI GRAN PREMIO DE ESPAÑA 2022,MAG,Haas F1 Team,Q2,79.81,8.0,22.239,29.988,27.583,2.0,SOFT,True,289.0,304.0,285.0,320.0,34.7,47.2,18.0,1003.4,3.0,0.0,82.089,81.013,80.646,0,2,0
2022,6,FORMULA 1 PIRELLI GRAN PREMIO DE ESPAÑA 2022,PER,Red Bull Racing,Q2,79.83,5.0,22.048,29.954,27.828,2.0,SOFT,True,289.0,307.0,286.0,323.0,34.7,47.2,18.0,1003.4,3.0,0.0,,80.632,80.26,0,2,0
2022,6,FORMULA 1 PIRELLI GRAN PREMIO DE ESPAÑA 2022,LEC,Ferrari,Q2,79.969,1.0,22.19,29.954,27.825,5.0,SOFT,False,287.0,307.0,287.0,321.0,34.7,47.2,18.0,1003.4,3.0,0.0,79.828,79.67,79.772,0,2,0
2022,6,FORMULA 1 PIRELLI GRAN PREMIO DE ESPAÑA 2022,NOR,McLaren,Q2,79.977,11.0,22.218,29.991,27.768,2.0,SOFT,True,281.0,299.0,278.0,315.0,34.7,47.2,18.0,1003.4,3.0,0.0,81.279,83.388,80.403,0,2,0
2022,6,FORMULA 1 PIRELLI GRAN PREMIO DE ESPAÑA 2022,BOT,Alfa Romeo,Q2,80.053,7.0,22.198,30.082,27.773,2.0,SOFT,True,286.0,303.0,285.0,321.0,34.7,47.2,18.0,1003.4,3.0,0.0,82.614,81.828,80.781,0,2,0
2022,6,FORMULA 1 PIRELLI GRAN PREMIO DE ESPAÑA 2022,RIC,McLaren,Q2,80.287,9.0,22.243,30.158,27.886,2.0,SOFT,True,281.0,302.0,277.0,316.0,34.7,47.2,18.0,1003.4,3.0,0.0,81.737,81.385,80.91,0,2,0
2022,6,FORMULA 1 PIRELLI GRAN PREMIO DE ESPAÑA 2022,MSC,Haas F1 Team,Q2,80.436,10.0,22.304,30.092,28.04,2.0,SOFT,True,286.0,310.0,288.0,324.0,34.7,47.2,18.0,1003.4,3.0,0.0,82.146,80.757,85.467,0,2,0
2022,6,FORMULA 1 PIRELLI GRAN PREMIO DE ESPAÑA 2022,OCO,Alpine,Q2,80.638,12.0,22.353,30.389,27.896,2.0,SOFT,True,282.0,302.0,282.0,316.0,34.7,47.2,18.0,1003.4,3.0,0.0,81.891,80.745,80.882,0,2,0
2022,6,FORMULA 1 PIRELLI GRAN PREMIO DE ESPAÑA 2022,TSU,AlphaTauri,Q2,80.639,13.0,22.262,30.393,27.984,2.0,SOFT,True,290.0,304.0,283.0,319.0,34.7,47.2,18.0,1003.4,3.0,0.0,81.814,81.285,81.449,0,2,0
2022,6,FORMULA 1 PIRELLI GRAN PREMIO DE ESPAÑA 2022,GAS,AlphaTauri,Q2,80.861,14.0,22.422,30.404,28.035,2.0,SOFT,True,287.0,304.0,283.0,320.0,34.7,47.2,18.0,1003.4,3.0,0.0,81.422,80.917,,0,2,0
2022,6,FORMULA 1 PIRELLI GRAN PREMIO DE ESPAÑA 2022,ZHO,Alfa Romeo,Q2,81.094,15.0,22.578,30.503,28.013,5.0,SOFT,False,286.0,302.0,282.0,317.0,34.7,47.2,18.0,1003.4,3.0,0.0,,81.866,81.201,0,2,0
2022,6,FORMULA 1 PIRELLI GRAN PREMIO DE ESPAÑA 2022,LEC,Ferrari,Q3,78.75,1.0,22.004,29.41,27.336,2.0,SOFT,True,285.0,306.0,282.0,316.0,34.7,47.2,18.0,1003.4,3.0,0.0,79.828,79.67,79.772,0,3,0
2022,6,FORMULA 1 PIRELLI GRAN PREMIO DE ESPAÑA 2022,VER,Red Bull Racing,Q3,79.073,2.0,21.978,29.684,27.411,2.0,SOFT,True,290.0,302.0,285.0,318.0,34.7,47.2,18.0,1003.4,3.0,0.0,80.164,80.006,79.844,0,3,0
2022,6,FORMULA 1 PIRELLI GRAN PREMIO DE ESPAÑA 2022,SAI,Ferrari,Q3,79.166,3.0,22.189,29.583,27.394,2.0,SOFT,True,284.0,307.0,284.0,316.0,34.7,47.2,18.0,1003.4,3.0,0.0,79.907,79.99,80.129,0,3,0
2022,6,FORMULA 1 PIRELLI GRAN PREMIO DE ESPAÑA 2022,RUS,Mercedes,Q3,79.393,4.0,21.936,29.735,27.722,2.0,SOFT,True,283.0,301.0,281.0,322.0,34.7,47.2,18.0,1003.4,3.0,0.0,80.59,79.787,79.92,0,3,0
2022,6,FORMULA 1 PIRELLI GRAN PREMIO DE ESPAÑA 2022,PER,Red Bull Racing,Q3,79.42,5.0,22.194,29.761,27.465,2.0,SOFT,True,289.0,306.0,285.0,320.0,34.7,47.2,18.0,1003.4,3.0,0.0,,80.632,80.26,0,3,0
2022,6,FORMULA 1 PIRELLI GRAN PREMIO DE ESPAÑA 2022,HAM,Mercedes,Q3,79.512,6.0,22.095,29.596,27.821,2.0,SOFT,True,287.0,306.0,280.0,318.0,34.7,47.2,18.0,1003.4,3.0,0.0,80.811,79.874,80.002,0,3,0
2022,6,FORMULA 1 PIRELLI GRAN PREMIO DE ESPAÑA 2022,BOT,Alfa Romeo,Q3,79.608,7.0,22.245,29.92,27.443,2.0,SOFT,True,285.0,304.0,284.0,318.0,34.7,47.2,18.0,1003.4,3.0,0.0,82.614,81.828,80.781,0,3,0
2022,6,FORMULA 1 PIRELLI GRAN PREMIO DE ESPAÑA 2022,MAG,Haas F1 Team,Q3,79.682,8.0,22.115,30.006,27.561,2.0,SOFT,True,288.0,300.0,278.0,322.0,34.7,47.2,18.0,1003.4,3.0,0.0,82.089,81.013,80.646,0,3,0
2022,6,FORMULA 1 PIRELLI GRAN PREMIO DE ESPAÑA 2022,RIC,McLaren,Q3,80.297,9.0,22.19,30.24,27.867,2.0,SOFT,True,281.0,303.0,276.0,316.0,34.7,47.2,18.0,1003.4,3.0,0.0,81.737,81.385,80.91,0,3,0
2022,6,FORMULA 1 PIRELLI GRAN PREMIO DE ESPAÑA 2022,MSC,Haas F1 Team,Q3,80.368,10.0,22.275,30.205,27.888,2.0,SOFT,True,286.0,306.0,286.0,321.0,34.7,47.2,18.0,1003.4,3.0,0.0,82.146,80.757,85.467,0,3,0
2022,7,FORMULA 1 GRAND PRIX DE MONACO 2022,LEC,Ferrari,Q1,72.569,1.0,19.174,34.06,19.335,6.0,SOFT,True,218.0,202.0,265.0,281.0,26.6,47.8,45.0,1003.5,0.8,0.0,74.531,72.656,72.517,0,1,0
2022,7,FORMULA 1 GRAND PRIX DE MONACO 2022,SAI,Ferrari,Q1,72.616,2.0,19.392,34.106,19.118,6.0,SOFT,True,217.0,204.0,270.0,282.0,26.6,47.8,45.0,1003.5,0.8,0.0,74.601,72.7,72.846,0,1,0
2022,7,FORMULA 1 GRAND PRIX DE MONACO 2022,RUS,Mercedes,Q1,72.787,6.0,19.321,34.159,19.307,3.0,SOFT,True,213.0,206.0,271.0,281.0,26.6,47.8,45.0,1003.5,0.8,0.0,75.211,73.406,73.476,0,1,0
2022,7,FORMULA 1 GRAND PRIX DE MONACO 2022,OCO,Alpine,Q1,72.848,10.0,19.37,34.193,19.285,2.0,SOFT,True,214.0,198.0,270.0,281.0,26.6,47.8,45.0,1003.5,0.8,0.0,76.315,75.216,74.26,0,1,0
2022,7,FORMULA 1 GRAND PRIX DE MONACO 2022,NOR,McLaren,Q1,72.927,5.0,19.542,34.275,19.11,2.0,SOFT,True,209.0,201.0,269.0,282.0,26.6,47.8,45.0,1003.5,0.8,0.0,75.056,73.294,73.226,0,1,0
2022,7,FORMULA 1 GRAND PRIX DE MONACO 2022,VER,Red Bull Racing,Q1,72.993,4.0,19.346,34.344,19.303,6.0,SOFT,True,213.0,199.0,268.0,281.0,26.6,47.8,45.0,1003.5,0.8,0.0,74.712,73.103,72.881,0,1,0
2022,7,FORMULA 1 GRAND PRIX DE MONACO 2022,PER,Red Bull Racing,Q1,73.004,3.0,19.28,34.519,19.205,8.0,SOFT,True,216.0,201.0,268.0,280.0,26.6,47.8,45.0,1003.5,0.8,0.0,74.57,73.035,72.476,0,1,0
2022,7,FORMULA 1 GRAND PRIX DE MONACO 2022,MAG,Haas F1 Team,Q1,73.069,13.0,19.506,34.316,19.247,3.0,SOFT,True,215.0,202.0,272.0,281.0,26.6,47.8,45.0,1003.5,0.8,0.0,75.806,74.239,73.436,0,1,0
2022,7,FORMULA 1 GRAND PRIX DE MONACO 2022,TSU,AlphaTauri,Q1,73.11,11.0,19.491,34.17,19.449,2.0,SOFT,True,215.0,198.0,270.0,283.0,26.6,47.8,45.0,1003.5,0.8,0.0,75.536,74.134,73.645,0,1,0
2022,7,FORMULA 1 GRAND PRIX DE MONACO 2022,VET,Aston Martin,Q1,73.313,9.0,19.537,34.331,19.445,6.0,SOFT,False,208.0,201.0,270.0,282.0,26.6,47.8,45.0,1003.5,0.8,0.0,75.387,74.059,73.838,0,1,0
2022,7,FORMULA 1 GRAND PRIX DE MONACO 2022,RIC,McLaren,Q1,73.338,14.0,19.446,34.675,19.217,2.0,SOFT,True,212.0,202.0,271.0,283.0,26.6,47.8,45.0,1003.5,0.8,0.0,75.157,104.698,74.104,0,1,0
2022,7,FORMULA 1 GRAND PRIX DE MONACO 2022,ALO,Alpine,Q1,73.394,7.0,19.563,34.527,19.304,5.0,SOFT,True,215.0,197.0,267.0,277.0,26.6,47.8,45.0,1003.5,0.8,0.0,75.749,73.912,73.585,0,1,0
2022,7,FORMULA 1 GRAND PRIX DE MONACO 2022,HAM,Mercedes,Q1,73.444,8.0,19.504,34.49,19.45,7.0,SOFT,True,216.0,200.0,269.0,280.0,26.6,47.8,45.0,1003.5,0.8,0.0,75.499,74.267,73.375,0,1,0
2022,7,FORMULA 1 GRAND PRIX DE MONACO 2022,MSC,Haas F1 Team,Q1,73.469,15.0,19.545,34.554,19.37,3.0,SOFT,True,217.0,199.0,271.0,282.0,26.6,47.8,45.0,1003.5,0.8,0.0,78.636,74.894,73.827,0,1,0
2022,7,FORMULA 1 GRAND PRIX DE MONACO 2022,BOT,Alfa Romeo,Q1,73.541,12.0,19.845,34.459,19.237,2.0,SOFT,True,219.0,198.0,269.0,278.0,26.6,47.8,45.0,1003.5,0.8,0.0,103.912,74.468,73.849,0,1,0
2022,7,FORMULA 1 GRAND PRIX DE MONACO 2022,ALB,Williams,Q1,73.611,16.0,19.518,34.728,19.365,2.0,SOFT,True,210.0,197.0,269.0,284.0,26.6,47.8,45.0,1003.5,0.8,0.0,76.11,74.486,73.882,0,1,0
2022,7,FORMULA 1 GRAND PRIX DE MONACO 2022,GAS,AlphaTauri,Q1,73.66,17.0,19.71,34.553,19.397,5.0,SOFT,True,216.0,198.0,269.0,283.0,26.6,47.8,45.0,1003.5,0.8,0.0,75.083,73.636,73.21,0,1,0
2022,7,FORMULA 1 GRAND PRIX DE MONACO 2022,STR,Aston Martin,Q1,73.678,18.0,19.612,34.571,19.495,2.0,SOFT,True,208.0,198.0,269.0,283.0,26.6,47.8,45.0,1003.5,0.8,0.0,75.539,74.623,74.639,0,1,0
2022,7,FORMULA 1 GRAND PRIX DE MONACO 2022,LAT,Williams,Q1,74.403,19.0,19.904,35.01,19.489,2.0,SOFT,True,209.0,196.0,271.0,285.0,26.6,47.8,45.0,1003.5,0.8,0.0,77.714,76.276,74.91,0,1,0
2022,7,FORMULA 1 GRAND PRIX DE MONACO 2022,ZHO,Alfa Romeo,Q1,75.606,20.0,20.382,35.354,19.87,4.0,SOFT,True,212.0,195.0,268.0,279.0,26.6,47.8,45.0,1003.5,0.8,0.0,76.417,74.525,74.861,0,1,0
2022,7,FORMULA 1 GRAND PRIX DE MONACO 2022,LEC,Ferrari,Q2,71.864,1.0,18.907,33.928,19.029,5.0,SOFT,True,221.0,204.0,268.0,283.0,26.6,47.8,45.0,1003.5,0.8,0.0,74.531,72.656,72.517,0,2,0
2022,7,FORMULA 1 GRAND PRIX DE MONACO 2022,PER,Red Bull Racing,Q2,71.954,3.0,18.967,34.045,18.942,3.0,SOFT,False,215.0,201.0,269.0,280.0,26.6,47.8,45.0,1003.5,0.8,0.0,74.57,73.035,72.476,0,2,0
2022,7,FORMULA 1 GRAND PRIX DE MONACO 2022,SAI,Ferrari,Q2,72.074,2.0,19.212,33.899,18.963,2.0,SOFT,True,210.0,205.0,270.0,281.0,26.6,47.8,45.0,1003.5,0.8,0.0,74.601,72.7,72.846,0,2,0
2022,7,FORMULA 1 GRAND PRIX DE MONACO 2022,VER,Red Bull Racing,Q2,72.117,4.0,19.099,33.995,19.023,2.0,SOFT,True,216.0,201.0,270.0,283.0,26.6,47.8,45.0,1003.5,0.8,0.0,74.712,73.103,72.881,0,2,0
2022,7,FORMULA 1 GRAND PRIX DE MONACO 2022,NOR,McLaren,Q2,72.266,5.0,19.188,34.131,18.947,2.0,SOFT,True,215.0,203.0,270.0,281.0,26.6,47.8,45.0,1003.5,0.8,0.0,75.056,73.294,73.226,0,2,0
2022,7,FORMULA 1 GRAND PRIX DE MONACO 2022,OCO,Alpine,Q2,72.528,10.0,19.294,34.084,19.15,2.0,SOFT,True,213.0,200.0,270.0,280.0,26.6,47.8,45.0,1003.5,0.8,0.0,76.315,75.216,74.26,0,2,0
2022,7,FORMULA 1 GRAND PRIX DE MONACO 2022,HAM,Mercedes,Q2,72.595,8.0,19.272,34.231,19.092,4.0,SOFT,True,217.0,202.0,271.0,281.0,26.6,47.8,45.0,1003.5,0.8,0.0,75.499,74.267,73.375,0,2,0
2022,7,FORMULA 1 GRAND PRIX DE MONACO 2022,VET,Aston Martin,Q2,72.613,9.0,19.337,34.096,19.18,3.0,SOFT,True,210.0,202.0,271.0,282.0,26.6,47.8,45.0,1003.5,0.8,0.0,75.387,74.059,73.838,0,2,0
2022,7,FORMULA 1 GRAND PRIX DE MONACO 2022,RUS,Mercedes,Q2,72.617,6.0,19.221,34.207,19.189,2.0,SOFT,True,214.0,207.0,270.0,280.0,26.6,47.8,45.0,1003.5,0.8,0.0,75.211,73.406,73.476,0,2,0
2022,7,FORMULA 1 GRAND PRIX DE MONACO 2022,ALO,Alpine,Q2,72.688,7.0,19.318,34.309,19.061,2.0,SOFT,True,215.0,199.0,268.0,276.0,26.6,47.8,45.0,1003.5,0.8,0.0,75.749,73.912,73.585,0,2,0
2022,7,FORMULA 1 GRAND PRIX DE MONACO 2022,TSU,AlphaTauri,Q2,72.797,11.0,19.342,34.213,19.242,2.0,SOFT,True,213.0,200.0,270.0,281.0,26.6,47.8,45.0,1003.5,0.8,0.0,75.536,74.134,73.645,0,2,0
2022,7,FORMULA 1 GRAND PRIX DE MONACO 2022,BOT,Alfa Romeo,Q2,72.909,12.0,19.31,34.445,19.154,2.0,SOFT,True,216.0,200.0,269.0,280.0,26.6,47.8,45.0,1003.5,0.8,0.0,103.912,74.468,73.849,0,2,0
2022,7,FORMULA 1 GRAND PRIX DE MONACO 2022,MAG,Haas F1 Team,Q2,72.921,13.0,19.406,34.037,19.478,3.0,SOFT,True,217.0,204.0,272.0,282.0,26.6,47.8,45.0,1003.5,0.8,0.0,75.806,74.239,73.436,0,2,0
2022,7,FORMULA 1 GRAND PRIX DE MONACO 2022,RIC,McLaren,Q2,72.964,14.0,19.447,34.357,19.16,4.0,SOFT,True,213.0,203.0,271.0,282.0,26.6,47.8,45.0,1003.5,0.8,0.0,75.157,104.698,74.104,0,2,0
2022,7,FORMULA 1 GRAND PRIX DE MONACO 2022,MSC,Haas F1 Team,Q2,73.081,15.0,19.297,34.393,19.391,3.0,SOFT,True,207.0,199.0,273.0,284.0,26.6,47.8,45.0,1003.5,0.8,0.0,78.636,74.894,73.827,0,2,0
2022,7,FORMULA 1 GRAND PRIX DE MONACO 2022,LEC,Ferrari,Q3,71.376,1.0,18.872,33.738,18.766,2.0,SOFT,True,220.0,205.0,268.0,279.0,26.6,47.8,45.0,1003.5,0.8,0.0,74.531,72.656,72.517,0,3,0
2022,7,FORMULA 1 GRAND PRIX DE MONACO 2022,SAI,Ferrari,Q3,71.601,2.0,18.964,33.738,18.899,2.0,SOFT,True,220.0,208.0,271.0,281.0,26.6,47.8,45.0,1003.5,0.8,0.0,74.601,72.7,72.846,0,3,0
2022,7,FORMULA 1 GRAND PRIX DE MONACO 2022,PER,Red Bull Racing,Q3,71.629,3.0,18.909,33.891,18.829,2.0,SOFT,True,218.0,203.0,272.0,282.0,26.6,47.8,45.0,1003.5,0.8,0.0,74.57,73.035,72.476,0,3,0
2022,7,FORMULA 1 GRAND PRIX DE MONACO 2022,VER,Red Bull Racing,Q3,71.666,4.0,18.987,33.827,18.852,2.0,SOFT,True,214.0,201.0,272.0,282.0,26.6,47.8,45.0,1003.5,0.8,0.0,74.712,73.103,72.881,0,3,0
2022,7,FORMULA 1 GRAND PRIX DE MONACO 2022,NOR,McLaren,Q3,71.849,5.0,19.126,33.77,18.953,2.0,SOFT,True,218.0,205.0,269.0,280.0,26.6,47.8,45.0,1003.5,0.8,0.0,75.056,73.294,73.226,0,3,0
2022,7,FORMULA 1 GRAND PRIX DE MONACO 2022,RUS,Mercedes,Q3,72.112,6.0,18.981,34.016,19.115,2.0,SOFT,True,218.0,207.0,269.0,277.0,26.6,47.8,45.0,1003.5,0.8,0.0,75.211,73.406,73.476,0,3,0
2022,7,FORMULA 1 GRAND PRIX DE MONACO 2022,ALO,Alpine,Q3,72.247,7.0,19.08,34.086,19.081,2.0,SOFT,True,216.0,202.0,268.0,277.0,26.6,47.8,45.0,1003.5,0.8,0.0,75.749,73.912,73.585,0,3,0
2022,7,FORMULA 1 GRAND PRIX DE MONACO 2022,HAM,Mercedes,Q3,72.56,8.0,19.142,34.23,19.188,7.0,SOFT,False,217.0,202.0,271.0,280.0,26.6,47.8,45.0,1003.5,0.8,0.0,75.499,74.267,73.375,0,3,0
2022,7,FORMULA 1 GRAND PRIX DE MONACO 2022,VET,Aston Martin,Q3,72.732,9.0,19.487,34.085,19.16,3.0,SOFT,True,214.0,199.0,271.0,282.0,26.6,47.8,45.0,1003.5,0.8,0.0,75.387,74.059,73.838,0,3,0
2022,7,FORMULA 1 GRAND PRIX DE MONACO 2022,OCO,Alpine,Q3,73.047,10.0,19.371,34.168,19.508,5.0,SOFT,False,214.0,197.0,268.0,279.0,26.6,47.8,45.0,1003.5,0.8,0.0,76.315,75.216,74.26,0,3,0
2022,8,FORMULA 1 AZERBAIJAN GRAND PRIX 2022,VER,Red Bull Racing,Q1,102.722,3.0,36.097,41.521,25.104,5.0,SOFT,False,225.0,231.0,336.0,315.0,24.9,34.6,69.0,1015.5,0.8,0.0,105.81,103.58,103.449,0,1,0
2022,8,FORMULA 1 AZERBAIJAN GRAND PRIX 2022,PER,Red Bull Racing,Q1,102.733,2.0,36.251,41.364,25.118,5.0,SOFT,True,224.0,231.0,337.0,316.0,24.9,34.6,69.0,1015.5,0.8,0.0,105.476,103.472,103.17,0,1,0
2022,8,FORMULA 1 AZERBAIJAN GRAND PRIX 2022,LEC,Ferrari,Q1,102.865,1.0,36.164,41.658,25.043,4.0,SOFT,True,231.0,229.0,337.0,319.0,24.9,34.6,69.0,1015.5,0.8,0.0,105.603,103.224,103.24,0,1,0
2022,8,FORMULA 1 AZERBAIJAN GRAND PRIX 2022,SAI,Ferrari,Q1,102.957,4.0,36.293,41.602,25.062,4.0,SOFT,True,230.0,229.0,335.0,317.0,24.9,34.6,69.0,1015.5,0.8,0.0,106.012,104.274,103.596,0,1,0
2022,8,FORMULA 1 AZERBAIJAN GRAND PRIX 2022,GAS,AlphaTauri,Q1,103.268,6.0,36.274,41.756,25.238,2.0,SOFT,True,225.0,237.0,336.0,313.0,24.9,34.6,69.0,1015.5,0.8,0.0,106.83,104.315,104.491,0,1,0
2022,8,FORMULA 1 AZERBAIJAN GRAND PRIX 2022,VET,Aston Martin,Q1,103.279,9.0,36.509,41.889,24.881,2.0,SOFT,True,208.0,230.0,342.0,323.0,24.9,34.6,69.0,1015.5,0.8,0.0,107.97,104.781,104.689,0,1,0
2022,8,FORMULA 1 AZERBAIJAN GRAND PRIX 2022,TSU,AlphaTauri,Q1,103.595,8.0,36.47,41.845,25.28,2.0,SOFT,True,213.0,228.0,337.0,314.0,24.9,34.6,69.0,1015.5,0.8,0.0,106.696,104.567,104.964,0,1,0
2022,8,FORMULA 1 AZERBAIJAN GRAND PRIX 2022,RUS,Mercedes,Q1,103.754,5.0,36.609,41.819,25.326,5.0,SOFT,False,209.0,236.0,331.0,309.0,24.9,34.6,69.0,1015.5,0.8,0.0,106.705,104.548,104.573,0,1,0
2022,8,FORMULA 1 AZERBAIJAN GRAND PRIX 2022,ZHO,Alfa Romeo,Q1,103.777,14.0,36.564,41.94,25.273,4.0,SOFT,True,229.0,233.0,335.0,314.0,24.9,34.6,69.0,1015.5,0.8,0.0,108.222,105.264,104.913,0,1,0
2022,8,FORMULA 1 AZERBAIJAN GRAND PRIX 2022,OCO,Alpine,Q1,103.903,13.0,36.675,42.25,24.978,4.0,SOFT,True,215.0,224.0,342.0,323.0,24.9,34.6,69.0,1015.5,0.8,0.0,106.917,104.609,104.685,0,1,0
2022,8,FORMULA 1 AZERBAIJAN GRAND PRIX 2022,HAM,Mercedes,Q1,103.939,7.0,36.69,41.599,25.65,5.0,SOFT,False,228.0,236.0,325.0,305.0,24.9,34.6,69.0,1015.5,0.8,0.0,106.667,104.874,104.845,0,1,0
2022,8,FORMULA 1 AZERBAIJAN GRAND PRIX 2022,ALO,Alpine,Q1,104.083,10.0,36.825,42.307,24.951,4.0,SOFT,True,211.0,220.0,344.0,322.0,24.9,34.6,69.0,1015.5,0.8,0.0,106.571,104.142,104.842,0,1,0
2022,8,FORMULA 1 AZERBAIJAN GRAND PRIX 2022,NOR,McLaren,Q1,104.237,11.0,36.749,42.008,25.48,4.0,SOFT,True,225.0,239.0,326.0,310.0,24.9,34.6,69.0,1015.5,0.8,0.0,107.691,104.771,104.418,0,1,0
2022,8,FORMULA 1 AZERBAIJAN GRAND PRIX 2022,RIC,McLaren,Q1,104.437,12.0,36.769,42.167,25.501,4.0,SOFT,True,220.0,229.0,328.0,310.0,24.9,34.6,69.0,1015.5,0.8,0.0,108.81,105.059,104.476,0,1,0
2022,8,FORMULA 1 AZERBAIJAN GRAND PRIX 2022,BOT,Alfa Romeo,Q1,104.478,15.0,36.843,42.457,25.178,3.0,SOFT,False,213.0,220.0,334.0,316.0,24.9,34.6,69.0,1015.5,0.8,0.0,108.078,105.115,105.574,0,1,0
2022,8,FORMULA 1 AZERBAIJAN GRAND PRIX 2022,MAG,Haas F1 Team,Q1,104.643,16.0,36.927,42.413,25.303,2.0,SOFT,True,219.0,205.0,338.0,317.0,24.9,34.6,69.0,1015.5,0.8,0.0,107.946,105.588,104.919,0,1,0
2022,8,FORMULA 1 AZERBAIJAN GRAND PRIX 2022,ALB,Williams,Q1,104.719,17.0,36.929,42.325,25.465,4.0,SOFT,True,210.0,237.0,336.0,318.0,24.9,34.6,69.0,1015.5,0.8,0.0,108.419,106.397,105.479,0,1,0
2022,8,FORMULA 1 AZERBAIJAN GRAND PRIX 2022,LAT,Williams,Q1,105.367,18.0,37.112,42.996,25.259,4.0,SOFT,True,201.0,217.0,337.0,320.0,24.9,34.6,69.0,1015.5,0.8,0.0,110.921,107.218,106.07,0,1,0
2022,8,FORMULA 1 AZERBAIJAN GRAND PRIX 2022,STR,Aston Martin,Q1,105.371,19.0,37.332,42.718,25.321,2.0,SOFT,True,216.0,227.0,332.0,316.0,24.9,34.6,69.0,1015.5,0.8,0.0,107.847,104.874,104.879,0,1,0
2022,8,FORMULA 1 AZERBAIJAN GRAND PRIX 2022,MSC,Haas F1 Team,Q1,105.775,20.0,37.205,43.183,25.387,2.0,SOFT,True,224.0,210.0,332.0,315.0,24.9,34.6,69.0,1015.5,0.8,0.0,118.332,106.425,105.532,0,1,0
2022,8,FORMULA 1 AZERBAIJAN GRAND PRIX 2022,PER,Red Bull Racing,Q2,101.955,2.0,35.937,41.032,24.986,5.0,SOFT,True,234.0,238.0,340.0,317.0,24.9,34.6,69.0,1015.5,0.8,0.0,105.476,103.472,103.17,0,2,0
2022,8,FORMULA 1 AZERBAIJAN GRAND PRIX 2022,LEC,Ferrari,Q2,102.046,1.0,35.799,41.232,25.015,5.0,SOFT,True,236.0,235.0,335.0,317.0,24.9,34.6,69.0,1015.5,0.8,0.0,105.603,103.224,103.24,0,2,0
2022,8,FORMULA 1 AZERBAIJAN GRAND PRIX 2022,SAI,Ferrari,Q2,102.088,4.0,35.88,41.182,25.026,2.0,SOFT,True,230.0,232.0,333.0,316.0,24.9,34.6,69.0,1015.5,0.8,0.0,106.012,104.274,103.596,0,2,0
2022,8,FORMULA 1 AZERBAIJAN GRAND PRIX 2022,VER,Red Bull Racing,Q2,102.227,3.0,36.071,41.125,25.031,2.0,SOFT,True,232.0,236.0,338.0,317.0,24.9,34.6,69.0,1015.5,0.8,0.0,105.81,103.58,103.449,0,2,0
2022,8,FORMULA 1 AZERBAIJAN GRAND PRIX 2022,GAS,AlphaTauri,Q2,103.129,6.0,36.236,41.517,25.376,3.0,SOFT,False,228.0,236.0,332.0,311.0,24.9,34.6,69.0,1015.5,0.8,0.0,106.83,104.315,104.491,0,2,0
2022,8,FORMULA 1 AZERBAIJAN GRAND PRIX 2022,HAM,Mercedes,Q2,103.182,7.0,36.332,41.491,25.359,3.0,SOFT,True,226.0,240.0,332.0,311.0,24.9,34.6,69.0,1015.5,0.8,0.0,106.667,104.874,104.845,0,2,0
2022,8,FORMULA 1 AZERBAIJAN GRAND PRIX 2022,VET,Aston Martin,Q2,103.268,9.0,36.43,41.679,25.159,5.0,SOFT,False,211.0,229.0,332.0,318.0,24.9,34.6,69.0,1015.5,0.8,0.0,107.97,104.781,104.689,0,2,0
2022,8,FORMULA 1 AZERBAIJAN GRAND PRIX 2022,RUS,Mercedes,Q2,103.281,5.0,36.419,41.585,25.277,6.0,SOFT,False,214.0,235.0,333.0,310.0,24.9,34.6,69.0,1015.5,0.8,0.0,106.705,104.548,104.573,0,2,0
2022,8,FORMULA 1 AZERBAIJAN GRAND PRIX 2022,ALO,Alpine,Q2,103.36,10.0,36.543,41.979,24.838,3.0,SOFT,False,208.0,224.0,342.0,323.0,24.9,34.6,69.0,1015.5,0.8,0.0,106.571,104.142,104.842,0,2,0
2022,8,FORMULA 1 AZERBAIJAN GRAND PRIX 2022,TSU,AlphaTauri,Q2,103.376,8.0,36.245,41.789,25.342,4.0,SOFT,False,216.0,236.0,336.0,314.0,24.9,34.6,69.0,1015.5,0.8,0.0,106.696,104.567,104.964,0,2,0
2022,8,FORMULA 1 AZERBAIJAN GRAND PRIX 2022,NOR,McLaren,Q2,103.398,11.0,36.236,41.485,25.677,2.0,SOFT,True,225.0,230.0,319.0,306.0,24.9,34.6,69.0,1015.5,0.8,0.0,107.691,104.771,104.418,0,2,0
2022,8,FORMULA 1 AZERBAIJAN GRAND PRIX 2022,RIC,McLaren,Q2,103.574,12.0,36.305,41.734,25.535,4.0,SOFT,True,221.0,230.0,323.0,309.0,24.9,34.6,69.0,1015.5,0.8,0.0,108.81,105.059,104.476,0,2,0
2022,8,FORMULA 1 AZERBAIJAN GRAND PRIX 2022,OCO,Alpine,Q2,103.585,13.0,36.517,42.068,25.0,4.0,SOFT,False,218.0,227.0,340.0,321.0,24.9,34.6,69.0,1015.5,0.8,0.0,106.917,104.609,104.685,0,2,0
2022,8,FORMULA 1 AZERBAIJAN GRAND PRIX 2022,ZHO,Alfa Romeo,Q2,103.79,14.0,36.48,41.949,25.361,2.0,SOFT,True,227.0,230.0,331.0,315.0,24.9,34.6,69.0,1015.5,0.8,0.0,108.222,105.264,104.913,0,2,0
2022,8,FORMULA 1 AZERBAIJAN GRAND PRIX 2022,BOT,Alfa Romeo,Q2,104.444,15.0,36.838,42.121,25.485,2.0,SOFT,True,225.0,223.0,322.0,311.0,24.9,34.6,69.0,1015.5,0.8,0.0,108.078,105.115,105.574,0,2,0
2022,8,FORMULA 1 AZERBAIJAN GRAND PRIX 2022,LEC,Ferrari,Q3,101.359,1.0,35.615,40.67,25.074,2.0,SOFT,True,236.0,245.0,332.0,315.0,24.9,34.6,69.0,1015.5,0.8,0.0,105.603,103.224,103.24,0,3,0
2022,8,FORMULA 1 AZERBAIJAN GRAND PRIX 2022,PER,Red Bull Racing,Q3,101.641,2.0,35.642,40.997,25.002,2.0,SOFT,True,237.0,239.0,336.0,315.0,24.9,34.6,69.0,1015.5,0.8,0.0,105.476,103.472,103.17,0,3,0
2022,8,FORMULA 1 AZERBAIJAN GRAND PRIX 2022,VER,Red Bull Racing,Q3,101.706,3.0,35.781,41.042,24.883,2.0,SOFT,True,224.0,235.0,342.0,320.0,24.9,34.6,69.0,1015.5,0.8,0.0,105.81,103.58,103.449,0,3,0
2022,8,FORMULA 1 AZERBAIJAN GRAND PRIX 2022,SAI,Ferrari,Q3,101.814,4.0,35.729,41.057,25.028,2.0,SOFT,True,226.0,236.0,330.0,314.0,24.9,34.6,69.0,1015.5,0.8,0.0,106.012,104.274,103.596,0,3,0
2022,8,FORMULA 1 AZERBAIJAN GRAND PRIX 2022,RUS,Mercedes,Q3,102.712,5.0,36.098,41.363,25.251,2.0,SOFT,True,213.0,238.0,332.0,309.0,24.9,34.6,69.0,1015.5,0.8,0.0,106.705,104.548,104.573,0,3,0
2022,8,FORMULA 1 AZERBAIJAN GRAND PRIX 2022,GAS,AlphaTauri,Q3,102.845,6.0,36.121,41.377,25.347,5.0,SOFT,False,231.0,232.0,332.0,310.0,24.9,34.6,69.0,1015.5,0.8,0.0,106.83,104.315,104.491,0,3,0
2022,8,FORMULA 1 AZERBAIJAN GRAND PRIX 2022,HAM,Mercedes,Q3,102.924,7.0,36.169,41.41,25.345,2.0,SOFT,True,221.0,232.0,330.0,309.0,24.9,34.6,69.0,1015.5,0.8,0.0,106.667,104.874,104.845,0,3,0
2022,8,FORMULA 1 AZERBAIJAN GRAND PRIX 2022,TSU,AlphaTauri,Q3,103.056,8.0,36.205,41.519,25.332,2.0,SOFT,True,222.0,237.0,333.0,312.0,24.9,34.6,69.0,1015.5,0.8,0.0,106.696,104.567,104.964,0,3,0
2022,8,FORMULA 1 AZERBAIJAN GRAND PRIX 2022,VET,Aston Martin,Q3,103.091,9.0,36.392,41.604,25.095,2.0,SOFT,True,214.0,221.0,329.0,318.0,24.9,34.6,69.0,1015.5,0.8,0.0,107.97,104.781,104.689,0,3,0
2022,8,FORMULA 1 AZERBAIJAN GRAND PRIX 2022,ALO,Alpine,Q3,103.173,10.0,36.435,41.836,24.902,2.0,SOFT,True,213.0,232.0,340.0,322.0,24.9,34.6,69.0,1015.5,0.8,0.0,106.571,104.142,104.842,0,3,0
2022,9,FORMULA 1 AWS GRAND PRIX DU CANADA 2022,VER,Red Bull Racing,Q1,92.219,1.0,26.937,29.604,35.678,14.0,WET,False,206.0,270.0,267.0,299.0,13.3,18.2,81.0,1007.0,1.7,1.0,75.158,74.127,94.616,0,1,1
2022,9,FORMULA 1 AWS GRAND PRIX DU CANADA 2022,ALO,Alpine,Q1,92.277,2.0,26.846,29.872,35.559,10.0,WET,True,209.0,268.0,268.0,295.0,13.3,18.2,81.0,1007.0,1.7,1.0,75.531,74.543,93.836,0,1,1
2022,9,FORMULA 1 AWS GRAND PRIX DU CANADA 2022,SAI,Ferrari,Q1,92.781,3.0,26.94,29.974,35.867,6.0,WET,True,206.0,266.0,261.0,296.0,13.3,18.2,81.0,1007.0,1.7,1.0,75.404,74.352,94.778,0,1,1
2022,9,FORMULA 1 AWS GRAND PRIX DU CANADA 2022,MAG,Haas F1 Team,Q1,92.957,5.0,27.269,29.785,35.903,11.0,WET,True,209.0,266.0,264.0,293.0,13.3,18.2,81.0,1007.0,1.7,1.0,77.555,75.499,95.643,0,1,1
2022,9,FORMULA 1 AWS GRAND PRIX DU CANADA 2022,LEC,Ferrari,Q1,93.008,15.0,26.783,30.379,35.846,9.0,WET,True,211.0,269.0,264.0,298.0,13.3,18.2,81.0,1007.0,1.7,1.0,75.666,74.208,138.129,0,1,1
2022,9,FORMULA 1 AWS GRAND PRIX DU CANADA 2022,OCO,Alpine,Q1,93.012,7.0,26.931,30.134,35.947,9.0,WET,True,213.0,268.0,268.0,296.0,13.3,18.2,81.0,1007.0,1.7,1.0,76.421,75.119,94.003,0,1,1
2022,9,FORMULA 1 AWS GRAND PRIX DU CANADA 2022,RUS,Mercedes,Q1,93.16,8.0,26.811,29.968,36.381,19.0,WET,False,210.0,265.0,265.0,292.0,13.3,18.2,81.0,1007.0,1.7,1.0,75.822,74.971,94.259,0,1,1
2022,9,FORMULA 1 AWS GRAND PRIX DU CANADA 2022,RIC,McLaren,Q1,93.636,9.0,27.328,30.111,36.197,10.0,WET,True,190.0,265.0,262.0,291.0,13.3,18.2,81.0,1007.0,1.7,1.0,76.083,75.033,94.11,0,1,1
2022,9,FORMULA 1 AWS GRAND PRIX DU CANADA 2022,BOT,Alfa Romeo,Q1,93.689,11.0,27.437,30.05,36.202,9.0,WET,True,207.0,267.0,267.0,295.0,13.3,18.2,81.0,1007.0,1.7,1.0,76.426,,95.016,0,1,1
2022,9,FORMULA 1 AWS GRAND PRIX DU CANADA 2022,ZHO,Alfa Romeo,Q1,93.692,10.0,27.034,29.825,36.833,10.0,WET,True,206.0,266.0,266.0,294.0,13.3,18.2,81.0,1007.0,1.7,1.0,77.152,75.526,95.213,0,1,1
2022,9,FORMULA 1 AWS GRAND PRIX DU CANADA 2022,MSC,Haas F1 Team,Q1,93.707,6.0,27.189,30.35,36.168,8.0,WET,True,204.0,263.0,265.0,293.0,13.3,18.2,81.0,1007.0,1.7,1.0,77.223,75.516,97.388,0,1,1
2022,9,FORMULA 1 AWS GRAND PRIX DU CANADA 2022,HAM,Mercedes,Q1,93.841,4.0,27.101,30.301,36.439,17.0,WET,False,199.0,269.0,270.0,300.0,13.3,18.2,81.0,1007.0,1.7,1.0,75.877,75.421,95.692,0,1,1
2022,9,FORMULA 1 AWS GRAND PRIX DU CANADA 2022,PER,Red Bull Racing,Q1,93.929,13.0,27.689,30.517,35.723,10.0,WET,True,213.0,264.0,267.0,299.0,13.3,18.2,81.0,1007.0,1.7,1.0,75.619,75.167,94.498,0,1,1
2022,9,FORMULA 1 AWS GRAND PRIX DU CANADA 2022,ALB,Williams,Q1,94.047,12.0,27.401,30.376,36.27,9.0,WET,True,199.0,269.0,270.0,300.0,13.3,18.2,81.0,1007.0,1.7,1.0,76.308,76.171,95.761,0,1,1
2022,9,FORMULA 1 AWS GRAND PRIX DU CANADA 2022,NOR,McLaren,Q1,94.066,14.0,27.64,30.186,36.24,9.0,WET,True,209.0,264.0,265.0,290.0,13.3,18.2,81.0,1007.0,1.7,1.0,76.211,74.987,94.248,0,1,1
2022,9,FORMULA 1 AWS GRAND PRIX DU CANADA 2022,GAS,AlphaTauri,Q1,94.492,16.0,27.408,30.742,36.342,3.0,WET,True,203.0,263.0,266.0,296.0,13.3,18.2,81.0,1007.0,1.7,1.0,76.165,74.879,93.889,0,1,1
2022,9,FORMULA 1 AWS GRAND PRIX DU CANADA 2022,VET,Aston Martin,Q1,94.512,17.0,27.469,30.436,36.607,4.0,WET,True,203.0,267.0,265.0,297.0,13.3,18.2,81.0,1007.0,1.7,1.0,76.041,74.442,93.891,0,1,1
2022,9,FORMULA 1 AWS GRAND PRIX DU CANADA 2022,STR,Aston Martin,Q1,95.532,18.0,27.833,30.977,36.722,3.0,WET,True,194.0,266.0,267.0,296.0,13.3,18.2,81.0,1007.0,1.7,1.0,75.877,75.396,95.531,0,1,1
2022,9,FORMULA 1 AWS GRAND PRIX DU CANADA 2022,LAT,Williams,Q1,95.66,19.0,28.092,31.003,36.565,10.0,WET,True,184.0,270.0,264.0,306.0,13.3,18.2,81.0,1007.0,1.7,1.0,77.241,76.509,98.394,0,1,1
2022,9,FORMULA 1 AWS GRAND PRIX DU CANADA 2022,TSU,AlphaTauri,Q1,96.575,20.0,28.055,31.422,37.098,3.0,WET,True,194.0,267.0,266.0,294.0,13.3,18.2,81.0,1007.0,1.7,1.0,76.322,75.567,96.261,0,1,1
2022,9,FORMULA 1 AWS GRAND PRIX DU CANADA 2022,VER,Red Bull Racing,Q2,83.746,1.0,24.157,26.844,32.745,9.0,WET,True,239.0,277.0,278.0,305.0,13.3,18.2,81.0,1007.0,1.7,1.0,75.158,74.127,94.616,0,2,1
2022,9,FORMULA 1 AWS GRAND PRIX DU CANADA 2022,ALO,Alpine,Q2,84.848,2.0,24.514,27.399,32.935,5.0,INTERMEDIATE,True,231.0,273.0,275.0,302.0,13.3,18.2,81.0,1007.0,1.7,1.0,75.531,74.543,93.836,0,2,1
2022,9,FORMULA 1 AWS GRAND PRIX DU CANADA 2022,RUS,Mercedes,Q2,84.95,8.0,24.302,27.154,33.494,6.0,INTERMEDIATE,True,238.0,270.0,272.0,296.0,13.3,18.2,81.0,1007.0,1.7,1.0,75.822,74.971,94.259,0,2,1
2022,9,FORMULA 1 AWS GRAND PRIX DU CANADA 2022,SAI,Ferrari,Q2,85.197,3.0,25.146,27.024,33.027,6.0,INTERMEDIATE,True,230.0,275.0,275.0,303.0,13.3,18.2,81.0,1007.0,1.7,1.0,75.404,74.352,94.778,0,2,1
2022,9,FORMULA 1 AWS GRAND PRIX DU CANADA 2022,HAM,Mercedes,Q2,85.543,4.0,24.589,27.612,33.342,6.0,INTERMEDIATE,True,228.0,276.0,275.0,306.0,13.3,18.2,81.0,1007.0,1.7,1.0,75.877,75.421,95.692,0,2,1
2022,9,FORMULA 1 AWS GRAND PRIX DU CANADA 2022,MSC,Haas F1 Team,Q2,85.684,6.0,24.761,27.616,33.307,6.0,INTERMEDIATE,True,230.0,272.0,267.0,292.0,13.3,18.2,81.0,1007.0,1.7,1.0,77.223,75.516,97.388,0,2,1
2022,9,FORMULA 1 AWS GRAND PRIX DU CANADA 2022,ZHO,Alfa Romeo,Q2,86.116,10.0,24.82,27.534,33.762,6.0,INTERMEDIATE,True,221.0,269.0,272.0,295.0,13.3,18.2,81.0,1007.0,1.7,1.0,77.152,75.526,95.213,0,2,1
2022,9,FORMULA 1 AWS GRAND PRIX DU CANADA 2022,OCO,Alpine,Q2,86.135,7.0,24.724,27.716,33.695,6.0,INTERMEDIATE,True,230.0,273.0,275.0,302.0,13.3,18.2,81.0,1007.0,1.7,1.0,76.421,75.119,94.003,0,2,1
2022,9,FORMULA 1 AWS GRAND PRIX DU CANADA 2022,MAG,Haas F1 Team,Q2,86.254,5.0,24.717,27.853,33.684,6.0,INTERMEDIATE,True,233.0,273.0,268.0,303.0,13.3,18.2,81.0,1007.0,1.7,1.0,77.555,75.499,95.643,0,2,1
2022,9,FORMULA 1 AWS GRAND PRIX DU CANADA 2022,RIC,McLaren,Q2,86.375,9.0,24.475,27.842,34.058,6.0,INTERMEDIATE,True,234.0,270.0,265.0,295.0,13.3,18.2,81.0,1007.0,1.7,1.0,76.083,75.033,94.11,0,2,1
2022,9,FORMULA 1 AWS GRAND PRIX DU CANADA 2022,BOT,Alfa Romeo,Q2,86.788,11.0,25.442,27.654,33.692,6.0,INTERMEDIATE,True,225.0,269.0,272.0,297.0,13.3,18.2,81.0,1007.0,1.7,1.0,76.426,,95.016,0,2,1
2022,9,FORMULA 1 AWS GRAND PRIX DU CANADA 2022,ALB,Williams,Q2,86.858,12.0,25.449,28.015,33.394,6.0,INTERMEDIATE,True,211.0,279.0,278.0,309.0,13.3,18.2,81.0,1007.0,1.7,1.0,76.308,76.171,95.761,0,2,1
2022,9,FORMULA 1 AWS GRAND PRIX DU CANADA 2022,PER,Red Bull Racing,Q2,93.127,13.0,27.049,29.57,36.508,2.0,INTERMEDIATE,True,214.0,270.0,266.0,302.0,13.3,18.2,81.0,1007.0,1.7,1.0,75.619,75.167,94.498,0,2,1
2022,9,FORMULA 1 AWS GRAND PRIX DU CANADA 2022,NOR,McLaren,Q2,101.141,14.0,30.559,35.086,35.496,1.0,INTERMEDIATE,True,192.0,260.0,269.0,295.0,13.3,18.2,81.0,1007.0,1.7,1.0,76.211,74.987,94.248,0,2,1
2022,9,FORMULA 1 AWS GRAND PRIX DU CANADA 2022,VER,Red Bull Racing,Q3,81.299,1.0,23.22,25.951,32.128,4.0,INTERMEDIATE,True,247.0,276.0,277.0,305.0,13.3,18.2,81.0,1007.0,1.7,1.0,75.158,74.127,94.616,0,3,1
2022,9,FORMULA 1 AWS GRAND PRIX DU CANADA 2022,ALO,Alpine,Q3,81.944,2.0,23.464,26.288,32.192,3.0,INTERMEDIATE,True,246.0,275.0,275.0,303.0,13.3,18.2,81.0,1007.0,1.7,1.0,75.531,74.543,93.836,0,3,1
2022,9,FORMULA 1 AWS GRAND PRIX DU CANADA 2022,SAI,Ferrari,Q3,82.096,3.0,23.149,26.092,32.855,4.0,INTERMEDIATE,True,251.0,276.0,272.0,302.0,13.3,18.2,81.0,1007.0,1.7,1.0,75.404,74.352,94.778,0,3,1
2022,9,FORMULA 1 AWS GRAND PRIX DU CANADA 2022,HAM,Mercedes,Q3,82.891,4.0,23.547,26.303,33.041,3.0,INTERMEDIATE,True,247.0,275.0,275.0,293.0,13.3,18.2,81.0,1007.0,1.7,1.0,75.877,75.421,95.692,0,3,1
2022,9,FORMULA 1 AWS GRAND PRIX DU CANADA 2022,MAG,Haas F1 Team,Q3,82.96,5.0,23.812,26.585,32.563,2.0,INTERMEDIATE,True,245.0,273.0,276.0,299.0,13.3,18.2,81.0,1007.0,1.7,1.0,77.555,75.499,95.643,0,3,1
2022,9,FORMULA 1 AWS GRAND PRIX DU CANADA 2022,MSC,Haas F1 Team,Q3,83.356,6.0,24.148,26.5,32.708,4.0,INTERMEDIATE,True,238.0,274.0,270.0,302.0,13.3,18.2,81.0,1007.0,1.7,1.0,77.223,75.516,97.388,0,3,1
2022,9,FORMULA 1 AWS GRAND PRIX DU CANADA 2022,OCO,Alpine,Q3,83.529,7.0,23.855,26.667,33.007,3.0,INTERMEDIATE,True,249.0,273.0,273.0,300.0,13.3,18.2,81.0,1007.0,1.7,1.0,76.421,75.119,94.003,0,3,1
2022,9,FORMULA 1 AWS GRAND PRIX DU CANADA 2022,RUS,Mercedes,Q3,83.557,8.0,23.985,26.718,32.854,3.0,INTERMEDIATE,True,240.0,268.0,272.0,297.0,13.3,18.2,81.0,1007.0,1.7,1.0,75.822,74.971,94.259,0,3,1
2022,9,FORMULA 1 AWS GRAND PRIX DU CANADA 2022,RIC,McLaren,Q3,83.749,9.0,23.609,26.834,33.306,2.0,INTERMEDIATE,True,242.0,271.0,268.0,295.0,13.3,18.2,81.0,1007.0,1.7,1.0,76.083,75.033,94.11,0,3,1
2022,9,FORMULA 1 AWS GRAND PRIX DU CANADA 2022,ZHO,Alfa Romeo,Q3,84.03,10.0,23.535,27.325,33.17,3.0,INTERMEDIATE,True,246.0,270.0,271.0,299.0,13.3,18.2,81.0,1007.0,1.7,1.0,77.152,75.526,95.213,0,3,1
2022,10,FORMULA 1 LENOVO BRITISH GRAND PRIX 2022,VER,Red Bull Racing,Q1,99.129,2.0,31.307,40.26,27.562,9.0,INTERMEDIATE,True,294.0,246.0,230.0,296.0,14.4,20.3,89.0,999.7,2.7,1.0,,89.149,87.901,0,1,1
2022,10,FORMULA 1 LENOVO BRITISH GRAND PRIX 2022,LEC,Ferrari,Q1,99.846,3.0,31.399,40.38,28.067,10.0,INTERMEDIATE,True,293.0,243.0,230.0,295.0,14.4,20.3,89.0,999.7,2.7,1.0,103.801,89.404,88.348,0,1,1
2022,10,FORMULA 1 LENOVO BRITISH GRAND PRIX 2022,RUS,Mercedes,Q1,100.028,8.0,31.365,40.655,28.008,10.0,INTERMEDIATE,True,294.0,243.0,229.0,294.0,14.4,20.3,89.0,999.7,2.7,1.0,,89.799,88.426,0,1,1
2022,10,FORMULA 1 LENOVO BRITISH GRAND PRIX 2022,SAI,Ferrari,Q1,100.19,1.0,31.472,40.544,28.174,10.0,INTERMEDIATE,True,295.0,244.0,232.0,297.0,14.4,20.3,89.0,999.7,2.7,1.0,102.967,88.942,88.689,0,1,1
2022,10,FORMULA 1 LENOVO BRITISH GRAND PRIX 2022,HAM,Mercedes,Q1,100.428,5.0,31.47,40.747,28.211,10.0,INTERMEDIATE,True,294.0,245.0,222.0,298.0,14.4,20.3,89.0,999.7,2.7,1.0,102.781,89.105,88.488,0,1,1
2022,10,FORMULA 1 LENOVO BRITISH GRAND PRIX 2022,PER,Red Bull Racing,Q1,100.521,4.0,32.117,40.548,27.856,9.0,INTERMEDIATE,True,294.0,241.0,229.0,297.0,14.4,20.3,89.0,999.7,2.7,1.0,,89.753,88.311,0,1,1
2022,10,FORMULA 1 LENOVO BRITISH GRAND PRIX 2022,ZHO,Alfa Romeo,Q1,100.791,9.0,32.167,40.837,27.787,10.0,INTERMEDIATE,True,293.0,244.0,235.0,293.0,14.4,20.3,89.0,999.7,2.7,1.0,106.171,90.271,89.752,0,1,1
2022,10,FORMULA 1 LENOVO BRITISH GRAND PRIX 2022,BOT,Alfa Romeo,Q1,101.396,12.0,31.667,41.471,28.258,10.0,INTERMEDIATE,True,294.0,243.0,230.0,294.0,14.4,20.3,89.0,999.7,2.7,1.0,102.249,90.0,89.185,0,1,1
2022,10,FORMULA 1 LENOVO BRITISH GRAND PRIX 2022,NOR,McLaren,Q1,101.515,6.0,31.806,41.189,28.52,8.0,INTERMEDIATE,True,290.0,231.0,225.0,290.0,14.4,20.3,89.0,999.7,2.7,1.0,104.337,89.118,89.102,0,1,1
2022,10,FORMULA 1 LENOVO BRITISH GRAND PRIX 2022,ALO,Alpine,Q1,101.598,7.0,31.736,41.284,28.578,7.0,INTERMEDIATE,True,286.0,242.0,225.0,293.0,14.4,20.3,89.0,999.7,2.7,1.0,,89.695,89.52,0,1,1
2022,10,FORMULA 1 LENOVO BRITISH GRAND PRIX 2022,GAS,AlphaTauri,Q1,101.68,11.0,31.892,41.283,28.505,9.0,INTERMEDIATE,True,288.0,239.0,224.0,290.0,14.4,20.3,89.0,999.7,2.7,1.0,,90.51,89.885,0,1,1
2022,10,FORMULA 1 LENOVO BRITISH GRAND PRIX 2022,OCO,Alpine,Q1,101.73,15.0,31.879,41.366,28.485,7.0,INTERMEDIATE,True,293.0,239.0,226.0,295.0,14.4,20.3,89.0,999.7,2.7,1.0,,90.238,89.552,0,1,1
2022,10,FORMULA 1 LENOVO BRITISH GRAND PRIX 2022,TSU,AlphaTauri,Q1,101.893,13.0,32.062,41.511,28.32,9.0,INTERMEDIATE,True,292.0,243.0,227.0,294.0,14.4,20.3,89.0,999.7,2.7,1.0,109.972,90.338,90.039,0,1,1
2022,10,FORMULA 1 LENOVO BRITISH GRAND PRIX 2022,RIC,McLaren,Q1,101.933,14.0,31.939,41.455,28.539,3.0,INTERMEDIATE,True,284.0,242.0,225.0,286.0,14.4,20.3,89.0,999.7,2.7,1.0,115.899,89.902,90.293,0,1,1
2022,10,FORMULA 1 LENOVO BRITISH GRAND PRIX 2022,LAT,Williams,Q1,101.998,10.0,32.157,41.413,28.428,3.0,INTERMEDIATE,True,294.0,242.0,223.0,296.0,14.4,20.3,89.0,999.7,2.7,1.0,,91.326,90.489,0,1,1
2022,10,FORMULA 1 LENOVO BRITISH GRAND PRIX 2022,ALB,Williams,Q1,102.078,16.0,32.277,41.487,28.314,4.0,INTERMEDIATE,True,296.0,244.0,227.0,298.0,14.4,20.3,89.0,999.7,2.7,1.0,,90.263,89.78,0,1,1
2022,10,FORMULA 1 LENOVO BRITISH GRAND PRIX 2022,MAG,Haas F1 Team,Q1,102.159,17.0,32.243,41.401,28.515,3.0,INTERMEDIATE,True,291.0,243.0,231.0,290.0,14.4,20.3,89.0,999.7,2.7,1.0,108.161,90.48,90.523,0,1,1
2022,10,FORMULA 1 LENOVO BRITISH GRAND PRIX 2022,VET,Aston Martin,Q1,102.666,18.0,32.02,41.838,28.808,6.0,INTERMEDIATE,True,291.0,241.0,227.0,294.0,14.4,20.3,89.0,999.7,2.7,1.0,116.216,90.057,89.593,0,1,1
2022,10,FORMULA 1 LENOVO BRITISH GRAND PRIX 2022,MSC,Haas F1 Team,Q1,102.708,19.0,32.201,41.857,28.65,3.0,INTERMEDIATE,True,290.0,240.0,226.0,289.0,14.4,20.3,89.0,999.7,2.7,1.0,103.895,90.609,89.51,0,1,1
2022,10,FORMULA 1 LENOVO BRITISH GRAND PRIX 2022,STR,Aston Martin,Q1,103.43,20.0,32.708,42.224,28.498,2.0,INTERMEDIATE,True,289.0,237.0,226.0,292.0,14.4,20.3,89.0,999.7,2.7,1.0,111.243,89.942,89.892,0,1,1
2022,10,FORMULA 1 LENOVO BRITISH GRAND PRIX 2022,VER,Red Bull Racing,Q2,100.655,2.0,31.547,40.882,28.226,3.0,INTERMEDIATE,True,295.0,242.0,226.0,295.0,14.4,20.3,89.0,999.7,2.7,1.0,,89.149,87.901,0,2,1
2022,10,FORMULA 1 LENOVO BRITISH GRAND PRIX 2022,HAM,Mercedes,Q2,101.062,5.0,31.869,40.952,28.241,3.0,INTERMEDIATE,True,288.0,242.0,218.0,291.0,14.4,20.3,89.0,999.7,2.7,1.0,102.781,89.105,88.488,0,2,1
2022,10,FORMULA 1 LENOVO BRITISH GRAND PRIX 2022,LEC,Ferrari,Q2,101.247,3.0,31.624,41.027,28.596,3.0,INTERMEDIATE,True,292.0,239.0,220.0,287.0,14.4,20.3,89.0,999.7,2.7,1.0,103.801,89.404,88.348,0,2,1
2022,10,FORMULA 1 LENOVO BRITISH GRAND PRIX 2022,SAI,Ferrari,Q2,101.602,1.0,31.869,41.084,28.649,4.0,INTERMEDIATE,True,293.0,233.0,226.0,291.0,14.4,20.3,89.0,999.7,2.7,1.0,102.967,88.942,88.689,0,2,1
2022,10,FORMULA 1 LENOVO BRITISH GRAND PRIX 2022,RUS,Mercedes,Q2,101.725,8.0,31.696,41.388,28.641,3.0,INTERMEDIATE,True,292.0,241.0,224.0,291.0,14.4,20.3,89.0,999.7,2.7,1.0,,89.799,88.426,0,2,1
2022,10,FORMULA 1 LENOVO BRITISH GRAND PRIX 2022,NOR,McLaren,Q2,101.821,6.0,31.913,41.402,28.506,3.0,INTERMEDIATE,True,290.0,240.0,222.0,291.0,14.4,20.3,89.0,999.7,2.7,1.0,104.337,89.118,89.102,0,2,1
2022,10,FORMULA 1 LENOVO BRITISH GRAND PRIX 2022,ALO,Alpine,Q2,102.209,7.0,32.1,41.42,28.689,4.0,INTERMEDIATE,True,293.0,238.0,220.0,293.0,14.4,20.3,89.0,999.7,2.7,1.0,,89.695,89.52,0,2,1
2022,10,FORMULA 1 LENOVO BRITISH GRAND PRIX 2022,PER,Red Bull Racing,Q2,102.513,4.0,32.624,41.467,28.422,2.0,INTERMEDIATE,True,294.0,241.0,221.0,298.0,14.4,20.3,89.0,999.7,2.7,1.0,,89.753,88.311,0,2,1
2022,10,FORMULA 1 LENOVO BRITISH GRAND PRIX 2022,ZHO,Alfa Romeo,Q2,102.64,9.0,32.449,42.001,28.19,3.0,INTERMEDIATE,True,290.0,238.0,230.0,285.0,14.4,20.3,89.0,999.7,2.7,1.0,106.171,90.271,89.752,0,2,1
2022,10,FORMULA 1 LENOVO BRITISH GRAND PRIX 2022,LAT,Williams,Q2,103.273,10.0,32.397,42.094,28.782,4.0,INTERMEDIATE,True,296.0,238.0,219.0,296.0,14.4,20.3,89.0,999.7,2.7,1.0,,91.326,90.489,0,2,1
2022,10,FORMULA 1 LENOVO BRITISH GRAND PRIX 2022,GAS,AlphaTauri,Q2,103.702,11.0,32.395,42.369,28.938,3.0,INTERMEDIATE,True,288.0,238.0,223.0,289.0,14.4,20.3,89.0,999.7,2.7,1.0,,90.51,89.885,0,2,1
2022,10,FORMULA 1 LENOVO BRITISH GRAND PRIX 2022,BOT,Alfa Romeo,Q2,104.232,12.0,32.505,42.688,29.039,3.0,INTERMEDIATE,True,293.0,235.0,220.0,293.0,14.4,20.3,89.0,999.7,2.7,1.0,102.249,90.0,89.185,0,2,1
2022,10,FORMULA 1 LENOVO BRITISH GRAND PRIX 2022,TSU,AlphaTauri,Q2,104.311,13.0,32.21,42.617,29.484,3.0,INTERMEDIATE,True,293.0,236.0,220.0,294.0,14.4,20.3,89.0,999.7,2.7,1.0,109.972,90.338,90.039,0,2,1
2022,10,FORMULA 1 LENOVO BRITISH GRAND PRIX 2022,RIC,McLaren,Q2,104.355,14.0,32.78,42.638,28.937,3.0,INTERMEDIATE,True,281.0,236.0,219.0,287.0,14.4,20.3,89.0,999.7,2.7,1.0,115.899,89.902,90.293,0,2,1
2022,10,FORMULA 1 LENOVO BRITISH GRAND PRIX 2022,OCO,Alpine,Q2,105.19,15.0,32.985,43.17,29.035,5.0,INTERMEDIATE,True,281.0,224.0,222.0,284.0,14.4,20.3,89.0,999.7,2.7,1.0,,90.238,89.552,0,2,1
2022,10,FORMULA 1 LENOVO BRITISH GRAND PRIX 2022,SAI,Ferrari,Q3,100.983,1.0,32.09,40.617,28.276,7.0,INTERMEDIATE,True,294.0,236.0,231.0,282.0,14.4,20.3,89.0,999.7,2.7,1.0,102.967,88.942,88.689,0,3,1
2022,10,FORMULA 1 LENOVO BRITISH GRAND PRIX 2022,VER,Red Bull Racing,Q3,101.055,2.0,31.748,40.979,28.328,6.0,INTERMEDIATE,True,294.0,234.0,223.0,294.0,14.4,20.3,89.0,999.7,2.7,1.0,,89.149,87.901,0,3,1
2022,10,FORMULA 1 LENOVO BRITISH GRAND PRIX 2022,LEC,Ferrari,Q3,101.298,3.0,32.088,40.712,28.498,6.0,INTERMEDIATE,True,289.0,236.0,222.0,289.0,14.4,20.3,89.0,999.7,2.7,1.0,103.801,89.404,88.348,0,3,1
2022,10,FORMULA 1 LENOVO BRITISH GRAND PRIX 2022,PER,Red Bull Racing,Q3,101.616,4.0,32.269,40.95,28.397,7.0,INTERMEDIATE,True,295.0,237.0,218.0,296.0,14.4,20.3,89.0,999.7,2.7,1.0,,89.753,88.311,0,3,1
2022,10,FORMULA 1 LENOVO BRITISH GRAND PRIX 2022,HAM,Mercedes,Q3,101.995,5.0,32.369,41.106,28.52,7.0,INTERMEDIATE,True,289.0,242.0,219.0,292.0,14.4,20.3,89.0,999.7,2.7,1.0,102.781,89.105,88.488,0,3,1
2022,10,FORMULA 1 LENOVO BRITISH GRAND PRIX 2022,NOR,McLaren,Q3,102.084,6.0,32.3,41.285,28.499,6.0,INTERMEDIATE,True,287.0,238.0,223.0,288.0,14.4,20.3,89.0,999.7,2.7,1.0,104.337,89.118,89.102,0,3,1
2022,10,FORMULA 1 LENOVO BRITISH GRAND PRIX 2022,ALO,Alpine,Q3,102.116,7.0,31.9,41.404,28.812,8.0,INTERMEDIATE,False,290.0,239.0,219.0,282.0,14.4,20.3,89.0,999.7,2.7,1.0,,89.695,89.52,0,3,1
2022,10,FORMULA 1 LENOVO BRITISH GRAND PRIX 2022,RUS,Mercedes,Q3,102.161,8.0,32.238,41.164,28.759,7.0,INTERMEDIATE,True,290.0,235.0,216.0,293.0,14.4,20.3,89.0,999.7,2.7,1.0,,89.799,88.426,0,3,1
2022,10,FORMULA 1 LENOVO BRITISH GRAND PRIX 2022,ZHO,Alfa Romeo,Q3,102.719,9.0,32.125,42.06,28.534,7.0,INTERMEDIATE,True,290.0,236.0,225.0,285.0,14.4,20.3,89.0,999.7,2.7,1.0,106.171,90.271,89.752,0,3,1
2022,10,FORMULA 1 LENOVO BRITISH GRAND PRIX 2022,LAT,Williams,Q3,112.556,10.0,34.752,44.642,33.162,4.0,INTERMEDIATE,True,291.0,212.0,,180.0,14.4,20.3,89.0,999.7,2.7,1.0,,91.326,90.489,0,3,1
2022,11,FORMULA 1 ROLEX GROSSER PREIS VON ÖSTERREICH 2022,LEC,Ferrari,Q1,65.419,2.0,16.698,29.069,19.652,2.0,SOFT,True,315.0,245.0,285.0,316.0,19.1,36.2,34.0,946.4,1.3,0.0,66.557,68.66,68.321,1,1,0
2022,11,FORMULA 1 ROLEX GROSSER PREIS VON ÖSTERREICH 2022,SAI,Ferrari,Q1,65.66,3.0,16.596,29.162,19.902,2.0,SOFT,True,317.0,245.0,281.0,317.0,19.1,36.2,34.0,946.4,1.3,0.0,67.039,68.61,68.409,1,1,0
2022,11,FORMULA 1 ROLEX GROSSER PREIS VON ÖSTERREICH 2022,VER,Red Bull Racing,Q1,65.852,1.0,16.543,29.356,19.953,5.0,SOFT,True,316.0,242.0,283.0,316.0,19.1,36.2,34.0,946.4,1.3,0.0,66.302,68.778,68.455,1,1,0
2022,11,FORMULA 1 ROLEX GROSSER PREIS VON ÖSTERREICH 2022,ALO,Alpine,Q1,66.016,8.0,16.704,29.243,20.069,2.0,SOFT,True,311.0,245.0,283.0,318.0,19.1,36.2,34.0,946.4,1.3,0.0,67.1,68.832,,1,1,0
2022,11,FORMULA 1 ROLEX GROSSER PREIS VON ÖSTERREICH 2022,HAM,Mercedes,Q1,66.079,9.0,16.633,29.436,20.01,4.0,SOFT,True,311.0,243.0,280.0,316.0,19.1,36.2,34.0,946.4,1.3,0.0,66.909,69.35,69.516,1,1,0
2022,11,FORMULA 1 ROLEX GROSSER PREIS VON ÖSTERREICH 2022,PER,Red Bull Racing,Q1,66.143,13.0,16.667,29.332,20.144,5.0,SOFT,True,314.0,243.0,282.0,318.0,19.1,36.2,34.0,946.4,1.3,0.0,66.839,69.179,69.085,1,1,0
2022,11,FORMULA 1 ROLEX GROSSER PREIS VON ÖSTERREICH 2022,RUS,Mercedes,Q1,66.235,4.0,16.718,29.521,19.996,4.0,SOFT,True,310.0,243.0,280.0,316.0,19.1,36.2,34.0,946.4,1.3,0.0,66.702,69.24,68.979,1,1,0
2022,11,FORMULA 1 ROLEX GROSSER PREIS VON ÖSTERREICH 2022,NOR,McLaren,Q1,66.33,15.0,16.768,29.38,20.182,2.0,SOFT,True,311.0,242.0,282.0,314.0,19.1,36.2,34.0,946.4,1.3,0.0,69.915,69.519,69.909,1,1,0
2022,11,FORMULA 1 ROLEX GROSSER PREIS VON ÖSTERREICH 2022,MAG,Haas F1 Team,Q1,66.366,6.0,16.862,29.303,20.201,2.0,SOFT,True,314.0,243.0,281.0,319.0,19.1,36.2,34.0,946.4,1.3,0.0,66.965,69.96,69.232,1,1,0
2022,11,FORMULA 1 ROLEX GROSSER PREIS VON ÖSTERREICH 2022,MSC,Haas F1 Team,Q1,66.405,7.0,16.677,29.444,20.284,5.0,SOFT,True,313.0,242.0,282.0,318.0,19.1,36.2,34.0,946.4,1.3,0.0,67.246,69.7,69.457,1,1,0
2022,11,FORMULA 1 ROLEX GROSSER PREIS VON ÖSTERREICH 2022,BOT,Alfa Romeo,Q1,66.442,12.0,16.879,29.482,20.081,2.0,SOFT,True,311.0,244.0,283.0,315.0,19.1,36.2,34.0,946.4,1.3,0.0,67.522,69.251,69.674,1,1,0
2022,11,FORMULA 1 ROLEX GROSSER PREIS VON ÖSTERREICH 2022,TSU,AlphaTauri,Q1,66.463,14.0,16.73,29.639,20.094,2.0,SOFT,True,311.0,241.0,283.0,315.0,19.1,36.2,34.0,946.4,1.3,0.0,67.296,70.005,70.267,1,1,0
2022,11,FORMULA 1 ROLEX GROSSER PREIS VON ÖSTERREICH 2022,OCO,Alpine,Q1,66.468,5.0,16.813,29.395,20.26,4.0,SOFT,True,308.0,244.0,282.0,313.0,19.1,36.2,34.0,946.4,1.3,0.0,67.462,68.848,69.384,1,1,0
2022,11,FORMULA 1 ROLEX GROSSER PREIS VON ÖSTERREICH 2022,ALB,Williams,Q1,66.511,11.0,16.775,29.449,20.287,2.0,SOFT,True,316.0,244.0,282.0,319.0,19.1,36.2,34.0,946.4,1.3,0.0,67.582,69.74,70.367,1,1,0
2022,11,FORMULA 1 ROLEX GROSSER PREIS VON ÖSTERREICH 2022,GAS,AlphaTauri,Q1,66.589,10.0,16.758,29.76,20.071,2.0,SOFT,True,314.0,238.0,283.0,317.0,19.1,36.2,34.0,946.4,1.3,0.0,67.592,69.579,70.409,1,1,0
2022,11,FORMULA 1 ROLEX GROSSER PREIS VON ÖSTERREICH 2022,RIC,McLaren,Q1,66.613,16.0,16.81,29.553,20.25,2.0,SOFT,True,310.0,245.0,283.0,317.0,19.1,36.2,34.0,946.4,1.3,0.0,67.743,69.852,69.996,1,1,0
2022,11,FORMULA 1 ROLEX GROSSER PREIS VON ÖSTERREICH 2022,VET,Aston Martin,Q1,66.652,20.0,16.938,29.523,20.191,5.0,SOFT,True,307.0,242.0,282.0,316.0,19.1,36.2,34.0,946.4,1.3,0.0,67.476,69.602,70.317,1,1,0
2022,11,FORMULA 1 ROLEX GROSSER PREIS VON ÖSTERREICH 2022,STR,Aston Martin,Q1,66.847,17.0,17.055,29.54,20.252,5.0,SOFT,True,306.0,242.0,279.0,315.0,19.1,36.2,34.0,946.4,1.3,0.0,67.431,69.525,70.295,1,1,0
2022,11,FORMULA 1 ROLEX GROSSER PREIS VON ÖSTERREICH 2022,ZHO,Alfa Romeo,Q1,66.901,18.0,16.916,29.631,20.354,2.0,SOFT,True,310.0,241.0,279.0,315.0,19.1,36.2,34.0,946.4,1.3,0.0,67.889,69.665,70.165,1,1,0
2022,11,FORMULA 1 ROLEX GROSSER PREIS VON ÖSTERREICH 2022,LAT,Williams,Q1,67.003,19.0,16.657,29.916,20.43,2.0,SOFT,True,315.0,237.0,283.0,319.0,19.1,36.2,34.0,946.4,1.3,0.0,68.149,70.261,70.284,1,1,0
2022,11,FORMULA 1 ROLEX GROSSER PREIS VON ÖSTERREICH 2022,LEC,Ferrari,Q2,65.287,2.0,16.611,28.991,19.685,2.0,SOFT,True,312.0,245.0,285.0,313.0,19.1,36.2,34.0,946.4,1.3,0.0,66.557,68.66,68.321,1,2,0
2022,11,FORMULA 1 ROLEX GROSSER PREIS VON ÖSTERREICH 2022,VER,Red Bull Racing,Q2,65.374,1.0,16.595,29.039,19.74,2.0,SOFT,True,316.0,243.0,283.0,316.0,19.1,36.2,34.0,946.4,1.3,0.0,66.302,68.778,68.455,1,2,0
2022,11,FORMULA 1 ROLEX GROSSER PREIS VON ÖSTERREICH 2022,HAM,Mercedes,Q2,65.475,9.0,16.502,29.213,19.76,4.0,SOFT,True,312.0,245.0,278.0,314.0,19.1,36.2,34.0,946.4,1.3,0.0,66.909,69.35,69.516,1,2,0
2022,11,FORMULA 1 ROLEX GROSSER PREIS VON ÖSTERREICH 2022,SAI,Ferrari,Q2,65.576,3.0,16.65,28.994,19.932,2.0,SOFT,True,311.0,248.0,280.0,313.0,19.1,36.2,34.0,946.4,1.3,0.0,67.039,68.61,68.409,1,2,0
2022,11,FORMULA 1 ROLEX GROSSER PREIS VON ÖSTERREICH 2022,RUS,Mercedes,Q2,65.697,4.0,16.57,29.442,19.685,3.0,SOFT,True,312.0,242.0,284.0,313.0,19.1,36.2,34.0,946.4,1.3,0.0,66.702,69.24,68.979,1,2,0
2022,11,FORMULA 1 ROLEX GROSSER PREIS VON ÖSTERREICH 2022,PER,Red Bull Racing,Q2,65.805,13.0,16.596,29.318,19.891,2.0,SOFT,True,318.0,239.0,283.0,318.0,19.1,36.2,34.0,946.4,1.3,0.0,66.839,69.179,69.085,1,2,0
2022,11,FORMULA 1 ROLEX GROSSER PREIS VON ÖSTERREICH 2022,MAG,Haas F1 Team,Q2,65.894,6.0,16.566,29.152,20.176,2.0,SOFT,True,316.0,245.0,279.0,315.0,19.1,36.2,34.0,946.4,1.3,0.0,66.965,69.96,69.232,1,2,0
2022,11,FORMULA 1 ROLEX GROSSER PREIS VON ÖSTERREICH 2022,OCO,Alpine,Q2,65.993,5.0,16.727,29.238,20.028,2.0,SOFT,True,308.0,246.0,281.0,310.0,19.1,36.2,34.0,946.4,1.3,0.0,67.462,68.848,69.384,1,2,0
2022,11,FORMULA 1 ROLEX GROSSER PREIS VON ÖSTERREICH 2022,ALO,Alpine,Q2,66.082,8.0,16.696,29.383,20.003,2.0,SOFT,True,310.0,247.0,280.0,313.0,19.1,36.2,34.0,946.4,1.3,0.0,67.1,68.832,,1,2,0
2022,11,FORMULA 1 ROLEX GROSSER PREIS VON ÖSTERREICH 2022,MSC,Haas F1 Team,Q2,66.151,7.0,16.747,29.295,20.109,2.0,SOFT,True,315.0,245.0,278.0,315.0,19.1,36.2,34.0,946.4,1.3,0.0,67.246,69.7,69.457,1,2,0
2022,11,FORMULA 1 ROLEX GROSSER PREIS VON ÖSTERREICH 2022,GAS,AlphaTauri,Q2,66.16,10.0,16.763,29.436,19.961,2.0,SOFT,True,314.0,244.0,280.0,314.0,19.1,36.2,34.0,946.4,1.3,0.0,67.592,69.579,70.409,1,2,0
2022,11,FORMULA 1 ROLEX GROSSER PREIS VON ÖSTERREICH 2022,ALB,Williams,Q2,66.23,11.0,16.669,29.384,20.177,2.0,SOFT,True,315.0,247.0,283.0,316.0,19.1,36.2,34.0,946.4,1.3,0.0,67.582,69.74,70.367,1,2,0
2022,11,FORMULA 1 ROLEX GROSSER PREIS VON ÖSTERREICH 2022,BOT,Alfa Romeo,Q2,66.319,12.0,16.882,29.379,20.058,2.0,SOFT,True,309.0,242.0,280.0,311.0,19.1,36.2,34.0,946.4,1.3,0.0,67.522,69.251,69.674,1,2,0
2022,11,FORMULA 1 ROLEX GROSSER PREIS VON ÖSTERREICH 2022,NOR,McLaren,Q2,66.625,15.0,16.798000000000002,29.594,20.233,2.0,SOFT,True,311.0,229.0,283.0,313.0,19.1,36.2,34.0,946.4,1.3,0.0,69.915,69.519,69.909,1,2,0
2022,11,FORMULA 1 ROLEX GROSSER PREIS VON ÖSTERREICH 2022,TSU,AlphaTauri,Q2,66.851,14.0,16.794,29.721,20.336,5.0,SOFT,False,309.0,243.0,279.0,312.0,19.1,36.2,34.0,946.4,1.3,0.0,67.296,70.005,70.267,1,2,0
2022,11,FORMULA 1 ROLEX GROSSER PREIS VON ÖSTERREICH 2022,VER,Red Bull Racing,Q3,64.984,1.0,16.478,28.959,19.547,2.0,SOFT,True,316.0,247.0,285.0,316.0,19.1,36.2,34.0,946.4,1.3,0.0,66.302,68.778,68.455,1,3,0
2022,11,FORMULA 1 ROLEX GROSSER PREIS VON ÖSTERREICH 2022,LEC,Ferrari,Q3,65.013,2.0,16.548000000000002,28.92,19.545,3.0,SOFT,False,313.0,249.0,283.0,315.0,19.1,36.2,34.0,946.4,1.3,0.0,66.557,68.66,68.321,1,3,0
2022,11,FORMULA 1 ROLEX GROSSER PREIS VON ÖSTERREICH 2022,SAI,Ferrari,Q3,65.066,3.0,16.519,28.891,19.656,3.0,SOFT,False,315.0,250.0,281.0,317.0,19.1,36.2,34.0,946.4,1.3,0.0,67.039,68.61,68.409,1,3,0
2022,11,FORMULA 1 ROLEX GROSSER PREIS VON ÖSTERREICH 2022,PER,Red Bull Racing,Q3,65.404,13.0,16.455,29.113,19.836,2.0,SOFT,True,318.0,249.0,282.0,320.0,19.1,36.2,34.0,946.4,1.3,0.0,66.839,69.179,69.085,1,3,0
2022,11,FORMULA 1 ROLEX GROSSER PREIS VON ÖSTERREICH 2022,RUS,Mercedes,Q3,65.431,4.0,16.55,29.199,19.682,4.0,SOFT,True,309.0,246.0,284.0,312.0,19.1,36.2,34.0,946.4,1.3,0.0,66.702,69.24,68.979,1,3,0
2022,11,FORMULA 1 ROLEX GROSSER PREIS VON ÖSTERREICH 2022,OCO,Alpine,Q3,65.726,5.0,16.664,29.188,19.874,3.0,SOFT,False,311.0,248.0,282.0,313.0,19.1,36.2,34.0,946.4,1.3,0.0,67.462,68.848,69.384,1,3,0
2022,11,FORMULA 1 ROLEX GROSSER PREIS VON ÖSTERREICH 2022,MAG,Haas F1 Team,Q3,65.879,6.0,16.737,29.133,20.009,3.0,SOFT,False,312.0,245.0,280.0,314.0,19.1,36.2,34.0,946.4,1.3,0.0,66.965,69.96,69.232,1,3,0
2022,11,FORMULA 1 ROLEX GROSSER PREIS VON ÖSTERREICH 2022,MSC,Haas F1 Team,Q3,66.011,7.0,16.686,29.091,20.234,3.0,SOFT,False,315.0,237.0,280.0,316.0,19.1,36.2,34.0,946.4,1.3,0.0,67.246,69.7,69.457,1,3,0
2022,11,FORMULA 1 ROLEX GROSSER PREIS VON ÖSTERREICH 2022,ALO,Alpine,Q3,66.103,8.0,16.783,29.261,20.059,2.0,SOFT,True,309.0,247.0,280.0,313.0,19.1,36.2,34.0,946.4,1.3,0.0,67.1,68.832,,1,3,0
2022,11,FORMULA 1 ROLEX GROSSER PREIS VON ÖSTERREICH 2022,HAM,Mercedes,Q3,73.151,9.0,16.528,32.654,23.969,2.0,SOFT,True,309.0,214.0,283.0,303.0,19.1,36.2,34.0,946.4,1.3,0.0,66.909,69.35,69.516,1,3,0
2022,12,FORMULA 1 LENOVO GRAND PRIX DE FRANCE 2022,LEC,Ferrari,Q1,91.727,1.0,22.971,28.083,40.673,2.0,SOFT,True,121.0,279.0,301.0,330.0,30.6,54.8,45.0,967.7,1.8,0.0,93.93,92.628,92.909,0,1,0
2022,12,FORMULA 1 LENOVO GRAND PRIX DE FRANCE 2022,VER,Red Bull Racing,Q1,91.891,2.0,22.984,28.008,40.899,2.0,SOFT,True,118.0,282.0,304.0,339.0,30.6,54.8,45.0,967.7,1.8,0.0,94.021,93.077,92.272,0,1,0
2022,12,FORMULA 1 LENOVO GRAND PRIX DE FRANCE 2022,SAI,Ferrari,Q1,92.297,9.0,23.074,28.27,40.953,2.0,SOFT,True,120.0,279.0,301.0,331.0,30.6,54.8,45.0,967.7,1.8,0.0,94.268,92.527,92.626,0,1,0
2022,12,FORMULA 1 LENOVO GRAND PRIX DE FRANCE 2022,PER,Red Bull Racing,Q1,92.354,3.0,23.278,28.043,41.033,2.0,SOFT,True,113.0,283.0,301.0,337.0,30.6,54.8,45.0,967.7,1.8,0.0,95.174,94.06,93.293,0,1,0
2022,12,FORMULA 1 LENOVO GRAND PRIX DE FRANCE 2022,NOR,McLaren,Q1,92.672,5.0,23.032,28.474,41.166,2.0,SOFT,True,118.0,277.0,297.0,330.0,30.6,54.8,45.0,967.7,1.8,0.0,95.232,93.607,93.669,0,1,0
2022,12,FORMULA 1 LENOVO GRAND PRIX DE FRANCE 2022,MAG,Haas F1 Team,Q1,92.756,10.0,23.126,28.387,41.243,2.0,SOFT,True,117.0,278.0,300.0,334.0,30.6,54.8,45.0,967.7,1.8,0.0,96.104,93.928,94.031,0,1,0
2022,12,FORMULA 1 LENOVO GRAND PRIX DE FRANCE 2022,ALO,Alpine,Q1,92.819,7.0,23.247,28.27,41.302,2.0,SOFT,True,119.0,277.0,302.0,331.0,30.6,54.8,45.0,967.7,1.8,0.0,95.875,94.259,93.505,0,1,0
2022,12,FORMULA 1 LENOVO GRAND PRIX DE FRANCE 2022,BOT,Alfa Romeo,Q1,93.034,13.0,23.434,28.317,41.283,2.0,SOFT,True,115.0,277.0,297.0,327.0,30.6,54.8,45.0,967.7,1.8,0.0,,94.264,93.872,0,1,0
2022,12,FORMULA 1 LENOVO GRAND PRIX DE FRANCE 2022,HAM,Mercedes,Q1,93.041,4.0,23.338,28.349,41.354,2.0,SOFT,True,120.0,279.0,302.0,329.0,30.6,54.8,45.0,967.7,1.8,0.0,,93.517,93.255,0,1,0
2022,12,FORMULA 1 LENOVO GRAND PRIX DE FRANCE 2022,RUS,Mercedes,Q1,93.109,6.0,23.403,28.394,41.312,2.0,SOFT,True,117.0,279.0,297.0,332.0,30.6,54.8,45.0,967.7,1.8,0.0,94.881,93.291,93.376,0,1,0
2022,12,FORMULA 1 LENOVO GRAND PRIX DE FRANCE 2022,MSC,Haas F1 Team,Q1,93.114,19.0,23.272,28.433,41.409,2.0,SOFT,True,121.0,278.0,300.0,334.0,30.6,54.8,45.0,967.7,1.8,0.0,96.022,95.195,94.222,0,1,0
2022,12,FORMULA 1 LENOVO GRAND PRIX DE FRANCE 2022,VET,Aston Martin,Q1,93.285,14.0,23.273,28.554,41.458,2.0,SOFT,True,113.0,278.0,295.0,329.0,30.6,54.8,45.0,967.7,1.8,0.0,95.851,94.42,94.536,0,1,0
2022,12,FORMULA 1 LENOVO GRAND PRIX DE FRANCE 2022,OCO,Alpine,Q1,93.346,12.0,23.673000000000002,28.347,41.326,2.0,SOFT,True,120.0,278.0,298.0,329.0,30.6,54.8,45.0,967.7,1.8,0.0,95.828,94.66,94.122,0,1,0
2022,12,FORMULA 1 LENOVO GRAND PRIX DE FRANCE 2022,TSU,AlphaTauri,Q1,93.394,8.0,23.615,28.486,41.293,4.0,SOFT,True,115.0,279.0,299.0,330.0,30.6,54.8,45.0,967.7,1.8,0.0,96.127,94.54,93.751,0,1,0
2022,12,FORMULA 1 LENOVO GRAND PRIX DE FRANCE 2022,RIC,McLaren,Q1,93.404,11.0,23.468,28.382,41.554,2.0,SOFT,True,117.0,277.0,297.0,330.0,30.6,54.8,45.0,967.7,1.8,0.0,95.66,93.984,93.788,0,1,0
2022,12,FORMULA 1 LENOVO GRAND PRIX DE FRANCE 2022,ALB,Williams,Q1,93.423,15.0,23.429,28.26,41.734,2.0,SOFT,True,119.0,279.0,299.0,332.0,30.6,54.8,45.0,967.7,1.8,0.0,95.414,94.653,93.558,0,1,0
2022,12,FORMULA 1 LENOVO GRAND PRIX DE FRANCE 2022,GAS,AlphaTauri,Q1,93.439,16.0,23.458,28.47,41.511,4.0,SOFT,True,113.0,278.0,299.0,329.0,30.6,54.8,45.0,967.7,1.8,0.0,94.979,93.906,93.869,0,1,0
2022,12,FORMULA 1 LENOVO GRAND PRIX DE FRANCE 2022,STR,Aston Martin,Q1,93.439,17.0,23.263,28.614,41.562,2.0,SOFT,True,114.0,278.0,294.0,329.0,30.6,54.8,45.0,967.7,1.8,0.0,95.81,94.595,94.177,0,1,0
2022,12,FORMULA 1 LENOVO GRAND PRIX DE FRANCE 2022,ZHO,Alfa Romeo,Q1,93.674,18.0,23.687,28.617,41.37,2.0,SOFT,True,117.0,276.0,294.0,326.0,30.6,54.8,45.0,967.7,1.8,0.0,95.676,94.654,93.911,0,1,0
2022,12,FORMULA 1 LENOVO GRAND PRIX DE FRANCE 2022,LAT,Williams,Q1,93.794,20.0,23.32,28.604,41.87,2.0,SOFT,True,120.0,279.0,301.0,333.0,30.6,54.8,45.0,967.7,1.8,0.0,97.043,95.412,93.841,0,1,0
2022,12,FORMULA 1 LENOVO GRAND PRIX DE FRANCE 2022,SAI,Ferrari,Q2,91.081,9.0,22.699,27.963,40.419,2.0,SOFT,True,120.0,278.0,301.0,330.0,30.6,54.8,45.0,967.7,1.8,0.0,94.268,92.527,92.626,0,2,0
2022,12,FORMULA 1 LENOVO GRAND PRIX DE FRANCE 2022,LEC,Ferrari,Q2,91.216,1.0,22.75,27.988,40.478,2.0,SOFT,True,122.0,281.0,298.0,333.0,30.6,54.8,45.0,967.7,1.8,0.0,93.93,92.628,92.909,0,2,0
2022,12,FORMULA 1 LENOVO GRAND PRIX DE FRANCE 2022,VER,Red Bull Racing,Q2,91.99,2.0,22.867,28.134,40.989,2.0,SOFT,True,118.0,283.0,304.0,339.0,30.6,54.8,45.0,967.7,1.8,0.0,94.021,93.077,92.272,0,2,0
2022,12,FORMULA 1 LENOVO GRAND PRIX DE FRANCE 2022,PER,Red Bull Racing,Q2,92.12,3.0,22.999,28.075,41.046,2.0,SOFT,True,115.0,283.0,302.0,339.0,30.6,54.8,45.0,967.7,1.8,0.0,95.174,94.06,93.293,0,2,0
2022,12,FORMULA 1 LENOVO GRAND PRIX DE FRANCE 2022,HAM,Mercedes,Q2,92.274,4.0,22.905,28.335,41.034,2.0,SOFT,True,120.0,280.0,297.0,328.0,30.6,54.8,45.0,967.7,1.8,0.0,,93.517,93.255,0,2,0
2022,12,FORMULA 1 LENOVO GRAND PRIX DE FRANCE 2022,ALO,Alpine,Q2,92.631,7.0,23.025,28.494,41.112,2.0,SOFT,True,119.0,278.0,299.0,331.0,30.6,54.8,45.0,967.7,1.8,0.0,95.875,94.259,93.505,0,2,0
2022,12,FORMULA 1 LENOVO GRAND PRIX DE FRANCE 2022,RUS,Mercedes,Q2,92.633,6.0,23.245,28.36,41.028,2.0,SOFT,True,113.0,281.0,298.0,331.0,30.6,54.8,45.0,967.7,1.8,0.0,94.881,93.291,93.376,0,2,0
2022,12,FORMULA 1 LENOVO GRAND PRIX DE FRANCE 2022,MAG,Haas F1 Team,Q2,92.649,10.0,23.105,28.432,41.112,2.0,SOFT,True,118.0,276.0,301.0,332.0,30.6,54.8,45.0,967.7,1.8,0.0,96.104,93.928,94.031,0,2,0
2022,12,FORMULA 1 LENOVO GRAND PRIX DE FRANCE 2022,NOR,McLaren,Q2,92.777,5.0,23.057,28.441,41.279,2.0,SOFT,True,113.0,280.0,295.0,330.0,30.6,54.8,45.0,967.7,1.8,0.0,95.232,93.607,93.669,0,2,0
2022,12,FORMULA 1 LENOVO GRAND PRIX DE FRANCE 2022,TSU,AlphaTauri,Q2,92.836,8.0,23.451,28.274,41.111,2.0,SOFT,True,118.0,280.0,299.0,332.0,30.6,54.8,45.0,967.7,1.8,0.0,96.127,94.54,93.751,0,2,0
2022,12,FORMULA 1 LENOVO GRAND PRIX DE FRANCE 2022,RIC,McLaren,Q2,92.922,11.0,23.191,28.507,41.224,2.0,SOFT,True,107.0,277.0,297.0,331.0,30.6,54.8,45.0,967.7,1.8,0.0,95.66,93.984,93.788,0,2,0
2022,12,FORMULA 1 LENOVO GRAND PRIX DE FRANCE 2022,OCO,Alpine,Q2,93.048,12.0,23.306,28.541,41.201,2.0,SOFT,True,115.0,278.0,299.0,329.0,30.6,54.8,45.0,967.7,1.8,0.0,95.828,94.66,94.122,0,2,0
2022,12,FORMULA 1 LENOVO GRAND PRIX DE FRANCE 2022,BOT,Alfa Romeo,Q2,93.052,13.0,23.417,28.46,41.175,2.0,SOFT,True,116.0,279.0,298.0,329.0,30.6,54.8,45.0,967.7,1.8,0.0,,94.264,93.872,0,2,0
2022,12,FORMULA 1 LENOVO GRAND PRIX DE FRANCE 2022,VET,Aston Martin,Q2,93.276,14.0,23.302,28.471,41.503,2.0,SOFT,True,113.0,280.0,295.0,329.0,30.6,54.8,45.0,967.7,1.8,0.0,95.851,94.42,94.536,0,2,0
2022,12,FORMULA 1 LENOVO GRAND PRIX DE FRANCE 2022,ALB,Williams,Q2,93.307,15.0,23.361,28.451,41.495,2.0,SOFT,True,117.0,279.0,298.0,333.0,30.6,54.8,45.0,967.7,1.8,0.0,95.414,94.653,93.558,0,2,0
2022,12,FORMULA 1 LENOVO GRAND PRIX DE FRANCE 2022,LEC,Ferrari,Q3,90.872,1.0,22.66,27.96,40.252,2.0,SOFT,True,119.0,280.0,299.0,330.0,30.6,54.8,45.0,967.7,1.8,0.0,93.93,92.628,92.909,0,3,0
2022,12,FORMULA 1 LENOVO GRAND PRIX DE FRANCE 2022,VER,Red Bull Racing,Q3,91.176,2.0,22.821,27.878,40.477,2.0,SOFT,True,123.0,283.0,303.0,338.0,30.6,54.8,45.0,967.7,1.8,0.0,94.021,93.077,92.272,0,3,0
2022,12,FORMULA 1 LENOVO GRAND PRIX DE FRANCE 2022,PER,Red Bull Racing,Q3,91.335,3.0,22.794,27.969,40.572,2.0,SOFT,True,113.0,283.0,302.0,337.0,30.6,54.8,45.0,967.7,1.8,0.0,95.174,94.06,93.293,0,3,0
2022,12,FORMULA 1 LENOVO GRAND PRIX DE FRANCE 2022,HAM,Mercedes,Q3,91.765,4.0,22.686,28.224,40.855,2.0,SOFT,True,123.0,278.0,297.0,328.0,30.6,54.8,45.0,967.7,1.8,0.0,,93.517,93.255,0,3,0
2022,12,FORMULA 1 LENOVO GRAND PRIX DE FRANCE 2022,NOR,McLaren,Q3,92.032,5.0,22.994,28.272,40.766,2.0,SOFT,True,119.0,277.0,296.0,328.0,30.6,54.8,45.0,967.7,1.8,0.0,95.232,93.607,93.669,0,3,0
2022,12,FORMULA 1 LENOVO GRAND PRIX DE FRANCE 2022,RUS,Mercedes,Q3,92.131,6.0,22.926,28.224,40.981,2.0,SOFT,True,120.0,279.0,298.0,330.0,30.6,54.8,45.0,967.7,1.8,0.0,94.881,93.291,93.376,0,3,0
2022,12,FORMULA 1 LENOVO GRAND PRIX DE FRANCE 2022,ALO,Alpine,Q3,92.552,7.0,23.157,28.41,40.985,2.0,SOFT,True,118.0,278.0,299.0,330.0,30.6,54.8,45.0,967.7,1.8,0.0,95.875,94.259,93.505,0,3,0
2022,12,FORMULA 1 LENOVO GRAND PRIX DE FRANCE 2022,TSU,AlphaTauri,Q3,92.78,8.0,23.336,28.354,41.09,2.0,SOFT,True,119.0,279.0,299.0,331.0,30.6,54.8,45.0,967.7,1.8,0.0,96.127,94.54,93.751,0,3,0
2022,13,FORMULA 1 ARAMCO MAGYAR NAGYDÍJ 2022,HAM,Mercedes,Q1,78.374,7.0,28.271,28.052,22.051,2.0,SOFT,True,280.0,249.0,256.0,301.0,22.2,30.3,70.0,984.4,3.0,0.0,79.71,79.547,104.832,0,1,0
2022,13,FORMULA 1 ARAMCO MAGYAR NAGYDÍJ 2022,RUS,Mercedes,Q1,78.407,1.0,28.4,27.936,22.071,2.0,SOFT,True,279.0,250.0,258.0,301.0,22.2,30.3,70.0,984.4,3.0,0.0,79.606,79.355,103.434,0,1,0
2022,13,FORMULA 1 ARAMCO MAGYAR NAGYDÍJ 2022,SAI,Ferrari,Q1,78.434,2.0,28.43,27.838,22.166,7.0,SOFT,False,278.0,253.0,256.0,298.0,22.2,30.3,70.0,984.4,3.0,0.0,78.75,78.676,103.589,0,1,0
2022,13,FORMULA 1 ARAMCO MAGYAR NAGYDÍJ 2022,VER,Red Bull Racing,Q1,78.509,10.0,28.485,27.983,22.041,6.0,SOFT,True,279.0,251.0,255.0,300.0,22.2,30.3,70.0,984.4,3.0,0.0,78.88,78.728,103.205,0,1,0
2022,13,FORMULA 1 ARAMCO MAGYAR NAGYDÍJ 2022,NOR,McLaren,Q1,78.653,4.0,28.585,27.971,22.097,2.0,SOFT,True,277.0,246.0,255.0,303.0,22.2,30.3,70.0,984.4,3.0,0.0,79.299,78.662,103.743,0,1,0
2022,13,FORMULA 1 ARAMCO MAGYAR NAGYDÍJ 2022,ALO,Alpine,Q1,78.716,6.0,28.666,27.849,22.201,2.0,SOFT,True,280.0,250.0,255.0,300.0,22.2,30.3,70.0,984.4,3.0,0.0,80.377,79.049,103.57,0,1,0
2022,13,FORMULA 1 ARAMCO MAGYAR NAGYDÍJ 2022,RIC,McLaren,Q1,78.775,9.0,28.29,28.125,22.36,2.0,SOFT,True,281.0,246.0,257.0,303.0,22.2,30.3,70.0,984.4,3.0,0.0,79.841,78.872,105.624,0,1,0
2022,13,FORMULA 1 ARAMCO MAGYAR NAGYDÍJ 2022,LEC,Ferrari,Q1,78.806,3.0,28.56,28.075,22.171,4.0,SOFT,True,279.0,249.0,255.0,300.0,22.2,30.3,70.0,984.4,3.0,0.0,79.039,78.445,102.141,0,1,0
2022,13,FORMULA 1 ARAMCO MAGYAR NAGYDÍJ 2022,OCO,Alpine,Q1,78.866,5.0,28.518,28.131,22.217,2.0,SOFT,True,279.0,250.0,257.0,300.0,22.2,30.3,70.0,984.4,3.0,0.0,80.348,79.614,105.57,0,1,0
2022,13,FORMULA 1 ARAMCO MAGYAR NAGYDÍJ 2022,BOT,Alfa Romeo,Q1,78.935,8.0,28.4,28.306,22.229,2.0,SOFT,True,277.0,247.0,257.0,299.0,22.2,30.3,70.0,984.4,3.0,0.0,,79.411,105.93,0,1,0
2022,13,FORMULA 1 ARAMCO MAGYAR NAGYDÍJ 2022,ZHO,Alfa Romeo,Q1,78.973,12.0,28.574,28.123,22.276,2.0,SOFT,True,275.0,247.0,254.0,296.0,22.2,30.3,70.0,984.4,3.0,0.0,80.81,79.605,105.691,0,1,0
2022,13,FORMULA 1 ARAMCO MAGYAR NAGYDÍJ 2022,MAG,Haas F1 Team,Q1,78.993,13.0,28.448,28.194,22.351,4.0,SOFT,True,279.0,248.0,257.0,302.0,22.2,30.3,70.0,984.4,3.0,0.0,80.921,79.818,104.655,0,1,0
2022,13,FORMULA 1 ARAMCO MAGYAR NAGYDÍJ 2022,GAS,AlphaTauri,Q1,79.116,19.0,28.592,28.17,22.354,2.0,SOFT,True,279.0,245.0,255.0,300.0,22.2,30.3,70.0,984.4,3.0,0.0,80.456,79.73,106.091,0,1,0
2022,13,FORMULA 1 ARAMCO MAGYAR NAGYDÍJ 2022,PER,Red Bull Racing,Q1,79.118,11.0,28.597,28.147,22.374,4.0,SOFT,True,281.0,247.0,255.0,304.0,22.2,30.3,70.0,984.4,3.0,0.0,79.622,79.397,108.24,0,1,0
2022,13,FORMULA 1 ARAMCO MAGYAR NAGYDÍJ 2022,MSC,Haas F1 Team,Q1,79.164,15.0,28.59,28.379,22.195,2.0,SOFT,True,278.0,244.0,255.0,301.0,22.2,30.3,70.0,984.4,3.0,0.0,81.027,79.985,105.156,0,1,0
2022,13,FORMULA 1 ARAMCO MAGYAR NAGYDÍJ 2022,STR,Aston Martin,Q1,79.205,14.0,28.493,28.237,22.475,5.0,SOFT,True,279.0,248.0,254.0,300.0,22.2,30.3,70.0,984.4,3.0,0.0,80.414,79.702,105.638,0,1,0
2022,13,FORMULA 1 ARAMCO MAGYAR NAGYDÍJ 2022,TSU,AlphaTauri,Q1,79.24,16.0,28.731,28.215,22.294,2.0,SOFT,True,280.0,249.0,256.0,301.0,22.2,30.3,70.0,984.4,3.0,0.0,80.695,80.521,105.85,0,1,0
2022,13,FORMULA 1 ARAMCO MAGYAR NAGYDÍJ 2022,ALB,Williams,Q1,79.256,17.0,28.29,28.442,22.524,4.0,SOFT,True,283.0,249.0,258.0,310.0,22.2,30.3,70.0,984.4,3.0,0.0,80.834,80.615,102.381,0,1,0
2022,13,FORMULA 1 ARAMCO MAGYAR NAGYDÍJ 2022,VET,Aston Martin,Q1,79.273,18.0,28.498,28.376,22.399,2.0,SOFT,True,281.0,247.0,253.0,299.0,22.2,30.3,70.0,984.4,3.0,0.0,80.383,79.253,104.178,0,1,0
2022,13,FORMULA 1 ARAMCO MAGYAR NAGYDÍJ 2022,LAT,Williams,Q1,79.57,20.0,28.54,28.585,22.445,2.0,SOFT,True,283.0,246.0,256.0,304.0,22.2,30.3,70.0,984.4,3.0,0.0,81.413,80.488,101.48,0,1,0
2022,13,FORMULA 1 ARAMCO MAGYAR NAGYDÍJ 2022,VER,Red Bull Racing,Q2,77.703,10.0,28.265,27.626,21.812,2.0,SOFT,True,279.0,252.0,255.0,300.0,22.2,30.3,70.0,984.4,3.0,0.0,78.88,78.728,103.205,0,2,0
2022,13,FORMULA 1 ARAMCO MAGYAR NAGYDÍJ 2022,LEC,Ferrari,Q2,77.768,3.0,28.343,27.67,21.755,2.0,SOFT,True,280.0,250.0,255.0,296.0,22.2,30.3,70.0,984.4,3.0,0.0,79.039,78.445,102.141,0,2,0
2022,13,FORMULA 1 ARAMCO MAGYAR NAGYDÍJ 2022,ALO,Alpine,Q2,77.904,6.0,28.353,27.603,21.948,2.0,SOFT,True,279.0,250.0,255.0,298.0,22.2,30.3,70.0,984.4,3.0,0.0,80.377,79.049,103.57,0,2,0
2022,13,FORMULA 1 ARAMCO MAGYAR NAGYDÍJ 2022,SAI,Ferrari,Q2,77.946,2.0,28.45,27.721,21.775,2.0,SOFT,True,280.0,251.0,255.0,296.0,22.2,30.3,70.0,984.4,3.0,0.0,78.75,78.676,103.589,0,2,0
2022,13,FORMULA 1 ARAMCO MAGYAR NAGYDÍJ 2022,HAM,Mercedes,Q2,78.035,7.0,28.334,27.822,21.879,2.0,SOFT,True,279.0,250.0,255.0,299.0,22.2,30.3,70.0,984.4,3.0,0.0,79.71,79.547,104.832,0,2,0
2022,13,FORMULA 1 ARAMCO MAGYAR NAGYDÍJ 2022,NOR,McLaren,Q2,78.121,4.0,28.423,27.842,21.856,2.0,SOFT,True,277.0,247.0,255.0,300.0,22.2,30.3,70.0,984.4,3.0,0.0,79.299,78.662,103.743,0,2,0
2022,13,FORMULA 1 ARAMCO MAGYAR NAGYDÍJ 2022,RUS,Mercedes,Q2,78.154,1.0,28.37,27.849,21.935,2.0,SOFT,True,278.0,248.0,257.0,299.0,22.2,30.3,70.0,984.4,3.0,0.0,79.606,79.355,103.434,0,2,0
2022,13,FORMULA 1 ARAMCO MAGYAR NAGYDÍJ 2022,RIC,McLaren,Q2,78.198,9.0,28.356,27.838,22.004,2.0,SOFT,True,280.0,248.0,254.0,298.0,22.2,30.3,70.0,984.4,3.0,0.0,79.841,78.872,105.624,0,2,0
2022,13,FORMULA 1 ARAMCO MAGYAR NAGYDÍJ 2022,OCO,Alpine,Q2,78.216,5.0,28.458,27.837,21.921,2.0,SOFT,True,279.0,252.0,255.0,297.0,22.2,30.3,70.0,984.4,3.0,0.0,80.348,79.614,105.57,0,2,0
2022,13,FORMULA 1 ARAMCO MAGYAR NAGYDÍJ 2022,BOT,Alfa Romeo,Q2,78.445,8.0,28.518,27.927,22.0,2.0,SOFT,True,276.0,248.0,254.0,296.0,22.2,30.3,70.0,984.4,3.0,0.0,,79.411,105.93,0,2,0
2022,13,FORMULA 1 ARAMCO MAGYAR NAGYDÍJ 2022,PER,Red Bull Racing,Q2,78.516,11.0,28.385,28.061,22.07,2.0,SOFT,True,280.0,248.0,255.0,298.0,22.2,30.3,70.0,984.4,3.0,0.0,79.622,79.397,108.24,0,2,0
2022,13,FORMULA 1 ARAMCO MAGYAR NAGYDÍJ 2022,ZHO,Alfa Romeo,Q2,78.573,12.0,28.695,27.796,22.082,2.0,SOFT,True,276.0,249.0,251.0,297.0,22.2,30.3,70.0,984.4,3.0,0.0,80.81,79.605,105.691,0,2,0
2022,13,FORMULA 1 ARAMCO MAGYAR NAGYDÍJ 2022,MAG,Haas F1 Team,Q2,78.825,13.0,28.423,28.341,22.061,2.0,SOFT,True,279.0,246.0,256.0,300.0,22.2,30.3,70.0,984.4,3.0,0.0,80.921,79.818,104.655,0,2,0
2022,13,FORMULA 1 ARAMCO MAGYAR NAGYDÍJ 2022,STR,Aston Martin,Q2,79.137,14.0,28.529,28.363,22.245,2.0,SOFT,True,278.0,245.0,254.0,299.0,22.2,30.3,70.0,984.4,3.0,0.0,80.414,79.702,105.638,0,2,0
2022,13,FORMULA 1 ARAMCO MAGYAR NAGYDÍJ 2022,MSC,Haas F1 Team,Q2,79.202,15.0,28.726,28.398,22.078,4.0,SOFT,True,278.0,243.0,254.0,300.0,22.2,30.3,70.0,984.4,3.0,0.0,81.027,79.985,105.156,0,2,0
2022,13,FORMULA 1 ARAMCO MAGYAR NAGYDÍJ 2022,RUS,Mercedes,Q3,77.377,1.0,28.038,27.428,21.911,2.0,SOFT,True,278.0,253.0,256.0,301.0,22.2,30.3,70.0,984.4,3.0,0.0,79.606,79.355,103.434,0,3,0
2022,13,FORMULA 1 ARAMCO MAGYAR NAGYDÍJ 2022,SAI,Ferrari,Q3,77.421,2.0,28.012,27.592,21.817,2.0,SOFT,True,280.0,252.0,256.0,299.0,22.2,30.3,70.0,984.4,3.0,0.0,78.75,78.676,103.589,0,3,0
2022,13,FORMULA 1 ARAMCO MAGYAR NAGYDÍJ 2022,LEC,Ferrari,Q3,77.567,3.0,28.191,27.553,21.823,2.0,SOFT,True,282.0,249.0,256.0,300.0,22.2,30.3,70.0,984.4,3.0,0.0,79.039,78.445,102.141,0,3,0
2022,13,FORMULA 1 ARAMCO MAGYAR NAGYDÍJ 2022,NOR,McLaren,Q3,77.769,4.0,28.219,27.637,21.913,2.0,SOFT,True,277.0,249.0,255.0,299.0,22.2,30.3,70.0,984.4,3.0,0.0,79.299,78.662,103.743,0,3,0
2022,13,FORMULA 1 ARAMCO MAGYAR NAGYDÍJ 2022,OCO,Alpine,Q3,78.018,5.0,28.339,27.792,21.887,2.0,SOFT,True,278.0,255.0,255.0,296.0,22.2,30.3,70.0,984.4,3.0,0.0,80.348,79.614,105.57,0,3,0
2022,13,FORMULA 1 ARAMCO MAGYAR NAGYDÍJ 2022,ALO,Alpine,Q3,78.078,6.0,28.365,27.754,21.959,2.0,SOFT,True,279.0,251.0,253.0,298.0,22.2,30.3,70.0,984.4,3.0,0.0,80.377,79.049,103.57,0,3,0
2022,13,FORMULA 1 ARAMCO MAGYAR NAGYDÍJ 2022,HAM,Mercedes,Q3,78.142,7.0,28.278,27.776,22.088,5.0,SOFT,False,278.0,249.0,256.0,301.0,22.2,30.3,70.0,984.4,3.0,0.0,79.71,79.547,104.832,0,3,0
2022,13,FORMULA 1 ARAMCO MAGYAR NAGYDÍJ 2022,BOT,Alfa Romeo,Q3,78.157,8.0,28.359,27.812,21.986,2.0,SOFT,True,277.0,249.0,254.0,298.0,22.2,30.3,70.0,984.4,3.0,0.0,,79.411,105.93,0,3,0
2022,13,FORMULA 1 ARAMCO MAGYAR NAGYDÍJ 2022,RIC,McLaren,Q3,78.379,9.0,28.442,27.942,21.995,2.0,SOFT,True,280.0,248.0,254.0,299.0,22.2,30.3,70.0,984.4,3.0,0.0,79.841,78.872,105.624,0,3,0
2022,13,FORMULA 1 ARAMCO MAGYAR NAGYDÍJ 2022,VER,Red Bull Racing,Q3,78.823,10.0,29.375,27.509,21.939,2.0,SOFT,True,280.0,251.0,255.0,298.0,22.2,30.3,70.0,984.4,3.0,0.0,78.88,78.728,103.205,0,3,0
2022,14,FORMULA 1 ROLEX BELGIAN GRAND PRIX 2022,VER,Red Bull Racing,Q1,104.581,1.0,30.736,44.857,28.988,2.0,SOFT,True,339.0,202.0,223.0,309.0,15.1,20.7,85.0,969.0,1.2,0.0,106.755,105.507,105.184,0,1,0
2022,14,FORMULA 1 ROLEX BELGIAN GRAND PRIX 2022,SAI,Ferrari,Q1,105.05,2.0,31.033,44.856,29.161,2.0,SOFT,True,331.0,209.0,221.0,307.0,15.1,20.7,85.0,969.0,1.2,0.0,106.538,106.649,105.824,0,1,0
2022,14,FORMULA 1 ROLEX BELGIAN GRAND PRIX 2022,PER,Red Bull Racing,Q1,105.377,3.0,30.972,45.161,29.244,2.0,SOFT,True,337.0,195.0,223.0,308.0,15.1,20.7,85.0,969.0,1.2,0.0,108.474,107.346,105.047,0,1,0
2022,14,FORMULA 1 ROLEX BELGIAN GRAND PRIX 2022,LEC,Ferrari,Q1,105.572,4.0,31.105,45.267,29.2,2.0,SOFT,True,329.0,206.0,221.0,306.0,15.1,20.7,85.0,969.0,1.2,0.0,106.607,106.369,106.12,0,1,0
2022,14,FORMULA 1 ROLEX BELGIAN GRAND PRIX 2022,RUS,Mercedes,Q1,105.65,8.0,31.152,45.117,29.381,2.0,SOFT,True,330.0,206.0,222.0,305.0,15.1,20.7,85.0,969.0,1.2,0.0,107.396,107.042,106.071,0,1,0
2022,14,FORMULA 1 ROLEX BELGIAN GRAND PRIX 2022,ALB,Williams,Q1,105.672,9.0,30.799,45.726,29.147,2.0,SOFT,True,334.0,202.0,221.0,311.0,15.1,20.7,85.0,969.0,1.2,0.0,107.835,107.52,106.836,0,1,0
2022,14,FORMULA 1 ROLEX BELGIAN GRAND PRIX 2022,HAM,Mercedes,Q1,105.736,7.0,30.976,45.311,29.449,2.0,SOFT,True,332.0,196.0,221.0,305.0,15.1,20.7,85.0,969.0,1.2,0.0,108.42,106.893,106.769,0,1,0
2022,14,FORMULA 1 ROLEX BELGIAN GRAND PRIX 2022,NOR,McLaren,Q1,105.745,10.0,31.093,45.537,29.115,2.0,SOFT,True,331.0,204.0,222.0,311.0,15.1,20.7,85.0,969.0,1.2,0.0,109.47,106.589,105.965,0,1,0
2022,14,FORMULA 1 ROLEX BELGIAN GRAND PRIX 2022,RIC,McLaren,Q1,106.033,11.0,31.074,45.63,29.329,2.0,SOFT,True,329.0,203.0,222.0,306.0,15.1,20.7,85.0,969.0,1.2,0.0,108.081,107.255,106.646,0,1,0
2022,14,FORMULA 1 ROLEX BELGIAN GRAND PRIX 2022,OCO,Alpine,Q1,106.039,5.0,31.071,45.604,29.364,2.0,SOFT,True,329.0,205.0,222.0,309.0,15.1,20.7,85.0,969.0,1.2,0.0,110.315,107.944,106.601,0,1,0
2022,14,FORMULA 1 ROLEX BELGIAN GRAND PRIX 2022,ALO,Alpine,Q1,106.075,6.0,31.222,45.541,29.312,2.0,SOFT,True,328.0,206.0,220.0,308.0,15.1,20.7,85.0,969.0,1.2,0.0,109.664,106.975,106.061,0,1,0
2022,14,FORMULA 1 ROLEX BELGIAN GRAND PRIX 2022,ZHO,Alfa Romeo,Q1,106.178,13.0,31.04,45.941,29.197,2.0,SOFT,True,337.0,204.0,216.0,309.0,15.1,20.7,85.0,969.0,1.2,0.0,108.672,107.617,107.089,0,1,0
2022,14,FORMULA 1 ROLEX BELGIAN GRAND PRIX 2022,GAS,AlphaTauri,Q1,106.183,12.0,30.991,45.9,29.292,2.0,SOFT,True,333.0,199.0,224.0,308.0,15.1,20.7,85.0,969.0,1.2,0.0,,107.782,106.604,0,1,0
2022,14,FORMULA 1 ROLEX BELGIAN GRAND PRIX 2022,STR,Aston Martin,Q1,106.256,14.0,31.381,45.47,29.405,2.0,SOFT,True,328.0,202.0,221.0,307.0,15.1,20.7,85.0,969.0,1.2,0.0,107.437,106.635,106.975,0,1,0
2022,14,FORMULA 1 ROLEX BELGIAN GRAND PRIX 2022,MSC,Haas F1 Team,Q1,106.342,15.0,31.13,45.584,29.628,2.0,SOFT,True,329.0,206.0,214.0,306.0,15.1,20.7,85.0,969.0,1.2,0.0,111.259,109.941,112.494,0,1,0
2022,14,FORMULA 1 ROLEX BELGIAN GRAND PRIX 2022,VET,Aston Martin,Q1,106.344,16.0,31.182,45.84,29.322,2.0,SOFT,True,327.0,205.0,223.0,308.0,15.1,20.7,85.0,969.0,1.2,0.0,109.813,107.867,106.166,0,1,0
2022,14,FORMULA 1 ROLEX BELGIAN GRAND PRIX 2022,LAT,Williams,Q1,106.401,17.0,31.226,45.799,29.376,2.0,SOFT,True,330.0,203.0,221.0,306.0,15.1,20.7,85.0,969.0,1.2,0.0,108.485,108.612,106.811,0,1,0
2022,14,FORMULA 1 ROLEX BELGIAN GRAND PRIX 2022,MAG,Haas F1 Team,Q1,106.557,18.0,31.134,45.704,29.719,2.0,SOFT,True,328.0,203.0,218.0,305.0,15.1,20.7,85.0,969.0,1.2,0.0,110.982,108.208,106.982,0,1,0
2022,14,FORMULA 1 ROLEX BELGIAN GRAND PRIX 2022,TSU,AlphaTauri,Q1,106.692,19.0,31.339,45.878,29.475,2.0,SOFT,True,334.0,204.0,222.0,307.0,15.1,20.7,85.0,969.0,1.2,0.0,108.31,107.658,107.035,0,1,0
2022,14,FORMULA 1 ROLEX BELGIAN GRAND PRIX 2022,BOT,Alfa Romeo,Q1,107.866,20.0,32.379,46.176,29.311,2.0,SOFT,True,332.0,202.0,219.0,308.0,15.1,20.7,85.0,969.0,1.2,0.0,122.076,108.419,106.881,0,1,0
2022,14,FORMULA 1 ROLEX BELGIAN GRAND PRIX 2022,LEC,Ferrari,Q2,104.551,4.0,30.93,44.55,29.071,2.0,SOFT,True,332.0,205.0,221.0,309.0,15.1,20.7,85.0,969.0,1.2,0.0,106.607,106.369,106.12,0,2,0
2022,14,FORMULA 1 ROLEX BELGIAN GRAND PRIX 2022,VER,Red Bull Racing,Q2,104.723,1.0,30.708,44.926,29.089,5.0,SOFT,False,337.0,205.0,222.0,309.0,15.1,20.7,85.0,969.0,1.2,0.0,106.755,105.507,105.184,0,2,0
2022,14,FORMULA 1 ROLEX BELGIAN GRAND PRIX 2022,PER,Red Bull Racing,Q2,104.794,3.0,30.884,44.852,29.058,2.0,SOFT,True,339.0,203.0,223.0,310.0,15.1,20.7,85.0,969.0,1.2,0.0,108.474,107.346,105.047,0,2,0
2022,14,FORMULA 1 ROLEX BELGIAN GRAND PRIX 2022,SAI,Ferrari,Q2,105.418,2.0,30.907,45.186,29.325,5.0,SOFT,False,334.0,204.0,221.0,310.0,15.1,20.7,85.0,969.0,1.2,0.0,106.538,106.649,105.824,0,2,0
2022,14,FORMULA 1 ROLEX BELGIAN GRAND PRIX 2022,HAM,Mercedes,Q2,105.42,7.0,30.924,44.954,29.542,2.0,SOFT,True,332.0,207.0,222.0,306.0,15.1,20.7,85.0,969.0,1.2,0.0,108.42,106.893,106.769,0,2,0
2022,14,FORMULA 1 ROLEX BELGIAN GRAND PRIX 2022,RUS,Mercedes,Q2,105.461,8.0,31.22,44.875,29.366,2.0,SOFT,True,333.0,208.0,223.0,305.0,15.1,20.7,85.0,969.0,1.2,0.0,107.396,107.042,106.071,0,2,0
2022,14,FORMULA 1 ROLEX BELGIAN GRAND PRIX 2022,OCO,Alpine,Q2,105.475,5.0,31.008,45.191,29.276,2.0,SOFT,True,329.0,203.0,222.0,309.0,15.1,20.7,85.0,969.0,1.2,0.0,110.315,107.944,106.601,0,2,0
2022,14,FORMULA 1 ROLEX BELGIAN GRAND PRIX 2022,ALO,Alpine,Q2,105.552,6.0,30.996,45.23,29.326,2.0,SOFT,True,330.0,206.0,220.0,311.0,15.1,20.7,85.0,969.0,1.2,0.0,109.664,106.975,106.061,0,2,0
2022,14,FORMULA 1 ROLEX BELGIAN GRAND PRIX 2022,NOR,McLaren,Q2,105.603,10.0,30.951,45.514,29.138,2.0,SOFT,True,333.0,204.0,221.0,311.0,15.1,20.7,85.0,969.0,1.2,0.0,109.47,106.589,105.965,0,2,0
2022,14,FORMULA 1 ROLEX BELGIAN GRAND PRIX 2022,ALB,Williams,Q2,105.675,9.0,30.52,45.804,29.351,2.0,SOFT,True,338.0,202.0,221.0,314.0,15.1,20.7,85.0,969.0,1.2,0.0,107.835,107.52,106.836,0,2,0
2022,14,FORMULA 1 ROLEX BELGIAN GRAND PRIX 2022,RIC,McLaren,Q2,105.767,11.0,30.927,45.454,29.386,2.0,SOFT,True,332.0,205.0,222.0,310.0,15.1,20.7,85.0,969.0,1.2,0.0,108.081,107.255,106.646,0,2,0
2022,14,FORMULA 1 ROLEX BELGIAN GRAND PRIX 2022,GAS,AlphaTauri,Q2,105.827,12.0,30.954,45.583,29.29,2.0,SOFT,True,334.0,203.0,224.0,309.0,15.1,20.7,85.0,969.0,1.2,0.0,,107.782,106.604,0,2,0
2022,14,FORMULA 1 ROLEX BELGIAN GRAND PRIX 2022,ZHO,Alfa Romeo,Q2,106.085,13.0,31.142,45.61,29.333,2.0,SOFT,True,336.0,202.0,216.0,310.0,15.1,20.7,85.0,969.0,1.2,0.0,108.672,107.617,107.089,0,2,0
2022,14,FORMULA 1 ROLEX BELGIAN GRAND PRIX 2022,STR,Aston Martin,Q2,106.611,14.0,31.253,45.841,29.517,2.0,SOFT,True,328.0,200.0,222.0,309.0,15.1,20.7,85.0,969.0,1.2,0.0,107.437,106.635,106.975,0,2,0
2022,14,FORMULA 1 ROLEX BELGIAN GRAND PRIX 2022,MSC,Haas F1 Team,Q2,107.718,15.0,31.432,46.703,29.583,5.0,SOFT,False,330.0,203.0,217.0,305.0,15.1,20.7,85.0,969.0,1.2,0.0,111.259,109.941,112.494,0,2,0
2022,14,FORMULA 1 ROLEX BELGIAN GRAND PRIX 2022,VER,Red Bull Racing,Q3,103.665,1.0,30.536,44.22,28.909,2.0,SOFT,True,339.0,204.0,224.0,310.0,15.1,20.7,85.0,969.0,1.2,0.0,106.755,105.507,105.184,0,3,0
2022,14,FORMULA 1 ROLEX BELGIAN GRAND PRIX 2022,SAI,Ferrari,Q3,104.297,2.0,30.59,44.577,29.13,2.0,SOFT,True,342.0,205.0,222.0,313.0,15.1,20.7,85.0,969.0,1.2,0.0,106.538,106.649,105.824,0,3,0
2022,14,FORMULA 1 ROLEX BELGIAN GRAND PRIX 2022,PER,Red Bull Racing,Q3,104.462,3.0,30.687,44.668,29.107,2.0,SOFT,True,337.0,204.0,224.0,309.0,15.1,20.7,85.0,969.0,1.2,0.0,108.474,107.346,105.047,0,3,0
2022,14,FORMULA 1 ROLEX BELGIAN GRAND PRIX 2022,LEC,Ferrari,Q3,104.553,4.0,30.92,44.548,29.085,5.0,SOFT,False,331.0,206.0,214.0,308.0,15.1,20.7,85.0,969.0,1.2,0.0,106.607,106.369,106.12,0,3,0
2022,14,FORMULA 1 ROLEX BELGIAN GRAND PRIX 2022,OCO,Alpine,Q3,105.18,5.0,30.836,45.166,29.178,2.0,SOFT,True,334.0,204.0,222.0,312.0,15.1,20.7,85.0,969.0,1.2,0.0,110.315,107.944,106.601,0,3,0
2022,14,FORMULA 1 ROLEX BELGIAN GRAND PRIX 2022,ALO,Alpine,Q3,105.368,6.0,30.798000000000002,45.248,29.322,2.0,SOFT,True,332.0,199.0,220.0,312.0,15.1,20.7,85.0,969.0,1.2,0.0,109.664,106.975,106.061,0,3,0
2022,14,FORMULA 1 ROLEX BELGIAN GRAND PRIX 2022,HAM,Mercedes,Q3,105.503,7.0,31.015,45.075,29.413,2.0,SOFT,True,332.0,202.0,222.0,306.0,15.1,20.7,85.0,969.0,1.2,0.0,108.42,106.893,106.769,0,3,0
2022,14,FORMULA 1 ROLEX BELGIAN GRAND PRIX 2022,RUS,Mercedes,Q3,105.776,8.0,31.174,45.207,29.395,2.0,SOFT,True,332.0,205.0,222.0,305.0,15.1,20.7,85.0,969.0,1.2,0.0,107.396,107.042,106.071,0,3,0
2022,14,FORMULA 1 ROLEX BELGIAN GRAND PRIX 2022,ALB,Williams,Q3,105.837,9.0,30.995,45.612,29.23,2.0,SOFT,True,331.0,200.0,222.0,312.0,15.1,20.7,85.0,969.0,1.2,0.0,107.835,107.52,106.836,0,3,0
2022,14,FORMULA 1 ROLEX BELGIAN GRAND PRIX 2022,NOR,McLaren,Q3,106.178,10.0,30.966,45.94,29.272,5.0,SOFT,False,333.0,200.0,220.0,311.0,15.1,20.7,85.0,969.0,1.2,0.0,109.47,106.589,105.965,0,3,0
2022,15,FORMULA 1 HEINEKEN DUTCH GRAND PRIX 2022,VER,Red Bull Racing,Q1,71.317,1.0,24.455,24.776,22.086,2.0,SOFT,True,287.0,284.0,313.0,325.0,27.0,39.05,30.0,1010.0,1.2,0.0,74.714,73.042,71.793,0,1,0
2022,15,FORMULA 1 HEINEKEN DUTCH GRAND PRIX 2022,HAM,Mercedes,Q1,71.331,4.0,24.5,24.879,21.951999999999998,5.0,SOFT,False,276.0,283.0,310.0,317.0,27.0,39.05,30.0,1010.0,1.2,0.0,72.695,72.417,72.156,0,1,0
2022,15,FORMULA 1 HEINEKEN DUTCH GRAND PRIX 2022,TSU,AlphaTauri,Q1,71.427,9.0,24.584,24.772,22.071,2.0,SOFT,True,278.0,284.0,313.0,321.0,27.0,39.05,30.0,1010.0,1.2,0.0,74.63,73.419,73.256,0,1,0
2022,15,FORMULA 1 HEINEKEN DUTCH GRAND PRIX 2022,LEC,Ferrari,Q1,71.443,2.0,24.563,25.033,21.847,5.0,SOFT,True,283.0,285.0,313.0,320.0,27.0,39.05,30.0,1010.0,1.2,0.0,73.127,72.345,71.632,0,1,0
2022,15,FORMULA 1 HEINEKEN DUTCH GRAND PRIX 2022,NOR,McLaren,Q1,71.556,7.0,24.375,25.086,22.095,2.0,SOFT,True,280.0,285.0,310.0,320.0,27.0,39.05,30.0,1010.0,1.2,0.0,72.929,72.448,72.591,0,1,0
2022,15,FORMULA 1 HEINEKEN DUTCH GRAND PRIX 2022,RUS,Mercedes,Q1,71.561,6.0,24.617,25.011,21.933,2.0,SOFT,True,280.0,282.0,313.0,318.0,27.0,39.05,30.0,1010.0,1.2,0.0,72.455,72.655,71.698,0,1,0
2022,15,FORMULA 1 HEINEKEN DUTCH GRAND PRIX 2022,STR,Aston Martin,Q1,71.568,10.0,24.358,25.095,22.115,2.0,SOFT,True,281.0,282.0,312.0,317.0,27.0,39.05,30.0,1010.0,1.2,0.0,74.257,72.746,72.773,0,1,0
2022,15,FORMULA 1 HEINEKEN DUTCH GRAND PRIX 2022,PER,Red Bull Racing,Q1,71.641,5.0,24.645,25.005,21.991,5.0,SOFT,True,283.0,287.0,317.0,327.0,27.0,39.05,30.0,1010.0,1.2,0.0,73.416,73.493,72.176,0,1,0
2022,15,FORMULA 1 HEINEKEN DUTCH GRAND PRIX 2022,ALO,Alpine,Q1,71.667,13.0,24.684,24.984,21.999,2.0,SOFT,True,281.0,284.0,315.0,320.0,27.0,39.05,30.0,1010.0,1.2,0.0,73.633,72.848,72.327,0,1,0
2022,15,FORMULA 1 HEINEKEN DUTCH GRAND PRIX 2022,ALB,Williams,Q1,71.695,15.0,24.606,25.238,21.851,2.0,SOFT,True,281.0,287.0,314.0,322.0,27.0,39.05,30.0,1010.0,1.2,0.0,74.063,73.837,72.775,0,1,0
2022,15,FORMULA 1 HEINEKEN DUTCH GRAND PRIX 2022,GAS,AlphaTauri,Q1,71.705,11.0,24.635,25.064,22.006,2.0,SOFT,True,279.0,281.0,309.0,323.0,27.0,39.05,30.0,1010.0,1.2,0.0,74.474,73.666,73.046,0,1,0
2022,15,FORMULA 1 HEINEKEN DUTCH GRAND PRIX 2022,MSC,Haas F1 Team,Q1,71.741,8.0,24.557,25.246,21.938,2.0,SOFT,True,280.0,283.0,316.0,320.0,27.0,39.05,30.0,1010.0,1.2,0.0,74.163,73.604,72.558,0,1,0
2022,15,FORMULA 1 HEINEKEN DUTCH GRAND PRIX 2022,OCO,Alpine,Q1,71.748,12.0,24.806,24.835,22.107,2.0,SOFT,True,280.0,284.0,314.0,320.0,27.0,39.05,30.0,1010.0,1.2,0.0,73.963,73.305,73.003,0,1,0
2022,15,FORMULA 1 HEINEKEN DUTCH GRAND PRIX 2022,SAI,Ferrari,Q1,71.767,3.0,24.632,25.057,22.078,2.0,SOFT,True,284.0,283.0,318.0,317.0,27.0,39.05,30.0,1010.0,1.2,0.0,72.845,72.349,71.971,0,1,0
2022,15,FORMULA 1 HEINEKEN DUTCH GRAND PRIX 2022,ZHO,Alfa Romeo,Q1,71.826,14.0,24.743,25.113,21.97,2.0,SOFT,True,277.0,282.0,310.0,316.0,27.0,39.05,30.0,1010.0,1.2,0.0,74.534,73.624,73.421,0,1,0
2022,15,FORMULA 1 HEINEKEN DUTCH GRAND PRIX 2022,BOT,Alfa Romeo,Q1,71.961,16.0,24.856,25.106,21.999,2.0,SOFT,True,278.0,283.0,312.0,317.0,27.0,39.05,30.0,1010.0,1.2,0.0,74.695,74.167,73.359,0,1,0
2022,15,FORMULA 1 HEINEKEN DUTCH GRAND PRIX 2022,MAG,Haas F1 Team,Q1,72.041,18.0,24.742,25.265,22.034,2.0,SOFT,True,279.0,284.0,317.0,319.0,27.0,39.05,30.0,1010.0,1.2,0.0,74.405,74.282,72.606,0,1,0
2022,15,FORMULA 1 HEINEKEN DUTCH GRAND PRIX 2022,RIC,McLaren,Q1,72.081,17.0,24.604,25.147,22.33,2.0,SOFT,True,279.0,283.0,311.0,319.0,27.0,39.05,30.0,1010.0,1.2,0.0,73.077,73.362,73.299,0,1,0
2022,15,FORMULA 1 HEINEKEN DUTCH GRAND PRIX 2022,VET,Aston Martin,Q1,72.391,19.0,24.829,25.404,22.158,5.0,SOFT,False,277.0,284.0,310.0,317.0,27.0,39.05,30.0,1010.0,1.2,0.0,74.5,73.611,72.491,0,1,0
2022,15,FORMULA 1 HEINEKEN DUTCH GRAND PRIX 2022,LAT,Williams,Q1,73.353,20.0,25.08,25.871,22.402,2.0,SOFT,True,279.0,283.0,311.0,321.0,27.0,39.05,30.0,1010.0,1.2,0.0,75.122,74.797,73.625,0,1,0
2022,15,FORMULA 1 HEINEKEN DUTCH GRAND PRIX 2022,SAI,Ferrari,Q2,70.814,3.0,24.412,24.735,21.667,2.0,SOFT,True,283.0,284.0,316.0,323.0,27.0,39.05,30.0,1010.0,1.2,0.0,72.845,72.349,71.971,0,2,0
2022,15,FORMULA 1 HEINEKEN DUTCH GRAND PRIX 2022,RUS,Mercedes,Q2,70.824,6.0,24.4,24.759,21.665,2.0,SOFT,True,279.0,282.0,314.0,322.0,27.0,39.05,30.0,1010.0,1.2,0.0,72.455,72.655,71.698,0,2,0
2022,15,FORMULA 1 HEINEKEN DUTCH GRAND PRIX 2022,VER,Red Bull Racing,Q2,70.927,1.0,24.529,24.644,21.754,5.0,SOFT,False,283.0,285.0,317.0,324.0,27.0,39.05,30.0,1010.0,1.2,0.0,74.714,73.042,71.793,0,2,0
2022,15,FORMULA 1 HEINEKEN DUTCH GRAND PRIX 2022,LEC,Ferrari,Q2,70.988,2.0,24.341,24.975,21.672,2.0,SOFT,True,283.0,283.0,317.0,321.0,27.0,39.05,30.0,1010.0,1.2,0.0,73.127,72.345,71.632,0,2,0
2022,15,FORMULA 1 HEINEKEN DUTCH GRAND PRIX 2022,HAM,Mercedes,Q2,71.075,4.0,24.528,24.699,21.848,2.0,SOFT,True,278.0,281.0,314.0,315.0,27.0,39.05,30.0,1010.0,1.2,0.0,72.695,72.417,72.156,0,2,0
2022,15,FORMULA 1 HEINEKEN DUTCH GRAND PRIX 2022,NOR,McLaren,Q2,71.116,7.0,24.281,25.003,21.832,2.0,SOFT,True,280.0,282.0,314.0,322.0,27.0,39.05,30.0,1010.0,1.2,0.0,72.929,72.448,72.591,0,2,0
2022,15,FORMULA 1 HEINEKEN DUTCH GRAND PRIX 2022,PER,Red Bull Racing,Q2,71.314,5.0,24.472,24.872,21.97,4.0,SOFT,False,285.0,286.0,318.0,326.0,27.0,39.05,30.0,1010.0,1.2,0.0,73.416,73.493,72.176,0,2,0
2022,15,FORMULA 1 HEINEKEN DUTCH GRAND PRIX 2022,STR,Aston Martin,Q2,71.416,10.0,24.321,25.247,21.848,2.0,SOFT,True,283.0,280.0,310.0,318.0,27.0,39.05,30.0,1010.0,1.2,0.0,74.257,72.746,72.773,0,2,0
2022,15,FORMULA 1 HEINEKEN DUTCH GRAND PRIX 2022,MSC,Haas F1 Team,Q2,71.42,8.0,24.467,25.117,21.836,2.0,SOFT,True,279.0,283.0,317.0,324.0,27.0,39.05,30.0,1010.0,1.2,0.0,74.163,73.604,72.558,0,2,0
2022,15,FORMULA 1 HEINEKEN DUTCH GRAND PRIX 2022,TSU,AlphaTauri,Q2,71.428,9.0,24.519,24.915,21.994,2.0,SOFT,True,280.0,282.0,311.0,323.0,27.0,39.05,30.0,1010.0,1.2,0.0,74.63,73.419,73.256,0,2,0
2022,15,FORMULA 1 HEINEKEN DUTCH GRAND PRIX 2022,GAS,AlphaTauri,Q2,71.512,11.0,24.701,25.003,21.808,2.0,SOFT,True,279.0,280.0,312.0,323.0,27.0,39.05,30.0,1010.0,1.2,0.0,74.474,73.666,73.046,0,2,0
2022,15,FORMULA 1 HEINEKEN DUTCH GRAND PRIX 2022,OCO,Alpine,Q2,71.605,12.0,24.818,24.897,21.89,2.0,SOFT,True,280.0,282.0,313.0,322.0,27.0,39.05,30.0,1010.0,1.2,0.0,73.963,73.305,73.003,0,2,0
2022,15,FORMULA 1 HEINEKEN DUTCH GRAND PRIX 2022,ALO,Alpine,Q2,71.613,13.0,24.716,24.951999999999998,21.945,2.0,SOFT,True,280.0,286.0,312.0,318.0,27.0,39.05,30.0,1010.0,1.2,0.0,73.633,72.848,72.327,0,2,0
2022,15,FORMULA 1 HEINEKEN DUTCH GRAND PRIX 2022,ZHO,Alfa Romeo,Q2,71.704,14.0,24.606,25.144,21.954,2.0,SOFT,True,278.0,282.0,313.0,321.0,27.0,39.05,30.0,1010.0,1.2,0.0,74.534,73.624,73.421,0,2,0
2022,15,FORMULA 1 HEINEKEN DUTCH GRAND PRIX 2022,ALB,Williams,Q2,71.802,15.0,24.66,25.274,21.868,2.0,SOFT,True,282.0,286.0,316.0,322.0,27.0,39.05,30.0,1010.0,1.2,0.0,74.063,73.837,72.775,0,2,0
2022,15,FORMULA 1 HEINEKEN DUTCH GRAND PRIX 2022,VER,Red Bull Racing,Q3,70.342,1.0,24.229,24.556,21.557,2.0,SOFT,True,285.0,286.0,321.0,327.0,27.0,39.05,30.0,1010.0,1.2,0.0,74.714,73.042,71.793,0,3,0
2022,15,FORMULA 1 HEINEKEN DUTCH GRAND PRIX 2022,LEC,Ferrari,Q3,70.363,2.0,24.155,24.747,21.461,2.0,SOFT,True,282.0,284.0,315.0,315.0,27.0,39.05,30.0,1010.0,1.2,0.0,73.127,72.345,71.632,0,3,0
2022,15,FORMULA 1 HEINEKEN DUTCH GRAND PRIX 2022,SAI,Ferrari,Q3,70.434,3.0,24.176,24.627,21.631,2.0,SOFT,True,283.0,284.0,311.0,320.0,27.0,39.05,30.0,1010.0,1.2,0.0,72.845,72.349,71.971,0,3,0
2022,15,FORMULA 1 HEINEKEN DUTCH GRAND PRIX 2022,HAM,Mercedes,Q3,70.648,4.0,24.328,24.574,21.746,2.0,SOFT,True,276.0,281.0,310.0,317.0,27.0,39.05,30.0,1010.0,1.2,0.0,72.695,72.417,72.156,0,3,0
2022,15,FORMULA 1 HEINEKEN DUTCH GRAND PRIX 2022,PER,Red Bull Racing,Q3,71.077,5.0,24.347,24.965,21.765,4.0,SOFT,False,286.0,285.0,318.0,326.0,27.0,39.05,30.0,1010.0,1.2,0.0,73.416,73.493,72.176,0,3,0
2022,15,FORMULA 1 HEINEKEN DUTCH GRAND PRIX 2022,RUS,Mercedes,Q3,71.147,6.0,24.525,24.832,21.79,5.0,SOFT,False,277.0,282.0,312.0,318.0,27.0,39.05,30.0,1010.0,1.2,0.0,72.455,72.655,71.698,0,3,0
2022,15,FORMULA 1 HEINEKEN DUTCH GRAND PRIX 2022,NOR,McLaren,Q3,71.174,7.0,24.372,25.109,21.693,2.0,SOFT,True,279.0,282.0,313.0,317.0,27.0,39.05,30.0,1010.0,1.2,0.0,72.929,72.448,72.591,0,3,0
2022,15,FORMULA 1 HEINEKEN DUTCH GRAND PRIX 2022,MSC,Haas F1 Team,Q3,71.442,8.0,24.629,25.062,21.751,2.0,SOFT,True,280.0,282.0,316.0,320.0,27.0,39.05,30.0,1010.0,1.2,0.0,74.163,73.604,72.558,0,3,0
2022,15,FORMULA 1 HEINEKEN DUTCH GRAND PRIX 2022,TSU,AlphaTauri,Q3,72.556,9.0,24.92,25.318,22.318,5.0,SOFT,False,280.0,281.0,313.0,318.0,27.0,39.05,30.0,1010.0,1.2,0.0,74.63,73.419,73.256,0,3,0
2022,16,FORMULA 1 PIRELLI GRAN PREMIO D’ITALIA 2022,VER,Red Bull Racing,Q1,80.922,2.0,27.116,27.149,26.657,5.0,SOFT,True,313.0,334.0,309.0,342.0,27.7,40.5,34.5,990.7,1.0,0.0,82.84,81.807,81.252,0,1,0
2022,16,FORMULA 1 PIRELLI GRAN PREMIO D’ITALIA 2022,LEC,Ferrari,Q1,81.28,1.0,26.962,27.304,27.014,2.0,SOFT,True,323.0,337.0,314.0,342.0,27.7,40.5,34.5,990.7,1.0,0.0,82.41,81.857,81.599,0,1,0
2022,16,FORMULA 1 PIRELLI GRAN PREMIO D’ITALIA 2022,SAI,Ferrari,Q1,81.348,3.0,26.963,27.447,26.938,2.0,SOFT,True,324.0,337.0,314.0,341.0,27.7,40.5,34.5,990.7,1.0,0.0,82.487,81.664,81.897,0,1,0
2022,16,FORMULA 1 PIRELLI GRAN PREMIO D’ITALIA 2022,PER,Red Bull Racing,Q1,81.495,4.0,27.208,27.332,26.955,5.0,SOFT,True,315.0,337.0,309.0,343.0,27.7,40.5,34.5,990.7,1.0,0.0,83.661,82.394,81.848,0,1,0
2022,16,FORMULA 1 PIRELLI GRAN PREMIO D’ITALIA 2022,RUS,Mercedes,Q1,81.785,6.0,27.123,27.682,26.98,2.0,SOFT,True,319.0,332.0,310.0,337.0,27.7,40.5,34.5,990.7,1.0,0.0,82.689,82.386,82.357,0,1,0
2022,16,FORMULA 1 PIRELLI GRAN PREMIO D’ITALIA 2022,ZHO,Alfa Romeo,Q1,82.003,14.0,27.068,27.652,27.283,2.0,SOFT,True,321.0,335.0,309.0,343.0,27.7,40.5,34.5,990.7,1.0,0.0,83.57,82.938,82.657,0,1,0
2022,16,FORMULA 1 PIRELLI GRAN PREMIO D’ITALIA 2022,GAS,AlphaTauri,Q1,82.01,9.0,27.103,27.684,27.223,2.0,SOFT,True,317.0,332.0,307.0,342.0,27.7,40.5,34.5,990.7,1.0,0.0,83.64,83.135,82.755,0,1,0
2022,16,FORMULA 1 PIRELLI GRAN PREMIO D’ITALIA 2022,TSU,AlphaTauri,Q1,82.02,15.0,27.156,27.549,27.315,2.0,SOFT,True,316.0,335.0,307.0,342.0,27.7,40.5,34.5,990.7,1.0,0.0,83.26,83.217,82.43,0,1,0
2022,16,FORMULA 1 PIRELLI GRAN PREMIO D’ITALIA 2022,HAM,Mercedes,Q1,82.048,5.0,27.093,27.665,27.29,5.0,SOFT,False,318.0,332.0,310.0,340.0,27.7,40.5,34.5,990.7,1.0,0.0,82.831,82.503,82.567,0,1,0
2022,16,FORMULA 1 PIRELLI GRAN PREMIO D’ITALIA 2022,ALO,Alpine,Q1,82.089,10.0,27.204,27.59,27.295,2.0,SOFT,True,317.0,335.0,308.0,339.0,27.7,40.5,34.5,990.7,1.0,0.0,83.099,82.752,82.306,0,1,0
2022,16,FORMULA 1 PIRELLI GRAN PREMIO D’ITALIA 2022,NOR,McLaren,Q1,82.13,7.0,27.136,27.794,27.2,2.0,SOFT,True,316.0,327.0,308.0,336.0,27.7,40.5,34.5,990.7,1.0,0.0,83.856,82.338,82.319,0,1,0
2022,16,FORMULA 1 PIRELLI GRAN PREMIO D’ITALIA 2022,RIC,McLaren,Q1,82.139,8.0,27.095,27.812,27.232,2.0,SOFT,True,318.0,328.0,309.0,341.0,27.7,40.5,34.5,990.7,1.0,0.0,83.511,82.911,82.871,0,1,0
2022,16,FORMULA 1 PIRELLI GRAN PREMIO D’ITALIA 2022,OCO,Alpine,Q1,82.166,11.0,27.214,27.517,27.435,2.0,SOFT,True,316.0,333.0,308.0,336.0,27.7,40.5,34.5,990.7,1.0,0.0,83.075,82.728,82.506,0,1,0
2022,16,FORMULA 1 PIRELLI GRAN PREMIO D’ITALIA 2022,DEV,Williams,Q1,82.176,13.0,27.251,27.661,27.264,2.0,SOFT,True,322.0,338.0,312.0,346.0,27.7,40.5,34.5,990.7,1.0,0.0,84.731,,82.869,0,1,0
2022,16,FORMULA 1 PIRELLI GRAN PREMIO D’ITALIA 2022,BOT,Alfa Romeo,Q1,82.254,12.0,27.136,27.772,27.346,2.0,SOFT,True,320.0,334.0,310.0,340.0,27.7,40.5,34.5,990.7,1.0,0.0,83.394,82.993,82.95,0,1,0
2022,16,FORMULA 1 PIRELLI GRAN PREMIO D’ITALIA 2022,MAG,Haas F1 Team,Q1,82.399,19.0,27.443,27.582,27.374,2.0,SOFT,True,312.0,327.0,304.0,333.0,27.7,40.5,34.5,990.7,1.0,0.0,84.006,83.557,83.203,0,1,0
2022,16,FORMULA 1 PIRELLI GRAN PREMIO D’ITALIA 2022,LAT,Williams,Q1,82.587,16.0,27.045,27.982,27.56,4.0,SOFT,True,321.0,337.0,310.0,344.0,27.7,40.5,34.5,990.7,1.0,0.0,84.941,83.982,82.776,0,1,0
2022,16,FORMULA 1 PIRELLI GRAN PREMIO D’ITALIA 2022,VET,Aston Martin,Q1,82.636,17.0,27.233,27.765,27.638,2.0,SOFT,True,315.0,328.0,308.0,334.0,27.7,40.5,34.5,990.7,1.0,0.0,,83.731,83.104,0,1,0
2022,16,FORMULA 1 PIRELLI GRAN PREMIO D’ITALIA 2022,STR,Aston Martin,Q1,82.748,18.0,27.251,27.959,27.538,2.0,SOFT,True,318.0,330.0,309.0,339.0,27.7,40.5,34.5,990.7,1.0,0.0,83.688,83.785,83.739,0,1,0
2022,16,FORMULA 1 PIRELLI GRAN PREMIO D’ITALIA 2022,MSC,Haas F1 Team,Q1,83.005,20.0,27.835,27.568,27.602,2.0,SOFT,True,309.0,323.0,303.0,329.0,27.7,40.5,34.5,990.7,1.0,0.0,,84.586,83.392,0,1,0
2022,16,FORMULA 1 PIRELLI GRAN PREMIO D’ITALIA 2022,SAI,Ferrari,Q2,80.878,3.0,26.722,27.281,26.875,5.0,SOFT,False,325.0,339.0,310.0,346.0,27.7,40.5,34.5,990.7,1.0,0.0,82.487,81.664,81.897,0,2,0
2022,16,FORMULA 1 PIRELLI GRAN PREMIO D’ITALIA 2022,LEC,Ferrari,Q2,81.208,1.0,27.201,27.158,26.849,6.0,SOFT,False,322.0,333.0,309.0,337.0,27.7,40.5,34.5,990.7,1.0,0.0,82.41,81.857,81.599,0,2,0
2022,16,FORMULA 1 PIRELLI GRAN PREMIO D’ITALIA 2022,VER,Red Bull Racing,Q2,81.265,2.0,27.182,27.322,26.761,8.0,SOFT,False,316.0,332.0,307.0,338.0,27.7,40.5,34.5,990.7,1.0,0.0,82.84,81.807,81.252,0,2,0
2022,16,FORMULA 1 PIRELLI GRAN PREMIO D’ITALIA 2022,PER,Red Bull Racing,Q2,81.358,4.0,27.248,27.322,26.788,2.0,SOFT,True,316.0,331.0,307.0,339.0,27.7,40.5,34.5,990.7,1.0,0.0,83.661,82.394,81.848,0,2,0
2022,16,FORMULA 1 PIRELLI GRAN PREMIO D’ITALIA 2022,HAM,Mercedes,Q2,81.708,5.0,27.047,27.554,27.107,2.0,SOFT,True,320.0,332.0,309.0,340.0,27.7,40.5,34.5,990.7,1.0,0.0,82.831,82.503,82.567,0,2,0
2022,16,FORMULA 1 PIRELLI GRAN PREMIO D’ITALIA 2022,RUS,Mercedes,Q2,81.747,6.0,27.121,27.678,26.948,2.0,SOFT,True,321.0,331.0,310.0,340.0,27.7,40.5,34.5,990.7,1.0,0.0,82.689,82.386,82.357,0,2,0
2022,16,FORMULA 1 PIRELLI GRAN PREMIO D’ITALIA 2022,NOR,McLaren,Q2,81.831,7.0,27.081,27.637,27.113,2.0,SOFT,True,316.0,332.0,307.0,340.0,27.7,40.5,34.5,990.7,1.0,0.0,83.856,82.338,82.319,0,2,0
2022,16,FORMULA 1 PIRELLI GRAN PREMIO D’ITALIA 2022,RIC,McLaren,Q2,81.855,8.0,27.136,27.689,27.03,2.0,SOFT,True,318.0,333.0,308.0,340.0,27.7,40.5,34.5,990.7,1.0,0.0,83.511,82.911,82.871,0,2,0
2022,16,FORMULA 1 PIRELLI GRAN PREMIO D’ITALIA 2022,ALO,Alpine,Q2,81.861,10.0,27.213,27.506,27.142,2.0,SOFT,True,318.0,334.0,305.0,339.0,27.7,40.5,34.5,990.7,1.0,0.0,83.099,82.752,82.306,0,2,0
2022,16,FORMULA 1 PIRELLI GRAN PREMIO D’ITALIA 2022,GAS,AlphaTauri,Q2,82.062,9.0,27.075,27.813,27.174,2.0,SOFT,True,317.0,333.0,303.0,340.0,27.7,40.5,34.5,990.7,1.0,0.0,83.64,83.135,82.755,0,2,0
2022,16,FORMULA 1 PIRELLI GRAN PREMIO D’ITALIA 2022,OCO,Alpine,Q2,82.13,11.0,27.111,27.619,27.4,2.0,SOFT,True,318.0,333.0,306.0,341.0,27.7,40.5,34.5,990.7,1.0,0.0,83.075,82.728,82.506,0,2,0
2022,16,FORMULA 1 PIRELLI GRAN PREMIO D’ITALIA 2022,BOT,Alfa Romeo,Q2,82.235,12.0,27.159,27.765,27.311,2.0,SOFT,True,321.0,329.0,306.0,339.0,27.7,40.5,34.5,990.7,1.0,0.0,83.394,82.993,82.95,0,2,0
2022,16,FORMULA 1 PIRELLI GRAN PREMIO D’ITALIA 2022,DEV,Williams,Q2,82.471,13.0,27.068,27.835,27.568,2.0,SOFT,True,323.0,335.0,310.0,345.0,27.7,40.5,34.5,990.7,1.0,0.0,84.731,,82.869,0,2,0
2022,16,FORMULA 1 PIRELLI GRAN PREMIO D’ITALIA 2022,ZHO,Alfa Romeo,Q2,82.577,14.0,27.077,28.07,27.43,5.0,SOFT,False,324.0,336.0,309.0,344.0,27.7,40.5,34.5,990.7,1.0,0.0,83.57,82.938,82.657,0,2,0
2022,16,FORMULA 1 PIRELLI GRAN PREMIO D’ITALIA 2022,LEC,Ferrari,Q3,80.161,1.0,26.733,26.875,26.553,2.0,SOFT,True,324.0,339.0,310.0,341.0,27.7,40.5,34.5,990.7,1.0,0.0,82.41,81.857,81.599,0,3,0
2022,16,FORMULA 1 PIRELLI GRAN PREMIO D’ITALIA 2022,VER,Red Bull Racing,Q3,80.306,2.0,26.918,26.813,26.575,2.0,SOFT,True,317.0,338.0,311.0,342.0,27.7,40.5,34.5,990.7,1.0,0.0,82.84,81.807,81.252,0,3,0
2022,16,FORMULA 1 PIRELLI GRAN PREMIO D’ITALIA 2022,SAI,Ferrari,Q3,80.429,3.0,26.85,27.055,26.524,2.0,SOFT,True,320.0,334.0,311.0,337.0,27.7,40.5,34.5,990.7,1.0,0.0,82.487,81.664,81.897,0,3,0
2022,16,FORMULA 1 PIRELLI GRAN PREMIO D’ITALIA 2022,PER,Red Bull Racing,Q3,81.206,4.0,27.256,27.179,26.771,2.0,SOFT,True,314.0,332.0,306.0,337.0,27.7,40.5,34.5,990.7,1.0,0.0,83.661,82.394,81.848,0,3,0
2022,16,FORMULA 1 PIRELLI GRAN PREMIO D’ITALIA 2022,HAM,Mercedes,Q3,81.524,5.0,27.022,27.419,27.083,2.0,SOFT,True,320.0,333.0,311.0,338.0,27.7,40.5,34.5,990.7,1.0,0.0,82.831,82.503,82.567,0,3,0
2022,16,FORMULA 1 PIRELLI GRAN PREMIO D’ITALIA 2022,RUS,Mercedes,Q3,81.542,6.0,27.163,27.527,26.852,2.0,SOFT,True,318.0,332.0,308.0,337.0,27.7,40.5,34.5,990.7,1.0,0.0,82.689,82.386,82.357,0,3,0
2022,16,FORMULA 1 PIRELLI GRAN PREMIO D’ITALIA 2022,NOR,McLaren,Q3,81.584,7.0,27.06,27.583,26.941,2.0,SOFT,True,315.0,334.0,310.0,341.0,27.7,40.5,34.5,990.7,1.0,0.0,83.856,82.338,82.319,0,3,0
2022,16,FORMULA 1 PIRELLI GRAN PREMIO D’ITALIA 2022,ALO,Alpine,Q3,81.829,10.0,27.158,27.6,27.071,2.0,SOFT,True,317.0,334.0,308.0,336.0,27.7,40.5,34.5,990.7,1.0,0.0,83.099,82.752,82.306,0,3,0
2022,16,FORMULA 1 PIRELLI GRAN PREMIO D’ITALIA 2022,GAS,AlphaTauri,Q3,81.91,9.0,27.191,27.588,27.131,2.0,SOFT,True,317.0,334.0,307.0,340.0,27.7,40.5,34.5,990.7,1.0,0.0,83.64,83.135,82.755,0,3,0
2022,16,FORMULA 1 PIRELLI GRAN PREMIO D’ITALIA 2022,RIC,McLaren,Q3,81.925,8.0,27.21,27.669,27.046,2.0,SOFT,True,316.0,332.0,310.0,337.0,27.7,40.5,34.5,990.7,1.0,0.0,83.511,82.911,82.871,0,3,0
2022,17,FORMULA 1 SINGAPORE AIRLINES SINGAPORE GRAND PRIX 2022,VER,Red Bull Racing,Q1,113.057,8.0,29.978,43.751,39.328,2.0,INTERMEDIATE,True,292.0,265.0,244.0,285.0,26.9,27.7,81.0,1009.0,0.6,0.0,103.117,102.926,118.308,0,1,0
2022,17,FORMULA 1 SINGAPORE AIRLINES SINGAPORE GRAND PRIX 2022,HAM,Mercedes,Q1,113.161,3.0,30.268,43.664,39.229,2.0,INTERMEDIATE,True,289.0,265.0,245.0,281.0,26.9,27.7,81.0,1009.0,0.6,0.0,103.033,103.182,121.22,0,1,0
2022,17,FORMULA 1 SINGAPORE AIRLINES SINGAPORE GRAND PRIX 2022,LEC,Ferrari,Q1,114.129,1.0,30.387,44.322,39.42,6.0,INTERMEDIATE,True,288.0,264.0,246.0,279.0,26.9,27.7,81.0,1009.0,0.6,0.0,103.435,102.795,117.782,0,1,0
2022,17,FORMULA 1 SINGAPORE AIRLINES SINGAPORE GRAND PRIX 2022,PER,Red Bull Racing,Q1,114.404,2.0,30.261,44.612,39.531,4.0,INTERMEDIATE,True,292.0,266.0,244.0,283.0,26.9,27.7,81.0,1009.0,0.6,0.0,103.839,103.906,119.526,0,1,0
2022,17,FORMULA 1 SINGAPORE AIRLINES SINGAPORE GRAND PRIX 2022,SAI,Ferrari,Q1,114.559,4.0,30.272,44.681,39.606,5.0,INTERMEDIATE,True,291.0,264.0,245.0,281.0,26.9,27.7,81.0,1009.0,0.6,0.0,104.138,102.587,118.848,0,1,0
2022,17,FORMULA 1 SINGAPORE AIRLINES SINGAPORE GRAND PRIX 2022,RUS,Mercedes,Q1,114.633,11.0,30.502,44.531,39.6,2.0,INTERMEDIATE,True,289.0,264.0,245.0,280.0,26.9,27.7,81.0,1009.0,0.6,0.0,104.066,102.911,121.01,0,1,0
2022,17,FORMULA 1 SINGAPORE AIRLINES SINGAPORE GRAND PRIX 2022,MAG,Haas F1 Team,Q1,115.103,9.0,30.584,44.707,39.812,4.0,INTERMEDIATE,True,288.0,264.0,241.0,280.0,26.9,27.7,81.0,1009.0,0.6,0.0,106.028,104.422,121.089,0,1,0
2022,17,FORMULA 1 SINGAPORE AIRLINES SINGAPORE GRAND PRIX 2022,TSU,AlphaTauri,Q1,115.314,10.0,30.513,44.255,40.546,2.0,INTERMEDIATE,True,291.0,264.0,240.0,281.0,26.9,27.7,81.0,1009.0,0.6,0.0,106.081,105.211,121.679,0,1,0
2022,17,FORMULA 1 SINGAPORE AIRLINES SINGAPORE GRAND PRIX 2022,ALO,Alpine,Q1,115.36,5.0,30.624,44.786,39.95,7.0,INTERMEDIATE,True,286.0,261.0,243.0,278.0,26.9,27.7,81.0,1009.0,0.6,0.0,105.336,103.52,119.429,0,1,0
2022,17,FORMULA 1 SINGAPORE AIRLINES SINGAPORE GRAND PRIX 2022,ZHO,Alfa Romeo,Q1,115.375,15.0,30.57,45.174,39.631,5.0,INTERMEDIATE,True,286.0,261.0,245.0,277.0,26.9,27.7,81.0,1009.0,0.6,0.0,106.408,104.524,122.599,0,1,0
2022,17,FORMULA 1 SINGAPORE AIRLINES SINGAPORE GRAND PRIX 2022,VET,Aston Martin,Q1,115.602,14.0,30.414,45.118,40.07,7.0,INTERMEDIATE,False,290.0,264.0,241.0,279.0,26.9,27.7,81.0,1009.0,0.6,0.0,105.354,104.249,121.007,0,1,0
2022,17,FORMULA 1 SINGAPORE AIRLINES SINGAPORE GRAND PRIX 2022,GAS,AlphaTauri,Q1,115.606,7.0,30.493,45.107,40.006,2.0,INTERMEDIATE,True,290.0,263.0,240.0,282.0,26.9,27.7,81.0,1009.0,0.6,0.0,105.258,104.469,121.245,0,1,0
2022,17,FORMULA 1 SINGAPORE AIRLINES SINGAPORE GRAND PRIX 2022,STR,Aston Martin,Q1,115.629,12.0,30.53,44.973,40.126,4.0,INTERMEDIATE,True,287.0,263.0,234.0,279.0,26.9,27.7,81.0,1009.0,0.6,0.0,105.221,103.982,120.373,0,1,0
2022,17,FORMULA 1 SINGAPORE AIRLINES SINGAPORE GRAND PRIX 2022,MSC,Haas F1 Team,Q1,115.736,13.0,30.502,45.06,40.174,4.0,INTERMEDIATE,True,290.0,265.0,235.0,281.0,26.9,27.7,81.0,1009.0,0.6,0.0,106.601,105.623,121.502,0,1,0
2022,17,FORMULA 1 SINGAPORE AIRLINES SINGAPORE GRAND PRIX 2022,NOR,McLaren,Q1,115.914,6.0,30.765,44.95,40.199,8.0,INTERMEDIATE,True,288.0,264.0,237.0,280.0,26.9,27.7,81.0,1009.0,0.6,0.0,106.68,104.013,121.791,0,1,0
2022,17,FORMULA 1 SINGAPORE AIRLINES SINGAPORE GRAND PRIX 2022,BOT,Alfa Romeo,Q1,116.083,16.0,30.64,45.02,40.423,5.0,INTERMEDIATE,True,286.0,260.0,242.0,276.0,26.9,27.7,81.0,1009.0,0.6,0.0,105.725,103.431,122.066,0,1,0
2022,17,FORMULA 1 SINGAPORE AIRLINES SINGAPORE GRAND PRIX 2022,RIC,McLaren,Q1,116.226,17.0,30.592,45.297,40.337,4.0,INTERMEDIATE,True,289.0,263.0,246.0,281.0,26.9,27.7,81.0,1009.0,0.6,0.0,105.724,105.447,121.036,0,1,0
2022,17,FORMULA 1 SINGAPORE AIRLINES SINGAPORE GRAND PRIX 2022,OCO,Alpine,Q1,116.337,18.0,30.589,45.499,40.249,5.0,INTERMEDIATE,True,286.0,260.0,240.0,277.0,26.9,27.7,81.0,1009.0,0.6,0.0,104.736,103.412,120.911,0,1,0
2022,17,FORMULA 1 SINGAPORE AIRLINES SINGAPORE GRAND PRIX 2022,ALB,Williams,Q1,116.985,19.0,30.493,45.748,40.744,2.0,INTERMEDIATE,True,291.0,266.0,244.0,285.0,26.9,27.7,81.0,1009.0,0.6,0.0,106.119,105.144,121.907,0,1,0
2022,17,FORMULA 1 SINGAPORE AIRLINES SINGAPORE GRAND PRIX 2022,LAT,Williams,Q1,117.532,20.0,30.674,46.091,40.767,2.0,INTERMEDIATE,True,289.0,267.0,242.0,285.0,26.9,27.7,81.0,1009.0,0.6,0.0,107.092,106.553,123.51,0,1,0
2022,17,FORMULA 1 SINGAPORE AIRLINES SINGAPORE GRAND PRIX 2022,LEC,Ferrari,Q2,112.343,1.0,29.895,43.573,38.875,2.0,INTERMEDIATE,True,289.0,264.0,246.0,278.0,26.9,27.7,81.0,1009.0,0.6,0.0,103.435,102.795,117.782,0,2,0
2022,17,FORMULA 1 SINGAPORE AIRLINES SINGAPORE GRAND PRIX 2022,HAM,Mercedes,Q2,112.691,3.0,29.913,43.546,39.232,2.0,INTERMEDIATE,True,289.0,265.0,245.0,280.0,26.9,27.7,81.0,1009.0,0.6,0.0,103.033,103.182,121.22,0,2,0
2022,17,FORMULA 1 SINGAPORE AIRLINES SINGAPORE GRAND PRIX 2022,VER,Red Bull Racing,Q2,112.723,8.0,29.803,43.756,39.164,5.0,INTERMEDIATE,False,292.0,265.0,246.0,282.0,26.9,27.7,81.0,1009.0,0.6,0.0,103.117,102.926,118.308,0,2,0
2022,17,FORMULA 1 SINGAPORE AIRLINES SINGAPORE GRAND PRIX 2022,PER,Red Bull Racing,Q2,112.818,2.0,29.97,43.652,39.196,2.0,INTERMEDIATE,True,292.0,266.0,247.0,283.0,26.9,27.7,81.0,1009.0,0.6,0.0,103.839,103.906,119.526,0,2,0
2022,17,FORMULA 1 SINGAPORE AIRLINES SINGAPORE GRAND PRIX 2022,ALO,Alpine,Q2,113.127,5.0,30.067,43.442,39.618,2.0,INTERMEDIATE,True,290.0,262.0,246.0,280.0,26.9,27.7,81.0,1009.0,0.6,0.0,105.336,103.52,119.429,0,2,0
2022,17,FORMULA 1 SINGAPORE AIRLINES SINGAPORE GRAND PRIX 2022,SAI,Ferrari,Q2,113.219,4.0,29.694,43.944,39.581,2.0,INTERMEDIATE,True,291.0,266.0,248.0,281.0,26.9,27.7,81.0,1009.0,0.6,0.0,104.138,102.587,118.848,0,2,0
2022,17,FORMULA 1 SINGAPORE AIRLINES SINGAPORE GRAND PRIX 2022,GAS,AlphaTauri,Q2,113.546,7.0,30.213,43.791,39.542,2.0,INTERMEDIATE,True,290.0,265.0,244.0,282.0,26.9,27.7,81.0,1009.0,0.6,0.0,105.258,104.469,121.245,0,2,0
2022,17,FORMULA 1 SINGAPORE AIRLINES SINGAPORE GRAND PRIX 2022,TSU,AlphaTauri,Q2,113.848,10.0,30.131,43.99,39.727,2.0,INTERMEDIATE,True,288.0,264.0,244.0,281.0,26.9,27.7,81.0,1009.0,0.6,0.0,106.081,105.211,121.679,0,2,0
2022,17,FORMULA 1 SINGAPORE AIRLINES SINGAPORE GRAND PRIX 2022,NOR,McLaren,Q2,113.942,6.0,30.094,44.06,39.788,2.0,INTERMEDIATE,True,288.0,264.0,243.0,281.0,26.9,27.7,81.0,1009.0,0.6,0.0,106.68,104.013,121.791,0,2,0
2022,17,FORMULA 1 SINGAPORE AIRLINES SINGAPORE GRAND PRIX 2022,MAG,Haas F1 Team,Q2,114.006,9.0,30.121,44.201,39.684,2.0,INTERMEDIATE,True,286.0,263.0,244.0,278.0,26.9,27.7,81.0,1009.0,0.6,0.0,106.028,104.422,121.089,0,2,0
2022,17,FORMULA 1 SINGAPORE AIRLINES SINGAPORE GRAND PRIX 2022,RUS,Mercedes,Q2,114.012,11.0,30.118,43.96,39.934,2.0,INTERMEDIATE,True,289.0,265.0,247.0,278.0,26.9,27.7,81.0,1009.0,0.6,0.0,104.066,102.911,121.01,0,2,0
2022,17,FORMULA 1 SINGAPORE AIRLINES SINGAPORE GRAND PRIX 2022,STR,Aston Martin,Q2,114.211,12.0,30.322,44.268,39.621,2.0,INTERMEDIATE,True,290.0,264.0,243.0,278.0,26.9,27.7,81.0,1009.0,0.6,0.0,105.221,103.982,120.373,0,2,0
2022,17,FORMULA 1 SINGAPORE AIRLINES SINGAPORE GRAND PRIX 2022,MSC,Haas F1 Team,Q2,114.37,13.0,30.101,44.481,39.788,2.0,INTERMEDIATE,True,288.0,263.0,243.0,279.0,26.9,27.7,81.0,1009.0,0.6,0.0,106.601,105.623,121.502,0,2,0
2022,17,FORMULA 1 SINGAPORE AIRLINES SINGAPORE GRAND PRIX 2022,VET,Aston Martin,Q2,114.38,14.0,30.37,44.405,39.605,7.0,INTERMEDIATE,False,289.0,265.0,241.0,278.0,26.9,27.7,81.0,1009.0,0.6,0.0,105.354,104.249,121.007,0,2,0
2022,17,FORMULA 1 SINGAPORE AIRLINES SINGAPORE GRAND PRIX 2022,ZHO,Alfa Romeo,Q2,115.518,15.0,30.536,45.211,39.771,4.0,INTERMEDIATE,True,284.0,262.0,244.0,276.0,26.9,27.7,81.0,1009.0,0.6,0.0,106.408,104.524,122.599,0,2,0
2022,17,FORMULA 1 SINGAPORE AIRLINES SINGAPORE GRAND PRIX 2022,LEC,Ferrari,Q3,109.412,1.0,29.391,41.602,38.419,5.0,SOFT,True,291.0,266.0,252.0,283.0,26.9,27.7,81.0,1009.0,0.6,0.0,103.435,102.795,117.782,0,3,0
2022,17,FORMULA 1 SINGAPORE AIRLINES SINGAPORE GRAND PRIX 2022,PER,Red Bull Racing,Q3,109.434,2.0,28.94,41.455,39.039,6.0,SOFT,True,293.0,266.0,253.0,287.0,26.9,27.7,81.0,1009.0,0.6,0.0,103.839,103.906,119.526,0,3,0
2022,17,FORMULA 1 SINGAPORE AIRLINES SINGAPORE GRAND PRIX 2022,HAM,Mercedes,Q3,109.466,3.0,29.169,41.186,39.111,6.0,SOFT,True,293.0,266.0,251.0,283.0,26.9,27.7,81.0,1009.0,0.6,0.0,103.033,103.182,121.22,0,3,0
2022,17,FORMULA 1 SINGAPORE AIRLINES SINGAPORE GRAND PRIX 2022,SAI,Ferrari,Q3,109.583,4.0,28.961,41.463,39.159,6.0,SOFT,True,290.0,265.0,250.0,284.0,26.9,27.7,81.0,1009.0,0.6,0.0,104.138,102.587,118.848,0,3,0
2022,17,FORMULA 1 SINGAPORE AIRLINES SINGAPORE GRAND PRIX 2022,ALO,Alpine,Q3,109.966,5.0,29.388,41.723,38.855,6.0,SOFT,True,288.0,263.0,248.0,282.0,26.9,27.7,81.0,1009.0,0.6,0.0,105.336,103.52,119.429,0,3,0
2022,17,FORMULA 1 SINGAPORE AIRLINES SINGAPORE GRAND PRIX 2022,NOR,McLaren,Q3,110.584,6.0,29.312,42.141,39.131,6.0,SOFT,True,289.0,265.0,251.0,283.0,26.9,27.7,81.0,1009.0,0.6,0.0,106.68,104.013,121.791,0,3,0
2022,17,FORMULA 1 SINGAPORE AIRLINES SINGAPORE GRAND PRIX 2022,GAS,AlphaTauri,Q3,111.211,7.0,29.55,42.31,39.351,6.0,SOFT,True,290.0,263.0,251.0,285.0,26.9,27.7,81.0,1009.0,0.6,0.0,105.258,104.469,121.245,0,3,0
2022,17,FORMULA 1 SINGAPORE AIRLINES SINGAPORE GRAND PRIX 2022,VER,Red Bull Racing,Q3,111.395,8.0,29.085,42.253,40.057,4.0,SOFT,True,290.0,265.0,252.0,284.0,26.9,27.7,81.0,1009.0,0.6,0.0,103.117,102.926,118.308,0,3,0
2022,17,FORMULA 1 SINGAPORE AIRLINES SINGAPORE GRAND PRIX 2022,MAG,Haas F1 Team,Q3,111.573,9.0,29.559,42.412,39.602,4.0,SOFT,True,289.0,265.0,249.0,282.0,26.9,27.7,81.0,1009.0,0.6,0.0,106.028,104.422,121.089,0,3,0
2022,17,FORMULA 1 SINGAPORE AIRLINES SINGAPORE GRAND PRIX 2022,TSU,AlphaTauri,Q3,111.983,10.0,29.452,42.774,39.757,3.0,SOFT,True,290.0,265.0,250.0,283.0,26.9,27.7,81.0,1009.0,0.6,0.0,106.081,105.211,121.679,0,3,0
2022,18,FORMULA 1 HONDA JAPANESE GRAND PRIX 2022,VER,Red Bull Racing,Q1,90.224,1.0,31.574,40.748,17.902,2.0,SOFT,True,282.0,304.0,266.0,302.0,19.8,26.7,57.0,1014.7,2.7,0.0,103.362,102.786,90.671,0,1,0
2022,18,FORMULA 1 HONDA JAPANESE GRAND PRIX 2022,SAI,Ferrari,Q1,90.336,3.0,31.591,40.721,18.024,2.0,SOFT,True,282.0,302.0,265.0,303.0,19.8,26.7,57.0,1014.7,2.7,0.0,102.563,103.204,90.965,0,1,0
2022,18,FORMULA 1 HONDA JAPANESE GRAND PRIX 2022,LEC,Ferrari,Q1,90.402,2.0,31.778,40.666,17.958,2.0,SOFT,True,280.0,302.0,265.0,302.0,19.8,26.7,57.0,1014.7,2.7,0.0,102.634,104.709,90.98,0,1,0
2022,18,FORMULA 1 HONDA JAPANESE GRAND PRIX 2022,ALO,Alpine,Q1,90.603,7.0,31.692,40.85,18.061,2.0,SOFT,True,280.0,302.0,263.0,302.0,19.8,26.7,57.0,1014.7,2.7,0.0,102.248,103.533,91.32,0,1,0
2022,18,FORMULA 1 HONDA JAPANESE GRAND PRIX 2022,PER,Red Bull Racing,Q1,90.622,4.0,31.75,40.84,18.032,2.0,SOFT,True,282.0,304.0,264.0,303.0,19.8,26.7,57.0,1014.7,2.7,0.0,104.234,102.834,91.514,0,1,0
2022,18,FORMULA 1 HONDA JAPANESE GRAND PRIX 2022,OCO,Alpine,Q1,90.696,5.0,31.619,40.937,18.14,2.0,SOFT,True,280.0,302.0,264.0,301.0,19.8,26.7,57.0,1014.7,2.7,0.0,103.022,103.884,91.75,0,1,0
2022,18,FORMULA 1 HONDA JAPANESE GRAND PRIX 2022,RUS,Mercedes,Q1,90.865,8.0,31.635,41.002,18.228,2.0,SOFT,True,275.0,294.0,263.0,291.0,19.8,26.7,57.0,1014.7,2.7,0.0,106.103,101.935,91.53,0,1,0
2022,18,FORMULA 1 HONDA JAPANESE GRAND PRIX 2022,RIC,McLaren,Q1,90.88,11.0,31.692,40.98,18.208,2.0,SOFT,True,278.0,300.0,263.0,294.0,19.8,26.7,57.0,1014.7,2.7,0.0,104.486,106.03,91.86,0,1,0
2022,18,FORMULA 1 HONDA JAPANESE GRAND PRIX 2022,NOR,McLaren,Q1,90.881,10.0,31.565,40.987,18.329,2.0,SOFT,True,278.0,298.0,262.0,296.0,19.8,26.7,57.0,1014.7,2.7,0.0,103.889,105.885,91.747,0,1,0
2022,18,FORMULA 1 HONDA JAPANESE GRAND PRIX 2022,ZHO,Alfa Romeo,Q1,90.894,14.0,31.826,40.92,18.148,2.0,SOFT,True,277.0,297.0,263.0,297.0,19.8,26.7,57.0,1014.7,2.7,0.0,104.429,104.525,92.385,0,1,0
2022,18,FORMULA 1 HONDA JAPANESE GRAND PRIX 2022,HAM,Mercedes,Q1,90.906,6.0,31.765,41.074,18.067,2.0,SOFT,True,274.0,293.0,263.0,291.0,19.8,26.7,57.0,1014.7,2.7,0.0,104.558,102.17,91.589,0,1,0
2022,18,FORMULA 1 HONDA JAPANESE GRAND PRIX 2022,TSU,AlphaTauri,Q1,91.13,13.0,31.883,41.042,18.205,2.0,SOFT,True,281.0,302.0,265.0,301.0,19.8,26.7,57.0,1014.7,2.7,0.0,106.192,105.257,92.377,0,1,0
2022,18,FORMULA 1 HONDA JAPANESE GRAND PRIX 2022,MSC,Haas F1 Team,Q1,91.152,15.0,31.745,41.082,18.325,2.0,SOFT,True,276.0,296.0,260.0,294.0,19.8,26.7,57.0,1014.7,2.7,0.0,103.761,,92.366,0,1,0
2022,18,FORMULA 1 HONDA JAPANESE GRAND PRIX 2022,BOT,Alfa Romeo,Q1,91.226,12.0,31.996,41.164,18.066,2.0,SOFT,True,276.0,297.0,263.0,297.0,19.8,26.7,57.0,1014.7,2.7,0.0,103.969,103.733,91.971,0,1,0
2022,18,FORMULA 1 HONDA JAPANESE GRAND PRIX 2022,VET,Aston Martin,Q1,91.256,9.0,31.962,41.094,18.2,2.0,SOFT,True,276.0,296.0,263.0,295.0,19.8,26.7,57.0,1014.7,2.7,0.0,108.09,105.261,92.222,0,1,0
2022,18,FORMULA 1 HONDA JAPANESE GRAND PRIX 2022,ALB,Williams,Q1,91.311,16.0,32.089,41.037,18.185,2.0,SOFT,True,284.0,308.0,266.0,306.0,19.8,26.7,57.0,1014.7,2.7,0.0,104.791,105.039,91.946,0,1,0
2022,18,FORMULA 1 HONDA JAPANESE GRAND PRIX 2022,GAS,AlphaTauri,Q1,91.322,17.0,31.898,41.228,18.196,2.0,SOFT,True,279.0,301.0,264.0,300.0,19.8,26.7,57.0,1014.7,2.7,0.0,104.878,107.109,92.881,0,1,0
2022,18,FORMULA 1 HONDA JAPANESE GRAND PRIX 2022,MAG,Haas F1 Team,Q1,91.352,18.0,31.765,41.227,18.36,2.0,SOFT,True,276.0,296.0,261.0,295.0,19.8,26.7,57.0,1014.7,2.7,0.0,103.258,103.187,92.29,0,1,0
2022,18,FORMULA 1 HONDA JAPANESE GRAND PRIX 2022,STR,Aston Martin,Q1,91.419,19.0,31.755,41.402,18.262,2.0,SOFT,True,276.0,296.0,261.0,295.0,19.8,26.7,57.0,1014.7,2.7,0.0,104.57,106.776,91.838,0,1,0
2022,18,FORMULA 1 HONDA JAPANESE GRAND PRIX 2022,LAT,Williams,Q1,91.511,20.0,32.311,41.17,18.03,2.0,SOFT,True,284.0,308.0,267.0,307.0,19.8,26.7,57.0,1014.7,2.7,0.0,105.424,104.962,92.868,0,1,0
2022,18,FORMULA 1 HONDA JAPANESE GRAND PRIX 2022,PER,Red Bull Racing,Q2,89.925,4.0,31.383,40.626,17.916,2.0,SOFT,True,282.0,303.0,266.0,303.0,19.8,26.7,57.0,1014.7,2.7,0.0,104.234,102.834,91.514,0,2,0
2022,18,FORMULA 1 HONDA JAPANESE GRAND PRIX 2022,ALO,Alpine,Q2,90.343,7.0,31.509,40.77,18.064,2.0,SOFT,True,281.0,301.0,264.0,301.0,19.8,26.7,57.0,1014.7,2.7,0.0,102.248,103.533,91.32,0,2,0
2022,18,FORMULA 1 HONDA JAPANESE GRAND PRIX 2022,VER,Red Bull Racing,Q2,90.346,1.0,31.578,40.794,17.974,5.0,SOFT,False,282.0,304.0,266.0,303.0,19.8,26.7,57.0,1014.7,2.7,0.0,103.362,102.786,90.671,0,2,0
2022,18,FORMULA 1 HONDA JAPANESE GRAND PRIX 2022,OCO,Alpine,Q2,90.357,5.0,31.501,40.798,18.058,2.0,SOFT,True,280.0,300.0,265.0,301.0,19.8,26.7,57.0,1014.7,2.7,0.0,103.022,103.884,91.75,0,2,0
2022,18,FORMULA 1 HONDA JAPANESE GRAND PRIX 2022,HAM,Mercedes,Q2,90.443,6.0,31.401,40.851,18.191,2.0,SOFT,True,276.0,296.0,262.0,294.0,19.8,26.7,57.0,1014.7,2.7,0.0,104.558,102.17,91.589,0,2,0
2022,18,FORMULA 1 HONDA JAPANESE GRAND PRIX 2022,SAI,Ferrari,Q2,90.444,3.0,31.612,40.887,17.945,5.0,SOFT,False,282.0,301.0,267.0,301.0,19.8,26.7,57.0,1014.7,2.7,0.0,102.563,103.204,90.965,0,2,0
2022,18,FORMULA 1 HONDA JAPANESE GRAND PRIX 2022,RUS,Mercedes,Q2,90.465,8.0,31.43,40.869,18.166,2.0,SOFT,True,276.0,295.0,263.0,292.0,19.8,26.7,57.0,1014.7,2.7,0.0,106.103,101.935,91.53,0,2,0
2022,18,FORMULA 1 HONDA JAPANESE GRAND PRIX 2022,NOR,McLaren,Q2,90.473,10.0,31.427,41.017,18.029,2.0,SOFT,True,278.0,298.0,263.0,297.0,19.8,26.7,57.0,1014.7,2.7,0.0,103.889,105.885,91.747,0,2,0
2022,18,FORMULA 1 HONDA JAPANESE GRAND PRIX 2022,LEC,Ferrari,Q2,90.486,2.0,31.643,40.759,18.084,5.0,SOFT,False,281.0,301.0,265.0,302.0,19.8,26.7,57.0,1014.7,2.7,0.0,102.634,104.709,90.98,0,2,0
2022,18,FORMULA 1 HONDA JAPANESE GRAND PRIX 2022,VET,Aston Martin,Q2,90.656,9.0,31.701,40.849,18.106,2.0,SOFT,True,276.0,295.0,264.0,295.0,19.8,26.7,57.0,1014.7,2.7,0.0,108.09,105.261,92.222,0,2,0
2022,18,FORMULA 1 HONDA JAPANESE GRAND PRIX 2022,RIC,McLaren,Q2,90.659,11.0,31.565,40.938,18.156,2.0,SOFT,True,279.0,298.0,263.0,295.0,19.8,26.7,57.0,1014.7,2.7,0.0,104.486,106.03,91.86,0,2,0
2022,18,FORMULA 1 HONDA JAPANESE GRAND PRIX 2022,BOT,Alfa Romeo,Q2,90.709,12.0,31.723,40.981,18.005,2.0,SOFT,True,276.0,295.0,266.0,296.0,19.8,26.7,57.0,1014.7,2.7,0.0,103.969,103.733,91.971,0,2,0
2022,18,FORMULA 1 HONDA JAPANESE GRAND PRIX 2022,TSU,AlphaTauri,Q2,90.808,13.0,31.787,40.879,18.142,2.0,SOFT,True,281.0,301.0,265.0,301.0,19.8,26.7,57.0,1014.7,2.7,0.0,106.192,105.257,92.377,0,2,0
2022,18,FORMULA 1 HONDA JAPANESE GRAND PRIX 2022,ZHO,Alfa Romeo,Q2,90.953,14.0,31.803,41.044,18.106,2.0,SOFT,True,277.0,296.0,264.0,296.0,19.8,26.7,57.0,1014.7,2.7,0.0,104.429,104.525,92.385,0,2,0
2022,18,FORMULA 1 HONDA JAPANESE GRAND PRIX 2022,MSC,Haas F1 Team,Q2,91.439,15.0,31.817,41.259,18.363,2.0,SOFT,True,276.0,295.0,263.0,292.0,19.8,26.7,57.0,1014.7,2.7,0.0,103.761,,92.366,0,2,0
2022,18,FORMULA 1 HONDA JAPANESE GRAND PRIX 2022,VER,Red Bull Racing,Q3,89.304,1.0,31.116,40.406,17.782,2.0,SOFT,True,283.0,304.0,267.0,303.0,19.8,26.7,57.0,1014.7,2.7,0.0,103.362,102.786,90.671,0,3,0
2022,18,FORMULA 1 HONDA JAPANESE GRAND PRIX 2022,LEC,Ferrari,Q3,89.314,2.0,31.149,40.166,17.999,2.0,SOFT,True,281.0,300.0,262.0,300.0,19.8,26.7,57.0,1014.7,2.7,0.0,102.634,104.709,90.98,0,3,0
2022,18,FORMULA 1 HONDA JAPANESE GRAND PRIX 2022,SAI,Ferrari,Q3,89.361,3.0,31.127,40.275,17.959,2.0,SOFT,True,282.0,302.0,265.0,302.0,19.8,26.7,57.0,1014.7,2.7,0.0,102.563,103.204,90.965,0,3,0
2022,18,FORMULA 1 HONDA JAPANESE GRAND PRIX 2022,PER,Red Bull Racing,Q3,89.709,4.0,31.373,40.433,17.903,2.0,SOFT,True,281.0,303.0,266.0,301.0,19.8,26.7,57.0,1014.7,2.7,0.0,104.234,102.834,91.514,0,3,0
2022,18,FORMULA 1 HONDA JAPANESE GRAND PRIX 2022,OCO,Alpine,Q3,90.165,5.0,31.333,40.786,18.046,2.0,SOFT,True,279.0,300.0,265.0,300.0,19.8,26.7,57.0,1014.7,2.7,0.0,103.022,103.884,91.75,0,3,0
2022,18,FORMULA 1 HONDA JAPANESE GRAND PRIX 2022,HAM,Mercedes,Q3,90.261,6.0,31.321,40.766,18.174,2.0,SOFT,True,275.0,294.0,263.0,292.0,19.8,26.7,57.0,1014.7,2.7,0.0,104.558,102.17,91.589,0,3,0
2022,18,FORMULA 1 HONDA JAPANESE GRAND PRIX 2022,ALO,Alpine,Q3,90.322,7.0,31.455,40.707,18.16,2.0,SOFT,True,279.0,300.0,263.0,301.0,19.8,26.7,57.0,1014.7,2.7,0.0,102.248,103.533,91.32,0,3,0
2022,18,FORMULA 1 HONDA JAPANESE GRAND PRIX 2022,RUS,Mercedes,Q3,90.389,8.0,31.474,40.73,18.185,2.0,SOFT,True,274.0,295.0,263.0,292.0,19.8,26.7,57.0,1014.7,2.7,0.0,106.103,101.935,91.53,0,3,0
2022,18,FORMULA 1 HONDA JAPANESE GRAND PRIX 2022,VET,Aston Martin,Q3,90.554,9.0,31.655,40.741,18.158,2.0,SOFT,True,276.0,295.0,263.0,295.0,19.8,26.7,57.0,1014.7,2.7,0.0,108.09,105.261,92.222,0,3,0
2022,18,FORMULA 1 HONDA JAPANESE GRAND PRIX 2022,NOR,McLaren,Q3,91.003,10.0,31.535,41.317,18.151,2.0,SOFT,True,278.0,296.0,263.0,297.0,19.8,26.7,57.0,1014.7,2.7,0.0,103.889,105.885,91.747,0,3,0
2022,19,FORMULA 1 ARAMCO UNITED STATES GRAND PRIX 2022,SAI,Ferrari,Q1,95.297,1.0,25.832,38.413,31.052,3.0,SOFT,True,233.0,192.0,208.0,322.0,30.1,36.5,37.0,991.2,5.0,0.0,96.857,98.232,96.271,0,1,0
2022,19,FORMULA 1 ARAMCO UNITED STATES GRAND PRIX 2022,LEC,Ferrari,Q1,95.795,2.0,25.999,38.617,31.179,2.0,SOFT,True,225.0,189.0,208.0,320.0,30.1,36.5,37.0,991.2,5.0,0.0,,96.81,96.145,0,1,0
2022,19,FORMULA 1 ARAMCO UNITED STATES GRAND PRIX 2022,VER,Red Bull Racing,Q1,95.864,3.0,26.05,38.405,31.409,2.0,SOFT,True,228.0,187.0,208.0,325.0,30.1,36.5,37.0,991.2,5.0,0.0,97.081,99.575,95.825,0,1,0
2022,19,FORMULA 1 ARAMCO UNITED STATES GRAND PRIX 2022,HAM,Mercedes,Q1,95.878,5.0,25.974,38.627,31.277,5.0,SOFT,False,236.0,191.0,206.0,316.0,30.1,36.5,37.0,991.2,5.0,0.0,97.332,99.698,96.401,0,1,0
2022,19,FORMULA 1 ARAMCO UNITED STATES GRAND PRIX 2022,PER,Red Bull Racing,Q1,96.163,4.0,26.522,38.418,31.223,2.0,SOFT,True,222.0,188.0,209.0,323.0,30.1,36.5,37.0,991.2,5.0,0.0,97.515,99.852,96.397,0,1,0
2022,19,FORMULA 1 ARAMCO UNITED STATES GRAND PRIX 2022,RUS,Mercedes,Q1,96.195,6.0,26.138,38.74,31.317,2.0,SOFT,True,225.0,191.0,207.0,316.0,30.1,36.5,37.0,991.2,5.0,0.0,97.802,100.562,97.064,0,1,0
2022,19,FORMULA 1 ARAMCO UNITED STATES GRAND PRIX 2022,ALO,Alpine,Q1,96.446,9.0,26.127,38.85,31.469,2.0,SOFT,True,226.0,190.0,209.0,320.0,30.1,36.5,37.0,991.2,5.0,0.0,97.713,101.334,96.928,0,1,0
2022,19,FORMULA 1 ARAMCO UNITED STATES GRAND PRIX 2022,NOR,McLaren,Q1,96.465,8.0,26.077,39.007,31.381,2.0,SOFT,True,226.0,190.0,206.0,315.0,30.1,36.5,37.0,991.2,5.0,0.0,97.856,99.547,97.449,0,1,0
2022,19,FORMULA 1 ARAMCO UNITED STATES GRAND PRIX 2022,GAS,AlphaTauri,Q1,96.577,13.0,26.088,39.014,31.475,2.0,SOFT,True,222.0,185.0,207.0,317.0,30.1,36.5,37.0,991.2,5.0,0.0,97.81,99.84,97.29,0,1,0
2022,19,FORMULA 1 ARAMCO UNITED STATES GRAND PRIX 2022,ZHO,Alfa Romeo,Q1,96.656,14.0,26.073,39.055,31.528,2.0,SOFT,True,231.0,191.0,205.0,319.0,30.1,36.5,37.0,991.2,5.0,0.0,98.276,100.664,99.735,0,1,0
2022,19,FORMULA 1 ARAMCO UNITED STATES GRAND PRIX 2022,VET,Aston Martin,Q1,96.695,12.0,26.336,38.797,31.562,2.0,SOFT,True,224.0,191.0,206.0,312.0,30.1,36.5,37.0,991.2,5.0,0.0,98.041,101.857,97.151,0,1,0
2022,19,FORMULA 1 ARAMCO UNITED STATES GRAND PRIX 2022,BOT,Alfa Romeo,Q1,96.746,10.0,26.209,39.084,31.453,2.0,SOFT,True,227.0,191.0,205.0,315.0,30.1,36.5,37.0,991.2,5.0,0.0,,97.525,97.31,0,1,0
2022,19,FORMULA 1 ARAMCO UNITED STATES GRAND PRIX 2022,TSU,AlphaTauri,Q1,96.808,15.0,26.188,38.944,31.676,2.0,SOFT,True,225.0,187.0,207.0,319.0,30.1,36.5,37.0,991.2,5.0,0.0,98.898,100.178,97.888,0,1,0
2022,19,FORMULA 1 ARAMCO UNITED STATES GRAND PRIX 2022,STR,Aston Martin,Q1,96.86,7.0,26.382,38.828,31.65,2.0,SOFT,True,219.0,187.0,206.0,315.0,30.1,36.5,37.0,991.2,5.0,0.0,97.46,100.806,97.215,0,1,0
2022,19,FORMULA 1 ARAMCO UNITED STATES GRAND PRIX 2022,ALB,Williams,Q1,96.932,11.0,26.05,39.211,31.671,2.0,SOFT,True,221.0,190.0,206.0,323.0,30.1,36.5,37.0,991.2,5.0,0.0,98.422,101.853,97.904,0,1,0
2022,19,FORMULA 1 ARAMCO UNITED STATES GRAND PRIX 2022,MAG,Haas F1 Team,Q1,96.949,16.0,26.438,38.758,31.753,2.0,SOFT,True,228.0,187.0,207.0,318.0,30.1,36.5,37.0,991.2,5.0,0.0,,100.084,97.519,0,1,0
2022,19,FORMULA 1 ARAMCO UNITED STATES GRAND PRIX 2022,RIC,McLaren,Q1,97.046,17.0,26.202,39.208,31.636,2.0,SOFT,True,227.0,191.0,209.0,313.0,30.1,36.5,37.0,991.2,5.0,0.0,,97.627,97.622,0,1,0
2022,19,FORMULA 1 ARAMCO UNITED STATES GRAND PRIX 2022,OCO,Alpine,Q1,97.068,18.0,26.144,39.279,31.645,2.0,SOFT,True,231.0,190.0,208.0,317.0,30.1,36.5,37.0,991.2,5.0,0.0,98.102,101.31,97.468,0,1,0
2022,19,FORMULA 1 ARAMCO UNITED STATES GRAND PRIX 2022,MSC,Haas F1 Team,Q1,97.111,19.0,26.295,39.012,31.804,5.0,SOFT,True,221.0,188.0,204.0,318.0,30.1,36.5,37.0,991.2,5.0,0.0,98.922,99.507,98.132,0,1,0
2022,19,FORMULA 1 ARAMCO UNITED STATES GRAND PRIX 2022,LAT,Williams,Q1,97.244,20.0,26.088,39.149,32.007,2.0,SOFT,True,221.0,190.0,208.0,325.0,30.1,36.5,37.0,991.2,5.0,0.0,,102.317,98.028,0,1,0
2022,19,FORMULA 1 ARAMCO UNITED STATES GRAND PRIX 2022,LEC,Ferrari,Q2,95.246,2.0,25.751,38.449,31.046,6.0,SOFT,False,235.0,191.0,210.0,320.0,30.1,36.5,37.0,991.2,5.0,0.0,,96.81,96.145,0,2,0
2022,19,FORMULA 1 ARAMCO UNITED STATES GRAND PRIX 2022,VER,Red Bull Racing,Q2,95.294,3.0,25.78,38.437,31.077,5.0,SOFT,False,230.0,188.0,207.0,325.0,30.1,36.5,37.0,991.2,5.0,0.0,97.081,99.575,95.825,0,2,0
2022,19,FORMULA 1 ARAMCO UNITED STATES GRAND PRIX 2022,SAI,Ferrari,Q2,95.59,1.0,25.866,38.497,31.227,6.0,SOFT,False,234.0,187.0,210.0,320.0,30.1,36.5,37.0,991.2,5.0,0.0,96.857,98.232,96.271,0,2,0
2022,19,FORMULA 1 ARAMCO UNITED STATES GRAND PRIX 2022,RUS,Mercedes,Q2,95.692,6.0,25.967,38.64,31.085,2.0,SOFT,True,227.0,191.0,208.0,316.0,30.1,36.5,37.0,991.2,5.0,0.0,97.802,100.562,97.064,0,2,0
2022,19,FORMULA 1 ARAMCO UNITED STATES GRAND PRIX 2022,HAM,Mercedes,Q2,95.732,5.0,25.904,38.49,31.338,5.0,SOFT,False,233.0,190.0,207.0,318.0,30.1,36.5,37.0,991.2,5.0,0.0,97.332,99.698,96.401,0,2,0
2022,19,FORMULA 1 ARAMCO UNITED STATES GRAND PRIX 2022,PER,Red Bull Racing,Q2,95.864,4.0,26.065,38.778,31.021,5.0,SOFT,False,221.0,189.0,207.0,322.0,30.1,36.5,37.0,991.2,5.0,0.0,97.515,99.852,96.397,0,2,0
2022,19,FORMULA 1 ARAMCO UNITED STATES GRAND PRIX 2022,ALO,Alpine,Q2,95.988,9.0,26.155,38.758,31.075,2.0,SOFT,True,223.0,192.0,212.0,320.0,30.1,36.5,37.0,991.2,5.0,0.0,97.713,101.334,96.928,0,2,0
2022,19,FORMULA 1 ARAMCO UNITED STATES GRAND PRIX 2022,STR,Aston Martin,Q2,96.032,7.0,25.924,38.584,31.524,2.0,SOFT,True,220.0,190.0,205.0,315.0,30.1,36.5,37.0,991.2,5.0,0.0,97.46,100.806,97.215,0,2,0
2022,19,FORMULA 1 ARAMCO UNITED STATES GRAND PRIX 2022,ZHO,Alfa Romeo,Q2,96.196,14.0,26.143,38.556,31.497,2.0,SOFT,True,234.0,191.0,205.0,321.0,30.1,36.5,37.0,991.2,5.0,0.0,98.276,100.664,99.735,0,2,0
2022,19,FORMULA 1 ARAMCO UNITED STATES GRAND PRIX 2022,BOT,Alfa Romeo,Q2,96.321,10.0,26.097,38.783,31.441,2.0,SOFT,True,225.0,190.0,207.0,317.0,30.1,36.5,37.0,991.2,5.0,0.0,,97.525,97.31,0,2,0
2022,19,FORMULA 1 ARAMCO UNITED STATES GRAND PRIX 2022,NOR,McLaren,Q2,96.341,8.0,25.939,38.839,31.563,2.0,SOFT,True,229.0,189.0,205.0,318.0,30.1,36.5,37.0,991.2,5.0,0.0,97.856,99.547,97.449,0,2,0
2022,19,FORMULA 1 ARAMCO UNITED STATES GRAND PRIX 2022,ALB,Williams,Q2,96.368,11.0,25.936,38.879,31.553,2.0,SOFT,True,217.0,191.0,208.0,324.0,30.1,36.5,37.0,991.2,5.0,0.0,98.422,101.853,97.904,0,2,0
2022,19,FORMULA 1 ARAMCO UNITED STATES GRAND PRIX 2022,VET,Aston Martin,Q2,96.398,12.0,26.222,38.712,31.464,2.0,SOFT,True,225.0,192.0,207.0,315.0,30.1,36.5,37.0,991.2,5.0,0.0,98.041,101.857,97.151,0,2,0
2022,19,FORMULA 1 ARAMCO UNITED STATES GRAND PRIX 2022,TSU,AlphaTauri,Q2,96.439,15.0,26.039,38.869,31.531,2.0,SOFT,True,225.0,187.0,209.0,320.0,30.1,36.5,37.0,991.2,5.0,0.0,98.898,100.178,97.888,0,2,0
2022,19,FORMULA 1 ARAMCO UNITED STATES GRAND PRIX 2022,GAS,AlphaTauri,Q2,96.74,13.0,26.083,39.081,31.576,2.0,SOFT,True,227.0,187.0,206.0,319.0,30.1,36.5,37.0,991.2,5.0,0.0,97.81,99.84,97.29,0,2,0
2022,19,FORMULA 1 ARAMCO UNITED STATES GRAND PRIX 2022,SAI,Ferrari,Q3,94.356,1.0,25.525,38.097,30.734,2.0,SOFT,True,233.0,193.0,210.0,320.0,30.1,36.5,37.0,991.2,5.0,0.0,96.857,98.232,96.271,0,3,0
2022,19,FORMULA 1 ARAMCO UNITED STATES GRAND PRIX 2022,LEC,Ferrari,Q3,94.421,2.0,25.505,38.11,30.806,2.0,SOFT,True,239.0,192.0,206.0,320.0,30.1,36.5,37.0,991.2,5.0,0.0,,96.81,96.145,0,3,0
2022,19,FORMULA 1 ARAMCO UNITED STATES GRAND PRIX 2022,VER,Red Bull Racing,Q3,94.448,3.0,25.599,37.846,31.003,3.0,SOFT,True,232.0,189.0,209.0,326.0,30.1,36.5,37.0,991.2,5.0,0.0,97.081,99.575,95.825,0,3,0
2022,19,FORMULA 1 ARAMCO UNITED STATES GRAND PRIX 2022,PER,Red Bull Racing,Q3,94.645,4.0,25.664,38.094,30.887,2.0,SOFT,True,225.0,192.0,208.0,323.0,30.1,36.5,37.0,991.2,5.0,0.0,97.515,99.852,96.397,0,3,0
2022,19,FORMULA 1 ARAMCO UNITED STATES GRAND PRIX 2022,HAM,Mercedes,Q3,94.947,5.0,25.722,38.09,31.135,2.0,SOFT,True,234.0,191.0,210.0,318.0,30.1,36.5,37.0,991.2,5.0,0.0,97.332,99.698,96.401,0,3,0
2022,19,FORMULA 1 ARAMCO UNITED STATES GRAND PRIX 2022,RUS,Mercedes,Q3,94.988,6.0,25.772,38.174,31.042,2.0,SOFT,True,231.0,192.0,207.0,318.0,30.1,36.5,37.0,991.2,5.0,0.0,97.802,100.562,97.064,0,3,0
2022,19,FORMULA 1 ARAMCO UNITED STATES GRAND PRIX 2022,STR,Aston Martin,Q3,95.598,7.0,25.847,38.481,31.27,2.0,SOFT,True,222.0,191.0,208.0,315.0,30.1,36.5,37.0,991.2,5.0,0.0,97.46,100.806,97.215,0,3,0
2022,19,FORMULA 1 ARAMCO UNITED STATES GRAND PRIX 2022,NOR,McLaren,Q3,95.69,8.0,25.856,38.526,31.308,2.0,SOFT,True,229.0,190.0,205.0,320.0,30.1,36.5,37.0,991.2,5.0,0.0,97.856,99.547,97.449,0,3,0
2022,19,FORMULA 1 ARAMCO UNITED STATES GRAND PRIX 2022,ALO,Alpine,Q3,95.876,9.0,26.055,38.558,31.263,2.0,SOFT,True,228.0,191.0,208.0,321.0,30.1,36.5,37.0,991.2,5.0,0.0,97.713,101.334,96.928,0,3,0
2022,19,FORMULA 1 ARAMCO UNITED STATES GRAND PRIX 2022,BOT,Alfa Romeo,Q3,96.319,10.0,26.07,38.792,31.457,2.0,SOFT,True,227.0,190.0,208.0,318.0,30.1,36.5,37.0,991.2,5.0,0.0,,97.525,97.31,0,3,0
2022,20,FORMULA 1 HEINEKEN GRAN PREMIO DE LA CIUDAD DE MÉXICO 2022,HAM,Mercedes,Q1,79.169,3.0,27.937,30.598,20.634,6.0,SOFT,False,311.0,292.0,250.0,344.0,25.75,48.75,36.0,782.5,1.2,0.0,80.849,81.509,78.543,0,1,0
2022,20,FORMULA 1 HEINEKEN GRAN PREMIO DE LA CIUDAD DE MÉXICO 2022,VER,Red Bull Racing,Q1,79.222,1.0,28.015,30.813,20.394,3.0,SOFT,True,313.0,293.0,252.0,349.0,25.75,48.75,36.0,782.5,1.2,0.0,80.827,81.588,78.876,0,1,0
2022,20,FORMULA 1 HEINEKEN GRAN PREMIO DE LA CIUDAD DE MÉXICO 2022,LEC,Ferrari,Q1,79.505,7.0,28.161,30.765,20.579,2.0,SOFT,True,309.0,288.0,250.0,344.0,25.75,48.75,36.0,782.5,1.2,0.0,80.753,81.618,79.123,0,1,0
2022,20,FORMULA 1 HEINEKEN GRAN PREMIO DE LA CIUDAD DE MÉXICO 2022,BOT,Alfa Romeo,Q1,79.523,6.0,28.036,30.844,20.643,2.0,SOFT,True,311.0,291.0,251.0,346.0,25.75,48.75,36.0,782.5,1.2,0.0,81.083,81.993,79.39,0,1,0
2022,20,FORMULA 1 HEINEKEN GRAN PREMIO DE LA CIUDAD DE MÉXICO 2022,SAI,Ferrari,Q1,79.566,5.0,28.102,30.795,20.669,3.0,SOFT,True,311.0,290.0,249.0,346.0,25.75,48.75,36.0,782.5,1.2,0.0,80.707,81.693,79.301,0,1,0
2022,20,FORMULA 1 HEINEKEN GRAN PREMIO DE LA CIUDAD DE MÉXICO 2022,RUS,Mercedes,Q1,79.583,2.0,28.153,30.783,20.647,6.0,SOFT,False,310.0,293.0,251.0,344.0,25.75,48.75,36.0,782.5,1.2,0.0,,79.97,78.399,0,1,0
2022,20,FORMULA 1 HEINEKEN GRAN PREMIO DE LA CIUDAD DE MÉXICO 2022,MSC,Haas F1 Team,Q1,79.695,16.0,27.966,31.032,20.697,2.0,SOFT,True,312.0,290.0,250.0,347.0,25.75,48.75,36.0,782.5,1.2,0.0,81.952,82.879,80.598,0,1,0
2022,20,FORMULA 1 HEINEKEN GRAN PREMIO DE LA CIUDAD DE MÉXICO 2022,PER,Red Bull Racing,Q1,79.706,4.0,27.972,30.957,20.777,5.0,SOFT,False,312.0,285.0,252.0,346.0,25.75,48.75,36.0,782.5,1.2,0.0,80.827,81.579,79.241,0,1,0
2022,20,FORMULA 1 HEINEKEN GRAN PREMIO DE LA CIUDAD DE MÉXICO 2022,NOR,McLaren,Q1,79.857,8.0,28.05,31.144,20.663,2.0,SOFT,True,309.0,290.0,249.0,346.0,25.75,48.75,36.0,782.5,1.2,0.0,81.12,82.738,79.317,0,1,0
2022,20,FORMULA 1 HEINEKEN GRAN PREMIO DE LA CIUDAD DE MÉXICO 2022,TSU,AlphaTauri,Q1,79.907,13.0,28.12,30.969,20.818,2.0,SOFT,True,309.0,292.0,252.0,343.0,25.75,48.75,36.0,782.5,1.2,0.0,,80.798,79.882,0,1,0
2022,20,FORMULA 1 HEINEKEN GRAN PREMIO DE LA CIUDAD DE MÉXICO 2022,OCO,Alpine,Q1,79.945,10.0,28.032,31.066,20.847,2.0,SOFT,True,311.0,292.0,250.0,344.0,25.75,48.75,36.0,782.5,1.2,0.0,,81.177,79.96,0,1,0
2022,20,FORMULA 1 HEINEKEN GRAN PREMIO DE LA CIUDAD DE MÉXICO 2022,ALO,Alpine,Q1,80.006,9.0,28.239,30.846,20.921,2.0,SOFT,True,310.0,291.0,249.0,345.0,25.75,48.75,36.0,782.5,1.2,0.0,80.899,82.337,80.037,0,1,0
2022,20,FORMULA 1 HEINEKEN GRAN PREMIO DE LA CIUDAD DE MÉXICO 2022,GAS,AlphaTauri,Q1,80.256,14.0,28.003,31.301,20.951999999999998,3.0,SOFT,True,310.0,290.0,252.0,347.0,25.75,48.75,36.0,782.5,1.2,0.0,81.31,82.104,80.33,0,1,0
2022,20,FORMULA 1 HEINEKEN GRAN PREMIO DE LA CIUDAD DE MÉXICO 2022,RIC,McLaren,Q1,80.279,11.0,28.215,31.213,20.851,3.0,SOFT,True,311.0,288.0,249.0,345.0,25.75,48.75,36.0,782.5,1.2,0.0,81.762,82.763,80.139,0,1,0
2022,20,FORMULA 1 HEINEKEN GRAN PREMIO DE LA CIUDAD DE MÉXICO 2022,ZHO,Alfa Romeo,Q1,80.283,12.0,28.393,31.151,20.739,2.0,SOFT,True,309.0,289.0,249.0,345.0,25.75,48.75,36.0,782.5,1.2,0.0,81.82,83.369,80.019,0,1,0
2022,20,FORMULA 1 HEINEKEN GRAN PREMIO DE LA CIUDAD DE MÉXICO 2022,MAG,Haas F1 Team,Q1,80.293,15.0,27.997,31.286,21.01,2.0,SOFT,True,311.0,289.0,249.0,348.0,25.75,48.75,36.0,782.5,1.2,0.0,,83.316,81.271,0,1,0
2022,20,FORMULA 1 HEINEKEN GRAN PREMIO DE LA CIUDAD DE MÉXICO 2022,VET,Aston Martin,Q1,80.419,17.0,28.367,31.224,20.828,3.0,SOFT,True,308.0,289.0,250.0,343.0,25.75,48.75,36.0,782.5,1.2,0.0,81.525,82.371,80.986,0,1,0
2022,20,FORMULA 1 HEINEKEN GRAN PREMIO DE LA CIUDAD DE MÉXICO 2022,STR,Aston Martin,Q1,80.52,18.0,28.298,31.189,21.033,3.0,SOFT,True,310.0,290.0,249.0,343.0,25.75,48.75,36.0,782.5,1.2,0.0,81.865,82.84,80.477,0,1,0
2022,20,FORMULA 1 HEINEKEN GRAN PREMIO DE LA CIUDAD DE MÉXICO 2022,ALB,Williams,Q1,80.859,19.0,27.963,31.907,20.989,3.0,SOFT,True,313.0,290.0,249.0,348.0,25.75,48.75,36.0,782.5,1.2,0.0,,82.447,79.917,0,1,0
2022,20,FORMULA 1 HEINEKEN GRAN PREMIO DE LA CIUDAD DE MÉXICO 2022,LAT,Williams,Q1,81.167,20.0,28.219,31.847,21.101,3.0,SOFT,True,313.0,290.0,249.0,348.0,25.75,48.75,36.0,782.5,1.2,0.0,82.912,83.32,80.848,0,1,0
2022,20,FORMULA 1 HEINEKEN GRAN PREMIO DE LA CIUDAD DE MÉXICO 2022,HAM,Mercedes,Q2,78.552,3.0,27.732,30.442,20.378,2.0,SOFT,True,311.0,291.0,250.0,342.0,25.75,48.75,36.0,782.5,1.2,0.0,80.849,81.509,78.543,0,2,0
2022,20,FORMULA 1 HEINEKEN GRAN PREMIO DE LA CIUDAD DE MÉXICO 2022,SAI,Ferrari,Q2,78.56,5.0,27.875,30.452,20.233,2.0,SOFT,True,311.0,291.0,250.0,344.0,25.75,48.75,36.0,782.5,1.2,0.0,80.707,81.693,79.301,0,2,0
2022,20,FORMULA 1 HEINEKEN GRAN PREMIO DE LA CIUDAD DE MÉXICO 2022,RUS,Mercedes,Q2,78.565,2.0,27.835,30.394,20.336,2.0,SOFT,True,312.0,293.0,252.0,344.0,25.75,48.75,36.0,782.5,1.2,0.0,,79.97,78.399,0,2,0
2022,20,FORMULA 1 HEINEKEN GRAN PREMIO DE LA CIUDAD DE MÉXICO 2022,VER,Red Bull Racing,Q2,78.566,1.0,27.781,30.545,20.24,2.0,SOFT,True,313.0,295.0,251.0,346.0,25.75,48.75,36.0,782.5,1.2,0.0,80.827,81.588,78.876,0,2,0
2022,20,FORMULA 1 HEINEKEN GRAN PREMIO DE LA CIUDAD DE MÉXICO 2022,PER,Red Bull Racing,Q2,78.615,4.0,27.757,30.414,20.444,2.0,SOFT,True,312.0,294.0,253.0,347.0,25.75,48.75,36.0,782.5,1.2,0.0,80.827,81.579,79.241,0,2,0
2022,20,FORMULA 1 HEINEKEN GRAN PREMIO DE LA CIUDAD DE MÉXICO 2022,BOT,Alfa Romeo,Q2,78.762,6.0,27.92,30.453,20.389,2.0,SOFT,True,311.0,292.0,250.0,344.0,25.75,48.75,36.0,782.5,1.2,0.0,81.083,81.993,79.39,0,2,0
2022,20,FORMULA 1 HEINEKEN GRAN PREMIO DE LA CIUDAD DE MÉXICO 2022,OCO,Alpine,Q2,79.081,10.0,27.892,30.591,20.598,2.0,SOFT,True,312.0,291.0,249.0,344.0,25.75,48.75,36.0,782.5,1.2,0.0,,81.177,79.96,0,2,0
2022,20,FORMULA 1 HEINEKEN GRAN PREMIO DE LA CIUDAD DE MÉXICO 2022,LEC,Ferrari,Q2,79.109,7.0,27.995,30.613,20.501,9.0,SOFT,False,310.0,288.0,249.0,346.0,25.75,48.75,36.0,782.5,1.2,0.0,80.753,81.618,79.123,0,2,0
2022,20,FORMULA 1 HEINEKEN GRAN PREMIO DE LA CIUDAD DE MÉXICO 2022,NOR,McLaren,Q2,79.119,8.0,27.806,30.805,20.508,2.0,SOFT,True,311.0,291.0,248.0,346.0,25.75,48.75,36.0,782.5,1.2,0.0,81.12,82.738,79.317,0,2,0
2022,20,FORMULA 1 HEINEKEN GRAN PREMIO DE LA CIUDAD DE MÉXICO 2022,ALO,Alpine,Q2,79.272,9.0,28.093,30.596,20.583,2.0,SOFT,True,312.0,292.0,248.0,344.0,25.75,48.75,36.0,782.5,1.2,0.0,80.899,82.337,80.037,0,2,0
2022,20,FORMULA 1 HEINEKEN GRAN PREMIO DE LA CIUDAD DE MÉXICO 2022,RIC,McLaren,Q2,79.325,11.0,27.867,30.954,20.504,2.0,SOFT,True,312.0,291.0,249.0,345.0,25.75,48.75,36.0,782.5,1.2,0.0,81.762,82.763,80.139,0,2,0
2022,20,FORMULA 1 HEINEKEN GRAN PREMIO DE LA CIUDAD DE MÉXICO 2022,ZHO,Alfa Romeo,Q2,79.476,12.0,28.119,30.864,20.493,2.0,SOFT,True,310.0,291.0,249.0,343.0,25.75,48.75,36.0,782.5,1.2,0.0,81.82,83.369,80.019,0,2,0
2022,20,FORMULA 1 HEINEKEN GRAN PREMIO DE LA CIUDAD DE MÉXICO 2022,TSU,AlphaTauri,Q2,79.589,13.0,27.96,30.86,20.769,2.0,SOFT,True,313.0,295.0,252.0,346.0,25.75,48.75,36.0,782.5,1.2,0.0,,80.798,79.882,0,2,0
2022,20,FORMULA 1 HEINEKEN GRAN PREMIO DE LA CIUDAD DE MÉXICO 2022,GAS,AlphaTauri,Q2,79.672,14.0,27.929,30.971,20.772,2.0,SOFT,True,312.0,292.0,252.0,346.0,25.75,48.75,36.0,782.5,1.2,0.0,81.31,82.104,80.33,0,2,0
2022,20,FORMULA 1 HEINEKEN GRAN PREMIO DE LA CIUDAD DE MÉXICO 2022,MAG,Haas F1 Team,Q2,79.833,15.0,28.004,31.144,20.685,2.0,SOFT,True,312.0,292.0,249.0,348.0,25.75,48.75,36.0,782.5,1.2,0.0,,83.316,81.271,0,2,0
2022,20,FORMULA 1 HEINEKEN GRAN PREMIO DE LA CIUDAD DE MÉXICO 2022,VER,Red Bull Racing,Q3,77.775,1.0,27.49,30.244,20.041,2.0,SOFT,True,314.0,295.0,252.0,349.0,25.75,48.75,36.0,782.5,1.2,0.0,80.827,81.588,78.876,0,3,0
2022,20,FORMULA 1 HEINEKEN GRAN PREMIO DE LA CIUDAD DE MÉXICO 2022,RUS,Mercedes,Q3,78.079,2.0,27.718,30.138,20.223,2.0,SOFT,True,313.0,295.0,252.0,345.0,25.75,48.75,36.0,782.5,1.2,0.0,,79.97,78.399,0,3,0
2022,20,FORMULA 1 HEINEKEN GRAN PREMIO DE LA CIUDAD DE MÉXICO 2022,HAM,Mercedes,Q3,78.084,3.0,27.715,30.069,20.3,2.0,SOFT,True,311.0,293.0,250.0,344.0,25.75,48.75,36.0,782.5,1.2,0.0,80.849,81.509,78.543,0,3,0
2022,20,FORMULA 1 HEINEKEN GRAN PREMIO DE LA CIUDAD DE MÉXICO 2022,PER,Red Bull Racing,Q3,78.128,4.0,27.585,30.283,20.26,2.0,SOFT,True,313.0,296.0,253.0,348.0,25.75,48.75,36.0,782.5,1.2,0.0,80.827,81.579,79.241,0,3,0
2022,20,FORMULA 1 HEINEKEN GRAN PREMIO DE LA CIUDAD DE MÉXICO 2022,SAI,Ferrari,Q3,78.351,5.0,27.662,30.479,20.21,2.0,SOFT,True,312.0,291.0,250.0,345.0,25.75,48.75,36.0,782.5,1.2,0.0,80.707,81.693,79.301,0,3,0
2022,20,FORMULA 1 HEINEKEN GRAN PREMIO DE LA CIUDAD DE MÉXICO 2022,BOT,Alfa Romeo,Q3,78.401,6.0,27.667,30.338,20.396,2.0,SOFT,True,312.0,293.0,251.0,345.0,25.75,48.75,36.0,782.5,1.2,0.0,81.083,81.993,79.39,0,3,0
2022,20,FORMULA 1 HEINEKEN GRAN PREMIO DE LA CIUDAD DE MÉXICO 2022,LEC,Ferrari,Q3,78.555,7.0,27.943,30.33,20.282,2.0,SOFT,True,308.0,283.0,249.0,342.0,25.75,48.75,36.0,782.5,1.2,0.0,80.753,81.618,79.123,0,3,0
2022,20,FORMULA 1 HEINEKEN GRAN PREMIO DE LA CIUDAD DE MÉXICO 2022,NOR,McLaren,Q3,78.721,8.0,27.767,30.544,20.41,2.0,SOFT,True,310.0,294.0,247.0,347.0,25.75,48.75,36.0,782.5,1.2,0.0,81.12,82.738,79.317,0,3,0
2022,20,FORMULA 1 HEINEKEN GRAN PREMIO DE LA CIUDAD DE MÉXICO 2022,ALO,Alpine,Q3,78.939,9.0,28.049,30.393,20.497,2.0,SOFT,True,311.0,292.0,247.0,342.0,25.75,48.75,36.0,782.5,1.2,0.0,80.899,82.337,80.037,0,3,0
2022,20,FORMULA 1 HEINEKEN GRAN PREMIO DE LA CIUDAD DE MÉXICO 2022,OCO,Alpine,Q3,79.01,10.0,27.966,30.574,20.47,2.0,SOFT,True,311.0,292.0,249.0,345.0,25.75,48.75,36.0,782.5,1.2,0.0,,81.177,79.96,0,3,0
2022,21,FORMULA 1 HEINEKEN GRANDE PRÊMIO DE SÃO PAULO 2022,NOR,McLaren,Q1,73.106,4.0,18.683,36.944,17.479,5.0,SOFT,True,306.0,260.0,302.0,303.0,19.2,27.0,94.0,924.2,1.1,0.0,72.955,75.851,75.38,1,1,0
2022,21,FORMULA 1 HEINEKEN GRANDE PRÊMIO DE SÃO PAULO 2022,HAM,Mercedes,Q1,73.403,8.0,18.72,37.192,17.491,4.0,SOFT,True,307.0,261.0,301.0,304.0,19.2,27.0,94.0,924.2,1.1,0.0,72.04,75.137,74.317,1,1,0
2022,21,FORMULA 1 HEINEKEN GRANDE PRÊMIO DE SÃO PAULO 2022,ALO,Alpine,Q1,73.542,7.0,18.944,36.962,17.636,4.0,SOFT,True,306.0,257.0,302.0,303.0,19.2,27.0,94.0,924.2,1.1,0.0,72.554,75.049,74.764,1,1,0
2022,21,FORMULA 1 HEINEKEN GRANDE PRÊMIO DE SÃO PAULO 2022,VET,Aston Martin,Q1,73.597,13.0,18.781,37.311,17.505,5.0,SOFT,True,305.0,256.0,303.0,301.0,19.2,27.0,94.0,924.2,1.1,0.0,72.157,76.4,75.451,1,1,0
2022,21,FORMULA 1 HEINEKEN GRANDE PRÊMIO DE SÃO PAULO 2022,PER,Red Bull Racing,Q1,73.613,9.0,18.919,37.356,17.338,4.0,SOFT,True,310.0,255.0,308.0,307.0,19.2,27.0,94.0,924.2,1.1,0.0,71.853,74.788,74.699,1,1,0
2022,21,FORMULA 1 HEINEKEN GRANDE PRÊMIO DE SÃO PAULO 2022,VER,Red Bull Racing,Q1,73.625,2.0,18.767,37.407,17.451,4.0,SOFT,True,309.0,258.0,306.0,307.0,19.2,27.0,94.0,924.2,1.1,0.0,71.861,75.098,74.507,1,1,0
2022,21,FORMULA 1 HEINEKEN GRANDE PRÊMIO DE SÃO PAULO 2022,MAG,Haas F1 Team,Q1,73.954,1.0,18.891,37.457,17.606,3.0,SOFT,True,300.0,259.0,297.0,299.0,19.2,27.0,94.0,924.2,1.1,0.0,72.997,75.815,75.11,1,1,0
2022,21,FORMULA 1 HEINEKEN GRANDE PRÊMIO DE SÃO PAULO 2022,ALB,Williams,Q1,74.324,11.0,18.894,37.819,17.611,5.0,SOFT,True,309.0,235.0,308.0,301.0,19.2,27.0,94.0,924.2,1.1,0.0,72.633,,75.998,1,1,0
2022,21,FORMULA 1 HEINEKEN GRANDE PRÊMIO DE SÃO PAULO 2022,GAS,AlphaTauri,Q1,74.371,12.0,19.083,37.817,17.471,7.0,SOFT,True,310.0,258.0,308.0,298.0,19.2,27.0,94.0,924.2,1.1,0.0,72.467,75.636,75.29,1,1,0
2022,21,FORMULA 1 HEINEKEN GRANDE PRÊMIO DE SÃO PAULO 2022,STR,Aston Martin,Q1,74.398,15.0,18.685,37.907,17.806,5.0,SOFT,True,304.0,255.0,303.0,301.0,19.2,27.0,94.0,924.2,1.1,0.0,72.759,76.263,75.425,1,1,0
2022,21,FORMULA 1 HEINEKEN GRANDE PRÊMIO DE SÃO PAULO 2022,RUS,Mercedes,Q1,74.427,3.0,18.823,37.95,17.654,4.0,SOFT,True,292.0,246.0,303.0,301.0,19.2,27.0,94.0,924.2,1.1,0.0,72.055,74.916,74.233,1,1,0
2022,21,FORMULA 1 HEINEKEN GRANDE PRÊMIO DE SÃO PAULO 2022,LEC,Ferrari,Q1,74.486,10.0,19.355,37.497,17.634,3.0,SOFT,True,301.0,255.0,306.0,305.0,19.2,27.0,94.0,924.2,1.1,0.0,71.857,75.868,75.236,1,1,0
2022,21,FORMULA 1 HEINEKEN GRANDE PRÊMIO DE SÃO PAULO 2022,OCO,Alpine,Q1,74.663,6.0,18.832,38.019,17.812,4.0,SOFT,True,304.0,244.0,304.0,298.0,19.2,27.0,94.0,924.2,1.1,0.0,72.705,74.604,76.097,1,1,0
2022,21,FORMULA 1 HEINEKEN GRANDE PRÊMIO DE SÃO PAULO 2022,SAI,Ferrari,Q1,74.68,5.0,19.082,37.905,17.693,3.0,SOFT,True,304.0,253.0,309.0,305.0,19.2,27.0,94.0,924.2,1.1,0.0,72.039,75.856,74.522,1,1,0
2022,21,FORMULA 1 HEINEKEN GRANDE PRÊMIO DE SÃO PAULO 2022,RIC,McLaren,Q1,74.931,14.0,18.987,38.149,17.795,5.0,SOFT,True,302.0,251.0,302.0,304.0,19.2,27.0,94.0,924.2,1.1,0.0,73.359,75.994,75.385,1,1,0
2022,21,FORMULA 1 HEINEKEN GRANDE PRÊMIO DE SÃO PAULO 2022,LAT,Williams,Q1,75.095,16.0,18.915,38.45,17.73,6.0,SOFT,True,310.0,242.0,308.0,308.0,19.2,27.0,94.0,924.2,1.1,0.0,73.019,76.181,76.525,1,1,0
2022,21,FORMULA 1 HEINEKEN GRANDE PRÊMIO DE SÃO PAULO 2022,ZHO,Alfa Romeo,Q1,75.197,17.0,19.43,38.004,17.763,3.0,SOFT,True,303.0,255.0,299.0,295.0,19.2,27.0,94.0,924.2,1.1,0.0,73.115,76.468,75.765,1,1,0
2022,21,FORMULA 1 HEINEKEN GRANDE PRÊMIO DE SÃO PAULO 2022,BOT,Alfa Romeo,Q1,75.486,18.0,19.029,38.574,17.883,3.0,SOFT,True,293.0,249.0,299.0,300.0,19.2,27.0,94.0,924.2,1.1,0.0,72.466,76.047,75.98,1,1,0
2022,21,FORMULA 1 HEINEKEN GRANDE PRÊMIO DE SÃO PAULO 2022,TSU,AlphaTauri,Q1,76.264,19.0,19.316,39.221,17.727,3.0,SOFT,True,304.0,244.0,300.0,300.0,19.2,27.0,94.0,924.2,1.1,0.0,73.347,75.865,76.413,1,1,0
2022,21,FORMULA 1 HEINEKEN GRANDE PRÊMIO DE SÃO PAULO 2022,MSC,Haas F1 Team,Q1,76.361,20.0,19.272,38.906,18.183,3.0,SOFT,True,303.0,238.0,300.0,299.0,19.2,27.0,94.0,924.2,1.1,0.0,72.314,75.684,75.771,1,1,0
2022,21,FORMULA 1 HEINEKEN GRANDE PRÊMIO DE SÃO PAULO 2022,VER,Red Bull Racing,Q2,70.881,2.0,18.093,35.772,17.016,2.0,SOFT,True,325.0,263.0,326.0,330.0,19.2,27.0,94.0,924.2,1.1,0.0,71.861,75.098,74.507,1,2,0
2022,21,FORMULA 1 HEINEKEN GRANDE PRÊMIO DE SÃO PAULO 2022,SAI,Ferrari,Q2,70.89,5.0,18.087,35.787,17.016,3.0,SOFT,True,320.0,260.0,320.0,322.0,19.2,27.0,94.0,924.2,1.1,0.0,72.039,75.856,74.522,1,2,0
2022,21,FORMULA 1 HEINEKEN GRANDE PRÊMIO DE SÃO PAULO 2022,LEC,Ferrari,Q2,70.95,10.0,18.381,35.591,16.978,2.0,SOFT,True,320.0,266.0,320.0,319.0,19.2,27.0,94.0,924.2,1.1,0.0,71.857,75.868,75.236,1,2,0
2022,21,FORMULA 1 HEINEKEN GRANDE PRÊMIO DE SÃO PAULO 2022,RUS,Mercedes,Q2,71.318,3.0,18.293,36.092,16.933,5.0,SOFT,True,317.0,259.0,319.0,320.0,19.2,27.0,94.0,924.2,1.1,0.0,72.055,74.916,74.233,1,2,0
2022,21,FORMULA 1 HEINEKEN GRANDE PRÊMIO DE SÃO PAULO 2022,NOR,McLaren,Q2,71.377,4.0,18.274,36.066,17.037,2.0,SOFT,True,322.0,260.0,319.0,326.0,19.2,27.0,94.0,924.2,1.1,0.0,72.955,75.851,75.38,1,2,0
2022,21,FORMULA 1 HEINEKEN GRANDE PRÊMIO DE SÃO PAULO 2022,ALO,Alpine,Q2,71.394,7.0,18.224,36.136,17.034,4.0,SOFT,True,321.0,260.0,329.0,327.0,19.2,27.0,94.0,924.2,1.1,0.0,72.554,75.049,74.764,1,2,0
2022,21,FORMULA 1 HEINEKEN GRANDE PRÊMIO DE SÃO PAULO 2022,MAG,Haas F1 Team,Q2,71.41,1.0,18.166,36.152,17.092,4.0,SOFT,True,320.0,260.0,318.0,323.0,19.2,27.0,94.0,924.2,1.1,0.0,72.997,75.815,75.11,1,2,0
2022,21,FORMULA 1 HEINEKEN GRANDE PRÊMIO DE SÃO PAULO 2022,PER,Red Bull Racing,Q2,71.456,9.0,18.222,36.255,16.979,2.0,SOFT,True,325.0,260.0,327.0,332.0,19.2,27.0,94.0,924.2,1.1,0.0,71.853,74.788,74.699,1,2,0
2022,21,FORMULA 1 HEINEKEN GRANDE PRÊMIO DE SÃO PAULO 2022,HAM,Mercedes,Q2,71.539,8.0,18.328,36.173,17.038,2.0,SOFT,True,317.0,260.0,317.0,320.0,19.2,27.0,94.0,924.2,1.1,0.0,72.04,75.137,74.317,1,2,0
2022,21,FORMULA 1 HEINEKEN GRANDE PRÊMIO DE SÃO PAULO 2022,OCO,Alpine,Q2,71.587,6.0,18.394,36.1,17.093,2.0,SOFT,True,322.0,259.0,321.0,326.0,19.2,27.0,94.0,924.2,1.1,0.0,72.705,74.604,76.097,1,2,0
2022,21,FORMULA 1 HEINEKEN GRANDE PRÊMIO DE SÃO PAULO 2022,ALB,Williams,Q2,71.631,11.0,18.421,36.316,16.894,2.0,SOFT,True,325.0,254.0,329.0,318.0,19.2,27.0,94.0,924.2,1.1,0.0,72.633,,75.998,1,2,0
2022,21,FORMULA 1 HEINEKEN GRANDE PRÊMIO DE SÃO PAULO 2022,GAS,AlphaTauri,Q2,71.675,12.0,18.281,36.531,16.863,3.0,SOFT,True,323.0,261.0,322.0,329.0,19.2,27.0,94.0,924.2,1.1,0.0,72.467,75.636,75.29,1,2,0
2022,21,FORMULA 1 HEINEKEN GRANDE PRÊMIO DE SÃO PAULO 2022,VET,Aston Martin,Q2,71.678,13.0,18.212,36.318,17.148,3.0,SOFT,True,318.0,258.0,317.0,321.0,19.2,27.0,94.0,924.2,1.1,0.0,72.157,76.4,75.451,1,2,0
2022,21,FORMULA 1 HEINEKEN GRANDE PRÊMIO DE SÃO PAULO 2022,RIC,McLaren,Q2,72.14,14.0,18.388,36.607,17.145,4.0,SOFT,True,319.0,256.0,319.0,326.0,19.2,27.0,94.0,924.2,1.1,0.0,73.359,75.994,75.385,1,2,0
2022,21,FORMULA 1 HEINEKEN GRANDE PRÊMIO DE SÃO PAULO 2022,STR,Aston Martin,Q2,72.21,15.0,18.412,36.585,17.213,4.0,SOFT,True,316.0,259.0,317.0,321.0,19.2,27.0,94.0,924.2,1.1,0.0,72.759,76.263,75.425,1,2,0
2022,21,FORMULA 1 HEINEKEN GRANDE PRÊMIO DE SÃO PAULO 2022,MAG,Haas F1 Team,Q3,71.674,1.0,18.41,36.29,16.974,2.0,SOFT,True,319.0,261.0,319.0,317.0,19.2,27.0,94.0,924.2,1.1,0.0,72.997,75.815,75.11,1,3,0
2022,21,FORMULA 1 HEINEKEN GRANDE PRÊMIO DE SÃO PAULO 2022,VER,Red Bull Racing,Q3,71.877,2.0,18.331,36.607,16.939,2.0,SOFT,True,323.0,260.0,324.0,327.0,19.2,27.0,94.0,924.2,1.1,0.0,71.861,75.098,74.507,1,3,0
2022,21,FORMULA 1 HEINEKEN GRANDE PRÊMIO DE SÃO PAULO 2022,RUS,Mercedes,Q3,72.059,3.0,18.712,36.161,17.186,2.0,SOFT,True,316.0,257.0,318.0,320.0,19.2,27.0,94.0,924.2,1.1,0.0,72.055,74.916,74.233,1,3,0
2022,21,FORMULA 1 HEINEKEN GRANDE PRÊMIO DE SÃO PAULO 2022,NOR,McLaren,Q3,72.263,4.0,18.55,36.643,17.07,2.0,SOFT,True,320.0,258.0,318.0,323.0,19.2,27.0,94.0,924.2,1.1,0.0,72.955,75.851,75.38,1,3,0
2022,21,FORMULA 1 HEINEKEN GRANDE PRÊMIO DE SÃO PAULO 2022,SAI,Ferrari,Q3,72.357,5.0,18.808,36.371,17.178,2.0,SOFT,True,316.0,255.0,317.0,318.0,19.2,27.0,94.0,924.2,1.1,0.0,72.039,75.856,74.522,1,3,0
2022,21,FORMULA 1 HEINEKEN GRANDE PRÊMIO DE SÃO PAULO 2022,OCO,Alpine,Q3,72.425,6.0,18.673000000000002,36.605,17.147,2.0,SOFT,True,320.0,257.0,321.0,323.0,19.2,27.0,94.0,924.2,1.1,0.0,72.705,74.604,76.097,1,3,0
2022,21,FORMULA 1 HEINEKEN GRANDE PRÊMIO DE SÃO PAULO 2022,ALO,Alpine,Q3,72.504,7.0,18.909,36.462,17.133,2.0,SOFT,True,320.0,257.0,322.0,297.0,19.2,27.0,94.0,924.2,1.1,0.0,72.554,75.049,74.764,1,3,0
2022,21,FORMULA 1 HEINEKEN GRANDE PRÊMIO DE SÃO PAULO 2022,HAM,Mercedes,Q3,72.611,8.0,18.776,36.748,17.087,2.0,SOFT,True,320.0,251.0,319.0,322.0,19.2,27.0,94.0,924.2,1.1,0.0,72.04,75.137,74.317,1,3,0
2022,21,FORMULA 1 HEINEKEN GRANDE PRÊMIO DE SÃO PAULO 2022,PER,Red Bull Racing,Q3,75.601,9.0,18.831,39.043,17.727,2.0,SOFT,True,330.0,231.0,324.0,299.0,19.2,27.0,94.0,924.2,1.1,0.0,71.853,74.788,74.699,1,3,0
2022,21,FORMULA 1 HEINEKEN GRANDE PRÊMIO DE SÃO PAULO 2022,LEC,Ferrari,Q3,80.329,10.0,18.957,38.972,22.4,2.0,INTERMEDIATE,True,315.0,249.0,,316.0,19.2,27.0,94.0,924.2,1.1,0.0,71.857,75.868,75.236,1,3,0
2022,22,FORMULA 1 ETIHAD AIRWAYS ABU DHABI GRAND PRIX 2022,VER,Red Bull Racing,Q1,84.754,1.0,17.354,36.456,30.944,2.0,SOFT,True,290.0,322.0,217.0,329.0,28.8,33.4,70.0,1014.7,1.6,0.0,,85.146,85.134,0,1,0
2022,22,FORMULA 1 ETIHAD AIRWAYS ABU DHABI GRAND PRIX 2022,PER,Red Bull Racing,Q1,84.82,2.0,17.437,36.442,30.941,2.0,SOFT,True,291.0,323.0,217.0,329.0,28.8,33.4,70.0,1014.7,1.6,0.0,86.967,85.852,84.982,0,1,0
2022,22,FORMULA 1 ETIHAD AIRWAYS ABU DHABI GRAND PRIX 2022,SAI,Ferrari,Q1,85.09,4.0,17.508,36.601,30.981,3.0,SOFT,True,290.0,320.0,219.0,323.0,28.8,33.4,70.0,1014.7,1.6,0.0,,85.932,85.605,0,1,0
2022,22,FORMULA 1 ETIHAD AIRWAYS ABU DHABI GRAND PRIX 2022,LEC,Ferrari,Q1,85.211,3.0,17.487,36.603,31.121,2.0,SOFT,True,290.0,319.0,220.0,325.0,28.8,33.4,70.0,1014.7,1.6,0.0,86.888,85.599,85.571,0,1,0
2022,22,FORMULA 1 ETIHAD AIRWAYS ABU DHABI GRAND PRIX 2022,NOR,McLaren,Q1,85.387,7.0,17.614,36.738,31.035,5.0,SOFT,False,286.0,315.0,216.0,317.0,28.8,33.4,70.0,1014.7,1.6,0.0,,86.377,85.518,0,1,0
2022,22,FORMULA 1 ETIHAD AIRWAYS ABU DHABI GRAND PRIX 2022,VET,Aston Martin,Q1,85.523,9.0,17.532,36.872,31.119,2.0,SOFT,True,286.0,311.0,218.0,312.0,28.8,33.4,70.0,1014.7,1.6,0.0,87.268,86.395,86.012,0,1,0
2022,22,FORMULA 1 ETIHAD AIRWAYS ABU DHABI GRAND PRIX 2022,RUS,Mercedes,Q1,85.545,6.0,17.584,36.713,31.248,2.0,SOFT,True,284.0,316.0,218.0,317.0,28.8,33.4,70.0,1014.7,1.6,0.0,86.853,85.487,85.395,0,1,0
2022,22,FORMULA 1 ETIHAD AIRWAYS ABU DHABI GRAND PRIX 2022,HAM,Mercedes,Q1,85.594,5.0,17.621,36.872,31.101,2.0,SOFT,True,287.0,317.0,216.0,318.0,28.8,33.4,70.0,1014.7,1.6,0.0,86.633,85.761,85.222,0,1,0
2022,22,FORMULA 1 ETIHAD AIRWAYS ABU DHABI GRAND PRIX 2022,ZHO,Alfa Romeo,Q1,85.594,15.0,17.633,36.805,31.156,2.0,SOFT,True,284.0,316.0,216.0,321.0,28.8,33.4,70.0,1014.7,1.6,0.0,,86.479,86.482,0,1,0
2022,22,FORMULA 1 ETIHAD AIRWAYS ABU DHABI GRAND PRIX 2022,TSU,AlphaTauri,Q1,85.63,12.0,17.714,36.593,31.323,2.0,SOFT,True,289.0,323.0,217.0,328.0,28.8,33.4,70.0,1014.7,1.6,0.0,87.991,86.68,86.17,0,1,0
2022,22,FORMULA 1 ETIHAD AIRWAYS ABU DHABI GRAND PRIX 2022,MSC,Haas F1 Team,Q1,85.711,13.0,17.79,36.727,31.194,2.0,SOFT,True,286.0,318.0,217.0,323.0,28.8,33.4,70.0,1014.7,1.6,0.0,,86.839,86.473,0,1,0
2022,22,FORMULA 1 ETIHAD AIRWAYS ABU DHABI GRAND PRIX 2022,OCO,Alpine,Q1,85.735,8.0,17.65,36.882,31.203,2.0,SOFT,True,289.0,317.0,219.0,323.0,28.8,33.4,70.0,1014.7,1.6,0.0,87.891,86.038,86.073,0,1,0
2022,22,FORMULA 1 ETIHAD AIRWAYS ABU DHABI GRAND PRIX 2022,STR,Aston Martin,Q1,85.741,14.0,17.642,36.883,31.216,2.0,SOFT,True,285.0,313.0,217.0,314.0,28.8,33.4,70.0,1014.7,1.6,0.0,,86.547,86.298,0,1,0
2022,22,FORMULA 1 ETIHAD AIRWAYS ABU DHABI GRAND PRIX 2022,RIC,McLaren,Q1,85.766,10.0,17.934,36.67,31.162,2.0,SOFT,True,287.0,319.0,214.0,318.0,28.8,33.4,70.0,1014.7,1.6,0.0,87.619,86.124,85.95,0,1,0
2022,22,FORMULA 1 ETIHAD AIRWAYS ABU DHABI GRAND PRIX 2022,ALO,Alpine,Q1,85.782,11.0,17.6,37.025,31.157,2.0,SOFT,True,290.0,321.0,216.0,327.0,28.8,33.4,70.0,1014.7,1.6,0.0,,86.043,86.076,0,1,0
2022,22,FORMULA 1 ETIHAD AIRWAYS ABU DHABI GRAND PRIX 2022,MAG,Haas F1 Team,Q1,85.834,16.0,17.637,36.876,31.321,2.0,SOFT,True,289.0,319.0,212.0,325.0,28.8,33.4,70.0,1014.7,1.6,0.0,88.142,86.915,86.356,0,1,0
2022,22,FORMULA 1 ETIHAD AIRWAYS ABU DHABI GRAND PRIX 2022,GAS,AlphaTauri,Q1,85.859,17.0,17.559,36.854,31.446,2.0,SOFT,True,287.0,320.0,217.0,324.0,28.8,33.4,70.0,1014.7,1.6,0.0,87.845,87.036,86.239,0,1,0
2022,22,FORMULA 1 ETIHAD AIRWAYS ABU DHABI GRAND PRIX 2022,BOT,Alfa Romeo,Q1,85.892,18.0,17.808,36.913,31.171,2.0,SOFT,True,286.0,316.0,219.0,321.0,28.8,33.4,70.0,1014.7,1.6,0.0,87.655,86.3,86.189,0,1,0
2022,22,FORMULA 1 ETIHAD AIRWAYS ABU DHABI GRAND PRIX 2022,ALB,Williams,Q1,86.028,19.0,17.561,36.708,31.759,2.0,SOFT,True,294.0,328.0,216.0,334.0,28.8,33.4,70.0,1014.7,1.6,0.0,87.84,86.75,86.051,0,1,0
2022,22,FORMULA 1 ETIHAD AIRWAYS ABU DHABI GRAND PRIX 2022,LAT,Williams,Q1,86.054,20.0,17.584,36.54,31.93,2.0,SOFT,True,294.0,325.0,218.0,330.0,28.8,33.4,70.0,1014.7,1.6,0.0,,87.262,86.646,0,1,0
2022,22,FORMULA 1 ETIHAD AIRWAYS ABU DHABI GRAND PRIX 2022,PER,Red Bull Racing,Q2,84.419,2.0,17.414,36.027,30.978,2.0,SOFT,True,291.0,326.0,219.0,331.0,28.8,33.4,70.0,1014.7,1.6,0.0,86.967,85.852,84.982,0,2,0
2022,22,FORMULA 1 ETIHAD AIRWAYS ABU DHABI GRAND PRIX 2022,LEC,Ferrari,Q2,84.517,3.0,17.316,36.382,30.819,2.0,SOFT,True,291.0,320.0,219.0,325.0,28.8,33.4,70.0,1014.7,1.6,0.0,86.888,85.599,85.571,0,2,0
2022,22,FORMULA 1 ETIHAD AIRWAYS ABU DHABI GRAND PRIX 2022,SAI,Ferrari,Q2,84.521,4.0,17.372,36.345,30.804,2.0,SOFT,True,290.0,319.0,219.0,324.0,28.8,33.4,70.0,1014.7,1.6,0.0,,85.932,85.605,0,2,0
2022,22,FORMULA 1 ETIHAD AIRWAYS ABU DHABI GRAND PRIX 2022,VER,Red Bull Racing,Q2,84.622,1.0,17.398,36.433,30.791,5.0,SOFT,False,289.0,323.0,219.0,328.0,28.8,33.4,70.0,1014.7,1.6,0.0,,85.146,85.134,0,2,0
2022,22,FORMULA 1 ETIHAD AIRWAYS ABU DHABI GRAND PRIX 2022,HAM,Mercedes,Q2,84.774,5.0,17.422,36.61,30.742,2.0,SOFT,True,286.0,314.0,217.0,317.0,28.8,33.4,70.0,1014.7,1.6,0.0,86.633,85.761,85.222,0,2,0
2022,22,FORMULA 1 ETIHAD AIRWAYS ABU DHABI GRAND PRIX 2022,NOR,McLaren,Q2,84.903,7.0,17.389,36.484,31.03,2.0,SOFT,True,286.0,319.0,217.0,322.0,28.8,33.4,70.0,1014.7,1.6,0.0,,86.377,85.518,0,2,0
2022,22,FORMULA 1 ETIHAD AIRWAYS ABU DHABI GRAND PRIX 2022,RUS,Mercedes,Q2,84.94,6.0,17.538,36.598,30.804,2.0,SOFT,True,285.0,316.0,218.0,319.0,28.8,33.4,70.0,1014.7,1.6,0.0,86.853,85.487,85.395,0,2,0
2022,22,FORMULA 1 ETIHAD AIRWAYS ABU DHABI GRAND PRIX 2022,VET,Aston Martin,Q2,84.974,9.0,17.391,36.511,31.072,2.0,SOFT,True,287.0,315.0,215.0,315.0,28.8,33.4,70.0,1014.7,1.6,0.0,87.268,86.395,86.012,0,2,0
2022,22,FORMULA 1 ETIHAD AIRWAYS ABU DHABI GRAND PRIX 2022,OCO,Alpine,Q2,85.007,8.0,17.584,36.543,30.88,2.0,SOFT,True,290.0,318.0,218.0,324.0,28.8,33.4,70.0,1014.7,1.6,0.0,87.891,86.038,86.073,0,2,0
2022,22,FORMULA 1 ETIHAD AIRWAYS ABU DHABI GRAND PRIX 2022,RIC,McLaren,Q2,85.068,10.0,17.522,36.542,31.004,2.0,SOFT,True,288.0,318.0,217.0,318.0,28.8,33.4,70.0,1014.7,1.6,0.0,87.619,86.124,85.95,0,2,0
2022,22,FORMULA 1 ETIHAD AIRWAYS ABU DHABI GRAND PRIX 2022,ALO,Alpine,Q2,85.096,11.0,17.321,36.722,31.053,2.0,SOFT,True,290.0,320.0,218.0,326.0,28.8,33.4,70.0,1014.7,1.6,0.0,,86.043,86.076,0,2,0
2022,22,FORMULA 1 ETIHAD AIRWAYS ABU DHABI GRAND PRIX 2022,TSU,AlphaTauri,Q2,85.219,12.0,17.466,36.639,31.114,2.0,SOFT,True,289.0,320.0,218.0,325.0,28.8,33.4,70.0,1014.7,1.6,0.0,87.991,86.68,86.17,0,2,0
2022,22,FORMULA 1 ETIHAD AIRWAYS ABU DHABI GRAND PRIX 2022,MSC,Haas F1 Team,Q2,85.225,13.0,17.536,36.513,31.176,2.0,SOFT,True,287.0,318.0,215.0,323.0,28.8,33.4,70.0,1014.7,1.6,0.0,,86.839,86.473,0,2,0
2022,22,FORMULA 1 ETIHAD AIRWAYS ABU DHABI GRAND PRIX 2022,STR,Aston Martin,Q2,85.359,14.0,17.486,36.729,31.144,2.0,SOFT,True,286.0,312.0,219.0,314.0,28.8,33.4,70.0,1014.7,1.6,0.0,,86.547,86.298,0,2,0
2022,22,FORMULA 1 ETIHAD AIRWAYS ABU DHABI GRAND PRIX 2022,ZHO,Alfa Romeo,Q2,85.408,15.0,17.58,36.711,31.117,2.0,SOFT,True,285.0,315.0,216.0,322.0,28.8,33.4,70.0,1014.7,1.6,0.0,,86.479,86.482,0,2,0
2022,22,FORMULA 1 ETIHAD AIRWAYS ABU DHABI GRAND PRIX 2022,VER,Red Bull Racing,Q3,83.824,1.0,17.287,36.056,30.481,2.0,SOFT,True,290.0,323.0,220.0,327.0,28.8,33.4,70.0,1014.7,1.6,0.0,,85.146,85.134,0,3,0
2022,22,FORMULA 1 ETIHAD AIRWAYS ABU DHABI GRAND PRIX 2022,PER,Red Bull Racing,Q3,84.052,2.0,17.343,35.993,30.716,2.0,SOFT,True,291.0,325.0,217.0,330.0,28.8,33.4,70.0,1014.7,1.6,0.0,86.967,85.852,84.982,0,3,0
2022,22,FORMULA 1 ETIHAD AIRWAYS ABU DHABI GRAND PRIX 2022,LEC,Ferrari,Q3,84.092,3.0,17.298,36.318,30.476,2.0,SOFT,True,291.0,318.0,220.0,323.0,28.8,33.4,70.0,1014.7,1.6,0.0,86.888,85.599,85.571,0,3,0
2022,22,FORMULA 1 ETIHAD AIRWAYS ABU DHABI GRAND PRIX 2022,SAI,Ferrari,Q3,84.242,4.0,17.307,36.289,30.646,2.0,SOFT,True,290.0,321.0,219.0,324.0,28.8,33.4,70.0,1014.7,1.6,0.0,,85.932,85.605,0,3,0
2022,22,FORMULA 1 ETIHAD AIRWAYS ABU DHABI GRAND PRIX 2022,HAM,Mercedes,Q3,84.508,5.0,17.22,36.471,30.817,2.0,SOFT,True,287.0,315.0,220.0,318.0,28.8,33.4,70.0,1014.7,1.6,0.0,86.633,85.761,85.222,0,3,0
2022,22,FORMULA 1 ETIHAD AIRWAYS ABU DHABI GRAND PRIX 2022,RUS,Mercedes,Q3,84.511,6.0,17.39,36.51,30.611,2.0,SOFT,True,286.0,319.0,220.0,322.0,28.8,33.4,70.0,1014.7,1.6,0.0,86.853,85.487,85.395,0,3,0
2022,22,FORMULA 1 ETIHAD AIRWAYS ABU DHABI GRAND PRIX 2022,NOR,McLaren,Q3,84.769,7.0,17.421,36.498,30.85,2.0,SOFT,True,286.0,319.0,217.0,321.0,28.8,33.4,70.0,1014.7,1.6,0.0,,86.377,85.518,0,3,0
2022,22,FORMULA 1 ETIHAD AIRWAYS ABU DHABI GRAND PRIX 2022,OCO,Alpine,Q3,84.83,8.0,17.468,36.49,30.872,2.0,SOFT,True,289.0,318.0,219.0,323.0,28.8,33.4,70.0,1014.7,1.6,0.0,87.891,86.038,86.073,0,3,0
2022,22,FORMULA 1 ETIHAD AIRWAYS ABU DHABI GRAND PRIX 2022,VET,Aston Martin,Q3,84.961,9.0,17.411,36.723,30.826999999999998,2.0,SOFT,True,285.0,314.0,218.0,313.0,28.8,33.4,70.0,1014.7,1.6,0.0,87.268,86.395,86.012,0,3,0
2022,22,FORMULA 1 ETIHAD AIRWAYS ABU DHABI GRAND PRIX 2022,RIC,McLaren,Q3,85.045,10.0,17.485,36.666,30.894,2.0,SOFT,True,287.0,314.0,218.0,317.0,28.8,33.4,70.0,1014.7,1.6,0.0,87.619,86.124,85.95,0,3,0
