Year,Round,Circuit,Driver,Team,SubSession,LapTime_s,GridPosition,Sector1_s,Sector2_s,Sector3_s,TyreLife,Compound,FreshTyre,SpeedI1,SpeedI2,SpeedFL,SpeedST,AirTemp_C,TrackTemp_C,Humidity_pct,Pressure_hPa,WindSpeed_ms,Rainfall,FP1_s,FP2_s,FP3_s,IsSprintWeekend,SubSession_ord,Wet
2023,1,FORMULA 1 GULF AIR BAHRAIN GRAND PRIX 2023,SAI,Ferrari,Q1,90.993,4.0,28.887,39.206,22.9,2.0,SOFT,True,242.0,271.0,288.0,326.0,24.0,28.2,17.0,1017.7,0.6,0.0,96.072,91.956,92.945,0,1,0
2023,1,FORMULA 1 GULF AIR BAHRAIN GRAND PRIX 2023,RUS,Mercedes,Q1,91.057,6.0,28.967,39.224,22.866,2.0,SOFT,True,242.0,271.0,289.0,320.0,24.0,28.2,17.0,1017.7,0.6,0.0,94.966,91.882,92.731,0,1,0
2023,1,FORMULA 1 GULF AIR BAHRAIN GRAND PRIX 2023,LEC,Ferrari,Q1,91.094,3.0,29.099,39.134,22.861,2.0,SOFT,True,242.0,274.0,285.0,324.0,24.0,28.2,17.0,1017.7,0.6,0.0,94.257,91.367,92.624,0,1,0
2023,1,FORMULA 1 GULF AIR BAHRAIN GRAND PRIX 2023,ALO,Aston Martin,Q1,91.158,5.0,29.259,39.038,22.861,2.0,SOFT,True,240.0,268.0,285.0,318.0,24.0,28.2,17.0,1017.7,0.6,0.0,93.196,90.907,92.34,0,1,0
2023,1,FORMULA 1 GULF AIR BAHRAIN GRAND PRIX 2023,STR,Aston Martin,Q1,91.184,8.0,28.966,39.39,22.828,2.0,SOFT,True,242.0,268.0,287.0,318.0,24.0,28.2,17.0,1017.7,0.6,0.0,94.298,91.45,92.919,0,1,0
2023,1,FORMULA 1 GULF AIR BAHRAIN GRAND PRIX 2023,HUL,Haas F1 Team,Q1,91.204,10.0,29.049,39.215,22.94,2.0,SOFT,True,241.0,270.0,284.0,318.0,24.0,28.2,17.0,1017.7,0.6,0.0,95.043,91.376,93.423,0,1,0
2023,1,FORMULA 1 GULF AIR BAHRAIN GRAND PRIX 2023,VER,Red Bull Racing,Q1,91.295,1.0,29.152,39.195,22.948,3.0,SOFT,False,240.0,270.0,288.0,322.0,24.0,28.2,17.0,1017.7,0.6,0.0,93.375,91.076,92.345,0,1,0
2023,1,FORMULA 1 GULF AIR BAHRAIN GRAND PRIX 2023,TSU,AlphaTauri,Q1,91.4,14.0,29.242,39.229,22.929,2.0,SOFT,True,239.0,270.0,290.0,316.0,24.0,28.2,17.0,1017.7,0.6,0.0,95.015,92.525,93.475,0,1,0
2023,1,FORMULA 1 GULF AIR BAHRAIN GRAND PRIX 2023,ALB,Williams,Q1,91.461,15.0,29.25,39.224,22.987,2.0,SOFT,True,241.0,274.0,291.0,322.0,24.0,28.2,17.0,1017.7,0.6,0.0,96.018,92.44,93.882,0,1,0
2023,1,FORMULA 1 GULF AIR BAHRAIN GRAND PRIX 2023,PER,Red Bull Racing,Q1,91.479,2.0,29.218,39.397,22.864,3.0,SOFT,False,240.0,270.0,288.0,324.0,24.0,28.2,17.0,1017.7,0.6,0.0,92.758,91.078,92.446,0,1,0
2023,1,FORMULA 1 GULF AIR BAHRAIN GRAND PRIX 2023,BOT,Alfa Romeo,Q1,91.504,12.0,29.198,39.32,22.986,2.0,SOFT,True,240.0,268.0,282.0,316.0,24.0,28.2,17.0,1017.7,0.6,0.0,94.689,91.793,93.629,0,1,0
2023,1,FORMULA 1 GULF AIR BAHRAIN GRAND PRIX 2023,OCO,Alpine,Q1,91.508,9.0,29.221,39.356,22.931,2.0,SOFT,True,240.0,268.0,286.0,321.0,24.0,28.2,17.0,1017.7,0.6,0.0,95.105,91.608,93.116,0,1,0
2023,1,FORMULA 1 GULF AIR BAHRAIN GRAND PRIX 2023,HAM,Mercedes,Q1,91.543,7.0,29.062,39.442,23.039,2.0,SOFT,True,244.0,271.0,286.0,321.0,24.0,28.2,17.0,1017.7,0.6,0.0,94.917,91.543,92.555,0,1,0
2023,1,FORMULA 1 GULF AIR BAHRAIN GRAND PRIX 2023,ZHO,Alfa Romeo,Q1,91.615,13.0,29.212,39.338,23.065,2.0,SOFT,True,239.0,269.0,286.0,317.0,24.0,28.2,17.0,1017.7,0.6,0.0,94.575,91.586,93.18,0,1,0
2023,1,FORMULA 1 GULF AIR BAHRAIN GRAND PRIX 2023,NOR,McLaren,Q1,91.652,11.0,29.304,39.257,23.091,2.0,SOFT,True,241.0,269.0,286.0,318.0,24.0,28.2,17.0,1017.7,0.6,0.0,94.165,91.57,93.202,0,1,0
2023,1,FORMULA 1 GULF AIR BAHRAIN GRAND PRIX 2023,SAR,Williams,Q1,91.652,16.0,29.352,39.343,22.957,2.0,SOFT,True,241.0,271.0,285.0,322.0,24.0,28.2,17.0,1017.7,0.6,0.0,95.749,92.749,93.665,0,1,0
2023,1,FORMULA 1 GULF AIR BAHRAIN GRAND PRIX 2023,GAS,Alpine,Q1,91.818,20.0,29.247,39.412,23.159,2.0,SOFT,True,241.0,270.0,285.0,322.0,24.0,28.2,17.0,1017.7,0.6,0.0,95.455,91.475,93.064,0,1,0
2023,1,FORMULA 1 GULF AIR BAHRAIN GRAND PRIX 2023,MAG,Haas F1 Team,Q1,91.892,17.0,29.428,39.369,23.095,2.0,SOFT,True,240.0,271.0,289.0,317.0,24.0,28.2,17.0,1017.7,0.6,0.0,94.402,92.11,93.381,0,1,0
2023,1,FORMULA 1 GULF AIR BAHRAIN GRAND PRIX 2023,PIA,McLaren,Q1,92.101,18.0,29.561,39.454,23.086,2.0,SOFT,True,241.0,268.0,285.0,316.0,24.0,28.2,17.0,1017.7,0.6,0.0,94.997,92.024,93.045,0,1,0
2023,1,FORMULA 1 GULF AIR BAHRAIN GRAND PRIX 2023,DEV,AlphaTauri,Q1,92.121,19.0,29.382,39.634,23.105,2.0,SOFT,True,240.0,270.0,285.0,315.0,24.0,28.2,17.0,1017.7,0.6,0.0,95.402,92.605,94.082,0,1,0
2023,1,FORMULA 1 GULF AIR BAHRAIN GRAND PRIX 2023,LEC,Ferrari,Q2,90.282,3.0,28.884,38.729,22.669,2.0,SOFT,True,243.0,272.0,290.0,325.0,24.0,28.2,17.0,1017.7,0.6,0.0,94.257,91.367,92.624,0,2,0
2023,1,FORMULA 1 GULF AIR BAHRAIN GRAND PRIX 2023,VER,Red Bull Racing,Q2,90.503,1.0,28.925,38.915,22.663,2.0,SOFT,True,240.0,270.0,288.0,323.0,24.0,28.2,17.0,1017.7,0.6,0.0,93.375,91.076,92.345,0,2,0
2023,1,FORMULA 1 GULF AIR BAHRAIN GRAND PRIX 2023,RUS,Mercedes,Q2,90.507,6.0,28.845,39.046,22.616,2.0,SOFT,True,243.0,270.0,290.0,320.0,24.0,28.2,17.0,1017.7,0.6,0.0,94.966,91.882,92.731,0,2,0
2023,1,FORMULA 1 GULF AIR BAHRAIN GRAND PRIX 2023,HAM,Mercedes,Q2,90.513,7.0,28.844,39.045,22.624,2.0,SOFT,True,242.0,270.0,289.0,322.0,24.0,28.2,17.0,1017.7,0.6,0.0,94.917,91.543,92.555,0,2,0
2023,1,FORMULA 1 GULF AIR BAHRAIN GRAND PRIX 2023,SAI,Ferrari,Q2,90.515,4.0,28.78,39.032,22.703,2.0,SOFT,True,242.0,270.0,290.0,326.0,24.0,28.2,17.0,1017.7,0.6,0.0,96.072,91.956,92.945,0,2,0
2023,1,FORMULA 1 GULF AIR BAHRAIN GRAND PRIX 2023,ALO,Aston Martin,Q2,90.645,5.0,29.012,38.987,22.646,2.0,SOFT,True,241.0,267.0,287.0,320.0,24.0,28.2,17.0,1017.7,0.6,0.0,93.196,90.907,92.34,0,2,0
2023,1,FORMULA 1 GULF AIR BAHRAIN GRAND PRIX 2023,PER,Red Bull Racing,Q2,90.746,2.0,28.964,38.997,22.785,2.0,SOFT,True,240.0,270.0,288.0,323.0,24.0,28.2,17.0,1017.7,0.6,0.0,92.758,91.078,92.446,0,2,0
2023,1,FORMULA 1 GULF AIR BAHRAIN GRAND PRIX 2023,HUL,Haas F1 Team,Q2,90.809,10.0,29.042,38.957,22.81,2.0,SOFT,True,241.0,270.0,286.0,317.0,24.0,28.2,17.0,1017.7,0.6,0.0,95.043,91.376,93.423,0,2,0
2023,1,FORMULA 1 GULF AIR BAHRAIN GRAND PRIX 2023,OCO,Alpine,Q2,90.914,9.0,29.111,39.107,22.696,2.0,SOFT,True,241.0,269.0,287.0,320.0,24.0,28.2,17.0,1017.7,0.6,0.0,95.105,91.608,93.116,0,2,0
2023,1,FORMULA 1 GULF AIR BAHRAIN GRAND PRIX 2023,STR,Aston Martin,Q2,91.127,8.0,29.038,39.302,22.787,2.0,SOFT,True,242.0,267.0,280.0,320.0,24.0,28.2,17.0,1017.7,0.6,0.0,94.298,91.45,92.919,0,2,0
2023,1,FORMULA 1 GULF AIR BAHRAIN GRAND PRIX 2023,NOR,McLaren,Q2,91.381,11.0,29.235,39.21,22.936,2.0,SOFT,True,240.0,267.0,286.0,320.0,24.0,28.2,17.0,1017.7,0.6,0.0,94.165,91.57,93.202,0,2,0
2023,1,FORMULA 1 GULF AIR BAHRAIN GRAND PRIX 2023,BOT,Alfa Romeo,Q2,91.443,12.0,29.235,39.327,22.881,5.0,SOFT,False,240.0,268.0,280.0,318.0,24.0,28.2,17.0,1017.7,0.6,0.0,94.689,91.793,93.629,0,2,0
2023,1,FORMULA 1 GULF AIR BAHRAIN GRAND PRIX 2023,ZHO,Alfa Romeo,Q2,91.473,13.0,29.041,39.427,23.005,2.0,SOFT,True,240.0,267.0,286.0,318.0,24.0,28.2,17.0,1017.7,0.6,0.0,94.575,91.586,93.18,0,2,0
2023,1,FORMULA 1 GULF AIR BAHRAIN GRAND PRIX 2023,TSU,AlphaTauri,Q2,92.51,14.0,29.54,39.859,23.111,5.0,SOFT,False,238.0,268.0,287.0,320.0,24.0,28.2,17.0,1017.7,0.6,0.0,95.015,92.525,93.475,0,2,0
2023,1,FORMULA 1 GULF AIR BAHRAIN GRAND PRIX 2023,ALB,Williams,Q2,125.534,15.0,30.014,59.6,35.92,2.0,SOFT,True,227.0,159.0,,322.0,24.0,28.2,17.0,1017.7,0.6,0.0,96.018,92.44,93.882,0,2,0
2023,1,FORMULA 1 GULF AIR BAHRAIN GRAND PRIX 2023,VER,Red Bull Racing,Q3,89.708,1.0,28.736,38.514,22.458,2.0,SOFT,False,241.0,271.0,288.0,321.0,24.0,28.2,17.0,1017.7,0.6,0.0,93.375,91.076,92.345,0,3,0
2023,1,FORMULA 1 GULF AIR BAHRAIN GRAND PRIX 2023,PER,Red Bull Racing,Q3,89.846,2.0,28.723,38.537,22.586,2.0,SOFT,False,241.0,271.0,288.0,324.0,24.0,28.2,17.0,1017.7,0.6,0.0,92.758,91.078,92.446,0,3,0
2023,1,FORMULA 1 GULF AIR BAHRAIN GRAND PRIX 2023,LEC,Ferrari,Q3,90.0,3.0,28.825,38.614,22.561,2.0,SOFT,True,243.0,273.0,289.0,322.0,24.0,28.2,17.0,1017.7,0.6,0.0,94.257,91.367,92.624,0,3,0
2023,1,FORMULA 1 GULF AIR BAHRAIN GRAND PRIX 2023,SAI,Ferrari,Q3,90.154,4.0,28.739,38.7,22.715,2.0,SOFT,False,243.0,270.0,288.0,323.0,24.0,28.2,17.0,1017.7,0.6,0.0,96.072,91.956,92.945,0,3,0
2023,1,FORMULA 1 GULF AIR BAHRAIN GRAND PRIX 2023,ALO,Aston Martin,Q3,90.336,5.0,28.852,38.774,22.71,2.0,SOFT,True,242.0,267.0,284.0,317.0,24.0,28.2,17.0,1017.7,0.6,0.0,93.196,90.907,92.34,0,3,0
2023,1,FORMULA 1 GULF AIR BAHRAIN GRAND PRIX 2023,RUS,Mercedes,Q3,90.34,6.0,28.911,38.87,22.559,2.0,SOFT,True,244.0,270.0,288.0,317.0,24.0,28.2,17.0,1017.7,0.6,0.0,94.966,91.882,92.731,0,3,0
2023,1,FORMULA 1 GULF AIR BAHRAIN GRAND PRIX 2023,HAM,Mercedes,Q3,90.384,7.0,28.939,38.829,22.616,2.0,SOFT,True,242.0,271.0,288.0,319.0,24.0,28.2,17.0,1017.7,0.6,0.0,94.917,91.543,92.555,0,3,0
2023,1,FORMULA 1 GULF AIR BAHRAIN GRAND PRIX 2023,STR,Aston Martin,Q3,90.836,8.0,29.033,39.07,22.733,2.0,SOFT,True,243.0,266.0,285.0,317.0,24.0,28.2,17.0,1017.7,0.6,0.0,94.298,91.45,92.919,0,3,0
2023,1,FORMULA 1 GULF AIR BAHRAIN GRAND PRIX 2023,OCO,Alpine,Q3,90.984,9.0,29.026,39.104,22.854,2.0,SOFT,False,242.0,270.0,286.0,320.0,24.0,28.2,17.0,1017.7,0.6,0.0,95.105,91.608,93.116,0,3,0
2023,1,FORMULA 1 GULF AIR BAHRAIN GRAND PRIX 2023,HUL,Haas F1 Team,Q3,91.055,10.0,29.132,39.069,22.854,2.0,SOFT,True,242.0,270.0,286.0,315.0,24.0,28.2,17.0,1017.7,0.6,0.0,95.043,91.376,93.423,0,3,0
2023,2,FORMULA 1 STC SAUDI ARABIAN GRAND PRIX 2023,VER,Red Bull Racing,Q1,88.761,15.0,32.268,28.188,28.305,2.0,SOFT,True,293.0,331.0,311.0,337.0,27.0,31.7,45.0,1010.5,1.6,0.0,89.617,89.603,88.485,0,1,0
2023,2,FORMULA 1 STC SAUDI ARABIAN GRAND PRIX 2023,PER,Red Bull Racing,Q1,89.244,1.0,32.699,28.193,28.352,6.0,SOFT,False,292.0,329.0,308.0,334.0,27.0,31.7,45.0,1010.5,1.6,0.0,90.1,89.902,89.098,0,1,0
2023,2,FORMULA 1 STC SAUDI ARABIAN GRAND PRIX 2023,ALO,Aston Martin,Q1,89.298,3.0,32.48,28.185,28.633,6.0,SOFT,True,290.0,320.0,300.0,327.0,27.0,31.7,45.0,1010.5,1.6,0.0,90.315,89.811,89.483,0,1,0
2023,2,FORMULA 1 STC SAUDI ARABIAN GRAND PRIX 2023,STR,Aston Martin,Q1,89.335,6.0,32.276,28.39,28.669,6.0,SOFT,True,292.0,319.0,299.0,321.0,27.0,31.7,45.0,1010.5,1.6,0.0,90.577,90.11,89.509,0,1,0
2023,2,FORMULA 1 STC SAUDI ARABIAN GRAND PRIX 2023,LEC,Ferrari,Q1,89.376,2.0,32.544,28.337,28.495,4.0,SOFT,True,289.0,327.0,305.0,331.0,27.0,31.7,45.0,1010.5,1.6,0.0,91.118,90.341,89.588,0,1,0
2023,2,FORMULA 1 STC SAUDI ARABIAN GRAND PRIX 2023,SAI,Ferrari,Q1,89.411,5.0,32.645,28.294,28.472,8.0,SOFT,True,290.0,327.0,306.0,332.0,27.0,31.7,45.0,1010.5,1.6,0.0,90.924,90.592,89.761,0,1,0
2023,2,FORMULA 1 STC SAUDI ARABIAN GRAND PRIX 2023,HUL,Haas F1 Team,Q1,89.547,11.0,32.706,28.312,28.529,4.0,SOFT,True,291.0,328.0,304.0,333.0,27.0,31.7,45.0,1010.5,1.6,0.0,91.552,90.181,89.933,0,1,0
2023,2,FORMULA 1 STC SAUDI ARABIAN GRAND PRIX 2023,RUS,Mercedes,Q1,89.592,4.0,32.581,28.305,28.706,4.0,SOFT,True,290.0,321.0,302.0,328.0,27.0,31.7,45.0,1010.5,1.6,0.0,90.771,90.07,89.811,0,1,0
2023,2,FORMULA 1 STC SAUDI ARABIAN GRAND PRIX 2023,ZHO,Alfa Romeo,Q1,89.654,12.0,32.633,28.436,28.585,4.0,SOFT,True,289.0,322.0,298.0,328.0,27.0,31.7,45.0,1010.5,1.6,0.0,91.986,90.837,89.917,0,1,0
2023,2,FORMULA 1 STC SAUDI ARABIAN GRAND PRIX 2023,HAM,Mercedes,Q1,89.689,8.0,32.573,28.392,28.724,4.0,SOFT,True,289.0,322.0,301.0,327.0,27.0,31.7,45.0,1010.5,1.6,0.0,90.787,90.599,89.568,0,1,0
2023,2,FORMULA 1 STC SAUDI ARABIAN GRAND PRIX 2023,PIA,McLaren,Q1,89.706,9.0,32.645,28.401,28.66,4.0,SOFT,True,290.0,320.0,301.0,319.0,27.0,31.7,45.0,1010.5,1.6,0.0,91.491,90.964,89.698,0,1,0
2023,2,FORMULA 1 STC SAUDI ARABIAN GRAND PRIX 2023,OCO,Alpine,Q1,89.707,7.0,32.613,28.393,28.701,7.0,SOFT,True,290.0,320.0,306.0,325.0,27.0,31.7,45.0,1010.5,1.6,0.0,91.181,90.039,89.953,0,1,0
2023,2,FORMULA 1 STC SAUDI ARABIAN GRAND PRIX 2023,SAR,Williams,Q1,89.721,20.0,32.779,28.335,28.607,2.0,SOFT,True,293.0,325.0,302.0,332.0,27.0,31.7,45.0,1010.5,1.6,0.0,91.922,90.959,90.035,0,1,0
2023,2,FORMULA 1 STC SAUDI ARABIAN GRAND PRIX 2023,MAG,Haas F1 Team,Q1,89.744,13.0,32.69,28.387,28.667,2.0,SOFT,True,289.0,328.0,308.0,335.0,27.0,31.7,45.0,1010.5,1.6,0.0,91.566,90.82,90.131,0,1,0
2023,2,FORMULA 1 STC SAUDI ARABIAN GRAND PRIX 2023,GAS,Alpine,Q1,89.89,10.0,32.726,28.573,28.591,7.0,SOFT,True,287.0,316.0,303.0,328.0,27.0,31.7,45.0,1010.5,1.6,0.0,90.949,90.1,89.701,0,1,0
2023,2,FORMULA 1 STC SAUDI ARABIAN GRAND PRIX 2023,BOT,Alfa Romeo,Q1,89.929,14.0,32.75,28.478,28.701,4.0,SOFT,True,289.0,321.0,299.0,328.0,27.0,31.7,45.0,1010.5,1.6,0.0,91.97,91.052,90.317,0,1,0
2023,2,FORMULA 1 STC SAUDI ARABIAN GRAND PRIX 2023,TSU,AlphaTauri,Q1,89.939,16.0,32.665,28.598,28.676,4.0,SOFT,True,289.0,322.0,300.0,326.0,27.0,31.7,45.0,1010.5,1.6,0.0,91.11,90.776,90.797,0,1,0
2023,2,FORMULA 1 STC SAUDI ARABIAN GRAND PRIX 2023,ALB,Williams,Q1,89.994,17.0,32.811,28.333,28.85,4.0,SOFT,True,291.0,326.0,302.0,331.0,27.0,31.7,45.0,1010.5,1.6,0.0,91.03,90.81,89.983,0,1,0
2023,2,FORMULA 1 STC SAUDI ARABIAN GRAND PRIX 2023,DEV,AlphaTauri,Q1,90.244,18.0,32.774,28.451,29.019,4.0,SOFT,True,288.0,322.0,293.0,316.0,27.0,31.7,45.0,1010.5,1.6,0.0,91.45,90.921,,0,1,0
2023,2,FORMULA 1 STC SAUDI ARABIAN GRAND PRIX 2023,NOR,McLaren,Q1,90.447,19.0,32.845,28.718,28.884,2.0,SOFT,True,285.0,313.0,300.0,315.0,27.0,31.7,45.0,1010.5,1.6,0.0,92.149,90.721,89.69,0,1,0
2023,2,FORMULA 1 STC SAUDI ARABIAN GRAND PRIX 2023,PER,Red Bull Racing,Q2,88.635,1.0,32.222,28.147,28.266,5.0,SOFT,False,293.0,331.0,310.0,335.0,27.0,31.7,45.0,1010.5,1.6,0.0,90.1,89.902,89.098,0,2,0
2023,2,FORMULA 1 STC SAUDI ARABIAN GRAND PRIX 2023,ALO,Aston Martin,Q2,88.757,3.0,32.176,28.074,28.507,2.0,SOFT,True,292.0,320.0,300.0,326.0,27.0,31.7,45.0,1010.5,1.6,0.0,90.315,89.811,89.483,0,2,0
2023,2,FORMULA 1 STC SAUDI ARABIAN GRAND PRIX 2023,LEC,Ferrari,Q2,88.903,2.0,32.355,28.197,28.351,4.0,SOFT,True,289.0,325.0,298.0,329.0,27.0,31.7,45.0,1010.5,1.6,0.0,91.118,90.341,89.588,0,2,0
2023,2,FORMULA 1 STC SAUDI ARABIAN GRAND PRIX 2023,SAI,Ferrari,Q2,88.957,5.0,32.321,28.247,28.389,3.0,SOFT,True,289.0,326.0,304.0,331.0,27.0,31.7,45.0,1010.5,1.6,0.0,90.924,90.592,89.761,0,2,0
2023,2,FORMULA 1 STC SAUDI ARABIAN GRAND PRIX 2023,STR,Aston Martin,Q2,88.962,6.0,32.21,28.218,28.534,4.0,SOFT,True,291.0,318.0,300.0,320.0,27.0,31.7,45.0,1010.5,1.6,0.0,90.577,90.11,89.509,0,2,0
2023,2,FORMULA 1 STC SAUDI ARABIAN GRAND PRIX 2023,RUS,Mercedes,Q2,89.132,4.0,32.307,28.253,28.572,2.0,SOFT,True,290.0,323.0,301.0,327.0,27.0,31.7,45.0,1010.5,1.6,0.0,90.771,90.07,89.811,0,2,0
2023,2,FORMULA 1 STC SAUDI ARABIAN GRAND PRIX 2023,OCO,Alpine,Q2,89.255,7.0,32.262,28.357,28.636,3.0,SOFT,True,289.0,320.0,304.0,326.0,27.0,31.7,45.0,1010.5,1.6,0.0,91.181,90.039,89.953,0,2,0
2023,2,FORMULA 1 STC SAUDI ARABIAN GRAND PRIX 2023,HAM,Mercedes,Q2,89.374,8.0,32.581,28.304,28.489,2.0,SOFT,True,288.0,325.0,299.0,328.0,27.0,31.7,45.0,1010.5,1.6,0.0,90.787,90.599,89.568,0,2,0
2023,2,FORMULA 1 STC SAUDI ARABIAN GRAND PRIX 2023,PIA,McLaren,Q2,89.378,9.0,32.493,28.307,28.578,4.0,SOFT,True,287.0,317.0,300.0,319.0,27.0,31.7,45.0,1010.5,1.6,0.0,91.491,90.964,89.698,0,2,0
2023,2,FORMULA 1 STC SAUDI ARABIAN GRAND PRIX 2023,GAS,Alpine,Q2,89.411,10.0,32.392,28.446,28.573,3.0,SOFT,True,289.0,317.0,303.0,328.0,27.0,31.7,45.0,1010.5,1.6,0.0,90.949,90.1,89.701,0,2,0
2023,2,FORMULA 1 STC SAUDI ARABIAN GRAND PRIX 2023,HUL,Haas F1 Team,Q2,89.451,11.0,32.657,28.239,28.555,3.0,SOFT,True,291.0,330.0,307.0,334.0,27.0,31.7,45.0,1010.5,1.6,0.0,91.552,90.181,89.933,0,2,0
2023,2,FORMULA 1 STC SAUDI ARABIAN GRAND PRIX 2023,ZHO,Alfa Romeo,Q2,89.461,12.0,32.628,28.302,28.531,4.0,SOFT,True,289.0,321.0,303.0,330.0,27.0,31.7,45.0,1010.5,1.6,0.0,91.986,90.837,89.917,0,2,0
2023,2,FORMULA 1 STC SAUDI ARABIAN GRAND PRIX 2023,MAG,Haas F1 Team,Q2,89.517,13.0,32.601,28.364,28.552,3.0,SOFT,True,289.0,328.0,302.0,332.0,27.0,31.7,45.0,1010.5,1.6,0.0,91.566,90.82,90.131,0,2,0
2023,2,FORMULA 1 STC SAUDI ARABIAN GRAND PRIX 2023,BOT,Alfa Romeo,Q2,89.668,14.0,32.591,28.533,28.544,4.0,SOFT,True,287.0,320.0,303.0,328.0,27.0,31.7,45.0,1010.5,1.6,0.0,91.97,91.052,90.317,0,2,0
2023,2,FORMULA 1 STC SAUDI ARABIAN GRAND PRIX 2023,VER,Red Bull Racing,Q2,109.953,15.0,39.578,38.283,32.092,2.0,SOFT,True,221.0,265.0,310.0,291.0,27.0,31.7,45.0,1010.5,1.6,0.0,89.617,89.603,88.485,0,2,0
2023,2,FORMULA 1 STC SAUDI ARABIAN GRAND PRIX 2023,PER,Red Bull Racing,Q3,88.265,1.0,32.139,27.982,28.144,2.0,SOFT,True,294.0,330.0,307.0,337.0,27.0,31.7,45.0,1010.5,1.6,0.0,90.1,89.902,89.098,0,3,0
2023,2,FORMULA 1 STC SAUDI ARABIAN GRAND PRIX 2023,LEC,Ferrari,Q3,88.42,2.0,32.154,28.027,28.239,2.0,SOFT,True,290.0,327.0,306.0,331.0,27.0,31.7,45.0,1010.5,1.6,0.0,91.118,90.341,89.588,0,3,0
2023,2,FORMULA 1 STC SAUDI ARABIAN GRAND PRIX 2023,ALO,Aston Martin,Q3,88.73,3.0,32.171,28.084,28.475,2.0,SOFT,True,291.0,318.0,297.0,325.0,27.0,31.7,45.0,1010.5,1.6,0.0,90.315,89.811,89.483,0,3,0
2023,2,FORMULA 1 STC SAUDI ARABIAN GRAND PRIX 2023,RUS,Mercedes,Q3,88.857,4.0,32.231,28.161,28.465,2.0,SOFT,True,291.0,323.0,302.0,328.0,27.0,31.7,45.0,1010.5,1.6,0.0,90.771,90.07,89.811,0,3,0
2023,2,FORMULA 1 STC SAUDI ARABIAN GRAND PRIX 2023,SAI,Ferrari,Q3,88.931,5.0,32.552,28.125,28.254,3.0,SOFT,True,290.0,323.0,302.0,329.0,27.0,31.7,45.0,1010.5,1.6,0.0,90.924,90.592,89.761,0,3,0
2023,2,FORMULA 1 STC SAUDI ARABIAN GRAND PRIX 2023,STR,Aston Martin,Q3,88.945,6.0,32.068,28.137,28.74,4.0,SOFT,True,293.0,317.0,295.0,317.0,27.0,31.7,45.0,1010.5,1.6,0.0,90.577,90.11,89.509,0,3,0
2023,2,FORMULA 1 STC SAUDI ARABIAN GRAND PRIX 2023,OCO,Alpine,Q3,89.078,7.0,32.301,28.3,28.477,3.0,SOFT,True,289.0,319.0,302.0,326.0,27.0,31.7,45.0,1010.5,1.6,0.0,91.181,90.039,89.953,0,3,0
2023,2,FORMULA 1 STC SAUDI ARABIAN GRAND PRIX 2023,HAM,Mercedes,Q3,89.223,8.0,32.468,28.203,28.552,2.0,SOFT,True,290.0,322.0,296.0,326.0,27.0,31.7,45.0,1010.5,1.6,0.0,90.787,90.599,89.568,0,3,0
2023,2,FORMULA 1 STC SAUDI ARABIAN GRAND PRIX 2023,PIA,McLaren,Q3,89.243,9.0,32.426,28.272,28.545,4.0,SOFT,True,287.0,313.0,299.0,316.0,27.0,31.7,45.0,1010.5,1.6,0.0,91.491,90.964,89.698,0,3,0
2023,2,FORMULA 1 STC SAUDI ARABIAN GRAND PRIX 2023,GAS,Alpine,Q3,89.357,10.0,32.403,28.357,28.597,3.0,SOFT,True,289.0,320.0,303.0,325.0,27.0,31.7,45.0,1010.5,1.6,0.0,90.949,90.1,89.701,0,3,0
2023,3,FORMULA 1 ROLEX AUSTRALIAN GRAND PRIX 2023,VER,Red Bull Racing,Q1,77.384,1.0,26.94,17.462,32.982,8.0,SOFT,False,284.0,324.0,307.0,327.0,15.3,22.9,52.0,1019.0,1.2,0.0,78.79,79.502,77.565,0,1,0
2023,3,FORMULA 1 ROLEX AUSTRALIAN GRAND PRIX 2023,RUS,Mercedes,Q1,77.654,2.0,26.875,17.622,33.157,10.0,SOFT,False,283.0,316.0,305.0,320.0,15.3,22.9,52.0,1019.0,1.2,0.0,79.699,79.672,77.955,0,1,0
2023,3,FORMULA 1 ROLEX AUSTRALIAN GRAND PRIX 2023,HAM,Mercedes,Q1,77.689,3.0,27.052,17.679,32.958,8.0,SOFT,False,285.0,316.0,305.0,323.0,15.3,22.9,52.0,1019.0,1.2,0.0,79.223,80.323,78.138,0,1,0
2023,3,FORMULA 1 ROLEX AUSTRALIAN GRAND PRIX 2023,OCO,Alpine,Q1,77.77,11.0,27.14,17.587,33.043,7.0,SOFT,True,285.0,321.0,302.0,319.0,15.3,22.9,52.0,1019.0,1.2,0.0,80.175,79.725,77.938,0,1,0
2023,3,FORMULA 1 ROLEX AUSTRALIAN GRAND PRIX 2023,ALO,Aston Martin,Q1,77.832,4.0,26.852,17.67,33.31,6.0,SOFT,False,282.0,313.0,303.0,320.0,15.3,22.9,52.0,1019.0,1.2,0.0,79.317,78.887,77.727,0,1,0
2023,3,FORMULA 1 ROLEX AUSTRALIAN GRAND PRIX 2023,STR,Aston Martin,Q1,77.873,6.0,27.065,17.704,33.104,8.0,SOFT,True,280.0,315.0,303.0,322.0,15.3,22.9,52.0,1019.0,1.2,0.0,79.766,80.579,78.198,0,1,0
2023,3,FORMULA 1 ROLEX AUSTRALIAN GRAND PRIX 2023,SAI,Ferrari,Q1,77.928,5.0,27.059,17.718,33.151,9.0,SOFT,False,284.0,317.0,307.0,319.0,15.3,22.9,52.0,1019.0,1.2,0.0,79.505,79.695,78.127,0,1,0
2023,3,FORMULA 1 ROLEX AUSTRALIAN GRAND PRIX 2023,ALB,Williams,Q1,77.962,8.0,27.06,17.468,33.434,5.0,SOFT,True,288.0,319.0,308.0,325.0,15.3,22.9,52.0,1019.0,1.2,0.0,79.766,81.182,78.553,0,1,0
2023,3,FORMULA 1 ROLEX AUSTRALIAN GRAND PRIX 2023,HUL,Haas F1 Team,Q1,78.029,10.0,27.245,17.563,33.221,5.0,SOFT,True,285.0,323.0,307.0,322.0,15.3,22.9,52.0,1019.0,1.2,0.0,79.806,80.194,78.41,0,1,0
2023,3,FORMULA 1 ROLEX AUSTRALIAN GRAND PRIX 2023,MAG,Haas F1 Team,Q1,78.159,14.0,27.1,17.713,33.346,5.0,SOFT,True,285.0,321.0,301.0,320.0,15.3,22.9,52.0,1019.0,1.2,0.0,81.147,81.266,79.056,0,1,0
2023,3,FORMULA 1 ROLEX AUSTRALIAN GRAND PRIX 2023,LEC,Ferrari,Q1,78.218,7.0,27.208,17.691,33.319,7.0,SOFT,False,285.0,316.0,305.0,319.0,15.3,22.9,52.0,1019.0,1.2,0.0,79.378,79.332,78.691,0,1,0
2023,3,FORMULA 1 ROLEX AUSTRALIAN GRAND PRIX 2023,NOR,McLaren,Q1,78.243,13.0,27.265,17.841,33.137,8.0,SOFT,True,280.0,311.0,302.0,322.0,15.3,22.9,52.0,1019.0,1.2,0.0,79.536,80.176,79.146,0,1,0
2023,3,FORMULA 1 ROLEX AUSTRALIAN GRAND PRIX 2023,GAS,Alpine,Q1,78.312,9.0,27.167,17.638,33.507,7.0,SOFT,True,285.0,320.0,304.0,321.0,15.3,22.9,52.0,1019.0,1.2,0.0,79.646,80.206,78.094,0,1,0
2023,3,FORMULA 1 ROLEX AUSTRALIAN GRAND PRIX 2023,DEV,AlphaTauri,Q1,78.45,15.0,27.219,17.841,33.39,5.0,SOFT,True,282.0,315.0,303.0,320.0,15.3,22.9,52.0,1019.0,1.2,0.0,79.933,80.6,79.092,0,1,0
2023,3,FORMULA 1 ROLEX AUSTRALIAN GRAND PRIX 2023,TSU,AlphaTauri,Q1,78.471,12.0,27.095,17.923000000000002,33.453,5.0,SOFT,True,281.0,314.0,300.0,319.0,15.3,22.9,52.0,1019.0,1.2,0.0,80.399,80.22,78.901,0,1,0
2023,3,FORMULA 1 ROLEX AUSTRALIAN GRAND PRIX 2023,PIA,McLaren,Q1,78.517,16.0,27.289,17.865,33.363,7.0,SOFT,True,280.0,310.0,301.0,321.0,15.3,22.9,52.0,1019.0,1.2,0.0,79.777,80.38,78.713,0,1,0
2023,3,FORMULA 1 ROLEX AUSTRALIAN GRAND PRIX 2023,ZHO,Alfa Romeo,Q1,78.54,17.0,27.348,17.828,33.364,5.0,SOFT,True,283.0,316.0,302.0,319.0,15.3,22.9,52.0,1019.0,1.2,0.0,80.569,80.47,78.33,0,1,0
2023,3,FORMULA 1 ROLEX AUSTRALIAN GRAND PRIX 2023,SAR,Williams,Q1,78.557,18.0,27.329,17.552,33.676,5.0,SOFT,True,286.0,322.0,306.0,325.0,15.3,22.9,52.0,1019.0,1.2,0.0,80.074,,78.947,0,1,0
2023,3,FORMULA 1 ROLEX AUSTRALIAN GRAND PRIX 2023,BOT,Alfa Romeo,Q1,78.714,19.0,27.133,17.961,33.62,7.0,SOFT,True,283.0,314.0,305.0,317.0,15.3,22.9,52.0,1019.0,1.2,0.0,80.419,80.312,78.809,0,1,0
2023,3,FORMULA 1 ROLEX AUSTRALIAN GRAND PRIX 2023,PER,Red Bull Racing,Q1,100.187,20.0,35.024,19.208,45.955,1.0,SOFT,True,267.0,282.0,309.0,205.0,15.3,22.9,52.0,1019.0,1.2,0.0,79.293,80.083,78.123,0,1,0
2023,3,FORMULA 1 ROLEX AUSTRALIAN GRAND PRIX 2023,VER,Red Bull Racing,Q2,77.056,1.0,26.737,17.49,32.829,6.0,SOFT,False,283.0,320.0,309.0,327.0,15.3,22.9,52.0,1019.0,1.2,0.0,78.79,79.502,77.565,0,2,0
2023,3,FORMULA 1 ROLEX AUSTRALIAN GRAND PRIX 2023,ALO,Aston Martin,Q2,77.283,4.0,26.768,17.628,32.887,4.0,SOFT,True,284.0,310.0,303.0,320.0,15.3,22.9,52.0,1019.0,1.2,0.0,79.317,78.887,77.727,0,2,0
2023,3,FORMULA 1 ROLEX AUSTRALIAN GRAND PRIX 2023,SAI,Ferrari,Q2,77.349,5.0,26.79,17.608,32.951,3.0,SOFT,True,285.0,318.0,307.0,321.0,15.3,22.9,52.0,1019.0,1.2,0.0,79.505,79.695,78.127,0,2,0
2023,3,FORMULA 1 ROLEX AUSTRALIAN GRAND PRIX 2023,LEC,Ferrari,Q2,77.39,7.0,26.856,17.549,32.985,3.0,SOFT,True,284.0,319.0,306.0,323.0,15.3,22.9,52.0,1019.0,1.2,0.0,79.378,79.332,78.691,0,2,0
2023,3,FORMULA 1 ROLEX AUSTRALIAN GRAND PRIX 2023,HUL,Haas F1 Team,Q2,77.412,10.0,26.937,17.643,32.832,3.0,SOFT,True,286.0,321.0,308.0,322.0,15.3,22.9,52.0,1019.0,1.2,0.0,79.806,80.194,78.41,0,2,0
2023,3,FORMULA 1 ROLEX AUSTRALIAN GRAND PRIX 2023,RUS,Mercedes,Q2,77.513,2.0,26.894,17.608,33.011,9.0,SOFT,True,283.0,314.0,306.0,319.0,15.3,22.9,52.0,1019.0,1.2,0.0,79.699,79.672,77.955,0,2,0
2023,3,FORMULA 1 ROLEX AUSTRALIAN GRAND PRIX 2023,HAM,Mercedes,Q2,77.551,3.0,26.911,17.599,33.041,9.0,SOFT,True,282.0,316.0,306.0,321.0,15.3,22.9,52.0,1019.0,1.2,0.0,79.223,80.323,78.138,0,2,0
2023,3,FORMULA 1 ROLEX AUSTRALIAN GRAND PRIX 2023,GAS,Alpine,Q2,77.574,9.0,26.963,17.471,33.14,7.0,SOFT,True,285.0,326.0,306.0,323.0,15.3,22.9,52.0,1019.0,1.2,0.0,79.646,80.206,78.094,0,2,0
2023,3,FORMULA 1 ROLEX AUSTRALIAN GRAND PRIX 2023,STR,Aston Martin,Q2,77.616,6.0,26.958,17.591,33.067,2.0,SOFT,True,282.0,316.0,302.0,317.0,15.3,22.9,52.0,1019.0,1.2,0.0,79.766,80.579,78.198,0,2,0
2023,3,FORMULA 1 ROLEX AUSTRALIAN GRAND PRIX 2023,ALB,Williams,Q2,77.761,8.0,26.879,17.486,33.396,3.0,SOFT,True,286.0,320.0,306.0,324.0,15.3,22.9,52.0,1019.0,1.2,0.0,79.766,81.182,78.553,0,2,0
2023,3,FORMULA 1 ROLEX AUSTRALIAN GRAND PRIX 2023,OCO,Alpine,Q2,77.768,11.0,26.987,17.678,33.103,5.0,SOFT,True,285.0,319.0,306.0,319.0,15.3,22.9,52.0,1019.0,1.2,0.0,80.175,79.725,77.938,0,2,0
2023,3,FORMULA 1 ROLEX AUSTRALIAN GRAND PRIX 2023,TSU,AlphaTauri,Q2,78.099,12.0,26.996,17.86,33.243,3.0,SOFT,True,282.0,314.0,300.0,319.0,15.3,22.9,52.0,1019.0,1.2,0.0,80.399,80.22,78.901,0,2,0
2023,3,FORMULA 1 ROLEX AUSTRALIAN GRAND PRIX 2023,NOR,McLaren,Q2,78.119,13.0,27.11,17.716,33.293,6.0,SOFT,True,280.0,312.0,302.0,322.0,15.3,22.9,52.0,1019.0,1.2,0.0,79.536,80.176,79.146,0,2,0
2023,3,FORMULA 1 ROLEX AUSTRALIAN GRAND PRIX 2023,MAG,Haas F1 Team,Q2,78.129,14.0,26.959,17.743,33.427,3.0,SOFT,True,286.0,321.0,305.0,323.0,15.3,22.9,52.0,1019.0,1.2,0.0,81.147,81.266,79.056,0,2,0
2023,3,FORMULA 1 ROLEX AUSTRALIAN GRAND PRIX 2023,DEV,AlphaTauri,Q2,78.335,15.0,27.215,17.843,33.277,2.0,SOFT,True,282.0,314.0,301.0,318.0,15.3,22.9,52.0,1019.0,1.2,0.0,79.933,80.6,79.092,0,2,0
2023,3,FORMULA 1 ROLEX AUSTRALIAN GRAND PRIX 2023,VER,Red Bull Racing,Q3,76.732,1.0,26.574,17.456,32.702,2.0,SOFT,True,284.0,321.0,306.0,325.0,15.3,22.9,52.0,1019.0,1.2,0.0,78.79,79.502,77.565,0,3,0
2023,3,FORMULA 1 ROLEX AUSTRALIAN GRAND PRIX 2023,RUS,Mercedes,Q3,76.968,2.0,26.638,17.463,32.867,3.0,SOFT,True,284.0,315.0,304.0,322.0,15.3,22.9,52.0,1019.0,1.2,0.0,79.699,79.672,77.955,0,3,0
2023,3,FORMULA 1 ROLEX AUSTRALIAN GRAND PRIX 2023,HAM,Mercedes,Q3,77.104,3.0,26.748,17.519,32.837,3.0,SOFT,True,286.0,321.0,306.0,322.0,15.3,22.9,52.0,1019.0,1.2,0.0,79.223,80.323,78.138,0,3,0
2023,3,FORMULA 1 ROLEX AUSTRALIAN GRAND PRIX 2023,ALO,Aston Martin,Q3,77.139,4.0,26.648,17.563,32.928,3.0,SOFT,True,284.0,312.0,303.0,318.0,15.3,22.9,52.0,1019.0,1.2,0.0,79.317,78.887,77.727,0,3,0
2023,3,FORMULA 1 ROLEX AUSTRALIAN GRAND PRIX 2023,SAI,Ferrari,Q3,77.27,5.0,26.959,17.553,32.758,3.0,SOFT,True,285.0,319.0,304.0,319.0,15.3,22.9,52.0,1019.0,1.2,0.0,79.505,79.695,78.127,0,3,0
2023,3,FORMULA 1 ROLEX AUSTRALIAN GRAND PRIX 2023,STR,Aston Martin,Q3,77.308,6.0,26.846,17.601,32.861,5.0,SOFT,True,281.0,312.0,302.0,318.0,15.3,22.9,52.0,1019.0,1.2,0.0,79.766,80.579,78.198,0,3,0
2023,3,FORMULA 1 ROLEX AUSTRALIAN GRAND PRIX 2023,LEC,Ferrari,Q3,77.369,7.0,26.851,17.659,32.859,2.0,SOFT,True,285.0,318.0,305.0,321.0,15.3,22.9,52.0,1019.0,1.2,0.0,79.378,79.332,78.691,0,3,0
2023,3,FORMULA 1 ROLEX AUSTRALIAN GRAND PRIX 2023,ALB,Williams,Q3,77.609,8.0,26.959,17.459,33.191,5.0,SOFT,True,286.0,320.0,305.0,322.0,15.3,22.9,52.0,1019.0,1.2,0.0,79.766,81.182,78.553,0,3,0
2023,3,FORMULA 1 ROLEX AUSTRALIAN GRAND PRIX 2023,GAS,Alpine,Q3,77.675,9.0,26.846,17.652,33.177,5.0,SOFT,True,285.0,315.0,303.0,318.0,15.3,22.9,52.0,1019.0,1.2,0.0,79.646,80.206,78.094,0,3,0
2023,3,FORMULA 1 ROLEX AUSTRALIAN GRAND PRIX 2023,HUL,Haas F1 Team,Q3,77.735,10.0,26.986,17.649,33.1,3.0,SOFT,True,286.0,323.0,308.0,320.0,15.3,22.9,52.0,1019.0,1.2,0.0,79.806,80.194,78.41,0,3,0
2023,4,FORMULA 1 AZERBAIJAN GRAND PRIX 2023,LEC,Ferrari,Q1,101.269,1.0,35.502,40.891,24.876,9.0,SOFT,False,232.0,243.0,330.0,317.0,19.4,32.9,81.0,1011.7,0.8,0.0,102.352,,101.697,1,1,0
2023,4,FORMULA 1 AZERBAIJAN GRAND PRIX 2023,VER,Red Bull Racing,Q1,101.398,2.0,35.752,40.891,24.755,7.0,SOFT,False,228.0,238.0,338.0,318.0,19.4,32.9,81.0,1011.7,0.8,0.0,102.315,,101.987,1,1,0
2023,4,FORMULA 1 AZERBAIJAN GRAND PRIX 2023,ALO,Aston Martin,Q1,101.72,6.0,35.776,41.125,24.819,9.0,SOFT,False,225.0,242.0,333.0,321.0,19.4,32.9,81.0,1011.7,0.8,0.0,103.56,,102.976,1,1,0
2023,4,FORMULA 1 AZERBAIJAN GRAND PRIX 2023,PER,Red Bull Racing,Q1,101.756,3.0,35.922,41.03,24.804,8.0,SOFT,False,224.0,239.0,338.0,319.0,19.4,32.9,81.0,1011.7,0.8,0.0,102.454,,101.844,1,1,0
2023,4,FORMULA 1 AZERBAIJAN GRAND PRIX 2023,RUS,Mercedes,Q1,102.073,11.0,35.887,41.096,25.09,6.0,SOFT,False,223.0,244.0,330.0,312.0,19.4,32.9,81.0,1011.7,0.8,0.0,105.082,,102.252,1,1,0
2023,4,FORMULA 1 AZERBAIJAN GRAND PRIX 2023,HAM,Mercedes,Q1,102.113,5.0,35.922,41.179,25.012,4.0,SOFT,False,229.0,240.0,331.0,313.0,19.4,32.9,81.0,1011.7,0.8,0.0,103.798,,102.502,1,1,0
2023,4,FORMULA 1 AZERBAIJAN GRAND PRIX 2023,NOR,McLaren,Q1,102.154,7.0,35.797,41.248,25.109,2.0,SOFT,True,226.0,247.0,328.0,313.0,19.4,32.9,81.0,1011.7,0.8,0.0,103.125,,103.395,1,1,0
2023,4,FORMULA 1 AZERBAIJAN GRAND PRIX 2023,ALB,Williams,Q1,102.171,13.0,36.102,41.041,25.028,2.0,SOFT,True,222.0,236.0,334.0,315.0,19.4,32.9,81.0,1011.7,0.8,0.0,103.628,,102.846,1,1,0
2023,4,FORMULA 1 AZERBAIJAN GRAND PRIX 2023,SAI,Ferrari,Q1,102.197,4.0,36.055,41.156,24.986,4.0,SOFT,True,222.0,234.0,331.0,316.0,19.4,32.9,81.0,1011.7,0.8,0.0,102.899,,102.287,1,1,0
2023,4,FORMULA 1 AZERBAIJAN GRAND PRIX 2023,TSU,AlphaTauri,Q1,102.234,8.0,36.113,41.023,25.098,4.0,SOFT,True,220.0,236.0,333.0,316.0,19.4,32.9,81.0,1011.7,0.8,0.0,104.137,,105.436,1,1,0
2023,4,FORMULA 1 AZERBAIJAN GRAND PRIX 2023,SAR,Williams,Q1,102.242,15.0,35.885,41.532,24.825,4.0,SOFT,True,215.0,228.0,340.0,320.0,19.4,32.9,81.0,1011.7,0.8,0.0,104.9,,104.042,1,1,0
2023,4,FORMULA 1 AZERBAIJAN GRAND PRIX 2023,PIA,McLaren,Q1,102.455,10.0,35.869,41.521,25.065,4.0,SOFT,True,221.0,236.0,330.0,314.0,19.4,32.9,81.0,1011.7,0.8,0.0,103.98,,103.427,1,1,0
2023,4,FORMULA 1 AZERBAIJAN GRAND PRIX 2023,STR,Aston Martin,Q1,102.524,9.0,36.241,41.358,24.925,2.0,SOFT,True,223.0,244.0,330.0,318.0,19.4,32.9,81.0,1011.7,0.8,0.0,103.455,,103.064,1,1,0
2023,4,FORMULA 1 AZERBAIJAN GRAND PRIX 2023,BOT,Alfa Romeo,Q1,102.582,14.0,36.069,41.333,25.18,4.0,SOFT,True,224.0,226.0,325.0,314.0,19.4,32.9,81.0,1011.7,0.8,0.0,104.01,,105.352,1,1,0
2023,4,FORMULA 1 AZERBAIJAN GRAND PRIX 2023,OCO,Alpine,Q1,102.622,12.0,36.097,41.492,25.033,2.0,SOFT,True,225.0,229.0,332.0,316.0,19.4,32.9,81.0,1011.7,0.8,0.0,105.955,,104.088,1,1,0
2023,4,FORMULA 1 AZERBAIJAN GRAND PRIX 2023,ZHO,Alfa Romeo,Q1,102.642,16.0,36.052,41.578,25.012,4.0,SOFT,True,218.0,233.0,334.0,316.0,19.4,32.9,81.0,1011.7,0.8,0.0,103.748,,105.177,1,1,0
2023,4,FORMULA 1 AZERBAIJAN GRAND PRIX 2023,HUL,Haas F1 Team,Q1,102.755,17.0,36.636,41.152,24.967,4.0,SOFT,True,221.0,223.0,334.0,319.0,19.4,32.9,81.0,1011.7,0.8,0.0,104.323,,103.806,1,1,0
2023,4,FORMULA 1 AZERBAIJAN GRAND PRIX 2023,MAG,Haas F1 Team,Q1,103.417,18.0,36.39,41.541,25.486,4.0,SOFT,True,216.0,235.0,328.0,315.0,19.4,32.9,81.0,1011.7,0.8,0.0,107.498,,104.101,1,1,0
2023,4,FORMULA 1 AZERBAIJAN GRAND PRIX 2023,GAS,Alpine,Q1,104.853,19.0,37.311,42.427,25.115,2.0,SOFT,True,203.0,235.0,331.0,315.0,19.4,32.9,81.0,1011.7,0.8,0.0,106.321,,106.951,1,1,0
2023,4,FORMULA 1 AZERBAIJAN GRAND PRIX 2023,DEV,AlphaTauri,Q1,115.282,20.0,41.203,47.497,26.582,2.0,SOFT,True,179.0,192.0,330.0,301.0,19.4,32.9,81.0,1011.7,0.8,0.0,103.414,,108.18,1,1,0
2023,4,FORMULA 1 AZERBAIJAN GRAND PRIX 2023,VER,Red Bull Racing,Q2,100.822,2.0,35.474,40.61,24.738,5.0,SOFT,False,226.0,241.0,337.0,318.0,19.4,32.9,81.0,1011.7,0.8,0.0,102.315,,101.987,1,2,0
2023,4,FORMULA 1 AZERBAIJAN GRAND PRIX 2023,LEC,Ferrari,Q2,101.037,1.0,35.494,40.703,24.84,4.0,SOFT,True,234.0,240.0,329.0,317.0,19.4,32.9,81.0,1011.7,0.8,0.0,102.352,,101.697,1,2,0
2023,4,FORMULA 1 AZERBAIJAN GRAND PRIX 2023,PER,Red Bull Racing,Q2,101.131,3.0,35.49,40.747,24.894,2.0,SOFT,True,226.0,240.0,337.0,318.0,19.4,32.9,81.0,1011.7,0.8,0.0,102.454,,101.844,1,2,0
2023,4,FORMULA 1 AZERBAIJAN GRAND PRIX 2023,SAI,Ferrari,Q2,101.369,4.0,35.701,40.879,24.789,6.0,SOFT,True,223.0,243.0,333.0,318.0,19.4,32.9,81.0,1011.7,0.8,0.0,102.899,,102.287,1,2,0
2023,4,FORMULA 1 AZERBAIJAN GRAND PRIX 2023,ALO,Aston Martin,Q2,101.37,6.0,35.673,40.763,24.934,4.0,SOFT,True,240.0,243.0,321.0,317.0,19.4,32.9,81.0,1011.7,0.8,0.0,103.56,,102.976,1,2,0
2023,4,FORMULA 1 AZERBAIJAN GRAND PRIX 2023,NOR,McLaren,Q2,101.485,7.0,35.689,40.768,25.028,4.0,SOFT,True,220.0,230.0,325.0,312.0,19.4,32.9,81.0,1011.7,0.8,0.0,103.125,,103.395,1,2,0
2023,4,FORMULA 1 AZERBAIJAN GRAND PRIX 2023,TSU,AlphaTauri,Q2,101.569,8.0,35.78,40.906,24.883,2.0,SOFT,True,225.0,232.0,335.0,318.0,19.4,32.9,81.0,1011.7,0.8,0.0,104.137,,105.436,1,2,0
2023,4,FORMULA 1 AZERBAIJAN GRAND PRIX 2023,STR,Aston Martin,Q2,101.576,9.0,35.838,40.829,24.909,6.0,SOFT,False,223.0,237.0,319.0,318.0,19.4,32.9,81.0,1011.7,0.8,0.0,103.455,,103.064,1,2,0
2023,4,FORMULA 1 AZERBAIJAN GRAND PRIX 2023,PIA,McLaren,Q2,101.636,10.0,35.636,41.075,24.925,4.0,SOFT,True,214.0,237.0,331.0,317.0,19.4,32.9,81.0,1011.7,0.8,0.0,103.98,,103.427,1,2,0
2023,4,FORMULA 1 AZERBAIJAN GRAND PRIX 2023,HAM,Mercedes,Q2,101.65,5.0,35.772,40.918,24.96,2.0,SOFT,True,227.0,242.0,331.0,313.0,19.4,32.9,81.0,1011.7,0.8,0.0,103.798,,102.502,1,2,0
2023,4,FORMULA 1 AZERBAIJAN GRAND PRIX 2023,RUS,Mercedes,Q2,101.654,11.0,35.794,40.933,24.927,2.0,SOFT,True,228.0,240.0,331.0,313.0,19.4,32.9,81.0,1011.7,0.8,0.0,105.082,,102.252,1,2,0
2023,4,FORMULA 1 AZERBAIJAN GRAND PRIX 2023,OCO,Alpine,Q2,101.798,12.0,35.7,41.037,25.061,2.0,SOFT,True,228.0,241.0,334.0,316.0,19.4,32.9,81.0,1011.7,0.8,0.0,105.955,,104.088,1,2,0
2023,4,FORMULA 1 AZERBAIJAN GRAND PRIX 2023,ALB,Williams,Q2,101.818,13.0,35.854,40.976,24.988,4.0,SOFT,True,224.0,232.0,334.0,316.0,19.4,32.9,81.0,1011.7,0.8,0.0,103.628,,102.846,1,2,0
2023,4,FORMULA 1 AZERBAIJAN GRAND PRIX 2023,BOT,Alfa Romeo,Q2,102.259,14.0,35.918,41.257,25.084,2.0,SOFT,True,223.0,233.0,331.0,314.0,19.4,32.9,81.0,1011.7,0.8,0.0,104.01,,105.352,1,2,0
2023,4,FORMULA 1 AZERBAIJAN GRAND PRIX 2023,SAR,Williams,Q2,102.395,15.0,35.858,41.47,25.067,2.0,SOFT,True,218.0,232.0,337.0,319.0,19.4,32.9,81.0,1011.7,0.8,0.0,104.9,,104.042,1,2,0
2023,4,FORMULA 1 AZERBAIJAN GRAND PRIX 2023,LEC,Ferrari,Q3,100.203,1.0,35.224,40.191,24.788,2.0,SOFT,True,237.0,245.0,333.0,317.0,19.4,32.9,81.0,1011.7,0.8,0.0,102.352,,101.697,1,3,0
2023,4,FORMULA 1 AZERBAIJAN GRAND PRIX 2023,VER,Red Bull Racing,Q3,100.391,2.0,35.277,40.447,24.667,2.0,SOFT,True,226.0,241.0,339.0,319.0,19.4,32.9,81.0,1011.7,0.8,0.0,102.315,,101.987,1,3,0
2023,4,FORMULA 1 AZERBAIJAN GRAND PRIX 2023,PER,Red Bull Racing,Q3,100.495,3.0,35.177,40.554,24.764,2.0,SOFT,True,238.0,250.0,338.0,318.0,19.4,32.9,81.0,1011.7,0.8,0.0,102.454,,101.844,1,3,0
2023,4,FORMULA 1 AZERBAIJAN GRAND PRIX 2023,SAI,Ferrari,Q3,101.016,4.0,35.512,40.689,24.815,2.0,SOFT,True,224.0,243.0,332.0,317.0,19.4,32.9,81.0,1011.7,0.8,0.0,102.899,,102.287,1,3,0
2023,4,FORMULA 1 AZERBAIJAN GRAND PRIX 2023,HAM,Mercedes,Q3,101.177,5.0,35.702,40.708,24.767,2.0,SOFT,True,218.0,239.0,335.0,317.0,19.4,32.9,81.0,1011.7,0.8,0.0,103.798,,102.502,1,3,0
2023,4,FORMULA 1 AZERBAIJAN GRAND PRIX 2023,ALO,Aston Martin,Q3,101.253,6.0,35.727,40.757,24.769,2.0,SOFT,True,229.0,239.0,325.0,321.0,19.4,32.9,81.0,1011.7,0.8,0.0,103.56,,102.976,1,3,0
2023,4,FORMULA 1 AZERBAIJAN GRAND PRIX 2023,NOR,McLaren,Q3,101.281,7.0,35.461,40.735,25.085,2.0,SOFT,True,223.0,239.0,326.0,312.0,19.4,32.9,81.0,1011.7,0.8,0.0,103.125,,103.395,1,3,0
2023,4,FORMULA 1 AZERBAIJAN GRAND PRIX 2023,TSU,AlphaTauri,Q3,101.581,8.0,35.717,40.835,25.029,7.0,SOFT,False,222.0,241.0,332.0,315.0,19.4,32.9,81.0,1011.7,0.8,0.0,104.137,,105.436,1,3,0
2023,4,FORMULA 1 AZERBAIJAN GRAND PRIX 2023,PIA,McLaren,Q3,101.611,10.0,35.737,40.903,24.971,6.0,SOFT,False,221.0,238.0,330.0,316.0,19.4,32.9,81.0,1011.7,0.8,0.0,103.98,,103.427,1,3,0
2023,4,FORMULA 1 AZERBAIJAN GRAND PRIX 2023,STR,Aston Martin,Q3,101.611,9.0,35.813,40.77,25.028,4.0,SOFT,True,229.0,242.0,318.0,315.0,19.4,32.9,81.0,1011.7,0.8,0.0,103.455,,103.064,1,3,0
2023,5,FORMULA 1 CRYPTO.COM MIAMI GRAND PRIX 2023,VER,Red Bull Racing,Q1,87.363,9.0,29.281,33.176,24.906,5.0,SOFT,True,224.0,193.0,283.0,340.0,28.6,42.7,59.0,1017.4,3.5,0.0,90.549,87.93,87.535,0,1,0
2023,5,FORMULA 1 CRYPTO.COM MIAMI GRAND PRIX 2023,SAI,Ferrari,Q1,87.686,3.0,29.458,33.284,24.944,7.0,SOFT,True,225.0,194.0,284.0,332.0,28.6,42.7,59.0,1017.4,3.5,0.0,90.724,88.315,88.125,0,1,0
2023,5,FORMULA 1 CRYPTO.COM MIAMI GRAND PRIX 2023,LEC,Ferrari,Q1,87.713,7.0,29.504,33.323,24.886,7.0,SOFT,True,224.0,195.0,286.0,334.0,28.6,42.7,59.0,1017.4,3.5,0.0,90.449,88.398,87.941,0,1,0
2023,5,FORMULA 1 CRYPTO.COM MIAMI GRAND PRIX 2023,PER,Red Bull Racing,Q1,87.713,1.0,29.404,33.522,24.787,5.0,SOFT,True,220.0,193.0,284.0,341.0,28.6,42.7,59.0,1017.4,3.5,0.0,91.566,88.419,88.05,0,1,0
2023,5,FORMULA 1 CRYPTO.COM MIAMI GRAND PRIX 2023,MAG,Haas F1 Team,Q1,87.809,4.0,29.34,33.451,25.018,3.0,SOFT,True,224.0,191.0,283.0,336.0,28.6,42.7,59.0,1017.4,3.5,0.0,91.853,89.171,88.607,0,1,0
2023,5,FORMULA 1 CRYPTO.COM MIAMI GRAND PRIX 2023,HAM,Mercedes,Q1,87.846,13.0,29.396,33.363,25.087,2.0,SOFT,True,221.0,193.0,280.0,337.0,28.6,42.7,59.0,1017.4,3.5,0.0,90.337,88.858,88.718,0,1,0
2023,5,FORMULA 1 CRYPTO.COM MIAMI GRAND PRIX 2023,BOT,Alfa Romeo,Q1,87.864,10.0,29.59,33.32,24.954,4.0,SOFT,True,226.0,194.0,281.0,337.0,28.6,42.7,59.0,1017.4,3.5,0.0,91.902,89.189,88.456,0,1,0
2023,5,FORMULA 1 CRYPTO.COM MIAMI GRAND PRIX 2023,OCO,Alpine,Q1,87.872,8.0,29.476,33.44,24.956,2.0,SOFT,True,222.0,193.0,280.0,339.0,28.6,42.7,59.0,1017.4,3.5,0.0,91.542,88.937,88.407,0,1,0
2023,5,FORMULA 1 CRYPTO.COM MIAMI GRAND PRIX 2023,HUL,Haas F1 Team,Q1,87.945,12.0,29.487,33.564,24.894,4.0,SOFT,True,225.0,193.0,283.0,338.0,28.6,42.7,59.0,1017.4,3.5,0.0,91.392,89.393,88.497,0,1,0
2023,5,FORMULA 1 CRYPTO.COM MIAMI GRAND PRIX 2023,GAS,Alpine,Q1,88.061,5.0,29.456,33.226,25.379,2.0,SOFT,True,217.0,194.0,281.0,336.0,28.6,42.7,59.0,1017.4,3.5,0.0,91.104,89.098,88.428,0,1,0
2023,5,FORMULA 1 CRYPTO.COM MIAMI GRAND PRIX 2023,RUS,Mercedes,Q1,88.086,6.0,29.468,33.48,25.138,2.0,SOFT,True,221.0,192.0,276.0,335.0,28.6,42.7,59.0,1017.4,3.5,0.0,90.125,89.216,88.606,0,1,0
2023,5,FORMULA 1 CRYPTO.COM MIAMI GRAND PRIX 2023,ALO,Aston Martin,Q1,88.179,2.0,29.676,33.59,24.913,7.0,SOFT,True,221.0,193.0,281.0,336.0,28.6,42.7,59.0,1017.4,3.5,0.0,91.231,88.66,88.618,0,1,0
2023,5,FORMULA 1 CRYPTO.COM MIAMI GRAND PRIX 2023,ZHO,Alfa Romeo,Q1,88.18,14.0,29.565,33.461,25.154,4.0,SOFT,True,222.0,193.0,281.0,338.0,28.6,42.7,59.0,1017.4,3.5,0.0,92.134,89.181,89.074,0,1,0
2023,5,FORMULA 1 CRYPTO.COM MIAMI GRAND PRIX 2023,ALB,Williams,Q1,88.234,11.0,29.568,33.497,25.169,2.0,SOFT,True,225.0,189.0,278.0,332.0,28.6,42.7,59.0,1017.4,3.5,0.0,91.903,89.046,88.561,0,1,0
2023,5,FORMULA 1 CRYPTO.COM MIAMI GRAND PRIX 2023,DEV,AlphaTauri,Q1,88.325,15.0,29.529,33.683,25.113,2.0,SOFT,True,223.0,194.0,281.0,332.0,28.6,42.7,59.0,1017.4,3.5,0.0,94.637,89.928,89.447,0,1,0
2023,5,FORMULA 1 CRYPTO.COM MIAMI GRAND PRIX 2023,NOR,McLaren,Q1,88.394,16.0,29.471,33.652,25.271,2.0,SOFT,True,224.0,193.0,278.0,334.0,28.6,42.7,59.0,1017.4,3.5,0.0,91.997,88.741,89.401,0,1,0
2023,5,FORMULA 1 CRYPTO.COM MIAMI GRAND PRIX 2023,TSU,AlphaTauri,Q1,88.429,17.0,29.609,33.691,25.129,4.0,SOFT,True,221.0,190.0,281.0,334.0,28.6,42.7,59.0,1017.4,3.5,0.0,92.169,89.613,89.179,0,1,0
2023,5,FORMULA 1 CRYPTO.COM MIAMI GRAND PRIX 2023,STR,Aston Martin,Q1,88.476,18.0,29.768,33.756,24.951999999999998,7.0,SOFT,True,221.0,193.0,281.0,335.0,28.6,42.7,59.0,1017.4,3.5,0.0,91.337,88.93,88.723,0,1,0
2023,5,FORMULA 1 CRYPTO.COM MIAMI GRAND PRIX 2023,PIA,McLaren,Q1,88.484,19.0,29.756,33.681,25.047,2.0,SOFT,True,219.0,194.0,281.0,337.0,28.6,42.7,59.0,1017.4,3.5,0.0,91.81,89.339,89.375,0,1,0
2023,5,FORMULA 1 CRYPTO.COM MIAMI GRAND PRIX 2023,SAR,Williams,Q1,88.577,20.0,29.832,33.759,24.986,4.0,SOFT,True,219.0,191.0,284.0,338.0,28.6,42.7,59.0,1017.4,3.5,0.0,92.619,90.038,89.264,0,1,0
2023,5,FORMULA 1 CRYPTO.COM MIAMI GRAND PRIX 2023,VER,Red Bull Racing,Q2,86.814,9.0,29.073,32.956,24.785,5.0,SOFT,False,225.0,194.0,284.0,341.0,28.6,42.7,59.0,1017.4,3.5,0.0,90.549,87.93,87.535,0,2,0
2023,5,FORMULA 1 CRYPTO.COM MIAMI GRAND PRIX 2023,LEC,Ferrari,Q2,86.964,7.0,29.245,32.935,24.784,5.0,SOFT,True,224.0,194.0,284.0,336.0,28.6,42.7,59.0,1017.4,3.5,0.0,90.449,88.398,87.941,0,2,0
2023,5,FORMULA 1 CRYPTO.COM MIAMI GRAND PRIX 2023,ALO,Aston Martin,Q2,87.097,2.0,29.216,33.125,24.756,2.0,SOFT,True,224.0,195.0,282.0,335.0,28.6,42.7,59.0,1017.4,3.5,0.0,91.231,88.66,88.618,0,2,0
2023,5,FORMULA 1 CRYPTO.COM MIAMI GRAND PRIX 2023,SAI,Ferrari,Q2,87.148,3.0,29.123,33.113,24.912,2.0,SOFT,True,225.0,195.0,282.0,332.0,28.6,42.7,59.0,1017.4,3.5,0.0,90.724,88.315,88.125,0,2,0
2023,5,FORMULA 1 CRYPTO.COM MIAMI GRAND PRIX 2023,PER,Red Bull Racing,Q2,87.328,1.0,29.224,33.297,24.807,2.0,SOFT,True,223.0,193.0,282.0,342.0,28.6,42.7,59.0,1017.4,3.5,0.0,91.566,88.419,88.05,0,2,0
2023,5,FORMULA 1 CRYPTO.COM MIAMI GRAND PRIX 2023,OCO,Alpine,Q2,87.444,8.0,29.288,33.193,24.963,2.0,SOFT,True,224.0,193.0,280.0,333.0,28.6,42.7,59.0,1017.4,3.5,0.0,91.542,88.937,88.407,0,2,0
2023,5,FORMULA 1 CRYPTO.COM MIAMI GRAND PRIX 2023,BOT,Alfa Romeo,Q2,87.564,10.0,29.166,33.347,25.051,2.0,SOFT,True,226.0,194.0,280.0,333.0,28.6,42.7,59.0,1017.4,3.5,0.0,91.902,89.189,88.456,0,2,0
2023,5,FORMULA 1 CRYPTO.COM MIAMI GRAND PRIX 2023,GAS,Alpine,Q2,87.612,5.0,29.325,33.305,24.982,2.0,SOFT,True,222.0,192.0,279.0,333.0,28.6,42.7,59.0,1017.4,3.5,0.0,91.104,89.098,88.428,0,2,0
2023,5,FORMULA 1 CRYPTO.COM MIAMI GRAND PRIX 2023,MAG,Haas F1 Team,Q2,87.673,4.0,29.338,33.268,25.067,2.0,SOFT,True,222.0,193.0,282.0,332.0,28.6,42.7,59.0,1017.4,3.5,0.0,91.853,89.171,88.607,0,2,0
2023,5,FORMULA 1 CRYPTO.COM MIAMI GRAND PRIX 2023,RUS,Mercedes,Q2,87.743,6.0,29.439,33.165,25.139,2.0,SOFT,True,223.0,194.0,279.0,336.0,28.6,42.7,59.0,1017.4,3.5,0.0,90.125,89.216,88.606,0,2,0
2023,5,FORMULA 1 CRYPTO.COM MIAMI GRAND PRIX 2023,ALB,Williams,Q2,87.795,11.0,29.414,33.399,24.982,2.0,SOFT,True,224.0,194.0,283.0,338.0,28.6,42.7,59.0,1017.4,3.5,0.0,91.903,89.046,88.561,0,2,0
2023,5,FORMULA 1 CRYPTO.COM MIAMI GRAND PRIX 2023,HUL,Haas F1 Team,Q2,87.903,12.0,29.653,33.348,24.902,7.0,SOFT,False,225.0,194.0,282.0,337.0,28.6,42.7,59.0,1017.4,3.5,0.0,91.392,89.393,88.497,0,2,0
2023,5,FORMULA 1 CRYPTO.COM MIAMI GRAND PRIX 2023,HAM,Mercedes,Q2,87.975,13.0,29.62,33.376,24.979,2.0,SOFT,True,221.0,193.0,283.0,337.0,28.6,42.7,59.0,1017.4,3.5,0.0,90.337,88.858,88.718,0,2,0
2023,5,FORMULA 1 CRYPTO.COM MIAMI GRAND PRIX 2023,ZHO,Alfa Romeo,Q2,88.091,14.0,29.408,33.521,25.162,2.0,SOFT,True,223.0,192.0,277.0,328.0,28.6,42.7,59.0,1017.4,3.5,0.0,92.134,89.181,89.074,0,2,0
2023,5,FORMULA 1 CRYPTO.COM MIAMI GRAND PRIX 2023,DEV,AlphaTauri,Q2,88.395,15.0,29.453,33.758,25.184,2.0,SOFT,True,223.0,192.0,281.0,331.0,28.6,42.7,59.0,1017.4,3.5,0.0,94.637,89.928,89.447,0,2,0
2023,5,FORMULA 1 CRYPTO.COM MIAMI GRAND PRIX 2023,PER,Red Bull Racing,Q3,86.841,1.0,28.942,33.049,24.85,2.0,SOFT,True,223.0,195.0,284.0,340.0,28.6,42.7,59.0,1017.4,3.5,0.0,91.566,88.419,88.05,0,3,0
2023,5,FORMULA 1 CRYPTO.COM MIAMI GRAND PRIX 2023,ALO,Aston Martin,Q3,87.202,2.0,29.14,33.257,24.805,5.0,SOFT,False,222.0,196.0,281.0,338.0,28.6,42.7,59.0,1017.4,3.5,0.0,91.231,88.66,88.618,0,3,0
2023,5,FORMULA 1 CRYPTO.COM MIAMI GRAND PRIX 2023,SAI,Ferrari,Q3,87.349,3.0,29.235,33.229,24.885,2.0,SOFT,True,223.0,196.0,282.0,333.0,28.6,42.7,59.0,1017.4,3.5,0.0,90.724,88.315,88.125,0,3,0
2023,5,FORMULA 1 CRYPTO.COM MIAMI GRAND PRIX 2023,MAG,Haas F1 Team,Q3,87.767,4.0,29.339,33.453,24.975,5.0,SOFT,False,224.0,192.0,281.0,333.0,28.6,42.7,59.0,1017.4,3.5,0.0,91.853,89.171,88.607,0,3,0
2023,5,FORMULA 1 CRYPTO.COM MIAMI GRAND PRIX 2023,GAS,Alpine,Q3,87.786,5.0,29.342,33.419,25.025,5.0,SOFT,False,221.0,191.0,281.0,334.0,28.6,42.7,59.0,1017.4,3.5,0.0,91.104,89.098,88.428,0,3,0
2023,5,FORMULA 1 CRYPTO.COM MIAMI GRAND PRIX 2023,RUS,Mercedes,Q3,87.804,6.0,29.364,33.32,25.12,5.0,SOFT,False,218.0,194.0,280.0,336.0,28.6,42.7,59.0,1017.4,3.5,0.0,90.125,89.216,88.606,0,3,0
2023,5,FORMULA 1 CRYPTO.COM MIAMI GRAND PRIX 2023,LEC,Ferrari,Q3,87.861,7.0,29.085,33.013,25.763,2.0,SOFT,True,226.0,195.0,278.0,332.0,28.6,42.7,59.0,1017.4,3.5,0.0,90.449,88.398,87.941,0,3,0
2023,5,FORMULA 1 CRYPTO.COM MIAMI GRAND PRIX 2023,OCO,Alpine,Q3,87.935,8.0,29.363,33.504,25.068,5.0,SOFT,False,223.0,193.0,278.0,334.0,28.6,42.7,59.0,1017.4,3.5,0.0,91.542,88.937,88.407,0,3,0
2023,5,FORMULA 1 CRYPTO.COM MIAMI GRAND PRIX 2023,VER,Red Bull Racing,Q3,108.678,9.0,30.849,46.508,31.321,2.0,SOFT,True,169.0,189.0,,315.0,28.6,42.7,59.0,1017.4,3.5,0.0,90.549,87.93,87.535,0,3,0
2023,6,FORMULA 1 GRAND PRIX DE MONACO 2023,VER,Red Bull Racing,Q1,72.386,1.0,18.887,34.374,19.125,11.0,SOFT,False,216.0,202.0,272.0,281.0,25.8,46.0,33.0,1016.2,0.8,0.0,74.244,72.462,72.776,0,1,0
2023,6,FORMULA 1 GRAND PRIX DE MONACO 2023,TSU,AlphaTauri,Q1,72.642,9.0,18.927,34.43,19.285,2.0,SOFT,True,223.0,205.0,269.0,278.0,25.8,46.0,33.0,1016.2,0.8,0.0,74.82,73.641,73.738,0,1,0
2023,6,FORMULA 1 GRAND PRIX DE MONACO 2023,ALB,Williams,Q1,72.706,13.0,18.989,34.507,19.21,2.0,SOFT,True,218.0,202.0,271.0,283.0,25.8,46.0,33.0,1016.2,0.8,0.0,74.666,74.217,73.93,0,1,0
2023,6,FORMULA 1 GRAND PRIX DE MONACO 2023,SAI,Ferrari,Q1,72.717,5.0,19.027,34.402,19.288,2.0,SOFT,True,217.0,201.0,270.0,286.0,25.8,46.0,33.0,1016.2,0.8,0.0,73.372,72.569,73.261,0,1,0
2023,6,FORMULA 1 GRAND PRIX DE MONACO 2023,STR,Aston Martin,Q1,72.722,14.0,18.853,34.314,19.555,7.0,SOFT,True,221.0,199.0,269.0,280.0,25.8,46.0,33.0,1016.2,0.8,0.0,74.653,73.185,72.942,0,1,0
2023,6,FORMULA 1 GRAND PRIX DE MONACO 2023,RUS,Mercedes,Q1,72.769,8.0,18.92,34.373,19.476,2.0,SOFT,True,216.0,204.0,274.0,280.0,25.8,46.0,33.0,1016.2,0.8,0.0,75.066,73.191,73.59,0,1,0
2023,6,FORMULA 1 GRAND PRIX DE MONACO 2023,HAM,Mercedes,Q1,72.872,6.0,19.042,34.519,19.311,3.0,SOFT,True,217.0,201.0,271.0,283.0,25.8,46.0,33.0,1016.2,0.8,0.0,74.035,72.96,73.486,0,1,0
2023,6,FORMULA 1 GRAND PRIX DE MONACO 2023,NOR,McLaren,Q1,72.877,10.0,19.138,34.492,19.247,4.0,SOFT,True,217.0,201.0,271.0,282.0,25.8,46.0,33.0,1016.2,0.8,0.0,74.467,72.906,73.396,0,1,0
2023,6,FORMULA 1 GRAND PRIX DE MONACO 2023,ALO,Aston Martin,Q1,72.886,2.0,19.025,34.361,19.5,5.0,SOFT,False,219.0,200.0,268.0,280.0,25.8,46.0,33.0,1016.2,0.8,0.0,73.71,72.682,73.697,0,1,0
2023,6,FORMULA 1 GRAND PRIX DE MONACO 2023,LEC,Ferrari,Q1,72.912,3.0,19.095,34.409,19.408,8.0,SOFT,False,218.0,198.0,268.0,281.0,25.8,46.0,33.0,1016.2,0.8,0.0,74.093,72.527,73.475,0,1,0
2023,6,FORMULA 1 GRAND PRIX DE MONACO 2023,OCO,Alpine,Q1,72.967,4.0,19.141,34.505,19.321,6.0,SOFT,True,211.0,201.0,268.0,282.0,25.8,46.0,33.0,1016.2,0.8,0.0,74.585,73.162,73.496,0,1,0
2023,6,FORMULA 1 GRAND PRIX DE MONACO 2023,PIA,McLaren,Q1,73.006,11.0,19.019,34.656,19.331,6.0,SOFT,True,217.0,203.0,271.0,284.0,25.8,46.0,33.0,1016.2,0.8,0.0,75.192,73.673,73.998,0,1,0
2023,6,FORMULA 1 GRAND PRIX DE MONACO 2023,GAS,Alpine,Q1,73.033,7.0,19.268,34.422,19.343,2.0,SOFT,True,220.0,197.0,266.0,281.0,25.8,46.0,33.0,1016.2,0.8,0.0,74.866,73.089,73.453,0,1,0
2023,6,FORMULA 1 GRAND PRIX DE MONACO 2023,BOT,Alfa Romeo,Q1,73.038,15.0,19.129,34.649,19.26,7.0,SOFT,True,219.0,203.0,268.0,280.0,25.8,46.0,33.0,1016.2,0.8,0.0,74.718,73.05,73.521,0,1,0
2023,6,FORMULA 1 GRAND PRIX DE MONACO 2023,DEV,AlphaTauri,Q1,73.054,12.0,19.057,34.605,19.392,2.0,SOFT,True,219.0,201.0,268.0,281.0,25.8,46.0,33.0,1016.2,0.8,0.0,75.083,73.663,74.187,0,1,0
2023,6,FORMULA 1 GRAND PRIX DE MONACO 2023,SAR,Williams,Q1,73.113,16.0,19.073,34.617,19.423,2.0,SOFT,True,218.0,200.0,271.0,283.0,25.8,46.0,33.0,1016.2,0.8,0.0,75.557,74.238,73.851,0,1,0
2023,6,FORMULA 1 GRAND PRIX DE MONACO 2023,MAG,Haas F1 Team,Q1,73.27,17.0,19.14,34.574,19.556,2.0,SOFT,True,216.0,201.0,267.0,280.0,25.8,46.0,33.0,1016.2,0.8,0.0,74.725,73.457,73.624,0,1,0
2023,6,FORMULA 1 GRAND PRIX DE MONACO 2023,HUL,Haas F1 Team,Q1,73.279,18.0,19.108,34.707,19.464,2.0,SOFT,True,215.0,199.0,270.0,282.0,25.8,46.0,33.0,1016.2,0.8,0.0,75.785,73.52,73.65,0,1,0
2023,6,FORMULA 1 GRAND PRIX DE MONACO 2023,ZHO,Alfa Romeo,Q1,73.523,19.0,19.07,34.772,19.681,7.0,SOFT,True,213.0,201.0,267.0,280.0,25.8,46.0,33.0,1016.2,0.8,0.0,75.684,73.354,73.772,0,1,0
2023,6,FORMULA 1 GRAND PRIX DE MONACO 2023,PER,Red Bull Racing,Q1,73.85,20.0,19.475,34.813,19.562,2.0,SOFT,True,210.0,199.0,268.0,281.0,25.8,46.0,33.0,1016.2,0.8,0.0,74.038,72.991,72.849,0,1,0
2023,6,FORMULA 1 GRAND PRIX DE MONACO 2023,VER,Red Bull Racing,Q2,71.908,1.0,18.84,34.111,18.957,5.0,SOFT,True,215.0,200.0,270.0,280.0,25.8,46.0,33.0,1016.2,0.8,0.0,74.244,72.462,72.776,0,2,0
2023,6,FORMULA 1 GRAND PRIX DE MONACO 2023,LEC,Ferrari,Q2,72.103,3.0,18.883,34.153,19.067,2.0,SOFT,True,220.0,201.0,268.0,281.0,25.8,46.0,33.0,1016.2,0.8,0.0,74.093,72.527,73.475,0,2,0
2023,6,FORMULA 1 GRAND PRIX DE MONACO 2023,ALO,Aston Martin,Q2,72.107,2.0,18.815,34.055,19.237,4.0,SOFT,True,221.0,203.0,268.0,281.0,25.8,46.0,33.0,1016.2,0.8,0.0,73.71,72.682,73.697,0,2,0
2023,6,FORMULA 1 GRAND PRIX DE MONACO 2023,RUS,Mercedes,Q2,72.151,8.0,18.697,34.286,19.168,2.0,SOFT,True,220.0,206.0,269.0,278.0,25.8,46.0,33.0,1016.2,0.8,0.0,75.066,73.191,73.59,0,2,0
2023,6,FORMULA 1 GRAND PRIX DE MONACO 2023,HAM,Mercedes,Q2,72.156,6.0,18.954,34.138,19.064,2.0,SOFT,True,218.0,202.0,271.0,282.0,25.8,46.0,33.0,1016.2,0.8,0.0,74.035,72.96,73.486,0,2,0
2023,6,FORMULA 1 GRAND PRIX DE MONACO 2023,GAS,Alpine,Q2,72.169,7.0,18.935,34.06,19.174,2.0,SOFT,True,221.0,205.0,267.0,282.0,25.8,46.0,33.0,1016.2,0.8,0.0,74.866,73.089,73.453,0,2,0
2023,6,FORMULA 1 GRAND PRIX DE MONACO 2023,SAI,Ferrari,Q2,72.21,5.0,18.901,34.204,19.105,5.0,SOFT,True,219.0,203.0,270.0,282.0,25.8,46.0,33.0,1016.2,0.8,0.0,73.372,72.569,73.261,0,2,0
2023,6,FORMULA 1 GRAND PRIX DE MONACO 2023,OCO,Alpine,Q2,72.248,4.0,18.953,34.106,19.189,2.0,SOFT,True,214.0,202.0,268.0,280.0,25.8,46.0,33.0,1016.2,0.8,0.0,74.585,73.162,73.496,0,2,0
2023,6,FORMULA 1 GRAND PRIX DE MONACO 2023,TSU,AlphaTauri,Q2,72.249,9.0,18.782,34.183,19.284,3.0,SOFT,True,223.0,207.0,270.0,279.0,25.8,46.0,33.0,1016.2,0.8,0.0,74.82,73.641,73.738,0,2,0
2023,6,FORMULA 1 GRAND PRIX DE MONACO 2023,NOR,McLaren,Q2,72.377,10.0,18.993,34.274,19.11,2.0,SOFT,True,216.0,203.0,272.0,282.0,25.8,46.0,33.0,1016.2,0.8,0.0,74.467,72.906,73.396,0,2,0
2023,6,FORMULA 1 GRAND PRIX DE MONACO 2023,PIA,McLaren,Q2,72.395,11.0,18.983,34.302,19.11,2.0,SOFT,True,219.0,203.0,272.0,282.0,25.8,46.0,33.0,1016.2,0.8,0.0,75.192,73.673,73.998,0,2,0
2023,6,FORMULA 1 GRAND PRIX DE MONACO 2023,DEV,AlphaTauri,Q2,72.428,12.0,18.9,34.307,19.221,2.0,SOFT,True,220.0,203.0,270.0,280.0,25.8,46.0,33.0,1016.2,0.8,0.0,75.083,73.663,74.187,0,2,0
2023,6,FORMULA 1 GRAND PRIX DE MONACO 2023,ALB,Williams,Q2,72.527,13.0,19.019,34.347,19.161,2.0,SOFT,True,213.0,203.0,271.0,283.0,25.8,46.0,33.0,1016.2,0.8,0.0,74.666,74.217,73.93,0,2,0
2023,6,FORMULA 1 GRAND PRIX DE MONACO 2023,STR,Aston Martin,Q2,72.623,14.0,18.871,34.172,19.58,2.0,SOFT,True,220.0,201.0,265.0,279.0,25.8,46.0,33.0,1016.2,0.8,0.0,74.653,73.185,72.942,0,2,0
2023,6,FORMULA 1 GRAND PRIX DE MONACO 2023,BOT,Alfa Romeo,Q2,72.625,15.0,18.914,34.446,19.265,2.0,SOFT,True,220.0,202.0,268.0,278.0,25.8,46.0,33.0,1016.2,0.8,0.0,74.718,73.05,73.521,0,2,0
2023,6,FORMULA 1 GRAND PRIX DE MONACO 2023,VER,Red Bull Racing,Q3,71.365,1.0,18.642,33.902,18.821,2.0,SOFT,True,217.0,202.0,270.0,281.0,25.8,46.0,33.0,1016.2,0.8,0.0,74.244,72.462,72.776,0,3,0
2023,6,FORMULA 1 GRAND PRIX DE MONACO 2023,ALO,Aston Martin,Q3,71.449,2.0,18.496,33.844,19.109,2.0,SOFT,True,223.0,206.0,269.0,280.0,25.8,46.0,33.0,1016.2,0.8,0.0,73.71,72.682,73.697,0,3,0
2023,6,FORMULA 1 GRAND PRIX DE MONACO 2023,LEC,Ferrari,Q3,71.471,3.0,18.651,33.87,18.95,2.0,SOFT,True,222.0,199.0,268.0,281.0,25.8,46.0,33.0,1016.2,0.8,0.0,74.093,72.527,73.475,0,3,0
2023,6,FORMULA 1 GRAND PRIX DE MONACO 2023,OCO,Alpine,Q3,71.553,4.0,18.728,33.903,18.922,2.0,SOFT,True,216.0,206.0,267.0,278.0,25.8,46.0,33.0,1016.2,0.8,0.0,74.585,73.162,73.496,0,3,0
2023,6,FORMULA 1 GRAND PRIX DE MONACO 2023,SAI,Ferrari,Q3,71.63,5.0,18.839,33.856,18.935,2.0,SOFT,True,219.0,206.0,270.0,281.0,25.8,46.0,33.0,1016.2,0.8,0.0,73.372,72.569,73.261,0,3,0
2023,6,FORMULA 1 GRAND PRIX DE MONACO 2023,HAM,Mercedes,Q3,71.725,6.0,18.757,33.929,19.039,5.0,SOFT,False,220.0,203.0,269.0,280.0,25.8,46.0,33.0,1016.2,0.8,0.0,74.035,72.96,73.486,0,3,0
2023,6,FORMULA 1 GRAND PRIX DE MONACO 2023,GAS,Alpine,Q3,71.933,7.0,18.841,34.003,19.089,2.0,SOFT,True,221.0,203.0,266.0,280.0,25.8,46.0,33.0,1016.2,0.8,0.0,74.866,73.089,73.453,0,3,0
2023,6,FORMULA 1 GRAND PRIX DE MONACO 2023,RUS,Mercedes,Q3,71.964,8.0,18.689,34.101,19.174,3.0,SOFT,True,219.0,207.0,268.0,279.0,25.8,46.0,33.0,1016.2,0.8,0.0,75.066,73.191,73.59,0,3,0
2023,6,FORMULA 1 GRAND PRIX DE MONACO 2023,TSU,AlphaTauri,Q3,72.082,9.0,18.746,34.231,19.105,3.0,SOFT,True,224.0,204.0,267.0,279.0,25.8,46.0,33.0,1016.2,0.8,0.0,74.82,73.641,73.738,0,3,0
2023,6,FORMULA 1 GRAND PRIX DE MONACO 2023,NOR,McLaren,Q3,72.254,10.0,18.923000000000002,34.258,19.073,2.0,SOFT,True,221.0,203.0,269.0,279.0,25.8,46.0,33.0,1016.2,0.8,0.0,74.467,72.906,73.396,0,3,0
2023,7,FORMULA 1 AWS GRAN PREMIO DE ESPAÑA 2023,HAM,Mercedes,Q1,72.937,5.0,21.761,29.424,21.752,2.0,SOFT,True,284.0,305.0,293.0,328.0,20.8,24.8,73.0,1000.7,2.0,0.0,75.845,74.549,74.072,0,1,0
2023,7,FORMULA 1 AWS GRAN PREMIO DE ESPAÑA 2023,NOR,McLaren,Q1,73.295,3.0,21.742,29.681,21.872,2.0,SOFT,True,282.0,304.0,295.0,326.0,20.8,24.8,73.0,1000.7,2.0,0.0,75.783,74.694,74.681,0,1,0
2023,7,FORMULA 1 AWS GRAN PREMIO DE ESPAÑA 2023,RUS,Mercedes,Q1,73.326,12.0,21.647,29.606,22.073,2.0,SOFT,True,284.0,303.0,295.0,332.0,20.8,24.8,73.0,1000.7,2.0,0.0,75.753,74.392,74.278,0,1,0
2023,7,FORMULA 1 AWS GRAN PREMIO DE ESPAÑA 2023,SAI,Ferrari,Q1,73.411,2.0,21.895,29.5,22.016,2.0,SOFT,True,284.0,305.0,290.0,332.0,20.8,24.8,73.0,1000.7,2.0,0.0,75.726,74.274,74.24,0,1,0
2023,7,FORMULA 1 AWS GRAN PREMIO DE ESPAÑA 2023,HUL,Haas F1 Team,Q1,73.42,8.0,21.823,29.605,21.992,2.0,SOFT,True,287.0,302.0,294.0,329.0,20.8,24.8,73.0,1000.7,2.0,0.0,76.461,74.177,74.988,0,1,0
2023,7,FORMULA 1 AWS GRAN PREMIO DE ESPAÑA 2023,OCO,Alpine,Q1,73.433,7.0,21.78,29.487,22.166,2.0,SOFT,True,289.0,306.0,293.0,328.0,20.8,24.8,73.0,1000.7,2.0,0.0,75.418,74.242,75.266,0,1,0
2023,7,FORMULA 1 AWS GRAN PREMIO DE ESPAÑA 2023,GAS,Alpine,Q1,73.471,4.0,21.939,29.579,21.953,2.0,SOFT,True,290.0,305.0,297.0,328.0,20.8,24.8,73.0,1000.7,2.0,0.0,75.545,74.457,75.841,0,1,0
2023,7,FORMULA 1 AWS GRAN PREMIO DE ESPAÑA 2023,DEV,AlphaTauri,Q1,73.581,14.0,21.886,29.501,22.194,2.0,SOFT,True,285.0,300.0,293.0,323.0,20.8,24.8,73.0,1000.7,2.0,0.0,75.504,74.785,74.693,0,1,0
2023,7,FORMULA 1 AWS GRAN PREMIO DE ESPAÑA 2023,VER,Red Bull Racing,Q1,73.615,1.0,21.84,29.731,22.044,6.0,SOFT,False,287.0,298.0,297.0,330.0,20.8,24.8,73.0,1000.7,2.0,0.0,74.606,73.907,73.664,0,1,0
2023,7,FORMULA 1 AWS GRAN PREMIO DE ESPAÑA 2023,ZHO,Alfa Romeo,Q1,73.677,13.0,21.945,29.684,22.048,2.0,SOFT,True,283.0,301.0,288.0,327.0,20.8,24.8,73.0,1000.7,2.0,0.0,75.906,74.585,74.681,0,1,0
2023,7,FORMULA 1 AWS GRAN PREMIO DE ESPAÑA 2023,PIA,McLaren,Q1,73.691,10.0,21.974,29.501,22.216,2.0,SOFT,True,283.0,302.0,293.0,323.0,20.8,24.8,73.0,1000.7,2.0,0.0,76.353,74.583,75.105,0,1,0
2023,7,FORMULA 1 AWS GRAN PREMIO DE ESPAÑA 2023,ALO,Aston Martin,Q1,73.747,9.0,22.058,29.72,21.969,2.0,SOFT,True,284.0,298.0,292.0,321.0,20.8,24.8,73.0,1000.7,2.0,0.0,75.547,74.077,74.264,0,1,0
2023,7,FORMULA 1 AWS GRAN PREMIO DE ESPAÑA 2023,STR,Aston Martin,Q1,73.766,6.0,22.02,29.628,22.118,2.0,SOFT,True,280.0,298.0,291.0,321.0,20.8,24.8,73.0,1000.7,2.0,0.0,75.939,75.01,74.756,0,1,0
2023,7,FORMULA 1 AWS GRAN PREMIO DE ESPAÑA 2023,TSU,AlphaTauri,Q1,73.862,15.0,21.921,29.698,22.243,2.0,SOFT,True,285.0,304.0,294.0,324.0,20.8,24.8,73.0,1000.7,2.0,0.0,75.915,74.84,74.659,0,1,0
2023,7,FORMULA 1 AWS GRAN PREMIO DE ESPAÑA 2023,PER,Red Bull Racing,Q1,73.874,11.0,21.896,29.578,22.4,2.0,SOFT,True,287.0,301.0,296.0,327.0,20.8,24.8,73.0,1000.7,2.0,0.0,75.374,74.219,73.914,0,1,0
2023,7,FORMULA 1 AWS GRAN PREMIO DE ESPAÑA 2023,BOT,Alfa Romeo,Q1,73.977,16.0,22.06,29.679,22.238,2.0,SOFT,True,278.0,300.0,284.0,327.0,20.8,24.8,73.0,1000.7,2.0,0.0,75.978,74.448,74.36,0,1,0
2023,7,FORMULA 1 AWS GRAN PREMIO DE ESPAÑA 2023,MAG,Haas F1 Team,Q1,74.042,17.0,21.968,29.732,22.342,2.0,SOFT,True,285.0,304.0,296.0,328.0,20.8,24.8,73.0,1000.7,2.0,0.0,75.689,74.713,75.534,0,1,0
2023,7,FORMULA 1 AWS GRAN PREMIO DE ESPAÑA 2023,ALB,Williams,Q1,74.063,18.0,22.047,29.815,22.201,2.0,SOFT,True,281.0,294.0,296.0,325.0,20.8,24.8,73.0,1000.7,2.0,0.0,76.63,75.056,75.851,0,1,0
2023,7,FORMULA 1 AWS GRAN PREMIO DE ESPAÑA 2023,LEC,Ferrari,Q1,74.079,19.0,21.962,29.746,22.371,2.0,SOFT,True,286.0,305.0,293.0,331.0,20.8,24.8,73.0,1000.7,2.0,0.0,75.694,74.246,74.353,0,1,0
2023,7,FORMULA 1 AWS GRAN PREMIO DE ESPAÑA 2023,SAR,Williams,Q1,74.699,20.0,22.193,30.209,22.297,2.0,SOFT,True,287.0,296.0,295.0,325.0,20.8,24.8,73.0,1000.7,2.0,0.0,76.506,75.415,76.529,0,1,0
2023,7,FORMULA 1 AWS GRAN PREMIO DE ESPAÑA 2023,VER,Red Bull Racing,Q2,72.76,1.0,21.731,29.234,21.795,2.0,SOFT,True,284.0,300.0,297.0,326.0,20.8,24.8,73.0,1000.7,2.0,0.0,74.606,73.907,73.664,0,2,0
2023,7,FORMULA 1 AWS GRAN PREMIO DE ESPAÑA 2023,NOR,McLaren,Q2,72.776,3.0,21.826999999999998,29.305,21.644,2.0,SOFT,True,283.0,304.0,294.0,318.0,20.8,24.8,73.0,1000.7,2.0,0.0,75.783,74.694,74.681,0,2,0
2023,7,FORMULA 1 AWS GRAN PREMIO DE ESPAÑA 2023,SAI,Ferrari,Q2,72.79,2.0,21.793,29.267,21.73,2.0,SOFT,True,286.0,307.0,291.0,326.0,20.8,24.8,73.0,1000.7,2.0,0.0,75.726,74.274,74.24,0,2,0
2023,7,FORMULA 1 AWS GRAN PREMIO DE ESPAÑA 2023,HAM,Mercedes,Q2,72.999,5.0,21.694,29.576999999999998,21.728,3.0,SOFT,True,284.0,301.0,293.0,327.0,20.8,24.8,73.0,1000.7,2.0,0.0,75.845,74.549,74.072,0,2,0
2023,7,FORMULA 1 AWS GRAN PREMIO DE ESPAÑA 2023,OCO,Alpine,Q2,73.001,7.0,21.737,29.355,21.909,2.0,SOFT,True,290.0,309.0,295.0,326.0,20.8,24.8,73.0,1000.7,2.0,0.0,75.418,74.242,75.266,0,2,0
2023,7,FORMULA 1 AWS GRAN PREMIO DE ESPAÑA 2023,PIA,McLaren,Q2,73.059,10.0,21.828,29.427,21.804,2.0,SOFT,True,286.0,307.0,295.0,323.0,20.8,24.8,73.0,1000.7,2.0,0.0,76.353,74.583,75.105,0,2,0
2023,7,FORMULA 1 AWS GRAN PREMIO DE ESPAÑA 2023,STR,Aston Martin,Q2,73.082,6.0,21.831,29.345,21.906,2.0,SOFT,True,282.0,301.0,294.0,321.0,20.8,24.8,73.0,1000.7,2.0,0.0,75.939,75.01,74.756,0,2,0
2023,7,FORMULA 1 AWS GRAN PREMIO DE ESPAÑA 2023,ALO,Aston Martin,Q2,73.098,9.0,21.935,29.468,21.695,2.0,SOFT,True,284.0,302.0,293.0,321.0,20.8,24.8,73.0,1000.7,2.0,0.0,75.547,74.077,74.264,0,2,0
2023,7,FORMULA 1 AWS GRAN PREMIO DE ESPAÑA 2023,GAS,Alpine,Q2,73.186,4.0,21.874,29.442,21.87,2.0,SOFT,True,289.0,306.0,294.0,326.0,20.8,24.8,73.0,1000.7,2.0,0.0,75.545,74.457,75.841,0,2,0
2023,7,FORMULA 1 AWS GRAN PREMIO DE ESPAÑA 2023,HUL,Haas F1 Team,Q2,73.283,8.0,21.823,29.565,21.895,2.0,SOFT,True,286.0,306.0,293.0,328.0,20.8,24.8,73.0,1000.7,2.0,0.0,76.461,74.177,74.988,0,2,0
2023,7,FORMULA 1 AWS GRAN PREMIO DE ESPAÑA 2023,TSU,AlphaTauri,Q2,73.316,15.0,21.83,29.486,22.0,4.0,SOFT,False,286.0,306.0,293.0,326.0,20.8,24.8,73.0,1000.7,2.0,0.0,75.915,74.84,74.659,0,2,0
2023,7,FORMULA 1 AWS GRAN PREMIO DE ESPAÑA 2023,PER,Red Bull Racing,Q2,73.334,11.0,21.788,29.627,21.919,3.0,SOFT,True,287.0,309.0,297.0,328.0,20.8,24.8,73.0,1000.7,2.0,0.0,75.374,74.219,73.914,0,2,0
2023,7,FORMULA 1 AWS GRAN PREMIO DE ESPAÑA 2023,RUS,Mercedes,Q2,73.447,12.0,21.927,29.574,21.946,2.0,SOFT,True,281.0,302.0,295.0,321.0,20.8,24.8,73.0,1000.7,2.0,0.0,75.753,74.392,74.278,0,2,0
2023,7,FORMULA 1 AWS GRAN PREMIO DE ESPAÑA 2023,ZHO,Alfa Romeo,Q2,73.521,13.0,22.038,29.643,21.84,4.0,SOFT,False,282.0,304.0,292.0,321.0,20.8,24.8,73.0,1000.7,2.0,0.0,75.906,74.585,74.681,0,2,0
2023,7,FORMULA 1 AWS GRAN PREMIO DE ESPAÑA 2023,DEV,AlphaTauri,Q2,74.083,14.0,22.096,29.884,22.103,5.0,SOFT,False,286.0,304.0,292.0,319.0,20.8,24.8,73.0,1000.7,2.0,0.0,75.504,74.785,74.693,0,2,0
2023,7,FORMULA 1 AWS GRAN PREMIO DE ESPAÑA 2023,VER,Red Bull Racing,Q3,72.272,1.0,21.536,29.064,21.672,2.0,SOFT,True,287.0,308.0,295.0,328.0,20.8,24.8,73.0,1000.7,2.0,0.0,74.606,73.907,73.664,0,3,0
2023,7,FORMULA 1 AWS GRAN PREMIO DE ESPAÑA 2023,SAI,Ferrari,Q3,72.734,2.0,21.696,29.257,21.781,2.0,SOFT,True,288.0,307.0,292.0,326.0,20.8,24.8,73.0,1000.7,2.0,0.0,75.726,74.274,74.24,0,3,0
2023,7,FORMULA 1 AWS GRAN PREMIO DE ESPAÑA 2023,NOR,McLaren,Q3,72.792,3.0,21.72,29.253,21.819,2.0,SOFT,True,284.0,308.0,295.0,323.0,20.8,24.8,73.0,1000.7,2.0,0.0,75.783,74.694,74.681,0,3,0
2023,7,FORMULA 1 AWS GRAN PREMIO DE ESPAÑA 2023,GAS,Alpine,Q3,72.816,4.0,21.748,29.211,21.857,2.0,SOFT,True,290.0,310.0,294.0,329.0,20.8,24.8,73.0,1000.7,2.0,0.0,75.545,74.457,75.841,0,3,0
2023,7,FORMULA 1 AWS GRAN PREMIO DE ESPAÑA 2023,HAM,Mercedes,Q3,72.818,5.0,21.805,29.154,21.859,2.0,SOFT,True,285.0,304.0,295.0,323.0,20.8,24.8,73.0,1000.7,2.0,0.0,75.845,74.549,74.072,0,3,0
2023,7,FORMULA 1 AWS GRAN PREMIO DE ESPAÑA 2023,STR,Aston Martin,Q3,72.994,6.0,21.806,29.262,21.926,2.0,SOFT,True,283.0,302.0,294.0,321.0,20.8,24.8,73.0,1000.7,2.0,0.0,75.939,75.01,74.756,0,3,0
2023,7,FORMULA 1 AWS GRAN PREMIO DE ESPAÑA 2023,OCO,Alpine,Q3,73.083,7.0,21.74,29.285,22.058,2.0,SOFT,True,290.0,309.0,295.0,328.0,20.8,24.8,73.0,1000.7,2.0,0.0,75.418,74.242,75.266,0,3,0
2023,7,FORMULA 1 AWS GRAN PREMIO DE ESPAÑA 2023,HUL,Haas F1 Team,Q3,73.229,8.0,21.79,29.484,21.955,2.0,SOFT,True,286.0,306.0,287.0,325.0,20.8,24.8,73.0,1000.7,2.0,0.0,76.461,74.177,74.988,0,3,0
2023,7,FORMULA 1 AWS GRAN PREMIO DE ESPAÑA 2023,ALO,Aston Martin,Q3,73.507,9.0,21.93,29.244,22.333,2.0,SOFT,True,278.0,300.0,291.0,318.0,20.8,24.8,73.0,1000.7,2.0,0.0,75.547,74.077,74.264,0,3,0
2023,7,FORMULA 1 AWS GRAN PREMIO DE ESPAÑA 2023,PIA,McLaren,Q3,73.682,10.0,21.754,29.269,22.659,2.0,SOFT,True,285.0,307.0,295.0,324.0,20.8,24.8,73.0,1000.7,2.0,0.0,76.353,74.583,75.105,0,3,0
2023,8,FORMULA 1 PIRELLI GRAND PRIX DU CANADA 2023,VER,Red Bull Racing,Q1,80.851,1.0,23.196,25.97,31.685,11.0,INTERMEDIATE,False,248.0,274.0,279.0,307.0,16.4,18.4,87.0,1004.9,2.7,0.0,80.231,74.142,83.106,0,1,0
2023,8,FORMULA 1 PIRELLI GRAND PRIX DU CANADA 2023,ALO,Aston Martin,Q1,81.481,3.0,23.399,26.197,31.885,11.0,INTERMEDIATE,False,249.0,276.0,280.0,308.0,16.4,18.4,87.0,1004.9,2.7,0.0,79.807,74.044,84.483,0,1,0
2023,8,FORMULA 1 PIRELLI GRAND PRIX DU CANADA 2023,HAM,Mercedes,Q1,81.554,4.0,23.409,26.23,31.915,11.0,INTERMEDIATE,False,249.0,274.0,280.0,308.0,16.4,18.4,87.0,1004.9,2.7,0.0,,73.718,85.087,0,1,0
2023,8,FORMULA 1 PIRELLI GRAND PRIX DU CANADA 2023,RUS,Mercedes,Q1,81.798,5.0,23.544,26.124,32.13,11.0,INTERMEDIATE,False,243.0,273.0,281.0,307.0,16.4,18.4,87.0,1004.9,2.7,0.0,,73.745,85.435,0,1,0
2023,8,FORMULA 1 PIRELLI GRAND PRIX DU CANADA 2023,LEC,Ferrari,Q1,81.843,11.0,23.555,26.281,32.007,11.0,INTERMEDIATE,False,241.0,276.0,279.0,311.0,16.4,18.4,87.0,1004.9,2.7,0.0,86.809,74.094,83.397,0,1,0
2023,8,FORMULA 1 PIRELLI GRAND PRIX DU CANADA 2023,ALB,Williams,Q1,81.938,10.0,23.907,26.227,31.804,4.0,INTERMEDIATE,True,251.0,280.0,284.0,314.0,16.4,18.4,87.0,1004.9,2.7,0.0,,75.003,85.379,0,1,0
2023,8,FORMULA 1 PIRELLI GRAND PRIX DU CANADA 2023,NOR,McLaren,Q1,81.998,7.0,23.54,26.349,32.109,8.0,INTERMEDIATE,True,242.0,273.0,279.0,303.0,16.4,18.4,87.0,1004.9,2.7,0.0,126.349,74.617,85.198,0,1,0
2023,8,FORMULA 1 PIRELLI GRAND PRIX DU CANADA 2023,OCO,Alpine,Q1,82.114,6.0,23.697,26.337,32.08,9.0,INTERMEDIATE,True,249.0,272.0,273.0,305.0,16.4,18.4,87.0,1004.9,2.7,0.0,,75.092,86.84,0,1,0
2023,8,FORMULA 1 PIRELLI GRAND PRIX DU CANADA 2023,PER,Red Bull Racing,Q1,82.151,12.0,23.669,26.452,32.03,10.0,INTERMEDIATE,True,243.0,274.0,280.0,307.0,16.4,18.4,87.0,1004.9,2.7,0.0,80.154,74.25,85.857,0,1,0
2023,8,FORMULA 1 PIRELLI GRAND PRIX DU CANADA 2023,PIA,McLaren,Q1,82.19,9.0,23.847,26.17,32.173,9.0,INTERMEDIATE,True,245.0,275.0,279.0,306.0,16.4,18.4,87.0,1004.9,2.7,0.0,81.496,74.533,85.191,0,1,0
2023,8,FORMULA 1 PIRELLI GRAND PRIX DU CANADA 2023,SAI,Ferrari,Q1,82.248,8.0,23.731,26.371,32.146,11.0,INTERMEDIATE,False,245.0,277.0,281.0,314.0,16.4,18.4,87.0,1004.9,2.7,0.0,85.991,73.844,84.765,0,1,0
2023,8,FORMULA 1 PIRELLI GRAND PRIX DU CANADA 2023,BOT,Alfa Romeo,Q1,82.332,15.0,23.749,26.22,32.363,12.0,INTERMEDIATE,False,242.0,274.0,277.0,306.0,16.4,18.4,87.0,1004.9,2.7,0.0,78.728,74.22,84.988,0,1,0
2023,8,FORMULA 1 PIRELLI GRAND PRIX DU CANADA 2023,MAG,Haas F1 Team,Q1,82.351,14.0,23.842,26.222,32.287,5.0,INTERMEDIATE,False,249.0,275.0,279.0,306.0,16.4,18.4,87.0,1004.9,2.7,0.0,84.045,74.544,84.715,0,1,0
2023,8,FORMULA 1 PIRELLI GRAND PRIX DU CANADA 2023,STR,Aston Martin,Q1,82.677,13.0,23.679,26.682,32.316,3.0,INTERMEDIATE,True,245.0,272.0,278.0,306.0,16.4,18.4,87.0,1004.9,2.7,0.0,79.175,74.419,84.944,0,1,0
2023,8,FORMULA 1 PIRELLI GRAND PRIX DU CANADA 2023,HUL,Haas F1 Team,Q1,82.73,2.0,23.89,26.694,32.146,2.0,INTERMEDIATE,True,239.0,272.0,277.0,304.0,16.4,18.4,87.0,1004.9,2.7,0.0,84.336,76.369,85.14,0,1,0
2023,8,FORMULA 1 PIRELLI GRAND PRIX DU CANADA 2023,TSU,AlphaTauri,Q1,82.746,16.0,23.999,26.481,32.266,4.0,INTERMEDIATE,True,249.0,276.0,280.0,311.0,16.4,18.4,87.0,1004.9,2.7,0.0,114.143,74.941,84.955,0,1,0
2023,8,FORMULA 1 PIRELLI GRAND PRIX DU CANADA 2023,GAS,Alpine,Q1,82.886,17.0,23.965,26.581,32.34,7.0,INTERMEDIATE,True,243.0,272.0,277.0,303.0,16.4,18.4,87.0,1004.9,2.7,0.0,,74.477,84.825,0,1,0
2023,8,FORMULA 1 PIRELLI GRAND PRIX DU CANADA 2023,DEV,AlphaTauri,Q1,83.137,18.0,24.09,26.613,32.434,3.0,INTERMEDIATE,True,245.0,275.0,280.0,310.0,16.4,18.4,87.0,1004.9,2.7,0.0,92.274,75.002,85.725,0,1,0
2023,8,FORMULA 1 PIRELLI GRAND PRIX DU CANADA 2023,SAR,Williams,Q1,83.337,19.0,24.182,26.858,32.297,4.0,INTERMEDIATE,True,245.0,278.0,283.0,313.0,16.4,18.4,87.0,1004.9,2.7,0.0,109.568,75.426,87.279,0,1,0
2023,8,FORMULA 1 PIRELLI GRAND PRIX DU CANADA 2023,ZHO,Alfa Romeo,Q1,83.342,20.0,24.088,26.719,32.535,3.0,INTERMEDIATE,True,244.0,272.0,279.0,306.0,16.4,18.4,87.0,1004.9,2.7,0.0,84.961,74.811,86.75,0,1,0
2023,8,FORMULA 1 PIRELLI GRAND PRIX DU CANADA 2023,ALB,Williams,Q2,78.725,10.0,22.921,24.835,30.969,4.0,SOFT,True,258.0,279.0,296.0,338.0,16.4,18.4,87.0,1004.9,2.7,0.0,,75.003,85.379,0,2,0
2023,8,FORMULA 1 PIRELLI GRAND PRIX DU CANADA 2023,VER,Red Bull Racing,Q2,79.092,1.0,23.171,25.126,30.795,3.0,SOFT,True,244.0,276.0,294.0,332.0,16.4,18.4,87.0,1004.9,2.7,0.0,80.231,74.142,83.106,0,2,0
2023,8,FORMULA 1 PIRELLI GRAND PRIX DU CANADA 2023,NOR,McLaren,Q2,79.347,7.0,23.03,25.252,31.065,4.0,SOFT,True,238.0,273.0,288.0,321.0,16.4,18.4,87.0,1004.9,2.7,0.0,126.349,74.617,85.198,0,2,0
2023,8,FORMULA 1 PIRELLI GRAND PRIX DU CANADA 2023,PIA,McLaren,Q2,79.659,9.0,23.041,25.308,31.31,3.0,SOFT,True,252.0,273.0,290.0,324.0,16.4,18.4,87.0,1004.9,2.7,0.0,81.496,74.533,85.191,0,2,0
2023,8,FORMULA 1 PIRELLI GRAND PRIX DU CANADA 2023,ALO,Aston Martin,Q2,79.776,3.0,22.787,25.145,31.844,4.0,INTERMEDIATE,True,254.0,274.0,286.0,319.0,16.4,18.4,87.0,1004.9,2.7,0.0,79.807,74.044,84.483,0,2,0
2023,8,FORMULA 1 PIRELLI GRAND PRIX DU CANADA 2023,SAI,Ferrari,Q2,79.856,8.0,23.098,25.135,31.623,3.0,SOFT,True,249.0,276.0,286.0,321.0,16.4,18.4,87.0,1004.9,2.7,0.0,85.991,73.844,84.765,0,2,0
2023,8,FORMULA 1 PIRELLI GRAND PRIX DU CANADA 2023,RUS,Mercedes,Q2,80.098,5.0,23.14,25.282,31.676,2.0,INTERMEDIATE,True,249.0,272.0,287.0,321.0,16.4,18.4,87.0,1004.9,2.7,0.0,,73.745,85.435,0,2,0
2023,8,FORMULA 1 PIRELLI GRAND PRIX DU CANADA 2023,HUL,Haas F1 Team,Q2,80.305,2.0,23.279,25.253,31.773,3.0,SOFT,True,247.0,273.0,289.0,326.0,16.4,18.4,87.0,1004.9,2.7,0.0,84.336,76.369,85.14,0,2,0
2023,8,FORMULA 1 PIRELLI GRAND PRIX DU CANADA 2023,OCO,Alpine,Q2,80.406,6.0,23.447,25.478,31.481,3.0,SOFT,True,245.0,265.0,285.0,317.0,16.4,18.4,87.0,1004.9,2.7,0.0,,75.092,86.84,0,2,0
2023,8,FORMULA 1 PIRELLI GRAND PRIX DU CANADA 2023,HAM,Mercedes,Q2,80.426,4.0,22.948,25.661,31.817,4.0,INTERMEDIATE,True,253.0,274.0,288.0,324.0,16.4,18.4,87.0,1004.9,2.7,0.0,,73.718,85.087,0,2,0
2023,8,FORMULA 1 PIRELLI GRAND PRIX DU CANADA 2023,LEC,Ferrari,Q2,80.615,11.0,23.508,25.524,31.583,2.0,INTERMEDIATE,True,242.0,275.0,288.0,326.0,16.4,18.4,87.0,1004.9,2.7,0.0,86.809,74.094,83.397,0,2,0
2023,8,FORMULA 1 PIRELLI GRAND PRIX DU CANADA 2023,PER,Red Bull Racing,Q2,80.959,12.0,23.329,25.948,31.682,2.0,INTERMEDIATE,True,247.0,273.0,290.0,327.0,16.4,18.4,87.0,1004.9,2.7,0.0,80.154,74.25,85.857,0,2,0
2023,8,FORMULA 1 PIRELLI GRAND PRIX DU CANADA 2023,STR,Aston Martin,Q2,81.484,13.0,23.101,26.053,32.33,10.0,INTERMEDIATE,False,234.0,273.0,284.0,322.0,16.4,18.4,87.0,1004.9,2.7,0.0,79.175,74.419,84.944,0,2,0
2023,8,FORMULA 1 PIRELLI GRAND PRIX DU CANADA 2023,MAG,Haas F1 Team,Q2,81.678,14.0,23.794,25.968,31.916,2.0,INTERMEDIATE,True,244.0,272.0,284.0,321.0,16.4,18.4,87.0,1004.9,2.7,0.0,84.045,74.544,84.715,0,2,0
2023,8,FORMULA 1 PIRELLI GRAND PRIX DU CANADA 2023,BOT,Alfa Romeo,Q2,81.821,15.0,23.719,26.103,31.999,2.0,INTERMEDIATE,True,247.0,272.0,285.0,320.0,16.4,18.4,87.0,1004.9,2.7,0.0,78.728,74.22,84.988,0,2,0
2023,8,FORMULA 1 PIRELLI GRAND PRIX DU CANADA 2023,VER,Red Bull Racing,Q3,85.858,1.0,24.553,27.445,33.86,3.0,INTERMEDIATE,True,236.0,267.0,272.0,301.0,16.4,18.4,87.0,1004.9,2.7,0.0,80.231,74.142,83.106,0,3,0
2023,8,FORMULA 1 PIRELLI GRAND PRIX DU CANADA 2023,HUL,Haas F1 Team,Q3,87.102,2.0,25.017,27.578,34.507,11.0,INTERMEDIATE,False,224.0,266.0,269.0,300.0,16.4,18.4,87.0,1004.9,2.7,0.0,84.336,76.369,85.14,0,3,0
2023,8,FORMULA 1 PIRELLI GRAND PRIX DU CANADA 2023,ALO,Aston Martin,Q3,87.286,3.0,24.857,27.967,34.462,2.0,INTERMEDIATE,True,207.0,265.0,271.0,301.0,16.4,18.4,87.0,1004.9,2.7,0.0,79.807,74.044,84.483,0,3,0
2023,8,FORMULA 1 PIRELLI GRAND PRIX DU CANADA 2023,HAM,Mercedes,Q3,87.627,4.0,25.27,28.102,34.255,4.0,INTERMEDIATE,False,226.0,266.0,273.0,302.0,16.4,18.4,87.0,1004.9,2.7,0.0,,73.718,85.087,0,3,0
2023,8,FORMULA 1 PIRELLI GRAND PRIX DU CANADA 2023,RUS,Mercedes,Q3,87.893,5.0,25.225,28.402,34.266,4.0,INTERMEDIATE,False,227.0,264.0,271.0,302.0,16.4,18.4,87.0,1004.9,2.7,0.0,,73.745,85.435,0,3,0
2023,8,FORMULA 1 PIRELLI GRAND PRIX DU CANADA 2023,OCO,Alpine,Q3,87.945,6.0,25.197,28.095,34.653,5.0,INTERMEDIATE,False,223.0,266.0,270.0,297.0,16.4,18.4,87.0,1004.9,2.7,0.0,,75.092,86.84,0,3,0
2023,8,FORMULA 1 PIRELLI GRAND PRIX DU CANADA 2023,NOR,McLaren,Q3,88.046,7.0,25.251,28.182,34.613,2.0,INTERMEDIATE,True,219.0,263.0,269.0,297.0,16.4,18.4,87.0,1004.9,2.7,0.0,126.349,74.617,85.198,0,3,0
2023,8,FORMULA 1 PIRELLI GRAND PRIX DU CANADA 2023,SAI,Ferrari,Q3,89.294,8.0,25.137,28.001,36.156,2.0,INTERMEDIATE,True,219.0,267.0,269.0,292.0,16.4,18.4,87.0,1004.9,2.7,0.0,85.991,73.844,84.765,0,3,0
2023,8,FORMULA 1 PIRELLI GRAND PRIX DU CANADA 2023,ALB,Williams,Q3,90.284,10.0,25.861,28.285,36.138,2.0,INTERMEDIATE,True,223.0,270.0,270.0,308.0,16.4,18.4,87.0,1004.9,2.7,0.0,,75.003,85.379,0,3,0
2023,8,FORMULA 1 PIRELLI GRAND PRIX DU CANADA 2023,PIA,McLaren,Q3,91.349,9.0,26.732,28.982,35.635,2.0,INTERMEDIATE,True,215.0,263.0,269.0,299.0,16.4,18.4,87.0,1004.9,2.7,0.0,81.496,74.533,85.191,0,3,0
2023,9,FORMULA 1 ROLEX GROSSER PREIS VON ÖSTERREICH 2023,VER,Red Bull Racing,Q1,65.116,1.0,16.44,29.07,19.606,6.0,SOFT,False,323.0,247.0,288.0,317.0,26.5,38.7,42.0,930.5,0.8,0.0,65.742,,64.44,1,1,0
2023,9,FORMULA 1 ROLEX GROSSER PREIS VON ÖSTERREICH 2023,PER,Red Bull Racing,Q1,65.177,15.0,16.505,29.113,19.559,2.0,SOFT,True,325.0,244.0,288.0,319.0,26.5,38.7,42.0,930.5,0.8,0.0,66.262,,64.933,1,1,0
2023,9,FORMULA 1 ROLEX GROSSER PREIS VON ÖSTERREICH 2023,NOR,McLaren,Q1,65.179,4.0,16.427,29.056,19.696,2.0,SOFT,True,322.0,247.0,286.0,316.0,26.5,38.7,42.0,930.5,0.8,0.0,67.368,,65.01,1,1,0
2023,9,FORMULA 1 ROLEX GROSSER PREIS VON ÖSTERREICH 2023,SAI,Ferrari,Q1,65.339,3.0,16.435,29.083,19.821,2.0,SOFT,True,322.0,245.0,286.0,317.0,26.5,38.7,42.0,930.5,0.8,0.0,65.983,,65.136,1,1,0
2023,9,FORMULA 1 ROLEX GROSSER PREIS VON ÖSTERREICH 2023,GAS,Alpine,Q1,65.515,9.0,16.566,29.123,19.826,2.0,SOFT,True,323.0,248.0,285.0,316.0,26.5,38.7,42.0,930.5,0.8,0.0,67.287,,66.36,1,1,0
2023,9,FORMULA 1 ROLEX GROSSER PREIS VON ÖSTERREICH 2023,LEC,Ferrari,Q1,65.577,2.0,16.622,29.08,19.875,2.0,SOFT,True,321.0,245.0,287.0,317.0,26.5,38.7,42.0,930.5,0.8,0.0,66.012,,65.245,1,1,0
2023,9,FORMULA 1 ROLEX GROSSER PREIS VON ÖSTERREICH 2023,ALO,Aston Martin,Q1,65.655,7.0,16.571,29.267,19.817,6.0,SOFT,False,318.0,246.0,284.0,313.0,26.5,38.7,42.0,930.5,0.8,0.0,66.656,,65.258,1,1,0
2023,9,FORMULA 1 ROLEX GROSSER PREIS VON ÖSTERREICH 2023,ALB,Williams,Q1,65.673,10.0,16.441,29.424,19.808,2.0,SOFT,True,324.0,245.0,290.0,316.0,26.5,38.7,42.0,930.5,0.8,0.0,66.794,,66.152,1,1,0
2023,9,FORMULA 1 ROLEX GROSSER PREIS VON ÖSTERREICH 2023,HAM,Mercedes,Q1,65.673,5.0,16.464,29.338,19.871,2.0,SOFT,True,320.0,246.0,285.0,314.0,26.5,38.7,42.0,930.5,0.8,0.0,66.251,,66.624,1,1,0
2023,9,FORMULA 1 ROLEX GROSSER PREIS VON ÖSTERREICH 2023,PIA,McLaren,Q1,65.683,13.0,16.62,29.286,19.777,2.0,SOFT,True,319.0,247.0,285.0,313.0,26.5,38.7,42.0,930.5,0.8,0.0,66.809,,67.106,1,1,0
2023,9,FORMULA 1 ROLEX GROSSER PREIS VON ÖSTERREICH 2023,RUS,Mercedes,Q1,65.686,11.0,16.544,29.222,19.92,2.0,SOFT,True,322.0,246.0,286.0,316.0,26.5,38.7,42.0,930.5,0.8,0.0,66.696,,66.653,1,1,0
2023,9,FORMULA 1 ROLEX GROSSER PREIS VON ÖSTERREICH 2023,STR,Aston Martin,Q1,65.71,6.0,16.628,29.38,19.701999999999998,5.0,SOFT,True,320.0,245.0,285.0,314.0,26.5,38.7,42.0,930.5,0.8,0.0,66.34,,65.347,1,1,0
2023,9,FORMULA 1 ROLEX GROSSER PREIS VON ÖSTERREICH 2023,OCO,Alpine,Q1,65.729,12.0,16.681,29.296,19.752,2.0,SOFT,True,320.0,247.0,286.0,315.0,26.5,38.7,42.0,930.5,0.8,0.0,67.202,,65.366,1,1,0
2023,9,FORMULA 1 ROLEX GROSSER PREIS VON ÖSTERREICH 2023,HUL,Haas F1 Team,Q1,65.74,8.0,16.481,29.238,20.021,5.0,SOFT,True,323.0,244.0,288.0,318.0,26.5,38.7,42.0,930.5,0.8,0.0,66.846,,65.084,1,1,0
2023,9,FORMULA 1 ROLEX GROSSER PREIS VON ÖSTERREICH 2023,BOT,Alfa Romeo,Q1,65.763,14.0,16.6,29.336,19.826999999999998,2.0,SOFT,True,323.0,244.0,287.0,317.0,26.5,38.7,42.0,930.5,0.8,0.0,66.847,,67.291,1,1,0
2023,9,FORMULA 1 ROLEX GROSSER PREIS VON ÖSTERREICH 2023,TSU,AlphaTauri,Q1,65.784,16.0,16.6,29.332,19.852,2.0,SOFT,True,318.0,245.0,282.0,313.0,26.5,38.7,42.0,930.5,0.8,0.0,66.985,,66.185,1,1,0
2023,9,FORMULA 1 ROLEX GROSSER PREIS VON ÖSTERREICH 2023,MAG,Haas F1 Team,Q1,65.793,19.0,16.725,29.227,19.841,2.0,SOFT,True,319.0,242.0,284.0,315.0,26.5,38.7,42.0,930.5,0.8,0.0,66.497,,65.73,1,1,0
2023,9,FORMULA 1 ROLEX GROSSER PREIS VON ÖSTERREICH 2023,ZHO,Alfa Romeo,Q1,65.818,17.0,16.687,29.239,19.892,2.0,SOFT,True,323.0,245.0,284.0,316.0,26.5,38.7,42.0,930.5,0.8,0.0,66.78,,67.062,1,1,0
2023,9,FORMULA 1 ROLEX GROSSER PREIS VON ÖSTERREICH 2023,SAR,Williams,Q1,65.948,18.0,16.463,29.383,20.102,2.0,SOFT,True,327.0,245.0,289.0,319.0,26.5,38.7,42.0,930.5,0.8,0.0,67.018,,67.242,1,1,0
2023,9,FORMULA 1 ROLEX GROSSER PREIS VON ÖSTERREICH 2023,DEV,AlphaTauri,Q1,65.974,20.0,16.775,29.322,19.877,2.0,SOFT,True,317.0,246.0,284.0,313.0,26.5,38.7,42.0,930.5,0.8,0.0,67.017,,66.423,1,1,0
2023,9,FORMULA 1 ROLEX GROSSER PREIS VON ÖSTERREICH 2023,VER,Red Bull Racing,Q2,64.951,1.0,16.474,28.943,19.534,5.0,SOFT,True,323.0,247.0,287.0,319.0,26.5,38.7,42.0,930.5,0.8,0.0,65.742,,64.44,1,2,0
2023,9,FORMULA 1 ROLEX GROSSER PREIS VON ÖSTERREICH 2023,SAI,Ferrari,Q2,64.975,3.0,16.387,28.85,19.738,2.0,SOFT,True,325.0,245.0,288.0,318.0,26.5,38.7,42.0,930.5,0.8,0.0,65.983,,65.136,1,2,0
2023,9,FORMULA 1 ROLEX GROSSER PREIS VON ÖSTERREICH 2023,PER,Red Bull Racing,Q2,64.99,15.0,16.438,28.839,19.713,2.0,SOFT,True,325.0,242.0,290.0,318.0,26.5,38.7,42.0,930.5,0.8,0.0,66.262,,64.933,1,2,0
2023,9,FORMULA 1 ROLEX GROSSER PREIS VON ÖSTERREICH 2023,NOR,McLaren,Q2,65.038,4.0,16.462,29.024,19.552,2.0,SOFT,True,323.0,249.0,287.0,315.0,26.5,38.7,42.0,930.5,0.8,0.0,67.368,,65.01,1,2,0
2023,9,FORMULA 1 ROLEX GROSSER PREIS VON ÖSTERREICH 2023,ALO,Aston Martin,Q2,65.055,7.0,16.505,29.008,19.542,2.0,SOFT,True,320.0,247.0,285.0,313.0,26.5,38.7,42.0,930.5,0.8,0.0,66.656,,65.258,1,2,0
2023,9,FORMULA 1 ROLEX GROSSER PREIS VON ÖSTERREICH 2023,GAS,Alpine,Q2,65.084,9.0,16.398,29.028,19.658,2.0,SOFT,True,322.0,249.0,286.0,315.0,26.5,38.7,42.0,930.5,0.8,0.0,67.287,,66.36,1,2,0
2023,9,FORMULA 1 ROLEX GROSSER PREIS VON ÖSTERREICH 2023,LEC,Ferrari,Q2,65.087,2.0,16.409,28.922,19.756,2.0,SOFT,True,323.0,247.0,285.0,318.0,26.5,38.7,42.0,930.5,0.8,0.0,66.012,,65.245,1,2,0
2023,9,FORMULA 1 ROLEX GROSSER PREIS VON ÖSTERREICH 2023,STR,Aston Martin,Q2,65.121,6.0,16.416,29.081,19.624,2.0,SOFT,True,322.0,246.0,286.0,315.0,26.5,38.7,42.0,930.5,0.8,0.0,66.34,,65.347,1,2,0
2023,9,FORMULA 1 ROLEX GROSSER PREIS VON ÖSTERREICH 2023,HAM,Mercedes,Q2,65.188,5.0,16.343,29.089,19.756,2.0,SOFT,True,321.0,246.0,284.0,315.0,26.5,38.7,42.0,930.5,0.8,0.0,66.251,,66.624,1,2,0
2023,9,FORMULA 1 ROLEX GROSSER PREIS VON ÖSTERREICH 2023,PIA,McLaren,Q2,65.213,13.0,16.519,29.081,19.613,2.0,SOFT,True,321.0,247.0,285.0,314.0,26.5,38.7,42.0,930.5,0.8,0.0,66.809,,67.106,1,2,0
2023,9,FORMULA 1 ROLEX GROSSER PREIS VON ÖSTERREICH 2023,OCO,Alpine,Q2,65.295,12.0,16.475,29.124,19.696,2.0,SOFT,True,322.0,248.0,284.0,314.0,26.5,38.7,42.0,930.5,0.8,0.0,67.202,,65.366,1,2,0
2023,9,FORMULA 1 ROLEX GROSSER PREIS VON ÖSTERREICH 2023,HUL,Haas F1 Team,Q2,65.301,8.0,16.404,29.035,19.862,2.0,SOFT,True,324.0,245.0,286.0,316.0,26.5,38.7,42.0,930.5,0.8,0.0,66.846,,65.084,1,2,0
2023,9,FORMULA 1 ROLEX GROSSER PREIS VON ÖSTERREICH 2023,ALB,Williams,Q2,65.387,10.0,16.346,29.358,19.683,2.0,SOFT,True,326.0,245.0,290.0,319.0,26.5,38.7,42.0,930.5,0.8,0.0,66.794,,66.152,1,2,0
2023,9,FORMULA 1 ROLEX GROSSER PREIS VON ÖSTERREICH 2023,RUS,Mercedes,Q2,65.408,11.0,16.515,29.097,19.796,2.0,SOFT,True,321.0,245.0,287.0,315.0,26.5,38.7,42.0,930.5,0.8,0.0,66.696,,66.653,1,2,0
2023,9,FORMULA 1 ROLEX GROSSER PREIS VON ÖSTERREICH 2023,BOT,Alfa Romeo,Q2,65.513,14.0,16.518,29.179,19.816,2.0,SOFT,True,323.0,246.0,286.0,317.0,26.5,38.7,42.0,930.5,0.8,0.0,66.847,,67.291,1,2,0
2023,9,FORMULA 1 ROLEX GROSSER PREIS VON ÖSTERREICH 2023,VER,Red Bull Racing,Q3,64.391,1.0,16.3,28.732,19.359,2.0,SOFT,True,324.0,249.0,290.0,317.0,26.5,38.7,42.0,930.5,0.8,0.0,65.742,,64.44,1,3,0
2023,9,FORMULA 1 ROLEX GROSSER PREIS VON ÖSTERREICH 2023,LEC,Ferrari,Q3,64.439,2.0,16.336,28.686,19.417,2.0,SOFT,True,324.0,247.0,288.0,318.0,26.5,38.7,42.0,930.5,0.8,0.0,66.012,,65.245,1,3,0
2023,9,FORMULA 1 ROLEX GROSSER PREIS VON ÖSTERREICH 2023,SAI,Ferrari,Q3,64.581,3.0,16.304,28.785,19.492,2.0,SOFT,True,323.0,247.0,286.0,317.0,26.5,38.7,42.0,930.5,0.8,0.0,65.983,,65.136,1,3,0
2023,9,FORMULA 1 ROLEX GROSSER PREIS VON ÖSTERREICH 2023,NOR,McLaren,Q3,64.658,4.0,16.358,28.808,19.492,2.0,SOFT,True,323.0,248.0,285.0,315.0,26.5,38.7,42.0,930.5,0.8,0.0,67.368,,65.01,1,3,0
2023,9,FORMULA 1 ROLEX GROSSER PREIS VON ÖSTERREICH 2023,HAM,Mercedes,Q3,64.819,5.0,16.312,28.975,19.532,2.0,SOFT,True,321.0,247.0,286.0,314.0,26.5,38.7,42.0,930.5,0.8,0.0,66.251,,66.624,1,3,0
2023,9,FORMULA 1 ROLEX GROSSER PREIS VON ÖSTERREICH 2023,STR,Aston Martin,Q3,64.893,6.0,16.388,28.969,19.536,2.0,SOFT,True,322.0,246.0,285.0,315.0,26.5,38.7,42.0,930.5,0.8,0.0,66.34,,65.347,1,3,0
2023,9,FORMULA 1 ROLEX GROSSER PREIS VON ÖSTERREICH 2023,ALO,Aston Martin,Q3,64.911,7.0,16.399,28.919,19.593,2.0,SOFT,True,320.0,246.0,285.0,314.0,26.5,38.7,42.0,930.5,0.8,0.0,66.656,,65.258,1,3,0
2023,9,FORMULA 1 ROLEX GROSSER PREIS VON ÖSTERREICH 2023,HUL,Haas F1 Team,Q3,65.09,8.0,16.392,28.94,19.758,2.0,SOFT,True,323.0,245.0,285.0,315.0,26.5,38.7,42.0,930.5,0.8,0.0,66.846,,65.084,1,3,0
2023,9,FORMULA 1 ROLEX GROSSER PREIS VON ÖSTERREICH 2023,GAS,Alpine,Q3,65.17,9.0,16.508,29.067,19.595,2.0,SOFT,True,321.0,248.0,286.0,313.0,26.5,38.7,42.0,930.5,0.8,0.0,67.287,,66.36,1,3,0
2023,9,FORMULA 1 ROLEX GROSSER PREIS VON ÖSTERREICH 2023,ALB,Williams,Q3,65.34,10.0,16.375,29.225,19.74,2.0,SOFT,True,324.0,245.0,288.0,316.0,26.5,38.7,42.0,930.5,0.8,0.0,66.794,,66.152,1,3,0
2023,10,FORMULA 1 ARAMCO BRITISH GRAND PRIX 2023,NOR,McLaren,Q1,88.917,2.0,27.983,35.844,25.09,4.0,SOFT,False,304.0,264.0,253.0,301.0,20.9,21.9,80.0,999.5,2.7,0.0,89.441,89.26,88.563,0,1,0
2023,10,FORMULA 1 ARAMCO BRITISH GRAND PRIX 2023,LEC,Ferrari,Q1,89.143,4.0,28.093,35.845,25.205,2.0,SOFT,True,307.0,258.0,251.0,305.0,20.9,21.9,80.0,999.5,2.7,0.0,89.28,,87.419,0,1,0
2023,10,FORMULA 1 ARAMCO BRITISH GRAND PRIX 2023,RUS,Mercedes,Q1,89.412,6.0,28.064,35.968,25.38,2.0,SOFT,True,303.0,262.0,247.0,302.0,20.9,21.9,80.0,999.5,2.7,0.0,89.874,89.238,88.284,0,1,0
2023,10,FORMULA 1 ARAMCO BRITISH GRAND PRIX 2023,HAM,Mercedes,Q1,89.415,7.0,28.211,35.897,25.307,2.0,SOFT,True,305.0,263.0,249.0,305.0,20.9,21.9,80.0,999.5,2.7,0.0,89.768,89.283,87.948,0,1,0
2023,10,FORMULA 1 ARAMCO BRITISH GRAND PRIX 2023,VER,Red Bull Racing,Q1,89.428,1.0,28.129,35.691,25.608,10.0,SOFT,False,305.0,263.0,246.0,302.0,20.9,21.9,80.0,999.5,2.7,0.0,88.6,88.078,88.266,0,1,0
2023,10,FORMULA 1 ARAMCO BRITISH GRAND PRIX 2023,STR,Aston Martin,Q1,89.448,12.0,28.036,35.764,25.648,2.0,SOFT,True,303.0,265.0,248.0,308.0,20.9,21.9,80.0,999.5,2.7,0.0,89.471,88.866,88.62,0,1,0
2023,10,FORMULA 1 ARAMCO BRITISH GRAND PRIX 2023,ALB,Williams,Q1,89.466,8.0,28.009,36.176,25.281,2.0,SOFT,True,304.0,260.0,252.0,305.0,20.9,21.9,80.0,999.5,2.7,0.0,89.089,88.296,87.592,0,1,0
2023,10,FORMULA 1 ARAMCO BRITISH GRAND PRIX 2023,GAS,Alpine,Q1,89.533,10.0,28.141,36.035,25.357,2.0,SOFT,True,305.0,259.0,251.0,301.0,20.9,21.9,80.0,999.5,2.7,0.0,89.828,88.889,87.893,0,1,0
2023,10,FORMULA 1 ARAMCO BRITISH GRAND PRIX 2023,HUL,Haas F1 Team,Q1,89.603,11.0,28.066,36.106,25.431,2.0,SOFT,True,303.0,261.0,251.0,298.0,20.9,21.9,80.0,999.5,2.7,0.0,90.591,88.88,93.59,0,1,0
2023,10,FORMULA 1 ARAMCO BRITISH GRAND PRIX 2023,OCO,Alpine,Q1,89.7,13.0,28.219,35.998,25.483,2.0,SOFT,True,305.0,260.0,251.0,303.0,20.9,21.9,80.0,999.5,2.7,0.0,89.319,89.242,89.233,0,1,0
2023,10,FORMULA 1 ARAMCO BRITISH GRAND PRIX 2023,BOT,Alfa Romeo,Q1,89.798,15.0,28.13,36.328,25.34,2.0,SOFT,True,303.0,261.0,252.0,298.0,20.9,21.9,80.0,999.5,2.7,0.0,90.09,89.378,89.586,0,1,0
2023,10,FORMULA 1 ARAMCO BRITISH GRAND PRIX 2023,SAI,Ferrari,Q1,89.865,5.0,28.178,36.224,25.463,2.0,SOFT,True,311.0,263.0,253.0,310.0,20.9,21.9,80.0,999.5,2.7,0.0,89.357,88.1,87.964,0,1,0
2023,10,FORMULA 1 ARAMCO BRITISH GRAND PRIX 2023,SAR,Williams,Q1,89.873,14.0,28.041,36.16,25.672,2.0,SOFT,True,305.0,263.0,250.0,306.0,20.9,21.9,80.0,999.5,2.7,0.0,90.124,88.766,88.151,0,1,0
2023,10,FORMULA 1 ARAMCO BRITISH GRAND PRIX 2023,PIA,McLaren,Q1,89.874,3.0,28.273,36.095,25.506,4.0,SOFT,False,299.0,264.0,251.0,297.0,20.9,21.9,80.0,999.5,2.7,0.0,89.658,88.926,89.437,0,1,0
2023,10,FORMULA 1 ARAMCO BRITISH GRAND PRIX 2023,ALO,Aston Martin,Q1,89.949,9.0,28.234,35.996,25.719,8.0,SOFT,False,301.0,263.0,247.0,304.0,20.9,21.9,80.0,999.5,2.7,0.0,89.268,89.134,87.784,0,1,0
2023,10,FORMULA 1 ARAMCO BRITISH GRAND PRIX 2023,PER,Red Bull Racing,Q1,89.968,15.0,28.318,36.097,25.553,3.0,SOFT,False,304.0,262.0,248.0,300.0,20.9,21.9,80.0,999.5,2.7,0.0,89.048,88.342,88.904,0,1,0
2023,10,FORMULA 1 ARAMCO BRITISH GRAND PRIX 2023,TSU,AlphaTauri,Q1,90.025,16.0,28.269,36.027,25.729,2.0,SOFT,True,305.0,263.0,248.0,302.0,20.9,21.9,80.0,999.5,2.7,0.0,90.092,89.483,88.337,0,1,0
2023,10,FORMULA 1 ARAMCO BRITISH GRAND PRIX 2023,ZHO,Alfa Romeo,Q1,90.123,17.0,28.282,36.365,25.476,2.0,SOFT,True,301.0,261.0,252.0,294.0,20.9,21.9,80.0,999.5,2.7,0.0,90.321,89.225,113.169,0,1,0
2023,10,FORMULA 1 ARAMCO BRITISH GRAND PRIX 2023,DEV,AlphaTauri,Q1,90.513,18.0,28.276,36.33,25.907,2.0,SOFT,True,306.0,260.0,250.0,303.0,20.9,21.9,80.0,999.5,2.7,0.0,89.691,89.571,88.504,0,1,0
2023,10,FORMULA 1 ARAMCO BRITISH GRAND PRIX 2023,MAG,Haas F1 Team,Q1,92.378,19.0,28.284,37.058,27.036,4.0,SOFT,True,303.0,257.0,247.0,297.0,20.9,21.9,80.0,999.5,2.7,0.0,90.385,89.439,89.207,0,1,0
2023,10,FORMULA 1 ARAMCO BRITISH GRAND PRIX 2023,VER,Red Bull Racing,Q2,87.702,1.0,27.82,35.298,24.584,2.0,SOFT,True,305.0,267.0,252.0,303.0,20.9,21.9,80.0,999.5,2.7,0.0,88.6,88.078,88.266,0,2,0
2023,10,FORMULA 1 ARAMCO BRITISH GRAND PRIX 2023,PIA,McLaren,Q2,87.845,3.0,27.913,35.539,24.393,2.0,SOFT,True,299.0,268.0,254.0,300.0,20.9,21.9,80.0,999.5,2.7,0.0,89.658,88.926,89.437,0,2,0
2023,10,FORMULA 1 ARAMCO BRITISH GRAND PRIX 2023,NOR,McLaren,Q2,88.042,2.0,27.845,35.694,24.503,2.0,SOFT,True,300.0,265.0,252.0,299.0,20.9,21.9,80.0,999.5,2.7,0.0,89.441,89.26,88.563,0,2,0
2023,10,FORMULA 1 ARAMCO BRITISH GRAND PRIX 2023,ALB,Williams,Q2,88.067,8.0,27.851,35.687,24.529,3.0,SOFT,False,305.0,265.0,252.0,308.0,20.9,21.9,80.0,999.5,2.7,0.0,89.089,88.296,87.592,0,2,0
2023,10,FORMULA 1 ARAMCO BRITISH GRAND PRIX 2023,SAI,Ferrari,Q2,88.265,5.0,27.879,35.746,24.64,2.0,SOFT,True,308.0,266.0,253.0,304.0,20.9,21.9,80.0,999.5,2.7,0.0,89.357,88.1,87.964,0,2,0
2023,10,FORMULA 1 ARAMCO BRITISH GRAND PRIX 2023,LEC,Ferrari,Q2,88.361,4.0,27.992,35.624,24.745,5.0,SOFT,False,303.0,265.0,252.0,306.0,20.9,21.9,80.0,999.5,2.7,0.0,89.28,,87.419,0,2,0
2023,10,FORMULA 1 ARAMCO BRITISH GRAND PRIX 2023,ALO,Aston Martin,Q2,88.368,9.0,28.016,35.589,24.763,2.0,SOFT,True,303.0,265.0,246.0,308.0,20.9,21.9,80.0,999.5,2.7,0.0,89.268,89.134,87.784,0,2,0
2023,10,FORMULA 1 ARAMCO BRITISH GRAND PRIX 2023,HAM,Mercedes,Q2,88.545,7.0,27.964,35.706,24.875,2.0,SOFT,True,303.0,264.0,246.0,301.0,20.9,21.9,80.0,999.5,2.7,0.0,89.768,89.283,87.948,0,2,0
2023,10,FORMULA 1 ARAMCO BRITISH GRAND PRIX 2023,GAS,Alpine,Q2,88.751,10.0,27.973,35.781,24.997,2.0,SOFT,True,302.0,261.0,251.0,299.0,20.9,21.9,80.0,999.5,2.7,0.0,89.828,88.889,87.893,0,2,0
2023,10,FORMULA 1 ARAMCO BRITISH GRAND PRIX 2023,RUS,Mercedes,Q2,88.782,6.0,27.928,35.958,24.896,2.0,SOFT,True,303.0,264.0,248.0,303.0,20.9,21.9,80.0,999.5,2.7,0.0,89.874,89.238,88.284,0,2,0
2023,10,FORMULA 1 ARAMCO BRITISH GRAND PRIX 2023,HUL,Haas F1 Team,Q2,88.896,11.0,28.066,35.877,24.953,2.0,SOFT,True,303.0,262.0,251.0,300.0,20.9,21.9,80.0,999.5,2.7,0.0,90.591,88.88,93.59,0,2,0
2023,10,FORMULA 1 ARAMCO BRITISH GRAND PRIX 2023,STR,Aston Martin,Q2,88.935,12.0,28.07,35.839,25.026,4.0,SOFT,False,303.0,266.0,246.0,307.0,20.9,21.9,80.0,999.5,2.7,0.0,89.471,88.866,88.62,0,2,0
2023,10,FORMULA 1 ARAMCO BRITISH GRAND PRIX 2023,OCO,Alpine,Q2,88.956,13.0,28.239,35.843,24.874,2.0,SOFT,True,308.0,264.0,251.0,304.0,20.9,21.9,80.0,999.5,2.7,0.0,89.319,89.242,89.233,0,2,0
2023,10,FORMULA 1 ARAMCO BRITISH GRAND PRIX 2023,SAR,Williams,Q2,89.031,14.0,27.917,36.089,25.025,4.0,SOFT,False,306.0,263.0,252.0,308.0,20.9,21.9,80.0,999.5,2.7,0.0,90.124,88.766,88.151,0,2,0
2023,10,FORMULA 1 ARAMCO BRITISH GRAND PRIX 2023,VER,Red Bull Racing,Q3,86.72,1.0,27.482,35.234,24.004,2.0,SOFT,True,326.0,270.0,252.0,326.0,20.9,21.9,80.0,999.5,2.7,0.0,88.6,88.078,88.266,0,3,0
2023,10,FORMULA 1 ARAMCO BRITISH GRAND PRIX 2023,NOR,McLaren,Q3,86.961,2.0,27.544,35.312,24.105,2.0,SOFT,True,317.0,271.0,252.0,320.0,20.9,21.9,80.0,999.5,2.7,0.0,89.441,89.26,88.563,0,3,0
2023,10,FORMULA 1 ARAMCO BRITISH GRAND PRIX 2023,PIA,McLaren,Q3,87.092,3.0,27.634,35.35,24.108,2.0,SOFT,True,317.0,270.0,254.0,319.0,20.9,21.9,80.0,999.5,2.7,0.0,89.658,88.926,89.437,0,3,0
2023,10,FORMULA 1 ARAMCO BRITISH GRAND PRIX 2023,LEC,Ferrari,Q3,87.136,4.0,27.461,35.384,24.291,2.0,SOFT,True,324.0,267.0,254.0,325.0,20.9,21.9,80.0,999.5,2.7,0.0,89.28,,87.419,0,3,0
2023,10,FORMULA 1 ARAMCO BRITISH GRAND PRIX 2023,SAI,Ferrari,Q3,87.148,5.0,27.592,35.38,24.176,2.0,SOFT,True,324.0,268.0,254.0,326.0,20.9,21.9,80.0,999.5,2.7,0.0,89.357,88.1,87.964,0,3,0
2023,10,FORMULA 1 ARAMCO BRITISH GRAND PRIX 2023,RUS,Mercedes,Q3,87.155,6.0,27.573,35.41,24.172,2.0,SOFT,True,319.0,268.0,251.0,322.0,20.9,21.9,80.0,999.5,2.7,0.0,89.874,89.238,88.284,0,3,0
2023,10,FORMULA 1 ARAMCO BRITISH GRAND PRIX 2023,HAM,Mercedes,Q3,87.211,7.0,27.61,35.407,24.194,2.0,SOFT,True,319.0,269.0,248.0,322.0,20.9,21.9,80.0,999.5,2.7,0.0,89.768,89.283,87.948,0,3,0
2023,10,FORMULA 1 ARAMCO BRITISH GRAND PRIX 2023,ALB,Williams,Q3,87.53,8.0,27.562,35.6,24.368,2.0,SOFT,True,323.0,268.0,251.0,325.0,20.9,21.9,80.0,999.5,2.7,0.0,89.089,88.296,87.592,0,3,0
2023,10,FORMULA 1 ARAMCO BRITISH GRAND PRIX 2023,ALO,Aston Martin,Q3,87.659,9.0,27.635,35.706,24.318,2.0,SOFT,True,319.0,269.0,247.0,327.0,20.9,21.9,80.0,999.5,2.7,0.0,89.268,89.134,87.784,0,3,0
2023,10,FORMULA 1 ARAMCO BRITISH GRAND PRIX 2023,GAS,Alpine,Q3,87.689,10.0,27.668,35.7,24.321,2.0,SOFT,True,323.0,266.0,252.0,322.0,20.9,21.9,80.0,999.5,2.7,0.0,89.828,88.889,87.893,0,3,0
2023,11,FORMULA 1 QATAR AIRWAYS HUNGARIAN GRAND PRIX 2023,ZHO,Alfa Romeo,Q1,78.143,5.0,28.249,27.817,22.077,2.0,HARD,True,280.0,250.0,257.0,303.0,26.3,43.8,35.0,987.4,2.2,0.0,101.363,78.108,78.544,0,1,0
2023,11,FORMULA 1 QATAR AIRWAYS HUNGARIAN GRAND PRIX 2023,NOR,McLaren,Q1,78.209,3.0,28.353,27.855,22.001,2.0,HARD,True,278.0,252.0,255.0,301.0,26.3,43.8,35.0,987.4,2.2,0.0,100.277,77.701,78.082,0,1,0
2023,11,FORMULA 1 QATAR AIRWAYS HUNGARIAN GRAND PRIX 2023,VER,Red Bull Racing,Q1,78.318,2.0,28.189,27.933,22.196,2.0,HARD,True,282.0,249.0,256.0,303.0,26.3,43.8,35.0,987.4,2.2,0.0,,78.279,78.061,0,1,0
2023,11,FORMULA 1 QATAR AIRWAYS HUNGARIAN GRAND PRIX 2023,PER,Red Bull Racing,Q1,78.36,9.0,28.328,27.912,22.12,2.0,HARD,True,280.0,250.0,257.0,303.0,26.3,43.8,35.0,987.4,2.2,0.0,,78.978,78.067,0,1,0
2023,11,FORMULA 1 QATAR AIRWAYS HUNGARIAN GRAND PRIX 2023,SAI,Ferrari,Q1,78.393,11.0,28.196,28.04,22.157,2.0,HARD,True,283.0,247.0,258.0,306.0,26.3,43.8,35.0,987.4,2.2,0.0,108.101,78.182,78.234,0,1,0
2023,11,FORMULA 1 QATAR AIRWAYS HUNGARIAN GRAND PRIX 2023,LEC,Ferrari,Q1,78.44,6.0,28.192,28.006,22.242,2.0,HARD,True,283.0,246.0,257.0,305.0,26.3,43.8,35.0,987.4,2.2,0.0,101.142,77.686,78.19,0,1,0
2023,11,FORMULA 1 QATAR AIRWAYS HUNGARIAN GRAND PRIX 2023,PIA,McLaren,Q1,78.464,4.0,28.493,27.859,22.112,2.0,HARD,True,279.0,252.0,257.0,301.0,26.3,43.8,35.0,987.4,2.2,0.0,99.154,79.117,78.598,0,1,0
2023,11,FORMULA 1 QATAR AIRWAYS HUNGARIAN GRAND PRIX 2023,HAM,Mercedes,Q1,78.577,1.0,28.516,27.973,22.088,2.0,HARD,True,280.0,246.0,251.0,301.0,26.3,43.8,35.0,987.4,2.2,0.0,,78.746,77.811,0,1,0
2023,11,FORMULA 1 QATAR AIRWAYS HUNGARIAN GRAND PRIX 2023,ALO,Aston Martin,Q1,78.58,8.0,28.305,28.105,22.17,2.0,HARD,True,282.0,249.0,257.0,306.0,26.3,43.8,35.0,987.4,2.2,0.0,100.687,78.105,78.35,0,1,0
2023,11,FORMULA 1 QATAR AIRWAYS HUNGARIAN GRAND PRIX 2023,HUL,Haas F1 Team,Q1,78.695,10.0,28.439,28.065,22.191,2.0,HARD,True,283.0,248.0,258.0,304.0,26.3,43.8,35.0,987.4,2.2,0.0,102.706,78.058,78.077,0,1,0
2023,11,FORMULA 1 QATAR AIRWAYS HUNGARIAN GRAND PRIX 2023,GAS,Alpine,Q1,78.743,15.0,28.335,28.116,22.292,2.0,HARD,True,284.0,249.0,255.0,302.0,26.3,43.8,35.0,987.4,2.2,0.0,,77.918,78.776,0,1,0
2023,11,FORMULA 1 QATAR AIRWAYS HUNGARIAN GRAND PRIX 2023,BOT,Alfa Romeo,Q1,78.775,7.0,28.541,27.867,22.367,4.0,HARD,True,281.0,250.0,257.0,303.0,26.3,43.8,35.0,987.4,2.2,0.0,101.032,78.085,78.489,0,1,0
2023,11,FORMULA 1 QATAR AIRWAYS HUNGARIAN GRAND PRIX 2023,STR,Aston Martin,Q1,78.782,14.0,28.31,28.147,22.325,2.0,HARD,True,282.0,250.0,255.0,305.0,26.3,43.8,35.0,987.4,2.2,0.0,100.013,78.319,78.536,0,1,0
2023,11,FORMULA 1 QATAR AIRWAYS HUNGARIAN GRAND PRIX 2023,OCO,Alpine,Q1,78.854,12.0,28.388,28.153,22.313,2.0,HARD,True,283.0,250.0,257.0,303.0,26.3,43.8,35.0,987.4,2.2,0.0,118.64,78.045,78.979,0,1,0
2023,11,FORMULA 1 QATAR AIRWAYS HUNGARIAN GRAND PRIX 2023,RIC,AlphaTauri,Q1,78.906,13.0,28.418,28.308,22.18,2.0,HARD,True,280.0,245.0,256.0,297.0,26.3,43.8,35.0,987.4,2.2,0.0,117.546,78.385,78.828,0,1,0
2023,11,FORMULA 1 QATAR AIRWAYS HUNGARIAN GRAND PRIX 2023,ALB,Williams,Q1,78.917,16.0,28.395,27.989,22.533,2.0,HARD,True,280.0,247.0,257.0,301.0,26.3,43.8,35.0,987.4,2.2,0.0,104.854,78.377,78.592,0,1,0
2023,11,FORMULA 1 QATAR AIRWAYS HUNGARIAN GRAND PRIX 2023,TSU,AlphaTauri,Q1,78.919,17.0,28.424,28.319,22.176,2.0,HARD,True,278.0,248.0,254.0,299.0,26.3,43.8,35.0,987.4,2.2,0.0,105.575,77.934,79.156,0,1,0
2023,11,FORMULA 1 QATAR AIRWAYS HUNGARIAN GRAND PRIX 2023,RUS,Mercedes,Q1,79.027,18.0,28.72,28.088,22.219,2.0,HARD,True,280.0,251.0,257.0,300.0,26.3,43.8,35.0,987.4,2.2,0.0,98.795,79.175,78.119,0,1,0
2023,11,FORMULA 1 QATAR AIRWAYS HUNGARIAN GRAND PRIX 2023,MAG,Haas F1 Team,Q1,79.206,19.0,28.353,28.488,22.365,2.0,HARD,True,281.0,245.0,258.0,303.0,26.3,43.8,35.0,987.4,2.2,0.0,102.906,78.504,78.649,0,1,0
2023,11,FORMULA 1 QATAR AIRWAYS HUNGARIAN GRAND PRIX 2023,SAR,Williams,Q1,79.248,20.0,28.491,28.141,22.616,2.0,HARD,True,282.0,246.0,258.0,301.0,26.3,43.8,35.0,987.4,2.2,0.0,101.416,78.836,78.814,0,1,0
2023,11,FORMULA 1 QATAR AIRWAYS HUNGARIAN GRAND PRIX 2023,VER,Red Bull Racing,Q2,77.296,2.0,28.07,27.462,21.764,2.0,MEDIUM,True,281.0,253.0,259.0,302.0,26.3,43.8,35.0,987.4,2.2,0.0,,78.279,78.061,0,2,0
2023,11,FORMULA 1 QATAR AIRWAYS HUNGARIAN GRAND PRIX 2023,NOR,McLaren,Q2,77.328,3.0,28.154,27.342,21.832,2.0,MEDIUM,True,279.0,253.0,257.0,302.0,26.3,43.8,35.0,987.4,2.2,0.0,100.277,77.701,78.082,0,2,0
2023,11,FORMULA 1 QATAR AIRWAYS HUNGARIAN GRAND PRIX 2023,HAM,Mercedes,Q2,77.427,1.0,28.271,27.494,21.662,2.0,MEDIUM,True,280.0,251.0,258.0,304.0,26.3,43.8,35.0,987.4,2.2,0.0,,78.746,77.811,0,2,0
2023,11,FORMULA 1 QATAR AIRWAYS HUNGARIAN GRAND PRIX 2023,BOT,Alfa Romeo,Q2,77.563,7.0,28.135,27.5,21.928,2.0,MEDIUM,True,282.0,253.0,259.0,305.0,26.3,43.8,35.0,987.4,2.2,0.0,101.032,78.085,78.489,0,2,0
2023,11,FORMULA 1 QATAR AIRWAYS HUNGARIAN GRAND PRIX 2023,PIA,McLaren,Q2,77.571,4.0,28.197,27.458,21.916,2.0,MEDIUM,True,280.0,252.0,258.0,302.0,26.3,43.8,35.0,987.4,2.2,0.0,99.154,79.117,78.598,0,2,0
2023,11,FORMULA 1 QATAR AIRWAYS HUNGARIAN GRAND PRIX 2023,LEC,Ferrari,Q2,77.58,6.0,28.036,27.637,21.907,2.0,MEDIUM,True,283.0,250.0,258.0,305.0,26.3,43.8,35.0,987.4,2.2,0.0,101.142,77.686,78.19,0,2,0
2023,11,FORMULA 1 QATAR AIRWAYS HUNGARIAN GRAND PRIX 2023,HUL,Haas F1 Team,Q2,77.652,10.0,28.132,27.6,21.92,2.0,MEDIUM,True,282.0,253.0,259.0,304.0,26.3,43.8,35.0,987.4,2.2,0.0,102.706,78.058,78.077,0,2,0
2023,11,FORMULA 1 QATAR AIRWAYS HUNGARIAN GRAND PRIX 2023,PER,Red Bull Racing,Q2,77.675,9.0,28.318,27.583,21.774,2.0,MEDIUM,True,280.0,251.0,256.0,300.0,26.3,43.8,35.0,987.4,2.2,0.0,,78.978,78.067,0,2,0
2023,11,FORMULA 1 QATAR AIRWAYS HUNGARIAN GRAND PRIX 2023,ZHO,Alfa Romeo,Q2,77.7,5.0,28.246,27.529,21.925,2.0,MEDIUM,True,279.0,251.0,256.0,304.0,26.3,43.8,35.0,987.4,2.2,0.0,101.363,78.108,78.544,0,2,0
2023,11,FORMULA 1 QATAR AIRWAYS HUNGARIAN GRAND PRIX 2023,ALO,Aston Martin,Q2,77.701,8.0,28.129,27.68,21.892,2.0,MEDIUM,True,283.0,252.0,258.0,304.0,26.3,43.8,35.0,987.4,2.2,0.0,100.687,78.105,78.35,0,2,0
2023,11,FORMULA 1 QATAR AIRWAYS HUNGARIAN GRAND PRIX 2023,SAI,Ferrari,Q2,77.703,11.0,28.084,27.697,21.922,2.0,MEDIUM,True,283.0,249.0,259.0,307.0,26.3,43.8,35.0,987.4,2.2,0.0,108.101,78.182,78.234,0,2,0
2023,11,FORMULA 1 QATAR AIRWAYS HUNGARIAN GRAND PRIX 2023,OCO,Alpine,Q2,77.841,12.0,28.036,27.72,22.085,2.0,MEDIUM,True,284.0,253.0,258.0,305.0,26.3,43.8,35.0,987.4,2.2,0.0,118.64,78.045,78.979,0,2,0
2023,11,FORMULA 1 QATAR AIRWAYS HUNGARIAN GRAND PRIX 2023,STR,Aston Martin,Q2,77.861,14.0,28.327,27.635,21.899,2.0,MEDIUM,True,281.0,252.0,255.0,301.0,26.3,43.8,35.0,987.4,2.2,0.0,100.013,78.319,78.536,0,2,0
2023,11,FORMULA 1 QATAR AIRWAYS HUNGARIAN GRAND PRIX 2023,RIC,AlphaTauri,Q2,78.002,13.0,28.163,27.861,21.978,2.0,MEDIUM,True,280.0,250.0,257.0,299.0,26.3,43.8,35.0,987.4,2.2,0.0,117.546,78.385,78.828,0,2,0
2023,11,FORMULA 1 QATAR AIRWAYS HUNGARIAN GRAND PRIX 2023,GAS,Alpine,Q2,78.045,15.0,28.176,27.837,22.032,2.0,MEDIUM,True,284.0,253.0,258.0,303.0,26.3,43.8,35.0,987.4,2.2,0.0,,77.918,78.776,0,2,0
2023,11,FORMULA 1 QATAR AIRWAYS HUNGARIAN GRAND PRIX 2023,HAM,Mercedes,Q3,76.609,1.0,27.817,27.124,21.668,2.0,SOFT,True,279.0,252.0,256.0,302.0,26.3,43.8,35.0,987.4,2.2,0.0,,78.746,77.811,0,3,0
2023,11,FORMULA 1 QATAR AIRWAYS HUNGARIAN GRAND PRIX 2023,VER,Red Bull Racing,Q3,76.612,2.0,27.782,27.283,21.547,2.0,SOFT,True,280.0,254.0,258.0,304.0,26.3,43.8,35.0,987.4,2.2,0.0,,78.279,78.061,0,3,0
2023,11,FORMULA 1 QATAR AIRWAYS HUNGARIAN GRAND PRIX 2023,NOR,McLaren,Q3,76.694,3.0,27.878,27.123,21.693,2.0,SOFT,True,280.0,257.0,257.0,303.0,26.3,43.8,35.0,987.4,2.2,0.0,100.277,77.701,78.082,0,3,0
2023,11,FORMULA 1 QATAR AIRWAYS HUNGARIAN GRAND PRIX 2023,PIA,McLaren,Q3,76.905,4.0,28.052,27.033,21.82,2.0,SOFT,True,279.0,256.0,258.0,303.0,26.3,43.8,35.0,987.4,2.2,0.0,99.154,79.117,78.598,0,3,0
2023,11,FORMULA 1 QATAR AIRWAYS HUNGARIAN GRAND PRIX 2023,ZHO,Alfa Romeo,Q3,76.971,5.0,27.858,27.276,21.837,2.0,SOFT,True,279.0,253.0,255.0,304.0,26.3,43.8,35.0,987.4,2.2,0.0,101.363,78.108,78.544,0,3,0
2023,11,FORMULA 1 QATAR AIRWAYS HUNGARIAN GRAND PRIX 2023,LEC,Ferrari,Q3,76.992,6.0,27.863,27.278,21.851,2.0,SOFT,True,282.0,250.0,257.0,303.0,26.3,43.8,35.0,987.4,2.2,0.0,101.142,77.686,78.19,0,3,0
2023,11,FORMULA 1 QATAR AIRWAYS HUNGARIAN GRAND PRIX 2023,BOT,Alfa Romeo,Q3,77.034,7.0,27.967,27.305,21.762,2.0,SOFT,True,281.0,251.0,259.0,304.0,26.3,43.8,35.0,987.4,2.2,0.0,101.032,78.085,78.489,0,3,0
2023,11,FORMULA 1 QATAR AIRWAYS HUNGARIAN GRAND PRIX 2023,ALO,Aston Martin,Q3,77.035,8.0,27.921,27.279,21.835,2.0,SOFT,True,282.0,254.0,258.0,303.0,26.3,43.8,35.0,987.4,2.2,0.0,100.687,78.105,78.35,0,3,0
2023,11,FORMULA 1 QATAR AIRWAYS HUNGARIAN GRAND PRIX 2023,PER,Red Bull Racing,Q3,77.045,9.0,28.028,27.289,21.728,2.0,SOFT,True,280.0,253.0,259.0,300.0,26.3,43.8,35.0,987.4,2.2,0.0,,78.978,78.067,0,3,0
2023,11,FORMULA 1 QATAR AIRWAYS HUNGARIAN GRAND PRIX 2023,HUL,Haas F1 Team,Q3,77.186,10.0,27.947,27.455,21.784,2.0,SOFT,True,281.0,253.0,259.0,301.0,26.3,43.8,35.0,987.4,2.2,0.0,102.706,78.058,78.077,0,3,0
2023,12,FORMULA 1 MSC CRUISES BELGIAN GRAND PRIX 2023,LEC,Ferrari,Q1,118.3,2.0,33.043,54.046,31.211,2.0,INTERMEDIATE,True,312.0,177.0,209.0,306.0,19.4,23.8,89.0,961.5,1.1,0.0,128.148,,109.251,1,1,0
2023,12,FORMULA 1 MSC CRUISES BELGIAN GRAND PRIX 2023,VER,Red Bull Racing,Q1,118.515,1.0,33.343,53.773,31.399,8.0,INTERMEDIATE,False,311.0,180.0,208.0,299.0,19.4,23.8,89.0,961.5,1.1,0.0,,,109.056,1,1,0
2023,12,FORMULA 1 MSC CRUISES BELGIAN GRAND PRIX 2023,HAM,Mercedes,Q1,118.563,4.0,32.912,53.738,31.913,4.0,INTERMEDIATE,True,314.0,179.0,203.0,303.0,19.4,23.8,89.0,961.5,1.1,0.0,130.299,,109.9,1,1,0
2023,12,FORMULA 1 MSC CRUISES BELGIAN GRAND PRIX 2023,SAI,Ferrari,Q1,118.688,5.0,32.938,54.127,31.623,2.0,INTERMEDIATE,True,315.0,175.0,208.0,302.0,19.4,23.8,89.0,961.5,1.1,0.0,123.207,,109.081,1,1,0
2023,12,FORMULA 1 MSC CRUISES BELGIAN GRAND PRIX 2023,ALO,Aston Martin,Q1,118.834,9.0,33.51,53.838,31.486,2.0,INTERMEDIATE,True,306.0,178.0,203.0,298.0,19.4,23.8,89.0,961.5,1.1,0.0,130.283,,119.038,1,1,0
2023,12,FORMULA 1 MSC CRUISES BELGIAN GRAND PRIX 2023,PIA,McLaren,Q1,118.872,6.0,34.033,52.99,31.849,4.0,INTERMEDIATE,True,302.0,180.0,206.0,296.0,19.4,23.8,89.0,961.5,1.1,0.0,123.792,,109.067,1,1,0
2023,12,FORMULA 1 MSC CRUISES BELGIAN GRAND PRIX 2023,PER,Red Bull Racing,Q1,118.899,3.0,33.332,54.071,31.496,7.0,INTERMEDIATE,True,312.0,166.0,209.0,302.0,19.4,23.8,89.0,961.5,1.1,0.0,128.24,,109.961,1,1,0
2023,12,FORMULA 1 MSC CRUISES BELGIAN GRAND PRIX 2023,RUS,Mercedes,Q1,119.035,8.0,33.323,54.127,31.585,4.0,INTERMEDIATE,True,303.0,178.0,204.0,302.0,19.4,23.8,89.0,961.5,1.1,0.0,130.475,,115.742,1,1,0
2023,12,FORMULA 1 MSC CRUISES BELGIAN GRAND PRIX 2023,TSU,AlphaTauri,Q1,119.044,11.0,33.161,54.712,31.171,2.0,INTERMEDIATE,True,315.0,184.0,210.0,297.0,19.4,23.8,89.0,961.5,1.1,0.0,129.067,,120.568,1,1,0
2023,12,FORMULA 1 MSC CRUISES BELGIAN GRAND PRIX 2023,RIC,AlphaTauri,Q1,119.483,19.0,33.288,54.976,31.219,2.0,INTERMEDIATE,True,314.0,173.0,209.0,297.0,19.4,23.8,89.0,961.5,1.1,0.0,129.319,,117.687,1,1,0
2023,12,FORMULA 1 MSC CRUISES BELGIAN GRAND PRIX 2023,BOT,Alfa Romeo,Q1,119.484,14.0,33.537,54.142,31.805,4.0,INTERMEDIATE,True,310.0,177.0,205.0,290.0,19.4,23.8,89.0,961.5,1.1,0.0,132.085,,120.951,1,1,0
2023,12,FORMULA 1 MSC CRUISES BELGIAN GRAND PRIX 2023,GAS,Alpine,Q1,119.511,12.0,33.218,54.573,31.72,4.0,INTERMEDIATE,True,317.0,178.0,205.0,302.0,19.4,23.8,89.0,961.5,1.1,0.0,,,109.7,1,1,0
2023,12,FORMULA 1 MSC CRUISES BELGIAN GRAND PRIX 2023,OCO,Alpine,Q1,119.634,15.0,33.062,54.711,31.861,2.0,INTERMEDIATE,True,315.0,174.0,210.0,304.0,19.4,23.8,89.0,961.5,1.1,0.0,136.018,,110.494,1,1,0
2023,12,FORMULA 1 MSC CRUISES BELGIAN GRAND PRIX 2023,STR,Aston Martin,Q1,119.663,10.0,33.904,54.011,31.748,2.0,INTERMEDIATE,True,305.0,178.0,201.0,290.0,19.4,23.8,89.0,961.5,1.1,0.0,141.946,,120.46,1,1,0
2023,12,FORMULA 1 MSC CRUISES BELGIAN GRAND PRIX 2023,NOR,McLaren,Q1,119.981,7.0,34.017,54.021,31.943,2.0,INTERMEDIATE,True,301.0,178.0,204.0,294.0,19.4,23.8,89.0,961.5,1.1,0.0,124.484,,109.389,1,1,0
2023,12,FORMULA 1 MSC CRUISES BELGIAN GRAND PRIX 2023,MAG,Haas F1 Team,Q1,120.02,13.0,33.301,55.238,31.481,2.0,INTERMEDIATE,True,304.0,175.0,211.0,299.0,19.4,23.8,89.0,961.5,1.1,0.0,129.229,,121.079,1,1,0
2023,12,FORMULA 1 MSC CRUISES BELGIAN GRAND PRIX 2023,ALB,Williams,Q1,120.314,16.0,33.37,55.436,31.508,2.0,INTERMEDIATE,True,313.0,172.0,204.0,296.0,19.4,23.8,89.0,961.5,1.1,0.0,128.394,,119.198,1,1,0
2023,12,FORMULA 1 MSC CRUISES BELGIAN GRAND PRIX 2023,ZHO,Alfa Romeo,Q1,120.832,17.0,33.513,55.483,31.836,2.0,INTERMEDIATE,True,314.0,176.0,200.0,290.0,19.4,23.8,89.0,961.5,1.1,0.0,134.002,,121.43,1,1,0
2023,12,FORMULA 1 MSC CRUISES BELGIAN GRAND PRIX 2023,SAR,Williams,Q1,121.535,18.0,33.356,56.273,31.906,5.0,INTERMEDIATE,True,317.0,173.0,197.0,293.0,19.4,23.8,89.0,961.5,1.1,0.0,136.417,,120.031,1,1,0
2023,12,FORMULA 1 MSC CRUISES BELGIAN GRAND PRIX 2023,HUL,Haas F1 Team,Q1,123.166,20.0,33.664,56.741,32.761,4.0,INTERMEDIATE,False,303.0,172.0,206.0,290.0,19.4,23.8,89.0,961.5,1.1,0.0,130.042,,126.265,1,1,0
2023,12,FORMULA 1 MSC CRUISES BELGIAN GRAND PRIX 2023,PIA,McLaren,Q2,111.534,6.0,32.864,48.413,30.257,4.0,SOFT,True,309.0,205.0,218.0,302.0,19.4,23.8,89.0,961.5,1.1,0.0,123.792,,109.067,1,2,0
2023,12,FORMULA 1 MSC CRUISES BELGIAN GRAND PRIX 2023,SAI,Ferrari,Q2,111.711,5.0,31.99,49.925,29.796,3.0,SOFT,True,315.0,201.0,221.0,311.0,19.4,23.8,89.0,961.5,1.1,0.0,123.207,,109.081,1,2,0
2023,12,FORMULA 1 MSC CRUISES BELGIAN GRAND PRIX 2023,LEC,Ferrari,Q2,112.017,2.0,32.568,49.501,29.948,4.0,SOFT,True,308.0,201.0,222.0,302.0,19.4,23.8,89.0,961.5,1.1,0.0,128.148,,109.251,1,2,0
2023,12,FORMULA 1 MSC CRUISES BELGIAN GRAND PRIX 2023,STR,Aston Martin,Q2,112.193,10.0,32.967,49.162,30.064,3.0,SOFT,True,310.0,199.0,215.0,302.0,19.4,23.8,89.0,961.5,1.1,0.0,141.946,,120.46,1,2,0
2023,12,FORMULA 1 MSC CRUISES BELGIAN GRAND PRIX 2023,NOR,McLaren,Q2,112.252,7.0,32.793,49.186,30.273,4.0,SOFT,True,297.0,199.0,218.0,305.0,19.4,23.8,89.0,961.5,1.1,0.0,124.484,,109.389,1,2,0
2023,12,FORMULA 1 MSC CRUISES BELGIAN GRAND PRIX 2023,HAM,Mercedes,Q2,112.345,4.0,32.222,50.077,30.046,3.0,SOFT,True,318.0,201.0,213.0,313.0,19.4,23.8,89.0,961.5,1.1,0.0,130.299,,109.9,1,2,0
2023,12,FORMULA 1 MSC CRUISES BELGIAN GRAND PRIX 2023,PER,Red Bull Racing,Q2,112.353,3.0,32.364,49.749,30.24,4.0,SOFT,True,311.0,200.0,220.0,307.0,19.4,23.8,89.0,961.5,1.1,0.0,128.24,,109.961,1,2,0
2023,12,FORMULA 1 MSC CRUISES BELGIAN GRAND PRIX 2023,RUS,Mercedes,Q2,112.605,8.0,32.243,50.273,30.089,4.0,SOFT,True,309.0,201.0,210.0,308.0,19.4,23.8,89.0,961.5,1.1,0.0,130.475,,115.742,1,2,0
2023,12,FORMULA 1 MSC CRUISES BELGIAN GRAND PRIX 2023,ALO,Aston Martin,Q2,112.751,9.0,32.285,50.083,30.383,4.0,SOFT,True,315.0,204.0,207.0,309.0,19.4,23.8,89.0,961.5,1.1,0.0,130.283,,119.038,1,2,0
2023,12,FORMULA 1 MSC CRUISES BELGIAN GRAND PRIX 2023,VER,Red Bull Racing,Q2,112.784,1.0,32.442,50.396,29.946,4.0,SOFT,True,316.0,202.0,221.0,306.0,19.4,23.8,89.0,961.5,1.1,0.0,,,109.056,1,2,0
2023,12,FORMULA 1 MSC CRUISES BELGIAN GRAND PRIX 2023,TSU,AlphaTauri,Q2,113.148,11.0,32.404,50.88,29.864,3.0,SOFT,True,312.0,206.0,219.0,307.0,19.4,23.8,89.0,961.5,1.1,0.0,129.067,,120.568,1,2,0
2023,12,FORMULA 1 MSC CRUISES BELGIAN GRAND PRIX 2023,GAS,Alpine,Q2,113.671,12.0,32.293,51.282,30.096,4.0,SOFT,True,314.0,198.0,219.0,309.0,19.4,23.8,89.0,961.5,1.1,0.0,,,109.7,1,2,0
2023,12,FORMULA 1 MSC CRUISES BELGIAN GRAND PRIX 2023,MAG,Haas F1 Team,Q2,114.16,13.0,32.514,51.443,30.203,3.0,SOFT,True,315.0,195.0,221.0,291.0,19.4,23.8,89.0,961.5,1.1,0.0,129.229,,121.079,1,2,0
2023,12,FORMULA 1 MSC CRUISES BELGIAN GRAND PRIX 2023,BOT,Alfa Romeo,Q2,114.694,14.0,32.822,51.437,30.435,4.0,SOFT,True,313.0,199.0,216.0,287.0,19.4,23.8,89.0,961.5,1.1,0.0,132.085,,120.951,1,2,0
2023,12,FORMULA 1 MSC CRUISES BELGIAN GRAND PRIX 2023,OCO,Alpine,Q2,116.372,15.0,32.641,52.23,31.501,2.0,INTERMEDIATE,True,316.0,192.0,209.0,308.0,19.4,23.8,89.0,961.5,1.1,0.0,136.018,,110.494,1,2,0
2023,12,FORMULA 1 MSC CRUISES BELGIAN GRAND PRIX 2023,VER,Red Bull Racing,Q3,106.168,1.0,31.204,45.697,29.267,2.0,SOFT,True,338.0,207.0,223.0,307.0,19.4,23.8,89.0,961.5,1.1,0.0,,,109.056,1,3,0
2023,12,FORMULA 1 MSC CRUISES BELGIAN GRAND PRIX 2023,LEC,Ferrari,Q3,106.988,2.0,31.287,46.4,29.301,2.0,SOFT,True,336.0,200.0,223.0,308.0,19.4,23.8,89.0,961.5,1.1,0.0,128.148,,109.251,1,3,0
2023,12,FORMULA 1 MSC CRUISES BELGIAN GRAND PRIX 2023,PER,Red Bull Racing,Q3,107.045,3.0,31.336,46.445,29.264,2.0,SOFT,True,340.0,202.0,223.0,306.0,19.4,23.8,89.0,961.5,1.1,0.0,128.24,,109.961,1,3,0
2023,12,FORMULA 1 MSC CRUISES BELGIAN GRAND PRIX 2023,HAM,Mercedes,Q3,107.087,4.0,31.336,46.505,29.246,2.0,SOFT,True,333.0,202.0,216.0,311.0,19.4,23.8,89.0,961.5,1.1,0.0,130.299,,109.9,1,3,0
2023,12,FORMULA 1 MSC CRUISES BELGIAN GRAND PRIX 2023,SAI,Ferrari,Q3,107.152,5.0,31.317,46.515,29.32,2.0,SOFT,True,336.0,208.0,224.0,308.0,19.4,23.8,89.0,961.5,1.1,0.0,123.207,,109.081,1,3,0
2023,12,FORMULA 1 MSC CRUISES BELGIAN GRAND PRIX 2023,PIA,McLaren,Q3,107.365,6.0,31.799,45.852,29.714,2.0,SOFT,True,323.0,205.0,222.0,302.0,19.4,23.8,89.0,961.5,1.1,0.0,123.792,,109.067,1,3,0
2023,12,FORMULA 1 MSC CRUISES BELGIAN GRAND PRIX 2023,NOR,McLaren,Q3,107.669,7.0,31.617,46.417,29.635,2.0,SOFT,True,324.0,203.0,218.0,304.0,19.4,23.8,89.0,961.5,1.1,0.0,124.484,,109.389,1,3,0
2023,12,FORMULA 1 MSC CRUISES BELGIAN GRAND PRIX 2023,RUS,Mercedes,Q3,107.805,8.0,31.63,46.737,29.438,2.0,SOFT,True,327.0,205.0,221.0,306.0,19.4,23.8,89.0,961.5,1.1,0.0,130.475,,115.742,1,3,0
2023,12,FORMULA 1 MSC CRUISES BELGIAN GRAND PRIX 2023,ALO,Aston Martin,Q3,107.843,9.0,31.24,47.017,29.586,2.0,SOFT,True,331.0,204.0,211.0,307.0,19.4,23.8,89.0,961.5,1.1,0.0,130.283,,119.038,1,3,0
2023,12,FORMULA 1 MSC CRUISES BELGIAN GRAND PRIX 2023,STR,Aston Martin,Q3,108.841,10.0,31.662,47.369,29.81,2.0,SOFT,True,326.0,203.0,212.0,305.0,19.4,23.8,89.0,961.5,1.1,0.0,141.946,,120.46,1,3,0
2023,13,FORMULA 1 HEINEKEN DUTCH GRAND PRIX 2023,ALB,Williams,Q1,80.939,4.0,28.115,27.627,25.197,2.0,INTERMEDIATE,True,281.0,267.0,299.0,278.0,18.15,23.25,78.0,1009.4,2.2,0.0,72.447,71.599,82.75,0,1,0
2023,13,FORMULA 1 HEINEKEN DUTCH GRAND PRIX 2023,VER,Red Bull Racing,Q1,80.965,1.0,28.088,27.654,25.223,9.0,INTERMEDIATE,True,284.0,268.0,300.0,279.0,18.15,23.25,78.0,1009.4,2.2,0.0,71.852,71.353,81.631,0,1,0
2023,13,FORMULA 1 HEINEKEN DUTCH GRAND PRIX 2023,PIA,McLaren,Q1,81.231,8.0,28.658,27.302,25.271,3.0,INTERMEDIATE,True,281.0,268.0,292.0,273.0,18.15,23.25,78.0,1009.4,2.2,0.0,72.658,72.901,82.892,0,1,0
2023,13,FORMULA 1 HEINEKEN DUTCH GRAND PRIX 2023,NOR,McLaren,Q1,81.276,2.0,28.183,27.431,25.662,2.0,INTERMEDIATE,True,281.0,267.0,291.0,281.0,18.15,23.25,78.0,1009.4,2.2,0.0,72.46,71.33,83.158,0,1,0
2023,13,FORMULA 1 HEINEKEN DUTCH GRAND PRIX 2023,SAI,Ferrari,Q1,81.321,6.0,28.05,27.869,25.402,3.0,INTERMEDIATE,True,285.0,271.0,300.0,293.0,18.15,23.25,78.0,1009.4,2.2,0.0,,72.093,83.438,0,1,0
2023,13,FORMULA 1 HEINEKEN DUTCH GRAND PRIX 2023,RUS,Mercedes,Q1,81.345,3.0,27.941,27.739,25.665,10.0,INTERMEDIATE,True,276.0,263.0,290.0,294.0,18.15,23.25,78.0,1009.4,2.2,0.0,72.813,72.009,82.01,0,1,0
2023,13,FORMULA 1 HEINEKEN DUTCH GRAND PRIX 2023,STR,Aston Martin,Q1,81.57,11.0,28.153,27.7,25.717,3.0,INTERMEDIATE,True,280.0,268.0,297.0,287.0,18.15,23.25,78.0,1009.4,2.2,0.0,98.402,71.835,84.058,0,1,0
2023,13,FORMULA 1 HEINEKEN DUTCH GRAND PRIX 2023,GAS,Alpine,Q1,81.735,12.0,28.196,27.877,25.662,9.0,INTERMEDIATE,True,282.0,266.0,296.0,277.0,18.15,23.25,78.0,1009.4,2.2,0.0,72.895,71.766,83.21,0,1,0
2023,13,FORMULA 1 HEINEKEN DUTCH GRAND PRIX 2023,TSU,AlphaTauri,Q1,81.781,14.0,28.25,27.884,25.647,3.0,INTERMEDIATE,True,278.0,266.0,297.0,298.0,18.15,23.25,78.0,1009.4,2.2,0.0,72.749,71.72,83.544,0,1,0
2023,13,FORMULA 1 HEINEKEN DUTCH GRAND PRIX 2023,ALO,Aston Martin,Q1,81.84,5.0,28.233,27.984,25.623,2.0,INTERMEDIATE,True,282.0,270.0,300.0,283.0,18.15,23.25,78.0,1009.4,2.2,0.0,72.13,71.863,82.634,0,1,0
2023,13,FORMULA 1 HEINEKEN DUTCH GRAND PRIX 2023,HUL,Haas F1 Team,Q1,81.891,15.0,28.393,28.006,25.492,2.0,INTERMEDIATE,True,278.0,265.0,293.0,283.0,18.15,23.25,78.0,1009.4,2.2,0.0,74.023,72.693,83.64,0,1,0
2023,13,FORMULA 1 HEINEKEN DUTCH GRAND PRIX 2023,HAM,Mercedes,Q1,81.919,13.0,27.986,27.912,26.021,11.0,INTERMEDIATE,True,279.0,267.0,296.0,272.0,18.15,23.25,78.0,1009.4,2.2,0.0,72.225,71.638,82.723,0,1,0
2023,13,FORMULA 1 HEINEKEN DUTCH GRAND PRIX 2023,PER,Red Bull Racing,Q1,81.972,7.0,28.342,27.9,25.73,10.0,INTERMEDIATE,True,281.0,266.0,296.0,279.0,18.15,23.25,78.0,1009.4,2.2,0.0,72.323,71.817,82.631,0,1,0
2023,13,FORMULA 1 HEINEKEN DUTCH GRAND PRIX 2023,LEC,Ferrari,Q1,82.019,9.0,28.306,27.743,25.97,3.0,INTERMEDIATE,True,284.0,271.0,300.0,281.0,18.15,23.25,78.0,1009.4,2.2,0.0,73.519,71.915,83.093,0,1,0
2023,13,FORMULA 1 HEINEKEN DUTCH GRAND PRIX 2023,SAR,Williams,Q1,82.036,10.0,28.54,27.866,25.63,2.0,INTERMEDIATE,True,281.0,266.0,299.0,267.0,18.15,23.25,78.0,1009.4,2.2,0.0,72.617,71.934,83.57,0,1,0
2023,13,FORMULA 1 HEINEKEN DUTCH GRAND PRIX 2023,ZHO,Alfa Romeo,Q1,82.067,16.0,28.282,27.771,26.014,4.0,INTERMEDIATE,True,277.0,266.0,292.0,282.0,18.15,23.25,78.0,1009.4,2.2,0.0,73.826,72.074,88.482,0,1,0
2023,13,FORMULA 1 HEINEKEN DUTCH GRAND PRIX 2023,OCO,Alpine,Q1,82.11,17.0,28.265,28.164,25.681,10.0,INTERMEDIATE,True,282.0,267.0,298.0,268.0,18.15,23.25,78.0,1009.4,2.2,0.0,72.802,72.001,83.806,0,1,0
2023,13,FORMULA 1 HEINEKEN DUTCH GRAND PRIX 2023,MAG,Haas F1 Team,Q1,82.192,18.0,28.484,28.244,25.464,3.0,INTERMEDIATE,True,279.0,265.0,297.0,291.0,18.15,23.25,78.0,1009.4,2.2,0.0,73.322,72.404,,0,1,0
2023,13,FORMULA 1 HEINEKEN DUTCH GRAND PRIX 2023,BOT,Alfa Romeo,Q1,82.26,19.0,28.629,27.829,25.802,4.0,INTERMEDIATE,True,279.0,265.0,293.0,296.0,18.15,23.25,78.0,1009.4,2.2,0.0,73.448,71.857,82.965,0,1,0
2023,13,FORMULA 1 HEINEKEN DUTCH GRAND PRIX 2023,LAW,AlphaTauri,Q1,83.42,20.0,28.601,28.597,26.222,3.0,INTERMEDIATE,True,279.0,263.0,292.0,285.0,18.15,23.25,78.0,1009.4,2.2,0.0,,,86.343,0,1,0
2023,13,FORMULA 1 HEINEKEN DUTCH GRAND PRIX 2023,VER,Red Bull Racing,Q2,78.856,1.0,27.112,27.092,24.652,2.0,INTERMEDIATE,True,287.0,269.0,296.0,296.0,18.15,23.25,78.0,1009.4,2.2,0.0,71.852,71.353,81.631,0,2,0
2023,13,FORMULA 1 HEINEKEN DUTCH GRAND PRIX 2023,PIA,McLaren,Q2,79.392,8.0,27.469,27.098,24.825,2.0,INTERMEDIATE,True,281.0,265.0,289.0,292.0,18.15,23.25,78.0,1009.4,2.2,0.0,72.658,72.901,82.892,0,2,0
2023,13,FORMULA 1 HEINEKEN DUTCH GRAND PRIX 2023,ALB,Williams,Q2,79.399,4.0,27.297,27.511,24.591,2.0,INTERMEDIATE,True,284.0,267.0,292.0,294.0,18.15,23.25,78.0,1009.4,2.2,0.0,72.447,71.599,82.75,0,2,0
2023,13,FORMULA 1 HEINEKEN DUTCH GRAND PRIX 2023,ALO,Aston Martin,Q2,79.429,5.0,27.207,27.502,24.72,4.0,INTERMEDIATE,True,286.0,270.0,294.0,297.0,18.15,23.25,78.0,1009.4,2.2,0.0,72.13,71.863,82.634,0,2,0
2023,13,FORMULA 1 HEINEKEN DUTCH GRAND PRIX 2023,LEC,Ferrari,Q2,79.6,9.0,27.272,27.619,24.709,3.0,INTERMEDIATE,True,287.0,270.0,304.0,282.0,18.15,23.25,78.0,1009.4,2.2,0.0,73.519,71.915,83.093,0,2,0
2023,13,FORMULA 1 HEINEKEN DUTCH GRAND PRIX 2023,RUS,Mercedes,Q2,79.62,3.0,27.463,27.131,25.026,2.0,INTERMEDIATE,True,279.0,264.0,289.0,287.0,18.15,23.25,78.0,1009.4,2.2,0.0,72.813,72.009,82.01,0,2,0
2023,13,FORMULA 1 HEINEKEN DUTCH GRAND PRIX 2023,NOR,McLaren,Q2,79.769,2.0,27.502,27.542,24.725,10.0,INTERMEDIATE,True,282.0,269.0,291.0,294.0,18.15,23.25,78.0,1009.4,2.2,0.0,72.46,71.33,83.158,0,2,0
2023,13,FORMULA 1 HEINEKEN DUTCH GRAND PRIX 2023,PER,Red Bull Racing,Q2,79.856,7.0,27.615,27.39,24.851,4.0,INTERMEDIATE,True,286.0,269.0,292.0,291.0,18.15,23.25,78.0,1009.4,2.2,0.0,72.323,71.817,82.631,0,2,0
2023,13,FORMULA 1 HEINEKEN DUTCH GRAND PRIX 2023,SAI,Ferrari,Q2,79.929,6.0,27.432,27.439,25.058,3.0,INTERMEDIATE,True,287.0,271.0,290.0,301.0,18.15,23.25,78.0,1009.4,2.2,0.0,,72.093,83.438,0,2,0
2023,13,FORMULA 1 HEINEKEN DUTCH GRAND PRIX 2023,SAR,Williams,Q2,80.067,10.0,27.618,27.731,24.718,4.0,INTERMEDIATE,True,283.0,267.0,295.0,293.0,18.15,23.25,78.0,1009.4,2.2,0.0,72.617,71.934,83.57,0,2,0
2023,13,FORMULA 1 HEINEKEN DUTCH GRAND PRIX 2023,STR,Aston Martin,Q2,80.121,11.0,27.758,27.406,24.957,3.0,INTERMEDIATE,True,283.0,266.0,292.0,296.0,18.15,23.25,78.0,1009.4,2.2,0.0,98.402,71.835,84.058,0,2,0
2023,13,FORMULA 1 HEINEKEN DUTCH GRAND PRIX 2023,GAS,Alpine,Q2,80.128,12.0,27.411,27.594,25.123,4.0,INTERMEDIATE,True,285.0,266.0,291.0,299.0,18.15,23.25,78.0,1009.4,2.2,0.0,72.895,71.766,83.21,0,2,0
2023,13,FORMULA 1 HEINEKEN DUTCH GRAND PRIX 2023,HAM,Mercedes,Q2,80.151,13.0,27.416,27.366,25.369,3.0,INTERMEDIATE,True,281.0,265.0,290.0,293.0,18.15,23.25,78.0,1009.4,2.2,0.0,72.225,71.638,82.723,0,2,0
2023,13,FORMULA 1 HEINEKEN DUTCH GRAND PRIX 2023,TSU,AlphaTauri,Q2,80.23,14.0,27.764,27.46,25.006,4.0,INTERMEDIATE,True,284.0,265.0,291.0,295.0,18.15,23.25,78.0,1009.4,2.2,0.0,72.749,71.72,83.544,0,2,0
2023,13,FORMULA 1 HEINEKEN DUTCH GRAND PRIX 2023,HUL,Haas F1 Team,Q2,80.25,15.0,28.046,27.465,24.739,2.0,INTERMEDIATE,True,282.0,267.0,292.0,292.0,18.15,23.25,78.0,1009.4,2.2,0.0,74.023,72.693,83.64,0,2,0
2023,13,FORMULA 1 HEINEKEN DUTCH GRAND PRIX 2023,VER,Red Bull Racing,Q3,70.567,1.0,24.324,24.504,21.739,2.0,SOFT,True,287.0,280.0,315.0,325.0,18.15,23.25,78.0,1009.4,2.2,0.0,71.852,71.353,81.631,0,3,0
2023,13,FORMULA 1 HEINEKEN DUTCH GRAND PRIX 2023,NOR,McLaren,Q3,71.104,2.0,24.287,24.874,21.943,2.0,SOFT,True,286.0,279.0,313.0,319.0,18.15,23.25,78.0,1009.4,2.2,0.0,72.46,71.33,83.158,0,3,0
2023,13,FORMULA 1 HEINEKEN DUTCH GRAND PRIX 2023,RUS,Mercedes,Q3,71.294,3.0,24.649,24.625,22.02,2.0,SOFT,True,283.0,279.0,312.0,318.0,18.15,23.25,78.0,1009.4,2.2,0.0,72.813,72.009,82.01,0,3,0
2023,13,FORMULA 1 HEINEKEN DUTCH GRAND PRIX 2023,ALB,Williams,Q3,71.419,4.0,24.449,25.014,21.956,3.0,SOFT,True,290.0,281.0,316.0,321.0,18.15,23.25,78.0,1009.4,2.2,0.0,72.447,71.599,82.75,0,3,0
2023,13,FORMULA 1 HEINEKEN DUTCH GRAND PRIX 2023,ALO,Aston Martin,Q3,71.506,5.0,24.63,24.994,21.882,3.0,SOFT,True,291.0,281.0,316.0,322.0,18.15,23.25,78.0,1009.4,2.2,0.0,72.13,71.863,82.634,0,3,0
2023,13,FORMULA 1 HEINEKEN DUTCH GRAND PRIX 2023,SAI,Ferrari,Q3,71.754,6.0,24.693,25.035,22.026,2.0,SOFT,True,291.0,281.0,317.0,326.0,18.15,23.25,78.0,1009.4,2.2,0.0,,72.093,83.438,0,3,0
2023,13,FORMULA 1 HEINEKEN DUTCH GRAND PRIX 2023,PER,Red Bull Racing,Q3,71.88,7.0,24.895,24.996,21.989,3.0,SOFT,True,287.0,279.0,316.0,326.0,18.15,23.25,78.0,1009.4,2.2,0.0,72.323,71.817,82.631,0,3,0
2023,13,FORMULA 1 HEINEKEN DUTCH GRAND PRIX 2023,PIA,McLaren,Q3,71.938,8.0,24.657,25.047,22.234,2.0,SOFT,True,287.0,280.0,312.0,319.0,18.15,23.25,78.0,1009.4,2.2,0.0,72.658,72.901,82.892,0,3,0
2023,13,FORMULA 1 HEINEKEN DUTCH GRAND PRIX 2023,LEC,Ferrari,Q3,72.665,9.0,25.186,25.086,22.393,2.0,SOFT,True,290.0,282.0,319.0,323.0,18.15,23.25,78.0,1009.4,2.2,0.0,73.519,71.915,83.093,0,3,0
2023,13,FORMULA 1 HEINEKEN DUTCH GRAND PRIX 2023,SAR,Williams,Q3,76.748,10.0,27.083,26.472,23.193,2.0,SOFT,True,284.0,278.0,311.0,319.0,18.15,23.25,78.0,1009.4,2.2,0.0,72.617,71.934,83.57,0,3,0
2023,14,FORMULA 1 PIRELLI GRAN PREMIO D’ITALIA 2023 ,VER,Red Bull Racing,Q1,81.573,2.0,27.048,27.614,26.911,5.0,HARD,False,321.0,336.0,313.0,342.0,28.2,39.3,41.0,999.0,1.2,0.0,82.657,81.631,80.998,0,1,0
2023,14,FORMULA 1 PIRELLI GRAN PREMIO D’ITALIA 2023 ,ALB,Williams,Q1,81.661,6.0,26.97,27.57,27.121,2.0,HARD,True,323.0,341.0,314.0,348.0,28.2,39.3,41.0,999.0,1.2,0.0,83.444,81.979,82.054,0,1,0
2023,14,FORMULA 1 PIRELLI GRAN PREMIO D’ITALIA 2023 ,LEC,Ferrari,Q1,81.788,3.0,27.095,27.668,27.025,8.0,HARD,False,323.0,343.0,314.0,342.0,28.2,39.3,41.0,999.0,1.2,0.0,82.966,81.716,81.486,0,1,0
2023,14,FORMULA 1 PIRELLI GRAN PREMIO D’ITALIA 2023 ,TSU,AlphaTauri,Q1,81.852,11.0,27.064,27.612,27.176,2.0,HARD,True,320.0,339.0,304.0,346.0,28.2,39.3,41.0,999.0,1.2,0.0,83.271,82.696,82.297,0,1,0
2023,14,FORMULA 1 PIRELLI GRAN PREMIO D’ITALIA 2023 ,PER,Red Bull Racing,Q1,81.911,5.0,27.218,27.691,27.002,5.0,HARD,True,321.0,334.0,308.0,342.0,28.2,39.3,41.0,999.0,1.2,0.0,82.834,81.54,82.192,0,1,0
2023,14,FORMULA 1 PIRELLI GRAN PREMIO D’ITALIA 2023 ,SAR,Williams,Q1,81.93,15.0,26.94,27.774,27.216,2.0,HARD,True,323.0,339.0,311.0,346.0,28.2,39.3,41.0,999.0,1.2,0.0,83.661,82.755,82.38,0,1,0
2023,14,FORMULA 1 PIRELLI GRAN PREMIO D’ITALIA 2023 ,SAI,Ferrari,Q1,81.965,1.0,27.262,27.655,27.048,5.0,HARD,False,321.0,336.0,307.0,343.0,28.2,39.3,41.0,999.0,1.2,0.0,82.703,81.355,80.912,0,1,0
2023,14,FORMULA 1 PIRELLI GRAN PREMIO D’ITALIA 2023 ,HAM,Mercedes,Q1,81.977,8.0,27.281,27.676,27.02,5.0,HARD,False,318.0,334.0,309.0,340.0,28.2,39.3,41.0,999.0,1.2,0.0,83.269,82.783,81.453,0,1,0
2023,14,FORMULA 1 PIRELLI GRAN PREMIO D’ITALIA 2023 ,NOR,McLaren,Q1,81.995,9.0,27.28,27.718,26.997,2.0,HARD,True,319.0,334.0,309.0,337.0,28.2,39.3,41.0,999.0,1.2,0.0,83.241,81.374,82.515,0,1,0
2023,14,FORMULA 1 PIRELLI GRAN PREMIO D’ITALIA 2023 ,ALO,Aston Martin,Q1,82.043,10.0,27.132,27.763,27.148,4.0,HARD,True,321.0,336.0,310.0,340.0,28.2,39.3,41.0,999.0,1.2,0.0,83.214,82.071,81.711,0,1,0
2023,14,FORMULA 1 PIRELLI GRAN PREMIO D’ITALIA 2023 ,PIA,McLaren,Q1,82.106,7.0,27.187,27.885,27.034,4.0,HARD,True,321.0,336.0,309.0,343.0,28.2,39.3,41.0,999.0,1.2,0.0,83.446,81.545,82.302,0,1,0
2023,14,FORMULA 1 PIRELLI GRAN PREMIO D’ITALIA 2023 ,LAW,AlphaTauri,Q1,82.112,12.0,27.007,27.844,27.261,2.0,HARD,True,322.0,341.0,311.0,350.0,28.2,39.3,41.0,999.0,1.2,0.0,83.833,83.167,82.296,0,1,0
2023,14,FORMULA 1 PIRELLI GRAN PREMIO D’ITALIA 2023 ,RUS,Mercedes,Q1,82.148,4.0,27.252,27.804,27.092,2.0,HARD,True,321.0,332.0,308.0,337.0,28.2,39.3,41.0,999.0,1.2,0.0,83.189,82.176,81.73,0,1,0
2023,14,FORMULA 1 PIRELLI GRAN PREMIO D’ITALIA 2023 ,BOT,Alfa Romeo,Q1,82.249,14.0,27.08,27.808,27.361,2.0,HARD,True,322.0,341.0,307.0,348.0,28.2,39.3,41.0,999.0,1.2,0.0,83.952,82.595,82.511,0,1,0
2023,14,FORMULA 1 PIRELLI GRAN PREMIO D’ITALIA 2023 ,HUL,Haas F1 Team,Q1,82.343,13.0,27.423,27.832,27.088,4.0,HARD,True,316.0,331.0,304.0,336.0,28.2,39.3,41.0,999.0,1.2,0.0,84.067,82.291,81.985,0,1,0
2023,14,FORMULA 1 PIRELLI GRAN PREMIO D’ITALIA 2023 ,ZHO,Alfa Romeo,Q1,82.39,16.0,27.051,28.024,27.315,2.0,HARD,True,321.0,338.0,313.0,345.0,28.2,39.3,41.0,999.0,1.2,0.0,84.232,83.346,82.742,0,1,0
2023,14,FORMULA 1 PIRELLI GRAN PREMIO D’ITALIA 2023 ,GAS,Alpine,Q1,82.545,17.0,27.119,28.047,27.379,2.0,HARD,True,320.0,337.0,305.0,346.0,28.2,39.3,41.0,999.0,1.2,0.0,83.931,82.651,82.852,0,1,0
2023,14,FORMULA 1 PIRELLI GRAN PREMIO D’ITALIA 2023 ,OCO,Alpine,Q1,82.548,18.0,27.296,27.859,27.393,2.0,HARD,True,320.0,337.0,309.0,346.0,28.2,39.3,41.0,999.0,1.2,0.0,84.09,82.716,82.739,0,1,0
2023,14,FORMULA 1 PIRELLI GRAN PREMIO D’ITALIA 2023 ,MAG,Haas F1 Team,Q1,82.592,19.0,27.384,27.829,27.379,2.0,HARD,True,319.0,333.0,309.0,340.0,28.2,39.3,41.0,999.0,1.2,0.0,84.217,82.574,81.884,0,1,0
2023,14,FORMULA 1 PIRELLI GRAN PREMIO D’ITALIA 2023 ,STR,Aston Martin,Q1,82.86,20.0,27.267,28.076,27.517,2.0,HARD,True,321.0,334.0,307.0,340.0,28.2,39.3,41.0,999.0,1.2,0.0,,91.893,82.245,0,1,0
2023,14,FORMULA 1 PIRELLI GRAN PREMIO D’ITALIA 2023 ,VER,Red Bull Racing,Q2,80.937,2.0,26.897,27.357,26.683,2.0,MEDIUM,True,321.0,338.0,312.0,344.0,28.2,39.3,41.0,999.0,1.2,0.0,82.657,81.631,80.998,0,2,0
2023,14,FORMULA 1 PIRELLI GRAN PREMIO D’ITALIA 2023 ,LEC,Ferrari,Q2,80.977,3.0,26.833,27.308,26.836,2.0,MEDIUM,True,322.0,337.0,309.0,345.0,28.2,39.3,41.0,999.0,1.2,0.0,82.966,81.716,81.486,0,2,0
2023,14,FORMULA 1 PIRELLI GRAN PREMIO D’ITALIA 2023 ,SAI,Ferrari,Q2,80.991,1.0,26.846,27.268,26.877,2.0,MEDIUM,True,323.0,339.0,311.0,348.0,28.2,39.3,41.0,999.0,1.2,0.0,82.703,81.355,80.912,0,2,0
2023,14,FORMULA 1 PIRELLI GRAN PREMIO D’ITALIA 2023 ,PER,Red Bull Racing,Q2,81.24,5.0,26.933,27.578,26.729,2.0,MEDIUM,True,320.0,337.0,312.0,345.0,28.2,39.3,41.0,999.0,1.2,0.0,82.834,81.54,82.192,0,2,0
2023,14,FORMULA 1 PIRELLI GRAN PREMIO D’ITALIA 2023 ,ALB,Williams,Q2,81.272,6.0,26.828,27.475,26.969,2.0,MEDIUM,True,321.0,337.0,311.0,346.0,28.2,39.3,41.0,999.0,1.2,0.0,83.444,81.979,82.054,0,2,0
2023,14,FORMULA 1 PIRELLI GRAN PREMIO D’ITALIA 2023 ,HAM,Mercedes,Q2,81.369,8.0,27.065,27.386,26.918,2.0,MEDIUM,True,319.0,333.0,309.0,337.0,28.2,39.3,41.0,999.0,1.2,0.0,83.269,82.783,81.453,0,2,0
2023,14,FORMULA 1 PIRELLI GRAN PREMIO D’ITALIA 2023 ,RUS,Mercedes,Q2,81.382,4.0,27.124,27.501,26.757,2.0,MEDIUM,True,318.0,331.0,308.0,336.0,28.2,39.3,41.0,999.0,1.2,0.0,83.189,82.176,81.73,0,2,0
2023,14,FORMULA 1 PIRELLI GRAN PREMIO D’ITALIA 2023 ,PIA,McLaren,Q2,81.527,7.0,27.17,27.484,26.873,2.0,MEDIUM,True,320.0,333.0,310.0,340.0,28.2,39.3,41.0,999.0,1.2,0.0,83.446,81.545,82.302,0,2,0
2023,14,FORMULA 1 PIRELLI GRAN PREMIO D’ITALIA 2023 ,ALO,Aston Martin,Q2,81.543,10.0,26.984,27.527,27.032,2.0,MEDIUM,True,320.0,338.0,309.0,344.0,28.2,39.3,41.0,999.0,1.2,0.0,83.214,82.071,81.711,0,2,0
2023,14,FORMULA 1 PIRELLI GRAN PREMIO D’ITALIA 2023 ,NOR,McLaren,Q2,81.581,9.0,27.128,27.461,26.992,2.0,MEDIUM,True,319.0,333.0,309.0,340.0,28.2,39.3,41.0,999.0,1.2,0.0,83.241,81.374,82.515,0,2,0
2023,14,FORMULA 1 PIRELLI GRAN PREMIO D’ITALIA 2023 ,TSU,AlphaTauri,Q2,81.594,11.0,27.054,27.462,27.078,2.0,MEDIUM,True,320.0,337.0,312.0,344.0,28.2,39.3,41.0,999.0,1.2,0.0,83.271,82.696,82.297,0,2,0
2023,14,FORMULA 1 PIRELLI GRAN PREMIO D’ITALIA 2023 ,LAW,AlphaTauri,Q2,81.758,12.0,27.029,27.657,27.072,2.0,MEDIUM,True,321.0,336.0,310.0,347.0,28.2,39.3,41.0,999.0,1.2,0.0,83.833,83.167,82.296,0,2,0
2023,14,FORMULA 1 PIRELLI GRAN PREMIO D’ITALIA 2023 ,HUL,Haas F1 Team,Q2,81.776,13.0,27.154,27.621,27.001,2.0,MEDIUM,True,319.0,334.0,310.0,340.0,28.2,39.3,41.0,999.0,1.2,0.0,84.067,82.291,81.985,0,2,0
2023,14,FORMULA 1 PIRELLI GRAN PREMIO D’ITALIA 2023 ,BOT,Alfa Romeo,Q2,81.94,14.0,27.06,27.733,27.147,2.0,MEDIUM,True,324.0,340.0,309.0,349.0,28.2,39.3,41.0,999.0,1.2,0.0,83.952,82.595,82.511,0,2,0
2023,14,FORMULA 1 PIRELLI GRAN PREMIO D’ITALIA 2023 ,SAR,Williams,Q2,81.944,15.0,26.974,27.771,27.199,2.0,MEDIUM,True,323.0,338.0,312.0,347.0,28.2,39.3,41.0,999.0,1.2,0.0,83.661,82.755,82.38,0,2,0
2023,14,FORMULA 1 PIRELLI GRAN PREMIO D’ITALIA 2023 ,SAI,Ferrari,Q3,80.294,1.0,26.701,26.988,26.605,2.0,SOFT,True,323.0,338.0,308.0,347.0,28.2,39.3,41.0,999.0,1.2,0.0,82.703,81.355,80.912,0,3,0
2023,14,FORMULA 1 PIRELLI GRAN PREMIO D’ITALIA 2023 ,VER,Red Bull Racing,Q3,80.307,2.0,26.758,27.049,26.5,2.0,SOFT,True,319.0,334.0,312.0,341.0,28.2,39.3,41.0,999.0,1.2,0.0,82.657,81.631,80.998,0,3,0
2023,14,FORMULA 1 PIRELLI GRAN PREMIO D’ITALIA 2023 ,LEC,Ferrari,Q3,80.361,3.0,26.667,27.101,26.593,2.0,SOFT,True,321.0,335.0,313.0,344.0,28.2,39.3,41.0,999.0,1.2,0.0,82.966,81.716,81.486,0,3,0
2023,14,FORMULA 1 PIRELLI GRAN PREMIO D’ITALIA 2023 ,RUS,Mercedes,Q3,80.671,4.0,26.889,27.159,26.623,2.0,SOFT,True,319.0,333.0,310.0,338.0,28.2,39.3,41.0,999.0,1.2,0.0,83.189,82.176,81.73,0,3,0
2023,14,FORMULA 1 PIRELLI GRAN PREMIO D’ITALIA 2023 ,PER,Red Bull Racing,Q3,80.688,5.0,26.904,27.171,26.613,2.0,SOFT,True,319.0,333.0,312.0,344.0,28.2,39.3,41.0,999.0,1.2,0.0,82.834,81.54,82.192,0,3,0
2023,14,FORMULA 1 PIRELLI GRAN PREMIO D’ITALIA 2023 ,ALB,Williams,Q3,80.76,6.0,26.672,27.364,26.724,2.0,SOFT,True,322.0,339.0,311.0,347.0,28.2,39.3,41.0,999.0,1.2,0.0,83.444,81.979,82.054,0,3,0
2023,14,FORMULA 1 PIRELLI GRAN PREMIO D’ITALIA 2023 ,PIA,McLaren,Q3,80.785,7.0,26.925,27.179,26.681,2.0,SOFT,True,320.0,334.0,313.0,340.0,28.2,39.3,41.0,999.0,1.2,0.0,83.446,81.545,82.302,0,3,0
2023,14,FORMULA 1 PIRELLI GRAN PREMIO D’ITALIA 2023 ,HAM,Mercedes,Q3,80.82,8.0,26.807,27.201,26.812,2.0,SOFT,True,319.0,332.0,310.0,338.0,28.2,39.3,41.0,999.0,1.2,0.0,83.269,82.783,81.453,0,3,0
2023,14,FORMULA 1 PIRELLI GRAN PREMIO D’ITALIA 2023 ,NOR,McLaren,Q3,80.979,9.0,26.946,27.27,26.763,2.0,SOFT,True,319.0,334.0,312.0,339.0,28.2,39.3,41.0,999.0,1.2,0.0,83.241,81.374,82.515,0,3,0
2023,14,FORMULA 1 PIRELLI GRAN PREMIO D’ITALIA 2023 ,ALO,Aston Martin,Q3,81.417,10.0,26.91,27.59,26.917,2.0,SOFT,True,319.0,335.0,311.0,344.0,28.2,39.3,41.0,999.0,1.2,0.0,83.214,82.071,81.711,0,3,0
2023,15,FORMULA 1 SINGAPORE AIRLINES SINGAPORE GRAND PRIX 2023 ,TSU,AlphaTauri,Q1,91.991,15.0,27.177,38.747,26.067,2.0,SOFT,True,306.0,275.0,257.0,295.0,29.5,34.1,78.0,1009.9,1.7,0.0,94.042,93.477,92.945,0,1,0
2023,15,FORMULA 1 SINGAPORE AIRLINES SINGAPORE GRAND PRIX 2023 ,PER,Red Bull Racing,Q1,92.099,13.0,27.042,38.814,26.243,2.0,SOFT,True,310.0,278.0,256.0,299.0,29.5,34.1,78.0,1009.9,1.7,0.0,93.725,92.812,92.784,0,1,0
2023,15,FORMULA 1 SINGAPORE AIRLINES SINGAPORE GRAND PRIX 2023 ,HUL,Haas F1 Team,Q1,92.1,9.0,27.024,38.815,26.261,2.0,SOFT,True,313.0,280.0,259.0,302.0,29.5,34.1,78.0,1009.9,1.7,0.0,94.985,93.139,92.896,0,1,0
2023,15,FORMULA 1 SINGAPORE AIRLINES SINGAPORE GRAND PRIX 2023 ,LAW,AlphaTauri,Q1,92.215,10.0,27.328,38.742,26.145,2.0,SOFT,True,308.0,277.0,255.0,297.0,29.5,34.1,78.0,1009.9,1.7,0.0,94.894,93.285,93.357,0,1,0
2023,15,FORMULA 1 SINGAPORE AIRLINES SINGAPORE GRAND PRIX 2023 ,MAG,Haas F1 Team,Q1,92.242,6.0,27.064,38.972,26.206,2.0,SOFT,True,313.0,279.0,258.0,302.0,29.5,34.1,78.0,1009.9,1.7,0.0,94.887,93.017,92.97,0,1,0
2023,15,FORMULA 1 SINGAPORE AIRLINES SINGAPORE GRAND PRIX 2023 ,RUS,Mercedes,Q1,92.331,2.0,27.218,38.946,26.167,5.0,SOFT,False,309.0,277.0,251.0,299.0,29.5,34.1,78.0,1009.9,1.7,0.0,93.695,92.355,92.134,0,1,0
2023,15,FORMULA 1 SINGAPORE AIRLINES SINGAPORE GRAND PRIX 2023 ,SAI,Ferrari,Q1,92.339,1.0,27.074,39.093,26.172,5.0,SOFT,True,315.0,280.0,259.0,302.0,29.5,34.1,78.0,1009.9,1.7,0.0,93.428,92.12,92.065,0,1,0
2023,15,FORMULA 1 SINGAPORE AIRLINES SINGAPORE GRAND PRIX 2023 ,OCO,Alpine,Q1,92.369,8.0,27.191,39.004,26.174,2.0,SOFT,True,309.0,277.0,255.0,299.0,29.5,34.1,78.0,1009.9,1.7,0.0,94.066,93.361,92.979,0,1,0
2023,15,FORMULA 1 SINGAPORE AIRLINES SINGAPORE GRAND PRIX 2023 ,VER,Red Bull Racing,Q1,92.398,11.0,27.144,39.064,26.19,5.0,SOFT,True,310.0,277.0,259.0,301.0,29.5,34.1,78.0,1009.9,1.7,0.0,93.476,92.852,92.378,0,1,0
2023,15,FORMULA 1 SINGAPORE AIRLINES SINGAPORE GRAND PRIX 2023 ,LEC,Ferrari,Q1,92.406,3.0,27.052,39.068,26.286,5.0,SOFT,True,314.0,281.0,260.0,303.0,29.5,34.1,78.0,1009.9,1.7,0.0,93.35,92.138,92.381,0,1,0
2023,15,FORMULA 1 SINGAPORE AIRLINES SINGAPORE GRAND PRIX 2023 ,GAS,Alpine,Q1,92.452,12.0,27.394,39.003,26.055,2.0,SOFT,True,309.0,277.0,256.0,299.0,29.5,34.1,78.0,1009.9,1.7,0.0,94.639,93.824,93.351,0,1,0
2023,15,FORMULA 1 SINGAPORE AIRLINES SINGAPORE GRAND PRIX 2023 ,NOR,McLaren,Q1,92.483,4.0,27.087,39.334,26.062,5.0,SOFT,True,310.0,278.0,257.0,302.0,29.5,34.1,78.0,1009.9,1.7,0.0,93.522,92.711,92.303,0,1,0
2023,15,FORMULA 1 SINGAPORE AIRLINES SINGAPORE GRAND PRIX 2023 ,ALO,Aston Martin,Q1,92.584,7.0,27.149,39.243,26.192,3.0,SOFT,True,309.0,276.0,256.0,299.0,29.5,34.1,78.0,1009.9,1.7,0.0,93.974,92.478,93.051,0,1,0
2023,15,FORMULA 1 SINGAPORE AIRLINES SINGAPORE GRAND PRIX 2023 ,HAM,Mercedes,Q1,92.651,5.0,27.175,39.144,26.332,2.0,SOFT,True,308.0,278.0,256.0,300.0,29.5,34.1,78.0,1009.9,1.7,0.0,93.54,92.585,92.535,0,1,0
2023,15,FORMULA 1 SINGAPORE AIRLINES SINGAPORE GRAND PRIX 2023 ,ALB,Williams,Q1,92.668,14.0,27.131,39.323,26.214,2.0,SOFT,True,312.0,280.0,257.0,302.0,29.5,34.1,78.0,1009.9,1.7,0.0,94.657,95.558,93.37,0,1,0
2023,15,FORMULA 1 SINGAPORE AIRLINES SINGAPORE GRAND PRIX 2023 ,BOT,Alfa Romeo,Q1,92.809,16.0,27.239,39.211,26.359,2.0,SOFT,True,308.0,277.0,257.0,296.0,29.5,34.1,78.0,1009.9,1.7,0.0,94.802,93.105,93.54,0,1,0
2023,15,FORMULA 1 SINGAPORE AIRLINES SINGAPORE GRAND PRIX 2023 ,PIA,McLaren,Q1,92.902,17.0,27.334,39.326,26.242,2.0,SOFT,True,308.0,278.0,259.0,299.0,29.5,34.1,78.0,1009.9,1.7,0.0,95.474,93.461,92.73,0,1,0
2023,15,FORMULA 1 SINGAPORE AIRLINES SINGAPORE GRAND PRIX 2023 ,SAR,Williams,Q1,93.252,18.0,27.263,39.523,26.466,2.0,SOFT,True,311.0,279.0,256.0,300.0,29.5,34.1,78.0,1009.9,1.7,0.0,95.778,94.327,93.708,0,1,0
2023,15,FORMULA 1 SINGAPORE AIRLINES SINGAPORE GRAND PRIX 2023 ,ZHO,Alfa Romeo,Q1,93.258,19.0,27.319,39.339,26.6,2.0,SOFT,True,309.0,277.0,258.0,299.0,29.5,34.1,78.0,1009.9,1.7,0.0,95.456,93.575,93.637,0,1,0
2023,15,FORMULA 1 SINGAPORE AIRLINES SINGAPORE GRAND PRIX 2023 ,STR,Aston Martin,Q1,93.397,20.0,27.33,39.549,26.518,5.0,SOFT,True,311.0,278.0,255.0,303.0,29.5,34.1,78.0,1009.9,1.7,0.0,94.568,93.39,93.126,0,1,0
2023,15,FORMULA 1 SINGAPORE AIRLINES SINGAPORE GRAND PRIX 2023 ,SAI,Ferrari,Q2,91.439,1.0,26.836,38.497,26.106,2.0,SOFT,True,313.0,280.0,257.0,303.0,29.5,34.1,78.0,1009.9,1.7,0.0,93.428,92.12,92.065,0,2,0
2023,15,FORMULA 1 SINGAPORE AIRLINES SINGAPORE GRAND PRIX 2023 ,RUS,Mercedes,Q2,91.743,2.0,26.966,38.657,26.12,2.0,SOFT,True,307.0,277.0,255.0,298.0,29.5,34.1,78.0,1009.9,1.7,0.0,93.695,92.355,92.134,0,2,0
2023,15,FORMULA 1 SINGAPORE AIRLINES SINGAPORE GRAND PRIX 2023 ,ALO,Aston Martin,Q2,91.835,7.0,27.095,38.628,26.112,2.0,SOFT,True,309.0,277.0,258.0,298.0,29.5,34.1,78.0,1009.9,1.7,0.0,93.974,92.478,93.051,0,2,0
2023,15,FORMULA 1 SINGAPORE AIRLINES SINGAPORE GRAND PRIX 2023 ,MAG,Haas F1 Team,Q2,91.892,6.0,27.026,38.757,26.109,2.0,SOFT,True,312.0,279.0,255.0,301.0,29.5,34.1,78.0,1009.9,1.7,0.0,94.887,93.017,92.97,0,2,0
2023,15,FORMULA 1 SINGAPORE AIRLINES SINGAPORE GRAND PRIX 2023 ,NOR,McLaren,Q2,91.951,4.0,27.033,38.921,25.997,2.0,SOFT,True,312.0,278.0,258.0,301.0,29.5,34.1,78.0,1009.9,1.7,0.0,93.522,92.711,92.303,0,2,0
2023,15,FORMULA 1 SINGAPORE AIRLINES SINGAPORE GRAND PRIX 2023 ,HUL,Haas F1 Team,Q2,91.994,9.0,26.943,38.875,26.176,2.0,SOFT,True,313.0,280.0,257.0,301.0,29.5,34.1,78.0,1009.9,1.7,0.0,94.985,93.139,92.896,0,2,0
2023,15,FORMULA 1 SINGAPORE AIRLINES SINGAPORE GRAND PRIX 2023 ,LEC,Ferrari,Q2,92.012,3.0,27.391,38.732,25.889,2.0,SOFT,True,311.0,279.0,259.0,301.0,29.5,34.1,78.0,1009.9,1.7,0.0,93.35,92.138,92.381,0,2,0
2023,15,FORMULA 1 SINGAPORE AIRLINES SINGAPORE GRAND PRIX 2023 ,HAM,Mercedes,Q2,92.019,5.0,27.095,38.911,26.013,2.0,SOFT,True,307.0,276.0,256.0,299.0,29.5,34.1,78.0,1009.9,1.7,0.0,93.54,92.585,92.535,0,2,0
2023,15,FORMULA 1 SINGAPORE AIRLINES SINGAPORE GRAND PRIX 2023 ,OCO,Alpine,Q2,92.089,8.0,27.143,38.881,26.065,2.0,SOFT,True,308.0,277.0,257.0,299.0,29.5,34.1,78.0,1009.9,1.7,0.0,94.066,93.361,92.979,0,2,0
2023,15,FORMULA 1 SINGAPORE AIRLINES SINGAPORE GRAND PRIX 2023 ,LAW,AlphaTauri,Q2,92.166,10.0,27.298,38.716,26.152,2.0,SOFT,True,307.0,276.0,256.0,297.0,29.5,34.1,78.0,1009.9,1.7,0.0,94.894,93.285,93.357,0,2,0
2023,15,FORMULA 1 SINGAPORE AIRLINES SINGAPORE GRAND PRIX 2023 ,VER,Red Bull Racing,Q2,92.173,11.0,27.255,38.896,26.022,2.0,SOFT,True,310.0,277.0,260.0,302.0,29.5,34.1,78.0,1009.9,1.7,0.0,93.476,92.852,92.378,0,2,0
2023,15,FORMULA 1 SINGAPORE AIRLINES SINGAPORE GRAND PRIX 2023 ,GAS,Alpine,Q2,92.274,12.0,27.178,39.074,26.022,2.0,SOFT,True,307.0,277.0,257.0,299.0,29.5,34.1,78.0,1009.9,1.7,0.0,94.639,93.824,93.351,0,2,0
2023,15,FORMULA 1 SINGAPORE AIRLINES SINGAPORE GRAND PRIX 2023 ,PER,Red Bull Racing,Q2,92.31,13.0,27.245,38.87,26.195,2.0,SOFT,True,309.0,278.0,255.0,300.0,29.5,34.1,78.0,1009.9,1.7,0.0,93.725,92.812,92.784,0,2,0
2023,15,FORMULA 1 SINGAPORE AIRLINES SINGAPORE GRAND PRIX 2023 ,ALB,Williams,Q2,93.147,14.0,27.222,39.309,26.616,2.0,SOFT,True,312.0,278.0,247.0,302.0,29.5,34.1,78.0,1009.9,1.7,0.0,94.657,95.558,93.37,0,2,0
2023,15,FORMULA 1 SINGAPORE AIRLINES SINGAPORE GRAND PRIX 2023 ,TSU,AlphaTauri,Q2,128.169,15.0,27.177,38.828,62.164,2.0,SOFT,True,306.0,275.0,,296.0,29.5,34.1,78.0,1009.9,1.7,0.0,94.042,93.477,92.945,0,2,0
2023,15,FORMULA 1 SINGAPORE AIRLINES SINGAPORE GRAND PRIX 2023 ,SAI,Ferrari,Q3,90.984,1.0,26.717,38.499,25.768,2.0,SOFT,True,312.0,280.0,259.0,303.0,29.5,34.1,78.0,1009.9,1.7,0.0,93.428,92.12,92.065,0,3,0
2023,15,FORMULA 1 SINGAPORE AIRLINES SINGAPORE GRAND PRIX 2023 ,RUS,Mercedes,Q3,91.056,2.0,26.785,38.406,25.865,2.0,SOFT,True,308.0,277.0,259.0,300.0,29.5,34.1,78.0,1009.9,1.7,0.0,93.695,92.355,92.134,0,3,0
2023,15,FORMULA 1 SINGAPORE AIRLINES SINGAPORE GRAND PRIX 2023 ,LEC,Ferrari,Q3,91.063,3.0,26.754,38.428,25.881,2.0,SOFT,True,313.0,279.0,259.0,303.0,29.5,34.1,78.0,1009.9,1.7,0.0,93.35,92.138,92.381,0,3,0
2023,15,FORMULA 1 SINGAPORE AIRLINES SINGAPORE GRAND PRIX 2023 ,NOR,McLaren,Q3,91.27,4.0,26.756,38.666,25.848,2.0,SOFT,True,310.0,278.0,260.0,301.0,29.5,34.1,78.0,1009.9,1.7,0.0,93.522,92.711,92.303,0,3,0
2023,15,FORMULA 1 SINGAPORE AIRLINES SINGAPORE GRAND PRIX 2023 ,HAM,Mercedes,Q3,91.485,5.0,26.924,38.599,25.962,2.0,SOFT,True,309.0,277.0,258.0,300.0,29.5,34.1,78.0,1009.9,1.7,0.0,93.54,92.585,92.535,0,3,0
2023,15,FORMULA 1 SINGAPORE AIRLINES SINGAPORE GRAND PRIX 2023 ,MAG,Haas F1 Team,Q3,91.575,6.0,26.959,38.606,26.01,2.0,SOFT,True,311.0,279.0,259.0,302.0,29.5,34.1,78.0,1009.9,1.7,0.0,94.887,93.017,92.97,0,3,0
2023,15,FORMULA 1 SINGAPORE AIRLINES SINGAPORE GRAND PRIX 2023 ,ALO,Aston Martin,Q3,91.615,7.0,26.915,38.791,25.909,2.0,SOFT,True,309.0,277.0,260.0,301.0,29.5,34.1,78.0,1009.9,1.7,0.0,93.974,92.478,93.051,0,3,0
2023,15,FORMULA 1 SINGAPORE AIRLINES SINGAPORE GRAND PRIX 2023 ,OCO,Alpine,Q3,91.673,8.0,26.986,38.703,25.984,2.0,SOFT,True,309.0,277.0,258.0,300.0,29.5,34.1,78.0,1009.9,1.7,0.0,94.066,93.361,92.979,0,3,0
2023,15,FORMULA 1 SINGAPORE AIRLINES SINGAPORE GRAND PRIX 2023 ,HUL,Haas F1 Team,Q3,91.808,9.0,26.926,38.738,26.144,2.0,SOFT,True,312.0,279.0,256.0,302.0,29.5,34.1,78.0,1009.9,1.7,0.0,94.985,93.139,92.896,0,3,0
2023,15,FORMULA 1 SINGAPORE AIRLINES SINGAPORE GRAND PRIX 2023 ,LAW,AlphaTauri,Q3,92.268,10.0,27.285,38.752,26.231,2.0,SOFT,True,307.0,276.0,255.0,298.0,29.5,34.1,78.0,1009.9,1.7,0.0,94.894,93.285,93.357,0,3,0
2023,16,FORMULA 1 LENOVO JAPANESE GRAND PRIX 2023 ,VER,Red Bull Racing,Q1,89.878,1.0,31.228,40.656,17.994,2.0,SOFT,True,282.0,306.0,266.0,306.0,25.7,36.8,48.0,1009.5,3.5,0.0,91.647,90.688,90.267,0,1,0
2023,16,FORMULA 1 LENOVO JAPANESE GRAND PRIX 2023 ,NOR,McLaren,Q1,90.063,3.0,31.187,40.76,18.116,2.0,SOFT,True,278.0,305.0,265.0,299.0,25.7,36.8,48.0,1009.5,3.5,0.0,92.392,91.152,90.507,0,1,0
2023,16,FORMULA 1 LENOVO JAPANESE GRAND PRIX 2023 ,LEC,Ferrari,Q1,90.393,4.0,31.528,40.746,18.119,2.0,SOFT,True,281.0,302.0,266.0,301.0,25.7,36.8,48.0,1009.5,3.5,0.0,92.574,91.008,91.022,0,1,0
2023,16,FORMULA 1 LENOVO JAPANESE GRAND PRIX 2023 ,LAW,AlphaTauri,Q1,90.425,11.0,31.585,40.755,18.085,2.0,SOFT,True,281.0,303.0,264.0,301.0,25.7,36.8,48.0,1009.5,3.5,0.0,93.005,92.141,92.048,0,1,0
2023,16,FORMULA 1 LENOVO JAPANESE GRAND PRIX 2023 ,PIA,McLaren,Q1,90.439,2.0,31.343,40.97,18.126,2.0,SOFT,True,279.0,306.0,268.0,302.0,25.7,36.8,48.0,1009.5,3.5,0.0,92.713,91.662,90.555,0,1,0
2023,16,FORMULA 1 LENOVO JAPANESE GRAND PRIX 2023 ,SAI,Ferrari,Q1,90.651,6.0,31.671,40.87,18.11,2.0,SOFT,True,281.0,303.0,267.0,301.0,25.7,36.8,48.0,1009.5,3.5,0.0,92.273,91.237,91.137,0,1,0
2023,16,FORMULA 1 LENOVO JAPANESE GRAND PRIX 2023 ,PER,Red Bull Racing,Q1,90.652,5.0,31.468,41.065,18.119,2.0,SOFT,True,282.0,306.0,266.0,306.0,25.7,36.8,48.0,1009.5,3.5,0.0,93.043,91.71,91.004,0,1,0
2023,16,FORMULA 1 LENOVO JAPANESE GRAND PRIX 2023 ,TSU,AlphaTauri,Q1,90.733,9.0,31.602,40.899,18.232,2.0,SOFT,True,280.0,302.0,265.0,302.0,25.7,36.8,48.0,1009.5,3.5,0.0,92.597,92.178,91.951,0,1,0
2023,16,FORMULA 1 LENOVO JAPANESE GRAND PRIX 2023 ,HAM,Mercedes,Q1,90.811,7.0,31.639,40.897,18.275,2.0,SOFT,True,279.0,302.0,264.0,301.0,25.7,36.8,48.0,1009.5,3.5,0.0,93.699,91.829,91.159,0,1,0
2023,16,FORMULA 1 LENOVO JAPANESE GRAND PRIX 2023 ,RUS,Mercedes,Q1,90.811,8.0,31.77,40.879,18.162,2.0,SOFT,True,279.0,304.0,264.0,300.0,25.7,36.8,48.0,1009.5,3.5,0.0,93.31,91.328,91.505,0,1,0
2023,16,FORMULA 1 LENOVO JAPANESE GRAND PRIX 2023 ,GAS,Alpine,Q1,90.843,12.0,31.651,41.105,18.087,2.0,SOFT,True,282.0,305.0,266.0,306.0,25.7,36.8,48.0,1009.5,3.5,0.0,93.129,92.179,92.199,0,1,0
2023,16,FORMULA 1 LENOVO JAPANESE GRAND PRIX 2023 ,ALB,Williams,Q1,90.941,13.0,31.977,40.834,18.13,2.0,SOFT,True,283.0,310.0,267.0,308.0,25.7,36.8,48.0,1009.5,3.5,0.0,92.991,91.555,92.113,0,1,0
2023,16,FORMULA 1 LENOVO JAPANESE GRAND PRIX 2023 ,OCO,Alpine,Q1,90.96,14.0,31.659,40.98,18.321,2.0,SOFT,True,283.0,307.0,266.0,306.0,25.7,36.8,48.0,1009.5,3.5,0.0,93.516,91.794,91.924,0,1,0
2023,16,FORMULA 1 LENOVO JAPANESE GRAND PRIX 2023 ,ALO,Aston Martin,Q1,90.971,10.0,31.742,40.985,18.244,2.0,SOFT,True,276.0,301.0,265.0,299.0,25.7,36.8,48.0,1009.5,3.5,0.0,92.65,91.492,91.549,0,1,0
2023,16,FORMULA 1 LENOVO JAPANESE GRAND PRIX 2023 ,MAG,Haas F1 Team,Q1,90.976,15.0,31.771,40.947,18.258,2.0,SOFT,True,280.0,305.0,266.0,302.0,25.7,36.8,48.0,1009.5,3.5,0.0,93.975,92.169,91.88,0,1,0
2023,16,FORMULA 1 LENOVO JAPANESE GRAND PRIX 2023 ,BOT,Alfa Romeo,Q1,91.049,16.0,31.878,41.001,18.17,2.0,SOFT,True,279.0,302.0,266.0,300.0,25.7,36.8,48.0,1009.5,3.5,0.0,93.86,91.739,91.699,0,1,0
2023,16,FORMULA 1 LENOVO JAPANESE GRAND PRIX 2023 ,STR,Aston Martin,Q1,91.181,17.0,31.521,41.208,18.452,2.0,SOFT,True,279.0,301.0,262.0,300.0,25.7,36.8,48.0,1009.5,3.5,0.0,93.04,91.771,92.154,0,1,0
2023,16,FORMULA 1 LENOVO JAPANESE GRAND PRIX 2023 ,HUL,Haas F1 Team,Q1,91.299,18.0,31.773,41.298,18.228,2.0,SOFT,True,282.0,306.0,266.0,304.0,25.7,36.8,48.0,1009.5,3.5,0.0,93.448,91.797,91.979,0,1,0
2023,16,FORMULA 1 LENOVO JAPANESE GRAND PRIX 2023 ,ZHO,Alfa Romeo,Q1,91.379,19.0,31.774,41.407,18.198,2.0,SOFT,True,278.0,301.0,268.0,299.0,25.7,36.8,48.0,1009.5,3.5,0.0,94.831,92.165,91.668,0,1,0
2023,16,FORMULA 1 LENOVO JAPANESE GRAND PRIX 2023 ,LEC,Ferrari,Q2,89.94,4.0,31.43,40.461,18.049,2.0,SOFT,True,282.0,306.0,267.0,303.0,25.7,36.8,48.0,1009.5,3.5,0.0,92.574,91.008,91.022,0,2,0
2023,16,FORMULA 1 LENOVO JAPANESE GRAND PRIX 2023 ,VER,Red Bull Racing,Q2,89.964,1.0,31.264,40.689,18.011,5.0,SOFT,False,282.0,304.0,266.0,305.0,25.7,36.8,48.0,1009.5,3.5,0.0,91.647,90.688,90.267,0,2,0
2023,16,FORMULA 1 LENOVO JAPANESE GRAND PRIX 2023 ,PER,Red Bull Racing,Q2,89.965,5.0,31.377,40.634,17.954,2.0,SOFT,True,282.0,305.0,266.0,306.0,25.7,36.8,48.0,1009.5,3.5,0.0,93.043,91.71,91.004,0,2,0
2023,16,FORMULA 1 LENOVO JAPANESE GRAND PRIX 2023 ,HAM,Mercedes,Q2,90.04,7.0,31.247,40.714,18.079,2.0,SOFT,True,280.0,304.0,266.0,302.0,25.7,36.8,48.0,1009.5,3.5,0.0,93.699,91.829,91.159,0,2,0
2023,16,FORMULA 1 LENOVO JAPANESE GRAND PRIX 2023 ,SAI,Ferrari,Q2,90.067,6.0,31.278,40.68,18.109,2.0,SOFT,True,282.0,305.0,267.0,304.0,25.7,36.8,48.0,1009.5,3.5,0.0,92.273,91.237,91.137,0,2,0
2023,16,FORMULA 1 LENOVO JAPANESE GRAND PRIX 2023 ,PIA,McLaren,Q2,90.122,2.0,31.232,40.816,18.074,2.0,SOFT,True,279.0,307.0,268.0,302.0,25.7,36.8,48.0,1009.5,3.5,0.0,92.713,91.662,90.555,0,2,0
2023,16,FORMULA 1 LENOVO JAPANESE GRAND PRIX 2023 ,TSU,AlphaTauri,Q2,90.204,9.0,31.454,40.706,18.044,2.0,SOFT,True,280.0,301.0,261.0,302.0,25.7,36.8,48.0,1009.5,3.5,0.0,92.597,92.178,91.951,0,2,0
2023,16,FORMULA 1 LENOVO JAPANESE GRAND PRIX 2023 ,RUS,Mercedes,Q2,90.268,8.0,31.674,40.552,18.042,2.0,SOFT,True,279.0,304.0,264.0,302.0,25.7,36.8,48.0,1009.5,3.5,0.0,93.31,91.328,91.505,0,2,0
2023,16,FORMULA 1 LENOVO JAPANESE GRAND PRIX 2023 ,NOR,McLaren,Q2,90.296,3.0,31.257,40.826,18.213,2.0,SOFT,True,279.0,305.0,266.0,299.0,25.7,36.8,48.0,1009.5,3.5,0.0,92.392,91.152,90.507,0,2,0
2023,16,FORMULA 1 LENOVO JAPANESE GRAND PRIX 2023 ,ALO,Aston Martin,Q2,90.465,10.0,31.238,41.06,18.167,2.0,SOFT,True,277.0,304.0,264.0,301.0,25.7,36.8,48.0,1009.5,3.5,0.0,92.65,91.492,91.549,0,2,0
2023,16,FORMULA 1 LENOVO JAPANESE GRAND PRIX 2023 ,LAW,AlphaTauri,Q2,90.508,11.0,31.481,40.98,18.047,2.0,SOFT,True,279.0,302.0,265.0,300.0,25.7,36.8,48.0,1009.5,3.5,0.0,93.005,92.141,92.048,0,2,0
2023,16,FORMULA 1 LENOVO JAPANESE GRAND PRIX 2023 ,GAS,Alpine,Q2,90.509,12.0,31.424,40.99,18.095,2.0,SOFT,True,283.0,304.0,264.0,306.0,25.7,36.8,48.0,1009.5,3.5,0.0,93.129,92.179,92.199,0,2,0
2023,16,FORMULA 1 LENOVO JAPANESE GRAND PRIX 2023 ,ALB,Williams,Q2,90.537,13.0,31.648,40.711,18.178,2.0,SOFT,True,284.0,308.0,267.0,308.0,25.7,36.8,48.0,1009.5,3.5,0.0,92.991,91.555,92.113,0,2,0
2023,16,FORMULA 1 LENOVO JAPANESE GRAND PRIX 2023 ,OCO,Alpine,Q2,90.586,14.0,31.501,40.932,18.153,2.0,SOFT,True,284.0,307.0,267.0,308.0,25.7,36.8,48.0,1009.5,3.5,0.0,93.516,91.794,91.924,0,2,0
2023,16,FORMULA 1 LENOVO JAPANESE GRAND PRIX 2023 ,MAG,Haas F1 Team,Q2,90.665,15.0,31.626,40.896,18.143,2.0,SOFT,True,280.0,304.0,266.0,303.0,25.7,36.8,48.0,1009.5,3.5,0.0,93.975,92.169,91.88,0,2,0
2023,16,FORMULA 1 LENOVO JAPANESE GRAND PRIX 2023 ,VER,Red Bull Racing,Q3,88.877,1.0,30.725,40.311,17.841,2.0,SOFT,True,283.0,305.0,267.0,304.0,25.7,36.8,48.0,1009.5,3.5,0.0,91.647,90.688,90.267,0,3,0
2023,16,FORMULA 1 LENOVO JAPANESE GRAND PRIX 2023 ,PIA,McLaren,Q3,89.458,2.0,31.173,40.356,17.929,2.0,SOFT,True,282.0,307.0,267.0,304.0,25.7,36.8,48.0,1009.5,3.5,0.0,92.713,91.662,90.555,0,3,0
2023,16,FORMULA 1 LENOVO JAPANESE GRAND PRIX 2023 ,NOR,McLaren,Q3,89.493,3.0,31.025,40.421,18.047,2.0,SOFT,True,280.0,307.0,267.0,301.0,25.7,36.8,48.0,1009.5,3.5,0.0,92.392,91.152,90.507,0,3,0
2023,16,FORMULA 1 LENOVO JAPANESE GRAND PRIX 2023 ,LEC,Ferrari,Q3,89.542,4.0,31.24,40.363,17.939,2.0,SOFT,True,281.0,303.0,267.0,302.0,25.7,36.8,48.0,1009.5,3.5,0.0,92.574,91.008,91.022,0,3,0
2023,16,FORMULA 1 LENOVO JAPANESE GRAND PRIX 2023 ,PER,Red Bull Racing,Q3,89.65,5.0,31.152,40.528,17.97,2.0,SOFT,True,282.0,304.0,266.0,305.0,25.7,36.8,48.0,1009.5,3.5,0.0,93.043,91.71,91.004,0,3,0
2023,16,FORMULA 1 LENOVO JAPANESE GRAND PRIX 2023 ,SAI,Ferrari,Q3,89.85,6.0,31.332,40.564,17.954,2.0,SOFT,True,281.0,304.0,267.0,302.0,25.7,36.8,48.0,1009.5,3.5,0.0,92.273,91.237,91.137,0,3,0
2023,16,FORMULA 1 LENOVO JAPANESE GRAND PRIX 2023 ,HAM,Mercedes,Q3,89.908,7.0,31.312,40.616,17.98,2.0,SOFT,True,279.0,303.0,266.0,301.0,25.7,36.8,48.0,1009.5,3.5,0.0,93.699,91.829,91.159,0,3,0
2023,16,FORMULA 1 LENOVO JAPANESE GRAND PRIX 2023 ,RUS,Mercedes,Q3,90.219,8.0,31.547,40.624,18.048,2.0,SOFT,True,280.0,303.0,265.0,300.0,25.7,36.8,48.0,1009.5,3.5,0.0,93.31,91.328,91.505,0,3,0
2023,16,FORMULA 1 LENOVO JAPANESE GRAND PRIX 2023 ,TSU,AlphaTauri,Q3,90.303,9.0,31.441,40.736,18.126,2.0,SOFT,True,280.0,302.0,266.0,301.0,25.7,36.8,48.0,1009.5,3.5,0.0,92.597,92.178,91.951,0,3,0
2023,16,FORMULA 1 LENOVO JAPANESE GRAND PRIX 2023 ,ALO,Aston Martin,Q3,90.56,10.0,31.35,41.004,18.206,2.0,SOFT,True,277.0,301.0,265.0,299.0,25.7,36.8,48.0,1009.5,3.5,0.0,92.65,91.492,91.549,0,3,0
2023,17,FORMULA 1 QATAR AIRWAYS QATAR GRAND PRIX 2023,VER,Red Bull Racing,Q1,85.007,1.0,31.304,28.887,24.816,2.0,SOFT,True,242.0,289.0,285.0,320.0,31.4,34.4,56.0,1006.5,3.2,0.0,87.428,,84.543,1,1,0
2023,17,FORMULA 1 QATAR AIRWAYS QATAR GRAND PRIX 2023,NOR,McLaren,Q1,85.131,10.0,31.431,28.765,24.935,2.0,SOFT,True,245.0,289.0,283.0,315.0,31.4,34.4,56.0,1006.5,3.2,0.0,88.441,,84.536,1,1,0
2023,17,FORMULA 1 QATAR AIRWAYS QATAR GRAND PRIX 2023,ALO,Aston Martin,Q1,85.223,4.0,31.275,28.999,24.949,2.0,SOFT,True,244.0,289.0,280.0,322.0,31.4,34.4,56.0,1006.5,3.2,0.0,87.919,,84.959,1,1,0
2023,17,FORMULA 1 QATAR AIRWAYS QATAR GRAND PRIX 2023,PIA,McLaren,Q1,85.266,6.0,31.399,28.992,24.875,4.0,SOFT,True,246.0,288.0,286.0,320.0,31.4,34.4,56.0,1006.5,3.2,0.0,88.38,,84.454,1,1,0
2023,17,FORMULA 1 QATAR AIRWAYS QATAR GRAND PRIX 2023,RUS,Mercedes,Q1,85.334,2.0,31.496,28.71,25.128,2.0,SOFT,True,243.0,286.0,280.0,316.0,31.4,34.4,56.0,1006.5,3.2,0.0,88.336,,84.841,1,1,0
2023,17,FORMULA 1 QATAR AIRWAYS QATAR GRAND PRIX 2023,LEC,Ferrari,Q1,85.452,5.0,31.486,28.904,25.062,2.0,SOFT,True,246.0,289.0,287.0,315.0,31.4,34.4,56.0,1006.5,3.2,0.0,87.909,,85.131,1,1,0
2023,17,FORMULA 1 QATAR AIRWAYS QATAR GRAND PRIX 2023,GAS,Alpine,Q1,85.566,7.0,31.653,28.833,25.08,4.0,SOFT,True,243.0,286.0,282.0,317.0,31.4,34.4,56.0,1006.5,3.2,0.0,88.821,,85.686,1,1,0
2023,17,FORMULA 1 QATAR AIRWAYS QATAR GRAND PRIX 2023,OCO,Alpine,Q1,85.711,8.0,31.789,28.913,25.009,4.0,SOFT,True,242.0,286.0,282.0,318.0,31.4,34.4,56.0,1006.5,3.2,0.0,88.732,,85.51,1,1,0
2023,17,FORMULA 1 QATAR AIRWAYS QATAR GRAND PRIX 2023,SAI,Ferrari,Q1,85.808,12.0,31.686,29.12,25.002,3.0,SOFT,True,244.0,289.0,284.0,321.0,31.4,34.4,56.0,1006.5,3.2,0.0,87.762,,85.155,1,1,0
2023,17,FORMULA 1 QATAR AIRWAYS QATAR GRAND PRIX 2023,HUL,Haas F1 Team,Q1,85.904,15.0,32.014,28.878,25.012,2.0,SOFT,True,242.0,288.0,287.0,320.0,31.4,34.4,56.0,1006.5,3.2,0.0,88.171,,85.32,1,1,0
2023,17,FORMULA 1 QATAR AIRWAYS QATAR GRAND PRIX 2023,PER,Red Bull Racing,Q1,85.991,13.0,31.841,29.236,24.914,2.0,SOFT,True,238.0,289.0,283.0,318.0,31.4,34.4,56.0,1006.5,3.2,0.0,88.016,,85.143,1,1,0
2023,17,FORMULA 1 QATAR AIRWAYS QATAR GRAND PRIX 2023,BOT,Alfa Romeo,Q1,86.038,9.0,31.848,28.915,25.275,2.0,SOFT,True,240.0,285.0,281.0,311.0,31.4,34.4,56.0,1006.5,3.2,0.0,89.041,,86.236,1,1,0
2023,17,FORMULA 1 QATAR AIRWAYS QATAR GRAND PRIX 2023,TSU,AlphaTauri,Q1,86.058,11.0,31.849,29.084,25.125,2.0,SOFT,True,241.0,285.0,280.0,313.0,31.4,34.4,56.0,1006.5,3.2,0.0,88.027,,86.664,1,1,0
2023,17,FORMULA 1 QATAR AIRWAYS QATAR GRAND PRIX 2023,HAM,Mercedes,Q1,86.076,3.0,31.766,28.958,25.352,4.0,SOFT,True,243.0,287.0,282.0,316.0,31.4,34.4,56.0,1006.5,3.2,0.0,88.679,,85.626,1,1,0
2023,17,FORMULA 1 QATAR AIRWAYS QATAR GRAND PRIX 2023,ALB,Williams,Q1,86.118,14.0,31.839,29.255,25.024,4.0,SOFT,True,242.0,288.0,280.0,321.0,31.4,34.4,56.0,1006.5,3.2,0.0,88.59,,86.71,1,1,0
2023,17,FORMULA 1 QATAR AIRWAYS QATAR GRAND PRIX 2023,SAR,Williams,Q1,86.21,16.0,31.931,29.098,25.181,2.0,SOFT,True,236.0,288.0,283.0,318.0,31.4,34.4,56.0,1006.5,3.2,0.0,88.55,,86.685,1,1,0
2023,17,FORMULA 1 QATAR AIRWAYS QATAR GRAND PRIX 2023,STR,Aston Martin,Q1,86.345,17.0,31.543,29.526,25.276,4.0,SOFT,True,240.0,288.0,278.0,322.0,31.4,34.4,56.0,1006.5,3.2,0.0,88.69,,86.849,1,1,0
2023,17,FORMULA 1 QATAR AIRWAYS QATAR GRAND PRIX 2023,LAW,AlphaTauri,Q1,86.635,18.0,32.007,29.407,25.221,4.0,SOFT,True,239.0,286.0,276.0,314.0,31.4,34.4,56.0,1006.5,3.2,0.0,89.238,,86.041,1,1,0
2023,17,FORMULA 1 QATAR AIRWAYS QATAR GRAND PRIX 2023,MAG,Haas F1 Team,Q1,87.046,19.0,32.216,29.278,25.552,2.0,SOFT,True,240.0,289.0,282.0,315.0,31.4,34.4,56.0,1006.5,3.2,0.0,89.502,,87.016,1,1,0
2023,17,FORMULA 1 QATAR AIRWAYS QATAR GRAND PRIX 2023,ZHO,Alfa Romeo,Q1,87.432,20.0,32.601,29.335,25.496,2.0,SOFT,True,238.0,286.0,280.0,308.0,31.4,34.4,56.0,1006.5,3.2,0.0,89.106,,86.274,1,1,0
2023,17,FORMULA 1 QATAR AIRWAYS QATAR GRAND PRIX 2023,HAM,Mercedes,Q2,84.381,3.0,31.148,28.437,24.796,2.0,SOFT,True,244.0,287.0,283.0,317.0,31.4,34.4,56.0,1006.5,3.2,0.0,88.679,,85.626,1,2,0
2023,17,FORMULA 1 QATAR AIRWAYS QATAR GRAND PRIX 2023,VER,Red Bull Racing,Q2,84.483,1.0,31.148,28.759,24.576,2.0,SOFT,True,245.0,288.0,283.0,319.0,31.4,34.4,56.0,1006.5,3.2,0.0,87.428,,84.543,1,2,0
2023,17,FORMULA 1 QATAR AIRWAYS QATAR GRAND PRIX 2023,NOR,McLaren,Q2,84.685,10.0,31.317,28.553,24.815,2.0,SOFT,True,245.0,289.0,283.0,315.0,31.4,34.4,56.0,1006.5,3.2,0.0,88.441,,84.536,1,2,0
2023,17,FORMULA 1 QATAR AIRWAYS QATAR GRAND PRIX 2023,PIA,McLaren,Q2,84.724,6.0,31.392,28.603,24.729,2.0,SOFT,True,246.0,289.0,283.0,312.0,31.4,34.4,56.0,1006.5,3.2,0.0,88.38,,84.454,1,2,0
2023,17,FORMULA 1 QATAR AIRWAYS QATAR GRAND PRIX 2023,RUS,Mercedes,Q2,84.827,2.0,31.264,28.635,24.928,5.0,SOFT,False,246.0,285.0,282.0,316.0,31.4,34.4,56.0,1006.5,3.2,0.0,88.336,,84.841,1,2,0
2023,17,FORMULA 1 QATAR AIRWAYS QATAR GRAND PRIX 2023,GAS,Alpine,Q2,84.918,7.0,31.561,28.489,24.868,2.0,SOFT,True,242.0,286.0,282.0,315.0,31.4,34.4,56.0,1006.5,3.2,0.0,88.821,,85.686,1,2,0
2023,17,FORMULA 1 QATAR AIRWAYS QATAR GRAND PRIX 2023,OCO,Alpine,Q2,84.928,8.0,31.321,28.784,24.823,2.0,SOFT,True,245.0,286.0,281.0,316.0,31.4,34.4,56.0,1006.5,3.2,0.0,88.732,,85.51,1,2,0
2023,17,FORMULA 1 QATAR AIRWAYS QATAR GRAND PRIX 2023,LEC,Ferrari,Q2,85.079,5.0,31.471,28.768,24.84,3.0,SOFT,True,246.0,289.0,284.0,316.0,31.4,34.4,56.0,1006.5,3.2,0.0,87.909,,85.131,1,2,0
2023,17,FORMULA 1 QATAR AIRWAYS QATAR GRAND PRIX 2023,ALO,Aston Martin,Q2,85.241,4.0,31.524,28.95,24.767,3.0,SOFT,True,244.0,290.0,283.0,320.0,31.4,34.4,56.0,1006.5,3.2,0.0,87.919,,84.959,1,2,0
2023,17,FORMULA 1 QATAR AIRWAYS QATAR GRAND PRIX 2023,PER,Red Bull Racing,Q2,85.275,13.0,31.409,29.001,24.865,2.0,SOFT,True,241.0,288.0,285.0,321.0,31.4,34.4,56.0,1006.5,3.2,0.0,88.016,,85.143,1,2,0
2023,17,FORMULA 1 QATAR AIRWAYS QATAR GRAND PRIX 2023,BOT,Alfa Romeo,Q2,85.297,9.0,31.569,28.701999999999998,25.026,2.0,SOFT,True,241.0,285.0,284.0,312.0,31.4,34.4,56.0,1006.5,3.2,0.0,89.041,,86.236,1,2,0
2023,17,FORMULA 1 QATAR AIRWAYS QATAR GRAND PRIX 2023,TSU,AlphaTauri,Q2,85.301,11.0,31.587,28.905,24.809,2.0,SOFT,True,240.0,286.0,281.0,311.0,31.4,34.4,56.0,1006.5,3.2,0.0,88.027,,86.664,1,2,0
2023,17,FORMULA 1 QATAR AIRWAYS QATAR GRAND PRIX 2023,SAI,Ferrari,Q2,85.328,12.0,31.476,28.828,25.024,4.0,SOFT,True,246.0,289.0,283.0,318.0,31.4,34.4,56.0,1006.5,3.2,0.0,87.762,,85.155,1,2,0
2023,17,FORMULA 1 QATAR AIRWAYS QATAR GRAND PRIX 2023,HUL,Haas F1 Team,Q2,85.547,15.0,31.798000000000002,28.72,25.029,2.0,SOFT,True,240.0,287.0,288.0,318.0,31.4,34.4,56.0,1006.5,3.2,0.0,88.171,,85.32,1,2,0
2023,17,FORMULA 1 QATAR AIRWAYS QATAR GRAND PRIX 2023,ALB,Williams,Q2,85.707,14.0,31.595,29.075,25.037,2.0,SOFT,True,240.0,288.0,283.0,320.0,31.4,34.4,56.0,1006.5,3.2,0.0,88.59,,86.71,1,2,0
2023,17,FORMULA 1 QATAR AIRWAYS QATAR GRAND PRIX 2023,VER,Red Bull Racing,Q3,83.778,1.0,30.791,28.536,24.451,2.0,SOFT,True,242.0,288.0,285.0,320.0,31.4,34.4,56.0,1006.5,3.2,0.0,87.428,,84.543,1,3,0
2023,17,FORMULA 1 QATAR AIRWAYS QATAR GRAND PRIX 2023,NOR,McLaren,Q3,84.074,10.0,30.959,28.534,24.581,2.0,SOFT,True,244.0,287.0,285.0,318.0,31.4,34.4,56.0,1006.5,3.2,0.0,88.441,,84.536,1,3,0
2023,17,FORMULA 1 QATAR AIRWAYS QATAR GRAND PRIX 2023,RUS,Mercedes,Q3,84.219,2.0,31.0,28.459,24.76,2.0,SOFT,True,247.0,285.0,281.0,313.0,31.4,34.4,56.0,1006.5,3.2,0.0,88.336,,84.841,1,3,0
2023,17,FORMULA 1 QATAR AIRWAYS QATAR GRAND PRIX 2023,PIA,McLaren,Q3,84.228,6.0,30.994,28.599,24.635,2.0,SOFT,True,247.0,288.0,283.0,316.0,31.4,34.4,56.0,1006.5,3.2,0.0,88.38,,84.454,1,3,0
2023,17,FORMULA 1 QATAR AIRWAYS QATAR GRAND PRIX 2023,HAM,Mercedes,Q3,84.305,3.0,31.022,28.454,24.829,2.0,SOFT,True,243.0,287.0,282.0,316.0,31.4,34.4,56.0,1006.5,3.2,0.0,88.679,,85.626,1,3,0
2023,17,FORMULA 1 QATAR AIRWAYS QATAR GRAND PRIX 2023,ALO,Aston Martin,Q3,84.369,4.0,31.075,28.832,24.462,2.0,SOFT,True,247.0,290.0,285.0,321.0,31.4,34.4,56.0,1006.5,3.2,0.0,87.919,,84.959,1,3,0
2023,17,FORMULA 1 QATAR AIRWAYS QATAR GRAND PRIX 2023,LEC,Ferrari,Q3,84.424,5.0,31.187,28.515,24.722,2.0,SOFT,True,244.0,289.0,285.0,317.0,31.4,34.4,56.0,1006.5,3.2,0.0,87.909,,85.131,1,3,0
2023,17,FORMULA 1 QATAR AIRWAYS QATAR GRAND PRIX 2023,GAS,Alpine,Q3,84.553,7.0,31.241,28.47,24.842,2.0,SOFT,True,245.0,286.0,283.0,316.0,31.4,34.4,56.0,1006.5,3.2,0.0,88.821,,85.686,1,3,0
2023,17,FORMULA 1 QATAR AIRWAYS QATAR GRAND PRIX 2023,OCO,Alpine,Q3,84.763,8.0,31.437,28.638,24.688,2.0,SOFT,True,240.0,285.0,282.0,315.0,31.4,34.4,56.0,1006.5,3.2,0.0,88.732,,85.51,1,3,0
2023,17,FORMULA 1 QATAR AIRWAYS QATAR GRAND PRIX 2023,BOT,Alfa Romeo,Q3,85.058,9.0,31.433,28.605,25.02,5.0,SOFT,False,242.0,285.0,281.0,309.0,31.4,34.4,56.0,1006.5,3.2,0.0,89.041,,86.236,1,3,0
2023,18,FORMULA 1 LENOVO UNITED STATES GRAND PRIX 2023,HAM,Mercedes,Q1,95.091,3.0,25.502,38.099,31.49,2.0,SOFT,True,232.0,190.0,208.0,320.0,35.5,41.4,13.0,993.0,1.3,0.0,96.193,,94.607,1,1,0
2023,18,FORMULA 1 LENOVO UNITED STATES GRAND PRIX 2023,NOR,McLaren,Q1,95.11,2.0,25.611,38.193,31.306,2.0,SOFT,True,228.0,192.0,209.0,322.0,35.5,41.4,13.0,993.0,1.3,0.0,97.256,,94.639,1,1,0
2023,18,FORMULA 1 LENOVO UNITED STATES GRAND PRIX 2023,VER,Red Bull Racing,Q1,95.346,6.0,25.478,38.463,31.405,2.0,SOFT,True,234.0,186.0,207.0,324.0,35.5,41.4,13.0,993.0,1.3,0.0,95.912,,94.538,1,1,0
2023,18,FORMULA 1 LENOVO UNITED STATES GRAND PRIX 2023,SAI,Ferrari,Q1,95.824,4.0,25.751,38.32,31.753,2.0,SOFT,True,236.0,189.0,209.0,324.0,35.5,41.4,13.0,993.0,1.3,0.0,96.533,,94.939,1,1,0
2023,18,FORMULA 1 LENOVO UNITED STATES GRAND PRIX 2023,TSU,AlphaTauri,Q1,95.913,11.0,25.7,38.587,31.626,2.0,SOFT,True,236.0,185.0,208.0,318.0,35.5,41.4,13.0,993.0,1.3,0.0,97.104,,96.945,1,1,0
2023,18,FORMULA 1 LENOVO UNITED STATES GRAND PRIX 2023,PER,Red Bull Racing,Q1,95.989,9.0,25.706,38.607,31.676,2.0,SOFT,True,225.0,185.0,207.0,324.0,35.5,41.4,13.0,993.0,1.3,0.0,96.212,,95.041,1,1,0
2023,18,FORMULA 1 LENOVO UNITED STATES GRAND PRIX 2023,MAG,Haas F1 Team,Q1,96.009,14.0,25.822,38.513,31.674,2.0,SOFT,True,226.0,187.0,209.0,330.0,35.5,41.4,13.0,993.0,1.3,0.0,96.472,,96.922,1,1,0
2023,18,FORMULA 1 LENOVO UNITED STATES GRAND PRIX 2023,ZHO,Alfa Romeo,Q1,96.052,12.0,25.795,38.515,31.742,2.0,SOFT,True,233.0,189.0,208.0,323.0,35.5,41.4,13.0,993.0,1.3,0.0,97.418,,96.182,1,1,0
2023,18,FORMULA 1 LENOVO UNITED STATES GRAND PRIX 2023,LEC,Ferrari,Q1,96.061,1.0,25.622,38.765,31.674,5.0,SOFT,True,228.0,191.0,208.0,327.0,35.5,41.4,13.0,993.0,1.3,0.0,96.068,,94.593,1,1,0
2023,18,FORMULA 1 LENOVO UNITED STATES GRAND PRIX 2023,PIA,McLaren,Q1,96.064,10.0,25.704,38.718,31.642,2.0,SOFT,True,236.0,191.0,209.0,322.0,35.5,41.4,13.0,993.0,1.3,0.0,98.42,,94.894,1,1,0
2023,18,FORMULA 1 LENOVO UNITED STATES GRAND PRIX 2023,BOT,Alfa Romeo,Q1,96.082,13.0,25.777,38.622,31.683,2.0,SOFT,True,225.0,192.0,208.0,323.0,35.5,41.4,13.0,993.0,1.3,0.0,97.517,,96.922,1,1,0
2023,18,FORMULA 1 LENOVO UNITED STATES GRAND PRIX 2023,OCO,Alpine,Q1,96.131,8.0,25.797,38.541,31.793,2.0,SOFT,True,229.0,189.0,210.0,323.0,35.5,41.4,13.0,993.0,1.3,0.0,97.066,,96.137,1,1,0
2023,18,FORMULA 1 LENOVO UNITED STATES GRAND PRIX 2023,GAS,Alpine,Q1,96.158,7.0,25.796,38.61,31.752,2.0,SOFT,True,232.0,188.0,206.0,324.0,35.5,41.4,13.0,993.0,1.3,0.0,96.705,,95.785,1,1,0
2023,18,FORMULA 1 LENOVO UNITED STATES GRAND PRIX 2023,RUS,Mercedes,Q1,96.165,5.0,25.726,38.808,31.631,2.0,SOFT,True,230.0,188.0,209.0,318.0,35.5,41.4,13.0,993.0,1.3,0.0,96.474,,95.199,1,1,0
2023,18,FORMULA 1 LENOVO UNITED STATES GRAND PRIX 2023,RIC,AlphaTauri,Q1,96.213,15.0,25.951999999999998,38.616,31.645,2.0,SOFT,True,230.0,185.0,207.0,320.0,35.5,41.4,13.0,993.0,1.3,0.0,97.152,,95.978,1,1,0
2023,18,FORMULA 1 LENOVO UNITED STATES GRAND PRIX 2023,HUL,Haas F1 Team,Q1,96.235,16.0,25.901,38.491,31.843,2.0,SOFT,True,234.0,190.0,207.0,326.0,35.5,41.4,13.0,993.0,1.3,0.0,96.702,,96.749,1,1,0
2023,18,FORMULA 1 LENOVO UNITED STATES GRAND PRIX 2023,ALO,Aston Martin,Q1,96.268,17.0,25.814,38.631,31.823,2.0,SOFT,True,230.0,191.0,210.0,323.0,35.5,41.4,13.0,993.0,1.3,0.0,97.84,,96.087,1,1,0
2023,18,FORMULA 1 LENOVO UNITED STATES GRAND PRIX 2023,ALB,Williams,Q1,96.315,18.0,25.671,38.765,31.879,2.0,SOFT,True,226.0,189.0,207.0,324.0,35.5,41.4,13.0,993.0,1.3,0.0,96.492,,95.366,1,1,0
2023,18,FORMULA 1 LENOVO UNITED STATES GRAND PRIX 2023,STR,Aston Martin,Q1,96.589,19.0,26.048,38.711,31.83,2.0,SOFT,True,213.0,189.0,209.0,321.0,35.5,41.4,13.0,993.0,1.3,0.0,99.94,,96.181,1,1,0
2023,18,FORMULA 1 LENOVO UNITED STATES GRAND PRIX 2023,SAR,Williams,Q1,96.827,20.0,26.0,38.755,32.072,2.0,SOFT,True,223.0,187.0,208.0,324.0,35.5,41.4,13.0,993.0,1.3,0.0,96.987,,97.186,1,1,0
2023,18,FORMULA 1 LENOVO UNITED STATES GRAND PRIX 2023,LEC,Ferrari,Q2,95.004,1.0,25.503,38.232,31.269,2.0,SOFT,True,230.0,192.0,209.0,326.0,35.5,41.4,13.0,993.0,1.3,0.0,96.068,,94.593,1,2,0
2023,18,FORMULA 1 LENOVO UNITED STATES GRAND PRIX 2023,VER,Red Bull Racing,Q2,95.008,6.0,25.458,38.296,31.254,2.0,SOFT,True,234.0,185.0,209.0,323.0,35.5,41.4,13.0,993.0,1.3,0.0,95.912,,94.538,1,2,0
2023,18,FORMULA 1 LENOVO UNITED STATES GRAND PRIX 2023,HAM,Mercedes,Q2,95.24,3.0,25.416,38.248,31.576,2.0,SOFT,True,238.0,187.0,208.0,319.0,35.5,41.4,13.0,993.0,1.3,0.0,96.193,,94.607,1,2,0
2023,18,FORMULA 1 LENOVO UNITED STATES GRAND PRIX 2023,SAI,Ferrari,Q2,95.302,4.0,25.497,38.432,31.373,2.0,SOFT,True,233.0,188.0,209.0,325.0,35.5,41.4,13.0,993.0,1.3,0.0,96.533,,94.939,1,2,0
2023,18,FORMULA 1 LENOVO UNITED STATES GRAND PRIX 2023,OCO,Alpine,Q2,95.413,8.0,25.53,38.459,31.424,2.0,SOFT,True,236.0,191.0,210.0,323.0,35.5,41.4,13.0,993.0,1.3,0.0,97.066,,96.137,1,2,0
2023,18,FORMULA 1 LENOVO UNITED STATES GRAND PRIX 2023,NOR,McLaren,Q2,95.441,2.0,25.632,38.48,31.329,2.0,SOFT,True,229.0,192.0,209.0,321.0,35.5,41.4,13.0,993.0,1.3,0.0,97.256,,94.639,1,2,0
2023,18,FORMULA 1 LENOVO UNITED STATES GRAND PRIX 2023,GAS,Alpine,Q2,95.496,7.0,25.583,38.334,31.579,2.0,SOFT,True,229.0,191.0,208.0,322.0,35.5,41.4,13.0,993.0,1.3,0.0,96.705,,95.785,1,2,0
2023,18,FORMULA 1 LENOVO UNITED STATES GRAND PRIX 2023,PIA,McLaren,Q2,95.576,10.0,25.75,38.262,31.564,2.0,SOFT,True,232.0,192.0,208.0,320.0,35.5,41.4,13.0,993.0,1.3,0.0,98.42,,94.894,1,2,0
2023,18,FORMULA 1 LENOVO UNITED STATES GRAND PRIX 2023,RUS,Mercedes,Q2,95.606,5.0,25.585,38.642,31.379,2.0,SOFT,True,233.0,191.0,209.0,318.0,35.5,41.4,13.0,993.0,1.3,0.0,96.474,,95.199,1,2,0
2023,18,FORMULA 1 LENOVO UNITED STATES GRAND PRIX 2023,PER,Red Bull Racing,Q2,95.679,9.0,25.751,38.4,31.528,2.0,SOFT,True,222.0,186.0,208.0,322.0,35.5,41.4,13.0,993.0,1.3,0.0,96.212,,95.041,1,2,0
2023,18,FORMULA 1 LENOVO UNITED STATES GRAND PRIX 2023,TSU,AlphaTauri,Q2,95.697,11.0,25.674,38.554,31.469,2.0,SOFT,True,236.0,184.0,206.0,319.0,35.5,41.4,13.0,993.0,1.3,0.0,97.104,,96.945,1,2,0
2023,18,FORMULA 1 LENOVO UNITED STATES GRAND PRIX 2023,ZHO,Alfa Romeo,Q2,95.698,12.0,25.617,38.596,31.485,2.0,SOFT,True,228.0,191.0,207.0,322.0,35.5,41.4,13.0,993.0,1.3,0.0,97.418,,96.182,1,2,0
2023,18,FORMULA 1 LENOVO UNITED STATES GRAND PRIX 2023,BOT,Alfa Romeo,Q2,95.858,13.0,25.676,38.434,31.748,2.0,SOFT,True,234.0,191.0,208.0,322.0,35.5,41.4,13.0,993.0,1.3,0.0,97.517,,96.922,1,2,0
2023,18,FORMULA 1 LENOVO UNITED STATES GRAND PRIX 2023,MAG,Haas F1 Team,Q2,95.88,14.0,25.759,38.55,31.571,2.0,SOFT,True,237.0,188.0,205.0,329.0,35.5,41.4,13.0,993.0,1.3,0.0,96.472,,96.922,1,2,0
2023,18,FORMULA 1 LENOVO UNITED STATES GRAND PRIX 2023,RIC,AlphaTauri,Q2,95.974,15.0,25.817,38.686,31.471,2.0,SOFT,True,229.0,186.0,207.0,316.0,35.5,41.4,13.0,993.0,1.3,0.0,97.152,,95.978,1,2,0
2023,18,FORMULA 1 LENOVO UNITED STATES GRAND PRIX 2023,VER,Red Bull Racing,Q3,94.718,6.0,25.477,38.095,31.146,2.0,SOFT,True,238.0,186.0,208.0,324.0,35.5,41.4,13.0,993.0,1.3,0.0,95.912,,94.538,1,3,0
2023,18,FORMULA 1 LENOVO UNITED STATES GRAND PRIX 2023,LEC,Ferrari,Q3,94.723,1.0,25.338,38.153,31.232,2.0,SOFT,True,236.0,192.0,210.0,325.0,35.5,41.4,13.0,993.0,1.3,0.0,96.068,,94.593,1,3,0
2023,18,FORMULA 1 LENOVO UNITED STATES GRAND PRIX 2023,NOR,McLaren,Q3,94.853,2.0,25.485,38.111,31.257,2.0,SOFT,True,232.0,192.0,207.0,323.0,35.5,41.4,13.0,993.0,1.3,0.0,97.256,,94.639,1,3,0
2023,18,FORMULA 1 LENOVO UNITED STATES GRAND PRIX 2023,HAM,Mercedes,Q3,94.862,3.0,25.429,38.164,31.269,2.0,SOFT,True,236.0,189.0,209.0,318.0,35.5,41.4,13.0,993.0,1.3,0.0,96.193,,94.607,1,3,0
2023,18,FORMULA 1 LENOVO UNITED STATES GRAND PRIX 2023,SAI,Ferrari,Q3,94.945,4.0,25.47,38.178,31.297,2.0,SOFT,True,238.0,190.0,211.0,325.0,35.5,41.4,13.0,993.0,1.3,0.0,96.533,,94.939,1,3,0
2023,18,FORMULA 1 LENOVO UNITED STATES GRAND PRIX 2023,RUS,Mercedes,Q3,95.079,5.0,25.638,38.128,31.313,2.0,SOFT,True,230.0,191.0,209.0,317.0,35.5,41.4,13.0,993.0,1.3,0.0,96.474,,95.199,1,3,0
2023,18,FORMULA 1 LENOVO UNITED STATES GRAND PRIX 2023,GAS,Alpine,Q3,95.089,7.0,25.374,38.288,31.427,2.0,SOFT,True,227.0,191.0,208.0,321.0,35.5,41.4,13.0,993.0,1.3,0.0,96.705,,95.785,1,3,0
2023,18,FORMULA 1 LENOVO UNITED STATES GRAND PRIX 2023,OCO,Alpine,Q3,95.154,8.0,25.402,38.365,31.387,2.0,SOFT,True,239.0,190.0,209.0,323.0,35.5,41.4,13.0,993.0,1.3,0.0,97.066,,96.137,1,3,0
2023,18,FORMULA 1 LENOVO UNITED STATES GRAND PRIX 2023,PER,Red Bull Racing,Q3,95.173,9.0,25.515,38.354,31.304,2.0,SOFT,True,232.0,188.0,207.0,323.0,35.5,41.4,13.0,993.0,1.3,0.0,96.212,,95.041,1,3,0
2023,18,FORMULA 1 LENOVO UNITED STATES GRAND PRIX 2023,PIA,McLaren,Q3,95.467,10.0,25.564,38.481,31.422,2.0,SOFT,True,233.0,192.0,209.0,322.0,35.5,41.4,13.0,993.0,1.3,0.0,98.42,,94.894,1,3,0
2023,19,FORMULA 1 GRAN PREMIO DE LA CIUDAD DE MÉXICO 2023,VER,Red Bull Racing,Q1,78.099,3.0,27.715,30.171,20.213,2.0,SOFT,True,313.0,295.0,252.0,347.0,25.8,44.3,27.0,780.2,1.25,0.0,79.718,78.686,77.887,0,1,0
2023,19,FORMULA 1 GRAN PREMIO DE LA CIUDAD DE MÉXICO 2023,PIA,McLaren,Q1,78.241,7.0,27.783,30.029,20.429,2.0,SOFT,True,311.0,296.0,250.0,344.0,25.8,44.3,27.0,780.2,1.25,0.0,80.463,79.163,78.392,0,1,0
2023,19,FORMULA 1 GRAN PREMIO DE LA CIUDAD DE MÉXICO 2023,RIC,AlphaTauri,Q1,78.341,4.0,27.682,30.448,20.211,2.0,SOFT,True,309.0,293.0,251.0,347.0,25.8,44.3,27.0,780.2,1.25,0.0,80.568,79.002,78.499,0,1,0
2023,19,FORMULA 1 GRAN PREMIO DE LA CIUDAD DE MÉXICO 2023,LEC,Ferrari,Q1,78.401,1.0,27.649,30.362,20.39,2.0,MEDIUM,True,318.0,296.0,253.0,350.0,25.8,44.3,27.0,780.2,1.25,0.0,80.297,78.952,78.97,0,1,0
2023,19,FORMULA 1 GRAN PREMIO DE LA CIUDAD DE MÉXICO 2023,BOT,Alfa Romeo,Q1,78.429,9.0,27.742,30.39,20.297,2.0,SOFT,True,312.0,295.0,253.0,341.0,25.8,44.3,27.0,780.2,1.25,0.0,,78.955,78.437,0,1,0
2023,19,FORMULA 1 GRAN PREMIO DE LA CIUDAD DE MÉXICO 2023,PER,Red Bull Racing,Q1,78.553,5.0,27.762,30.41,20.381,2.0,SOFT,True,313.0,294.0,253.0,347.0,25.8,44.3,27.0,780.2,1.25,0.0,80.015,78.988,78.026,0,1,0
2023,19,FORMULA 1 GRAN PREMIO DE LA CIUDAD DE MÉXICO 2023,HAM,Mercedes,Q1,78.677,6.0,27.684,30.494,20.499,2.0,MEDIUM,True,310.0,292.0,250.0,344.0,25.8,44.3,27.0,780.2,1.25,0.0,80.724,79.024,78.522,0,1,0
2023,19,FORMULA 1 GRAN PREMIO DE LA CIUDAD DE MÉXICO 2023,SAI,Ferrari,Q1,78.755,2.0,27.831,30.529,20.395,2.0,MEDIUM,True,315.0,297.0,253.0,347.0,25.8,44.3,27.0,780.2,1.25,0.0,80.479,79.257,79.293,0,1,0
2023,19,FORMULA 1 GRAN PREMIO DE LA CIUDAD DE MÉXICO 2023,ALB,Williams,Q1,78.828,14.0,27.757,30.318,20.753,2.0,SOFT,True,313.0,295.0,251.0,344.0,25.8,44.3,27.0,780.2,1.25,0.0,79.813,79.446,77.957,0,1,0
2023,19,FORMULA 1 GRAN PREMIO DE LA CIUDAD DE MÉXICO 2023,ALO,Aston Martin,Q1,78.848,13.0,27.691,30.538,20.619,2.0,SOFT,True,312.0,295.0,251.0,345.0,25.8,44.3,27.0,780.2,1.25,0.0,81.347,80.426,79.471,0,1,0
2023,19,FORMULA 1 GRAN PREMIO DE LA CIUDAD DE MÉXICO 2023,TSU,AlphaTauri,Q1,78.89,15.0,27.839,30.616,20.435,2.0,SOFT,True,309.0,292.0,252.0,340.0,25.8,44.3,27.0,780.2,1.25,0.0,,79.29,78.45,0,1,0
2023,19,FORMULA 1 GRAN PREMIO DE LA CIUDAD DE MÉXICO 2023,RUS,Mercedes,Q1,78.893,8.0,28.006,30.499,20.388,2.0,MEDIUM,True,308.0,292.0,251.0,341.0,25.8,44.3,27.0,780.2,1.25,0.0,,79.227,78.248,0,1,0
2023,19,FORMULA 1 GRAN PREMIO DE LA CIUDAD DE MÉXICO 2023,GAS,Alpine,Q1,78.945,11.0,28.001,30.544,20.4,2.0,SOFT,True,311.0,292.0,249.0,340.0,25.8,44.3,27.0,780.2,1.25,0.0,,79.642,79.509,0,1,0
2023,19,FORMULA 1 GRAN PREMIO DE LA CIUDAD DE MÉXICO 2023,HUL,Haas F1 Team,Q1,78.969,12.0,27.68,30.95,20.339,2.0,SOFT,False,316.0,295.0,252.0,352.0,25.8,44.3,27.0,780.2,1.25,0.0,80.968,79.535,79.32,0,1,0
2023,19,FORMULA 1 GRAN PREMIO DE LA CIUDAD DE MÉXICO 2023,ZHO,Alfa Romeo,Q1,79.016,10.0,27.935,30.55,20.531,2.0,SOFT,True,315.0,294.0,253.0,344.0,25.8,44.3,27.0,780.2,1.25,0.0,81.129,79.415,78.917,0,1,0
2023,19,FORMULA 1 GRAN PREMIO DE LA CIUDAD DE MÉXICO 2023,OCO,Alpine,Q1,79.08,16.0,28.039,30.517,20.524,2.0,SOFT,True,311.0,292.0,251.0,340.0,25.8,44.3,27.0,780.2,1.25,0.0,80.677,79.077,79.839,0,1,0
2023,19,FORMULA 1 GRAN PREMIO DE LA CIUDAD DE MÉXICO 2023,MAG,Haas F1 Team,Q1,79.163,17.0,27.68,30.898,20.585,2.0,SOFT,True,316.0,294.0,252.0,352.0,25.8,44.3,27.0,780.2,1.25,0.0,,80.112,79.573,0,1,0
2023,19,FORMULA 1 GRAN PREMIO DE LA CIUDAD DE MÉXICO 2023,STR,Aston Martin,Q1,79.227,18.0,27.746,30.622,20.859,2.0,SOFT,True,313.0,292.0,250.0,347.0,25.8,44.3,27.0,780.2,1.25,0.0,80.687,80.075,79.094,0,1,0
2023,19,FORMULA 1 GRAN PREMIO DE LA CIUDAD DE MÉXICO 2023,SAR,Williams,Q1,79.965,20.0,27.903,30.91,21.152,2.0,SOFT,True,302.0,287.0,251.0,348.0,25.8,44.3,27.0,780.2,1.25,0.0,81.157,79.9,78.718,0,1,0
2023,19,FORMULA 1 GRAN PREMIO DE LA CIUDAD DE MÉXICO 2023,NOR,McLaren,Q1,81.554,19.0,27.653,30.444,23.457,2.0,SOFT,True,311.0,294.0,186.0,344.0,25.8,44.3,27.0,780.2,1.25,0.0,80.237,78.805,78.48,0,1,0
2023,19,FORMULA 1 GRAN PREMIO DE LA CIUDAD DE MÉXICO 2023,HAM,Mercedes,Q2,77.571,6.0,27.567,29.868,20.136,2.0,SOFT,True,312.0,294.0,250.0,344.0,25.8,44.3,27.0,780.2,1.25,0.0,80.724,79.024,78.522,0,2,0
2023,19,FORMULA 1 GRAN PREMIO DE LA CIUDAD DE MÉXICO 2023,VER,Red Bull Racing,Q2,77.625,3.0,27.445,29.921,20.259,2.0,SOFT,True,313.0,296.0,251.0,346.0,25.8,44.3,27.0,780.2,1.25,0.0,79.718,78.686,77.887,0,2,0
2023,19,FORMULA 1 GRAN PREMIO DE LA CIUDAD DE MÉXICO 2023,RUS,Mercedes,Q2,77.673,8.0,27.631,29.92,20.122,2.0,SOFT,True,312.0,294.0,251.0,342.0,25.8,44.3,27.0,780.2,1.25,0.0,,79.227,78.248,0,2,0
2023,19,FORMULA 1 GRAN PREMIO DE LA CIUDAD DE MÉXICO 2023,RIC,AlphaTauri,Q2,77.706,4.0,27.569,30.052,20.085,2.0,SOFT,True,311.0,294.0,250.0,353.0,25.8,44.3,27.0,780.2,1.25,0.0,80.568,79.002,78.499,0,2,0
2023,19,FORMULA 1 GRAN PREMIO DE LA CIUDAD DE MÉXICO 2023,PIA,McLaren,Q2,77.874,7.0,27.518,30.001,20.355,2.0,SOFT,True,313.0,295.0,250.0,346.0,25.8,44.3,27.0,780.2,1.25,0.0,80.463,79.163,78.392,0,2,0
2023,19,FORMULA 1 GRAN PREMIO DE LA CIUDAD DE MÉXICO 2023,LEC,Ferrari,Q2,77.901,1.0,27.548000000000002,30.007,20.346,2.0,SOFT,True,317.0,295.0,252.0,347.0,25.8,44.3,27.0,780.2,1.25,0.0,80.297,78.952,78.97,0,2,0
2023,19,FORMULA 1 GRAN PREMIO DE LA CIUDAD DE MÉXICO 2023,BOT,Alfa Romeo,Q2,78.016,9.0,27.576999999999998,30.232,20.207,2.0,SOFT,True,316.0,296.0,253.0,347.0,25.8,44.3,27.0,780.2,1.25,0.0,,78.955,78.437,0,2,0
2023,19,FORMULA 1 GRAN PREMIO DE LA CIUDAD DE MÉXICO 2023,PER,Red Bull Racing,Q2,78.124,5.0,27.664,30.204,20.256,2.0,SOFT,True,312.0,295.0,252.0,345.0,25.8,44.3,27.0,780.2,1.25,0.0,80.015,78.988,78.026,0,2,0
2023,19,FORMULA 1 GRAN PREMIO DE LA CIUDAD DE MÉXICO 2023,ALB,Williams,Q2,78.302,14.0,27.599,30.322,20.381,2.0,SOFT,True,314.0,294.0,250.0,347.0,25.8,44.3,27.0,780.2,1.25,0.0,79.813,79.446,77.957,0,2,0
2023,19,FORMULA 1 GRAN PREMIO DE LA CIUDAD DE MÉXICO 2023,SAI,Ferrari,Q2,78.382,2.0,27.719,30.36,20.303,4.0,SOFT,False,315.0,295.0,251.0,346.0,25.8,44.3,27.0,780.2,1.25,0.0,80.479,79.257,79.293,0,2,0
2023,19,FORMULA 1 GRAN PREMIO DE LA CIUDAD DE MÉXICO 2023,ZHO,Alfa Romeo,Q2,78.44,10.0,27.792,30.306,20.342,2.0,SOFT,True,314.0,294.0,253.0,345.0,25.8,44.3,27.0,780.2,1.25,0.0,81.129,79.415,78.917,0,2,0
2023,19,FORMULA 1 GRAN PREMIO DE LA CIUDAD DE MÉXICO 2023,GAS,Alpine,Q2,78.521,11.0,27.774,30.39,20.357,2.0,SOFT,True,311.0,291.0,248.0,341.0,25.8,44.3,27.0,780.2,1.25,0.0,,79.642,79.509,0,2,0
2023,19,FORMULA 1 GRAN PREMIO DE LA CIUDAD DE MÉXICO 2023,HUL,Haas F1 Team,Q2,78.524,12.0,27.683,30.563,20.278,2.0,SOFT,True,317.0,296.0,253.0,347.0,25.8,44.3,27.0,780.2,1.25,0.0,80.968,79.535,79.32,0,2,0
2023,19,FORMULA 1 GRAN PREMIO DE LA CIUDAD DE MÉXICO 2023,ALO,Aston Martin,Q2,78.738,13.0,27.991,30.423,20.324,2.0,SOFT,True,311.0,292.0,249.0,342.0,25.8,44.3,27.0,780.2,1.25,0.0,81.347,80.426,79.471,0,2,0
2023,19,FORMULA 1 GRAN PREMIO DE LA CIUDAD DE MÉXICO 2023,TSU,AlphaTauri,Q2,90.204,15.0,31.297,33.159,25.748,6.0,SOFT,False,271.0,279.0,,329.0,25.8,44.3,27.0,780.2,1.25,0.0,,79.29,78.45,0,2,0
2023,19,FORMULA 1 GRAN PREMIO DE LA CIUDAD DE MÉXICO 2023,LEC,Ferrari,Q3,77.166,1.0,27.291,29.853,20.022,2.0,SOFT,True,317.0,297.0,254.0,348.0,25.8,44.3,27.0,780.2,1.25,0.0,80.297,78.952,78.97,0,3,0
2023,19,FORMULA 1 GRAN PREMIO DE LA CIUDAD DE MÉXICO 2023,SAI,Ferrari,Q3,77.233,2.0,27.344,29.9,19.989,2.0,SOFT,True,316.0,297.0,254.0,347.0,25.8,44.3,27.0,780.2,1.25,0.0,80.479,79.257,79.293,0,3,0
2023,19,FORMULA 1 GRAN PREMIO DE LA CIUDAD DE MÉXICO 2023,VER,Red Bull Racing,Q3,77.263,3.0,27.369,29.818,20.076,2.0,SOFT,True,314.0,295.0,252.0,349.0,25.8,44.3,27.0,780.2,1.25,0.0,79.718,78.686,77.887,0,3,0
2023,19,FORMULA 1 GRAN PREMIO DE LA CIUDAD DE MÉXICO 2023,RIC,AlphaTauri,Q3,77.382,4.0,27.599,29.846,19.937,2.0,SOFT,True,311.0,294.0,251.0,341.0,25.8,44.3,27.0,780.2,1.25,0.0,80.568,79.002,78.499,0,3,0
2023,19,FORMULA 1 GRAN PREMIO DE LA CIUDAD DE MÉXICO 2023,PER,Red Bull Racing,Q3,77.423,5.0,27.46,29.884,20.079,2.0,SOFT,True,316.0,295.0,253.0,351.0,25.8,44.3,27.0,780.2,1.25,0.0,80.015,78.988,78.026,0,3,0
2023,19,FORMULA 1 GRAN PREMIO DE LA CIUDAD DE MÉXICO 2023,HAM,Mercedes,Q3,77.454,6.0,27.46,29.881,20.113,2.0,SOFT,True,312.0,293.0,251.0,345.0,25.8,44.3,27.0,780.2,1.25,0.0,80.724,79.024,78.522,0,3,0
2023,19,FORMULA 1 GRAN PREMIO DE LA CIUDAD DE MÉXICO 2023,PIA,McLaren,Q3,77.623,7.0,27.518,29.979,20.126,2.0,SOFT,True,312.0,293.0,251.0,346.0,25.8,44.3,27.0,780.2,1.25,0.0,80.463,79.163,78.392,0,3,0
2023,19,FORMULA 1 GRAN PREMIO DE LA CIUDAD DE MÉXICO 2023,RUS,Mercedes,Q3,77.674,8.0,27.724,29.977,19.973,2.0,SOFT,True,309.0,292.0,250.0,342.0,25.8,44.3,27.0,780.2,1.25,0.0,,79.227,78.248,0,3,0
2023,19,FORMULA 1 GRAN PREMIO DE LA CIUDAD DE MÉXICO 2023,BOT,Alfa Romeo,Q3,78.032,9.0,27.483,30.073,20.476,2.0,SOFT,True,315.0,294.0,252.0,343.0,25.8,44.3,27.0,780.2,1.25,0.0,,78.955,78.437,0,3,0
2023,19,FORMULA 1 GRAN PREMIO DE LA CIUDAD DE MÉXICO 2023,ZHO,Alfa Romeo,Q3,78.05,10.0,27.67,30.115,20.265,2.0,SOFT,True,313.0,291.0,253.0,341.0,25.8,44.3,27.0,780.2,1.25,0.0,81.129,79.415,78.917,0,3,0
2023,20,FORMULA 1 ROLEX GRANDE PRÊMIO DE SÃO PAULO 2023,RUS,Mercedes,Q1,70.34,6.0,18.418,35.547,16.375,2.0,SOFT,True,315.0,259.0,325.0,326.0,29.6,38.3,56.5,917.0,2.6,0.0,71.865,,70.857,1,1,0
2023,20,FORMULA 1 ROLEX GRANDE PRÊMIO DE SÃO PAULO 2023,VER,Red Bull Racing,Q1,70.436,1.0,18.519,35.507,16.41,2.0,SOFT,True,319.0,262.0,320.0,334.0,29.6,38.3,56.5,917.0,2.6,0.0,72.793,,70.683,1,1,0
2023,20,FORMULA 1 ROLEX GRANDE PRÊMIO DE SÃO PAULO 2023,LEC,Ferrari,Q1,70.472,2.0,18.401,35.764,16.307,2.0,SOFT,True,319.0,263.0,328.0,329.0,29.6,38.3,56.5,917.0,2.6,0.0,71.84,,71.077,1,1,0
2023,20,FORMULA 1 ROLEX GRANDE PRÊMIO DE SÃO PAULO 2023,HUL,Haas F1 Team,Q1,70.475,11.0,18.364,35.798,16.313,2.0,SOFT,True,319.0,263.0,330.0,330.0,29.6,38.3,56.5,917.0,2.6,0.0,71.928,,71.752,1,1,0
2023,20,FORMULA 1 ROLEX GRANDE PRÊMIO DE SÃO PAULO 2023,PIA,McLaren,Q1,70.519,10.0,18.386,35.612,16.521,2.0,SOFT,True,318.0,261.0,325.0,328.0,29.6,38.3,56.5,917.0,2.6,0.0,73.838,,71.189,1,1,0
2023,20,FORMULA 1 ROLEX GRANDE PRÊMIO DE SÃO PAULO 2023,STR,Aston Martin,Q1,70.551,3.0,18.576999999999998,35.589,16.385,2.0,SOFT,True,317.0,259.0,324.0,328.0,29.6,38.3,56.5,917.0,2.6,0.0,72.136,,72.482,1,1,0
2023,20,FORMULA 1 ROLEX GRANDE PRÊMIO DE SÃO PAULO 2023,ALO,Aston Martin,Q1,70.557,4.0,18.415,35.689,16.453,2.0,SOFT,True,316.0,260.0,322.0,329.0,29.6,38.3,56.5,917.0,2.6,0.0,72.615,,72.224,1,1,0
2023,20,FORMULA 1 ROLEX GRANDE PRÊMIO DE SÃO PAULO 2023,MAG,Haas F1 Team,Q1,70.602,14.0,18.5,35.787,16.315,2.0,SOFT,True,318.0,261.0,325.0,329.0,29.6,38.3,56.5,917.0,2.6,0.0,72.592,,71.727,1,1,0
2023,20,FORMULA 1 ROLEX GRANDE PRÊMIO DE SÃO PAULO 2023,HAM,Mercedes,Q1,70.604,5.0,18.742,35.411,16.451,2.0,SOFT,True,313.0,258.0,322.0,325.0,29.6,38.3,56.5,917.0,2.6,0.0,72.638,,70.94,1,1,0
2023,20,FORMULA 1 ROLEX GRANDE PRÊMIO DE SÃO PAULO 2023,ALB,Williams,Q1,70.621,15.0,18.5,35.729,16.392,2.0,SOFT,True,317.0,261.0,324.0,327.0,29.6,38.3,56.5,917.0,2.6,0.0,72.044,,72.525,1,1,0
2023,20,FORMULA 1 ROLEX GRANDE PRÊMIO DE SÃO PAULO 2023,NOR,McLaren,Q1,70.623,7.0,18.642,35.688,16.293,2.0,SOFT,True,318.0,260.0,323.0,329.0,29.6,38.3,56.5,917.0,2.6,0.0,73.629,,70.622,1,1,0
2023,20,FORMULA 1 ROLEX GRANDE PRÊMIO DE SÃO PAULO 2023,SAI,Ferrari,Q1,70.624,8.0,18.457,35.747,16.42,2.0,SOFT,True,319.0,264.0,328.0,329.0,29.6,38.3,56.5,917.0,2.6,0.0,71.732,,71.126,1,1,0
2023,20,FORMULA 1 ROLEX GRANDE PRÊMIO DE SÃO PAULO 2023,PER,Red Bull Racing,Q1,70.668,9.0,18.582,35.642,16.444,2.0,SOFT,True,317.0,262.0,326.0,332.0,29.6,38.3,56.5,917.0,2.6,0.0,73.056,,70.756,1,1,0
2023,20,FORMULA 1 ROLEX GRANDE PRÊMIO DE SÃO PAULO 2023,OCO,Alpine,Q1,70.763,12.0,18.438,35.877,16.448,2.0,SOFT,True,323.0,265.0,330.0,336.0,29.6,38.3,56.5,917.0,2.6,0.0,72.779,,72.388,1,1,0
2023,20,FORMULA 1 ROLEX GRANDE PRÊMIO DE SÃO PAULO 2023,GAS,Alpine,Q1,70.793,13.0,18.377,36.012,16.404,2.0,SOFT,True,323.0,265.0,330.0,336.0,29.6,38.3,56.5,917.0,2.6,0.0,72.184,,71.822,1,1,0
2023,20,FORMULA 1 ROLEX GRANDE PRÊMIO DE SÃO PAULO 2023,TSU,AlphaTauri,Q1,70.837,16.0,18.573,35.849,16.415,2.0,SOFT,True,317.0,262.0,327.0,330.0,29.6,38.3,56.5,917.0,2.6,0.0,72.714,,71.019,1,1,0
2023,20,FORMULA 1 ROLEX GRANDE PRÊMIO DE SÃO PAULO 2023,RIC,AlphaTauri,Q1,70.843,17.0,18.537,35.892,16.414,2.0,SOFT,True,317.0,262.0,327.0,333.0,29.6,38.3,56.5,917.0,2.6,0.0,72.778,,71.122,1,1,0
2023,20,FORMULA 1 ROLEX GRANDE PRÊMIO DE SÃO PAULO 2023,BOT,Alfa Romeo,Q1,70.955,18.0,18.573,35.938,16.444,2.0,SOFT,True,315.0,261.0,323.0,327.0,29.6,38.3,56.5,917.0,2.6,0.0,73.012,,71.872,1,1,0
2023,20,FORMULA 1 ROLEX GRANDE PRÊMIO DE SÃO PAULO 2023,SAR,Williams,Q1,71.035,19.0,18.465,36.126,16.444,2.0,SOFT,True,318.0,261.0,327.0,327.0,29.6,38.3,56.5,917.0,2.6,0.0,72.579,,72.615,1,1,0
2023,20,FORMULA 1 ROLEX GRANDE PRÊMIO DE SÃO PAULO 2023,ZHO,Alfa Romeo,Q1,71.275,20.0,18.719,36.011,16.545,2.0,SOFT,True,314.0,261.0,318.0,325.0,29.6,38.3,56.5,917.0,2.6,0.0,72.481,,72.497,1,1,0
2023,20,FORMULA 1 ROLEX GRANDE PRÊMIO DE SÃO PAULO 2023,NOR,McLaren,Q2,70.021,7.0,18.31,35.361,16.35,2.0,SOFT,True,322.0,263.0,326.0,328.0,29.6,38.3,56.5,917.0,2.6,0.0,73.629,,70.622,1,2,0
2023,20,FORMULA 1 ROLEX GRANDE PRÊMIO DE SÃO PAULO 2023,VER,Red Bull Racing,Q2,70.162,1.0,18.496,35.296,16.37,2.0,SOFT,True,318.0,263.0,326.0,330.0,29.6,38.3,56.5,917.0,2.6,0.0,72.793,,70.683,1,2,0
2023,20,FORMULA 1 ROLEX GRANDE PRÊMIO DE SÃO PAULO 2023,PER,Red Bull Racing,Q2,70.219,9.0,18.272,35.423,16.524,2.0,SOFT,True,320.0,264.0,325.0,330.0,29.6,38.3,56.5,917.0,2.6,0.0,73.056,,70.756,1,2,0
2023,20,FORMULA 1 ROLEX GRANDE PRÊMIO DE SÃO PAULO 2023,ALO,Aston Martin,Q2,70.237,4.0,18.427,35.426,16.384,2.0,SOFT,True,319.0,261.0,319.0,325.0,29.6,38.3,56.5,917.0,2.6,0.0,72.615,,72.224,1,2,0
2023,20,FORMULA 1 ROLEX GRANDE PRÊMIO DE SÃO PAULO 2023,SAI,Ferrari,Q2,70.254,8.0,18.337,35.517,16.4,2.0,SOFT,True,319.0,265.0,325.0,329.0,29.6,38.3,56.5,917.0,2.6,0.0,71.732,,71.126,1,2,0
2023,20,FORMULA 1 ROLEX GRANDE PRÊMIO DE SÃO PAULO 2023,HAM,Mercedes,Q2,70.266,5.0,18.386,35.397,16.483,2.0,SOFT,True,316.0,260.0,322.0,326.0,29.6,38.3,56.5,917.0,2.6,0.0,72.638,,70.94,1,2,0
2023,20,FORMULA 1 ROLEX GRANDE PRÊMIO DE SÃO PAULO 2023,LEC,Ferrari,Q2,70.303,2.0,18.369,35.519,16.415,2.0,SOFT,True,321.0,264.0,324.0,331.0,29.6,38.3,56.5,917.0,2.6,0.0,71.84,,71.077,1,2,0
2023,20,FORMULA 1 ROLEX GRANDE PRÊMIO DE SÃO PAULO 2023,RUS,Mercedes,Q2,70.316,6.0,18.429,35.376,16.511,2.0,SOFT,True,314.0,260.0,320.0,324.0,29.6,38.3,56.5,917.0,2.6,0.0,71.865,,70.857,1,2,0
2023,20,FORMULA 1 ROLEX GRANDE PRÊMIO DE SÃO PAULO 2023,PIA,McLaren,Q2,70.33,10.0,18.268,35.714,16.348,2.0,SOFT,True,318.0,263.0,325.0,330.0,29.6,38.3,56.5,917.0,2.6,0.0,73.838,,71.189,1,2,0
2023,20,FORMULA 1 ROLEX GRANDE PRÊMIO DE SÃO PAULO 2023,STR,Aston Martin,Q2,70.375,3.0,18.459,35.488,16.428,2.0,SOFT,True,321.0,263.0,326.0,329.0,29.6,38.3,56.5,917.0,2.6,0.0,72.136,,72.482,1,2,0
2023,20,FORMULA 1 ROLEX GRANDE PRÊMIO DE SÃO PAULO 2023,HUL,Haas F1 Team,Q2,70.547,11.0,18.367,35.733,16.447,2.0,SOFT,True,318.0,262.0,326.0,326.0,29.6,38.3,56.5,917.0,2.6,0.0,71.928,,71.752,1,2,0
2023,20,FORMULA 1 ROLEX GRANDE PRÊMIO DE SÃO PAULO 2023,OCO,Alpine,Q2,70.562,12.0,18.425,35.78,16.357,2.0,SOFT,True,322.0,266.0,327.0,338.0,29.6,38.3,56.5,917.0,2.6,0.0,72.779,,72.388,1,2,0
2023,20,FORMULA 1 ROLEX GRANDE PRÊMIO DE SÃO PAULO 2023,GAS,Alpine,Q2,70.567,13.0,18.348,35.736,16.483,2.0,SOFT,True,323.0,266.0,329.0,335.0,29.6,38.3,56.5,917.0,2.6,0.0,72.184,,71.822,1,2,0
2023,20,FORMULA 1 ROLEX GRANDE PRÊMIO DE SÃO PAULO 2023,MAG,Haas F1 Team,Q2,70.723,14.0,18.38,35.886,16.457,2.0,SOFT,True,320.0,262.0,322.0,329.0,29.6,38.3,56.5,917.0,2.6,0.0,72.592,,71.727,1,2,0
2023,20,FORMULA 1 ROLEX GRANDE PRÊMIO DE SÃO PAULO 2023,ALB,Williams,Q2,70.773,15.0,18.473,35.85,16.45,2.0,SOFT,True,321.0,263.0,324.0,326.0,29.6,38.3,56.5,917.0,2.6,0.0,72.044,,72.525,1,2,0
2023,20,FORMULA 1 ROLEX GRANDE PRÊMIO DE SÃO PAULO 2023,VER,Red Bull Racing,Q3,70.727,1.0,18.359,35.659,16.709,2.0,SOFT,True,323.0,266.0,322.0,328.0,29.6,38.3,56.5,917.0,2.6,0.0,72.793,,70.683,1,3,0
2023,20,FORMULA 1 ROLEX GRANDE PRÊMIO DE SÃO PAULO 2023,LEC,Ferrari,Q3,71.021,2.0,18.412,35.85,16.759,2.0,SOFT,True,325.0,268.0,322.0,326.0,29.6,38.3,56.5,917.0,2.6,0.0,71.84,,71.077,1,3,0
2023,20,FORMULA 1 ROLEX GRANDE PRÊMIO DE SÃO PAULO 2023,STR,Aston Martin,Q3,71.344,3.0,18.433,36.099,16.812,2.0,SOFT,True,322.0,265.0,320.0,326.0,29.6,38.3,56.5,917.0,2.6,0.0,72.136,,72.482,1,3,0
2023,20,FORMULA 1 ROLEX GRANDE PRÊMIO DE SÃO PAULO 2023,ALO,Aston Martin,Q3,71.387,4.0,18.476,36.143,16.768,2.0,SOFT,True,318.0,262.0,318.0,320.0,29.6,38.3,56.5,917.0,2.6,0.0,72.615,,72.224,1,3,0
2023,20,FORMULA 1 ROLEX GRANDE PRÊMIO DE SÃO PAULO 2023,HAM,Mercedes,Q3,71.469,5.0,18.745,35.964,16.76,2.0,SOFT,True,318.0,264.0,317.0,320.0,29.6,38.3,56.5,917.0,2.6,0.0,72.638,,70.94,1,3,0
2023,20,FORMULA 1 ROLEX GRANDE PRÊMIO DE SÃO PAULO 2023,RUS,Mercedes,Q3,71.59,6.0,18.601,36.062,16.927,2.0,SOFT,True,319.0,265.0,315.0,320.0,29.6,38.3,56.5,917.0,2.6,0.0,71.865,,70.857,1,3,0
2023,20,FORMULA 1 ROLEX GRANDE PRÊMIO DE SÃO PAULO 2023,NOR,McLaren,Q3,71.987,7.0,18.435,35.835,17.717,2.0,SOFT,True,325.0,266.0,314.0,325.0,29.6,38.3,56.5,917.0,2.6,0.0,73.629,,70.622,1,3,0
2023,20,FORMULA 1 ROLEX GRANDE PRÊMIO DE SÃO PAULO 2023,SAI,Ferrari,Q3,71.989,8.0,18.385,36.616,16.988,2.0,SOFT,True,325.0,267.0,320.0,326.0,29.6,38.3,56.5,917.0,2.6,0.0,71.732,,71.126,1,3,0
2023,20,FORMULA 1 ROLEX GRANDE PRÊMIO DE SÃO PAULO 2023,PER,Red Bull Racing,Q3,72.321,9.0,18.461,35.959,17.901,2.0,SOFT,True,326.0,266.0,320.0,328.0,29.6,38.3,56.5,917.0,2.6,0.0,73.056,,70.756,1,3,0
2023,20,FORMULA 1 ROLEX GRANDE PRÊMIO DE SÃO PAULO 2023,PIA,McLaren,Q3,92.078,10.0,18.376,36.304,37.398,2.0,SOFT,True,326.0,269.0,,323.0,29.6,38.3,56.5,917.0,2.6,0.0,73.838,,71.189,1,3,0
2023,21,FORMULA 1 HEINEKEN SILVER LAS VEGAS GRAND PRIX 2023,LEC,Ferrari,Q1,93.617,1.0,26.578,31.046,35.993,7.0,SOFT,True,184.0,214.0,319.0,343.0,15.2,16.9,61.0,942.2,0.8,0.0,100.909,95.265,95.908,0,1,0
2023,21,FORMULA 1 HEINEKEN SILVER LAS VEGAS GRAND PRIX 2023,SAI,Ferrari,Q1,93.851,2.0,26.56,31.248,36.043,7.0,SOFT,True,187.0,214.0,318.0,340.0,15.2,16.9,61.0,942.2,0.8,0.0,105.824,95.782,95.939,0,1,0
2023,21,FORMULA 1 HEINEKEN SILVER LAS VEGAS GRAND PRIX 2023,RUS,Mercedes,Q1,94.137,4.0,26.885,31.491,35.761,7.0,SOFT,True,185.0,215.0,323.0,348.0,15.2,16.9,61.0,942.2,0.8,0.0,105.497,96.89,94.093,0,1,0
2023,21,FORMULA 1 HEINEKEN SILVER LAS VEGAS GRAND PRIX 2023,VER,Red Bull Racing,Q1,94.19,3.0,26.782,31.212,36.196,5.0,SOFT,True,186.0,213.0,319.0,343.0,15.2,16.9,61.0,942.2,0.8,0.0,104.397,96.183,94.653,0,1,0
2023,21,FORMULA 1 HEINEKEN SILVER LAS VEGAS GRAND PRIX 2023,HUL,Haas F1 Team,Q1,94.265,13.0,26.997,31.107,36.161,4.0,SOFT,True,188.0,215.0,310.0,342.0,15.2,16.9,61.0,942.2,0.8,0.0,103.446,96.489,95.112,0,1,0
2023,21,FORMULA 1 HEINEKEN SILVER LAS VEGAS GRAND PRIX 2023,GAS,Alpine,Q1,94.272,5.0,27.027,31.32,35.925,3.0,SOFT,True,186.0,214.0,320.0,343.0,15.2,16.9,61.0,942.2,0.8,0.0,108.253,97.134,96.485,0,1,0
2023,21,FORMULA 1 HEINEKEN SILVER LAS VEGAS GRAND PRIX 2023,BOT,Alfa Romeo,Q1,94.305,8.0,26.979,31.267,36.059,2.0,SOFT,True,185.0,215.0,317.0,341.0,15.2,16.9,61.0,942.2,0.8,0.0,107.147,96.129,94.908,0,1,0
2023,21,FORMULA 1 HEINEKEN SILVER LAS VEGAS GRAND PRIX 2023,HAM,Mercedes,Q1,94.307,11.0,26.973,31.422,35.912,7.0,SOFT,True,185.0,215.0,320.0,344.0,15.2,16.9,61.0,942.2,0.8,0.0,108.513,96.663,94.853,0,1,0
2023,21,FORMULA 1 HEINEKEN SILVER LAS VEGAS GRAND PRIX 2023,MAG,Haas F1 Team,Q1,94.337,9.0,26.529,31.499,36.309,4.0,SOFT,True,184.0,214.0,311.0,341.0,15.2,16.9,61.0,942.2,0.8,0.0,104.261,96.917,95.067,0,1,0
2023,21,FORMULA 1 HEINEKEN SILVER LAS VEGAS GRAND PRIX 2023,ALO,Aston Martin,Q1,94.422,10.0,26.749,31.625,36.048,8.0,SOFT,True,188.0,215.0,312.0,343.0,15.2,16.9,61.0,942.2,0.8,0.0,,95.793,94.788,0,1,0
2023,21,FORMULA 1 HEINEKEN SILVER LAS VEGAS GRAND PRIX 2023,STR,Aston Martin,Q1,94.504,14.0,26.905,31.318,36.281,3.0,SOFT,True,185.0,215.0,312.0,340.0,15.2,16.9,61.0,942.2,0.8,0.0,,96.496,95.253,0,1,0
2023,21,FORMULA 1 HEINEKEN SILVER LAS VEGAS GRAND PRIX 2023,SAR,Williams,Q1,94.525,7.0,26.936,31.499,36.09,3.0,SOFT,True,184.0,214.0,320.0,344.0,15.2,16.9,61.0,942.2,0.8,0.0,,98.14,94.645,0,1,0
2023,21,FORMULA 1 HEINEKEN SILVER LAS VEGAS GRAND PRIX 2023,PER,Red Bull Racing,Q1,94.574,12.0,27.044,31.281,36.249,5.0,SOFT,False,185.0,215.0,315.0,347.0,15.2,16.9,61.0,942.2,0.8,0.0,106.793,96.085,94.706,0,1,0
2023,21,FORMULA 1 HEINEKEN SILVER LAS VEGAS GRAND PRIX 2023,ALB,Williams,Q1,94.634,6.0,26.972,31.625,36.037,7.0,SOFT,True,181.0,214.0,322.0,338.0,15.2,16.9,61.0,942.2,0.8,0.0,120.056,96.688,94.726,0,1,0
2023,21,FORMULA 1 HEINEKEN SILVER LAS VEGAS GRAND PRIX 2023,RIC,AlphaTauri,Q1,94.683,15.0,27.132,31.491,36.06,3.0,SOFT,True,187.0,215.0,320.0,339.0,15.2,16.9,61.0,942.2,0.8,0.0,108.65,97.68,97.778,0,1,0
2023,21,FORMULA 1 HEINEKEN SILVER LAS VEGAS GRAND PRIX 2023,NOR,McLaren,Q1,94.703,16.0,26.854,31.483,36.366,5.0,SOFT,True,183.0,214.0,317.0,336.0,15.2,16.9,61.0,942.2,0.8,0.0,108.947,96.864,95.089,0,1,0
2023,21,FORMULA 1 HEINEKEN SILVER LAS VEGAS GRAND PRIX 2023,OCO,Alpine,Q1,94.834,17.0,27.098,31.582,36.154,3.0,SOFT,True,186.0,213.0,321.0,338.0,15.2,16.9,61.0,942.2,0.8,0.0,105.365,97.241,95.297,0,1,0
2023,21,FORMULA 1 HEINEKEN SILVER LAS VEGAS GRAND PRIX 2023,ZHO,Alfa Romeo,Q1,94.849,18.0,27.161,31.568,36.12,2.0,SOFT,True,185.0,217.0,313.0,324.0,15.2,16.9,61.0,942.2,0.8,0.0,108.822,97.656,95.881,0,1,0
2023,21,FORMULA 1 HEINEKEN SILVER LAS VEGAS GRAND PRIX 2023,PIA,McLaren,Q1,94.85,19.0,26.884,31.669,36.297,6.0,SOFT,True,182.0,211.0,322.0,340.0,15.2,16.9,61.0,942.2,0.8,0.0,123.607,96.987,94.491,0,1,0
2023,21,FORMULA 1 HEINEKEN SILVER LAS VEGAS GRAND PRIX 2023,TSU,AlphaTauri,Q1,96.447,20.0,27.796,32.222,36.429,3.0,SOFT,True,184.0,213.0,319.0,333.0,15.2,16.9,61.0,942.2,0.8,0.0,105.908,97.412,96.087,0,1,0
2023,21,FORMULA 1 HEINEKEN SILVER LAS VEGAS GRAND PRIX 2023,LEC,Ferrari,Q2,92.775,1.0,26.255,30.647,35.873,5.0,SOFT,True,188.0,217.0,314.0,342.0,15.2,16.9,61.0,942.2,0.8,0.0,100.909,95.265,95.908,0,2,0
2023,21,FORMULA 1 HEINEKEN SILVER LAS VEGAS GRAND PRIX 2023,SAI,Ferrari,Q2,93.338,2.0,26.458,31.023,35.857,2.0,SOFT,True,188.0,215.0,316.0,343.0,15.2,16.9,61.0,942.2,0.8,0.0,105.824,95.782,95.939,0,2,0
2023,21,FORMULA 1 HEINEKEN SILVER LAS VEGAS GRAND PRIX 2023,RUS,Mercedes,Q2,93.351,4.0,26.44,31.057,35.854,6.0,SOFT,True,187.0,216.0,321.0,342.0,15.2,16.9,61.0,942.2,0.8,0.0,105.497,96.89,94.093,0,2,0
2023,21,FORMULA 1 HEINEKEN SILVER LAS VEGAS GRAND PRIX 2023,GAS,Alpine,Q2,93.494,5.0,26.66,31.084,35.75,3.0,SOFT,True,187.0,215.0,320.0,346.0,15.2,16.9,61.0,942.2,0.8,0.0,108.253,97.134,96.485,0,2,0
2023,21,FORMULA 1 HEINEKEN SILVER LAS VEGAS GRAND PRIX 2023,VER,Red Bull Racing,Q2,93.572,3.0,26.603,31.011,35.958,5.0,SOFT,True,187.0,215.0,319.0,347.0,15.2,16.9,61.0,942.2,0.8,0.0,104.397,96.183,94.653,0,2,0
2023,21,FORMULA 1 HEINEKEN SILVER LAS VEGAS GRAND PRIX 2023,ALB,Williams,Q2,93.588,6.0,26.576,31.285,35.727,3.0,SOFT,True,183.0,217.0,323.0,344.0,15.2,16.9,61.0,942.2,0.8,0.0,120.056,96.688,94.726,0,2,0
2023,21,FORMULA 1 HEINEKEN SILVER LAS VEGAS GRAND PRIX 2023,ALO,Aston Martin,Q2,93.617,10.0,26.515,31.241,35.861,3.0,SOFT,True,186.0,215.0,313.0,340.0,15.2,16.9,61.0,942.2,0.8,0.0,,95.793,94.788,0,2,0
2023,21,FORMULA 1 HEINEKEN SILVER LAS VEGAS GRAND PRIX 2023,MAG,Haas F1 Team,Q2,93.664,9.0,26.248,30.979,36.437,2.0,SOFT,True,187.0,215.0,311.0,337.0,15.2,16.9,61.0,942.2,0.8,0.0,104.261,96.917,95.067,0,2,0
2023,21,FORMULA 1 HEINEKEN SILVER LAS VEGAS GRAND PRIX 2023,SAR,Williams,Q2,93.733,7.0,26.649,31.245,35.839,3.0,SOFT,True,186.0,214.0,321.0,347.0,15.2,16.9,61.0,942.2,0.8,0.0,,98.14,94.645,0,2,0
2023,21,FORMULA 1 HEINEKEN SILVER LAS VEGAS GRAND PRIX 2023,BOT,Alfa Romeo,Q2,93.809,8.0,26.716,31.141,35.952,5.0,SOFT,True,186.0,214.0,320.0,347.0,15.2,16.9,61.0,942.2,0.8,0.0,107.147,96.129,94.908,0,2,0
2023,21,FORMULA 1 HEINEKEN SILVER LAS VEGAS GRAND PRIX 2023,HAM,Mercedes,Q2,93.837,11.0,26.833,31.187,35.817,3.0,SOFT,True,188.0,216.0,321.0,344.0,15.2,16.9,61.0,942.2,0.8,0.0,108.513,96.663,94.853,0,2,0
2023,21,FORMULA 1 HEINEKEN SILVER LAS VEGAS GRAND PRIX 2023,PER,Red Bull Racing,Q2,93.855,12.0,26.627,31.043,36.185,5.0,SOFT,True,186.0,216.0,314.0,345.0,15.2,16.9,61.0,942.2,0.8,0.0,106.793,96.085,94.706,0,2,0
2023,21,FORMULA 1 HEINEKEN SILVER LAS VEGAS GRAND PRIX 2023,HUL,Haas F1 Team,Q2,93.979,13.0,26.646,31.199,36.134,2.0,SOFT,True,187.0,216.0,311.0,341.0,15.2,16.9,61.0,942.2,0.8,0.0,103.446,96.489,95.112,0,2,0
2023,21,FORMULA 1 HEINEKEN SILVER LAS VEGAS GRAND PRIX 2023,STR,Aston Martin,Q2,94.199,14.0,26.722,31.265,36.212,3.0,SOFT,True,189.0,214.0,312.0,339.0,15.2,16.9,61.0,942.2,0.8,0.0,,96.496,95.253,0,2,0
2023,21,FORMULA 1 HEINEKEN SILVER LAS VEGAS GRAND PRIX 2023,RIC,AlphaTauri,Q2,94.308,15.0,27.149,31.202,35.957,3.0,SOFT,True,186.0,215.0,315.0,342.0,15.2,16.9,61.0,942.2,0.8,0.0,108.65,97.68,97.778,0,2,0
2023,21,FORMULA 1 HEINEKEN SILVER LAS VEGAS GRAND PRIX 2023,LEC,Ferrari,Q3,92.726,1.0,26.224,30.652,35.85,2.0,SOFT,True,189.0,217.0,318.0,341.0,15.2,16.9,61.0,942.2,0.8,0.0,100.909,95.265,95.908,0,3,0
2023,21,FORMULA 1 HEINEKEN SILVER LAS VEGAS GRAND PRIX 2023,SAI,Ferrari,Q3,92.77,2.0,26.157,30.772,35.841,3.0,SOFT,True,187.0,216.0,316.0,342.0,15.2,16.9,61.0,942.2,0.8,0.0,105.824,95.782,95.939,0,3,0
2023,21,FORMULA 1 HEINEKEN SILVER LAS VEGAS GRAND PRIX 2023,VER,Red Bull Racing,Q3,93.104,3.0,26.289,30.828,35.987,2.0,SOFT,True,188.0,215.0,317.0,346.0,15.2,16.9,61.0,942.2,0.8,0.0,104.397,96.183,94.653,0,3,0
2023,21,FORMULA 1 HEINEKEN SILVER LAS VEGAS GRAND PRIX 2023,RUS,Mercedes,Q3,93.112,4.0,26.364,30.99,35.758,6.0,SOFT,True,188.0,217.0,321.0,344.0,15.2,16.9,61.0,942.2,0.8,0.0,105.497,96.89,94.093,0,3,0
2023,21,FORMULA 1 HEINEKEN SILVER LAS VEGAS GRAND PRIX 2023,GAS,Alpine,Q3,93.239,5.0,26.415,31.019,35.805,3.0,SOFT,True,189.0,215.0,320.0,343.0,15.2,16.9,61.0,942.2,0.8,0.0,108.253,97.134,96.485,0,3,0
2023,21,FORMULA 1 HEINEKEN SILVER LAS VEGAS GRAND PRIX 2023,ALB,Williams,Q3,93.323,6.0,26.576,31.008,35.739,3.0,SOFT,True,187.0,217.0,320.0,342.0,15.2,16.9,61.0,942.2,0.8,0.0,120.056,96.688,94.726,0,3,0
2023,21,FORMULA 1 HEINEKEN SILVER LAS VEGAS GRAND PRIX 2023,SAR,Williams,Q3,93.513,7.0,26.605,31.106,35.802,3.0,SOFT,True,188.0,216.0,318.0,347.0,15.2,16.9,61.0,942.2,0.8,0.0,,98.14,94.645,0,3,0
2023,21,FORMULA 1 HEINEKEN SILVER LAS VEGAS GRAND PRIX 2023,BOT,Alfa Romeo,Q3,93.525,8.0,26.393,31.214,35.918,3.0,SOFT,True,188.0,216.0,319.0,347.0,15.2,16.9,61.0,942.2,0.8,0.0,107.147,96.129,94.908,0,3,0
2023,21,FORMULA 1 HEINEKEN SILVER LAS VEGAS GRAND PRIX 2023,MAG,Haas F1 Team,Q3,93.537,9.0,26.335,30.966,36.236,2.0,SOFT,True,187.0,215.0,318.0,339.0,15.2,16.9,61.0,942.2,0.8,0.0,104.261,96.917,95.067,0,3,0
2023,21,FORMULA 1 HEINEKEN SILVER LAS VEGAS GRAND PRIX 2023,ALO,Aston Martin,Q3,93.555,10.0,26.49,31.113,35.952,6.0,SOFT,False,189.0,216.0,313.0,339.0,15.2,16.9,61.0,942.2,0.8,0.0,,95.793,94.788,0,3,0
2023,22,FORMULA 1 ETIHAD AIRWAYS ABU DHABI GRAND PRIX 2023 ,VER,Red Bull Racing,Q1,84.16,1.0,17.382,36.172,30.606,2.0,SOFT,True,289.0,325.0,220.0,330.0,26.8,31.95,66.0,1014.5,1.5,0.0,,84.982,85.153,0,1,0
2023,22,FORMULA 1 ETIHAD AIRWAYS ABU DHABI GRAND PRIX 2023 ,PER,Red Bull Racing,Q1,84.209,9.0,17.17,36.261,30.778,2.0,SOFT,True,290.0,327.0,220.0,332.0,26.8,31.95,66.0,1014.5,1.5,0.0,,85.112,85.259,0,1,0
2023,22,FORMULA 1 ETIHAD AIRWAYS ABU DHABI GRAND PRIX 2023 ,TSU,AlphaTauri,Q1,84.286,6.0,17.352,36.262,30.672,2.0,SOFT,True,288.0,321.0,222.0,322.0,26.8,31.95,66.0,1014.5,1.5,0.0,86.725,85.669,85.222,0,1,0
2023,22,FORMULA 1 ETIHAD AIRWAYS ABU DHABI GRAND PRIX 2023 ,ALB,Williams,Q1,84.298,14.0,17.225,36.239,30.834,2.0,SOFT,True,293.0,323.0,220.0,327.0,26.8,31.95,66.0,1014.5,1.5,0.0,,86.081,84.929,0,1,0
2023,22,FORMULA 1 ETIHAD AIRWAYS ABU DHABI GRAND PRIX 2023 ,RUS,Mercedes,Q1,84.337,4.0,17.305,36.268,30.764,2.0,SOFT,True,290.0,322.0,220.0,324.0,26.8,31.95,66.0,1014.5,1.5,0.0,86.072,85.122,84.418,0,1,0
2023,22,FORMULA 1 ETIHAD AIRWAYS ABU DHABI GRAND PRIX 2023 ,NOR,McLaren,Q1,84.368,5.0,17.183,36.546,30.639,2.0,SOFT,True,290.0,320.0,217.0,321.0,26.8,31.95,66.0,1014.5,1.5,0.0,,84.852,84.513,0,1,0
2023,22,FORMULA 1 ETIHAD AIRWAYS ABU DHABI GRAND PRIX 2023 ,STR,Aston Martin,Q1,84.405,13.0,17.182,36.277,30.946,2.0,SOFT,True,288.0,320.0,219.0,324.0,26.8,31.95,66.0,1014.5,1.5,0.0,86.631,85.492,85.405,0,1,0
2023,22,FORMULA 1 ETIHAD AIRWAYS ABU DHABI GRAND PRIX 2023 ,HUL,Haas F1 Team,Q1,84.425,8.0,17.354,36.433,30.638,2.0,SOFT,True,285.0,321.0,220.0,327.0,26.8,31.95,66.0,1014.5,1.5,0.0,,87.147,85.584,0,1,0
2023,22,FORMULA 1 ETIHAD AIRWAYS ABU DHABI GRAND PRIX 2023 ,HAM,Mercedes,Q1,84.437,11.0,17.331,36.592,30.514,2.0,SOFT,True,289.0,320.0,221.0,326.0,26.8,31.95,66.0,1014.5,1.5,0.0,,85.315,85.292,0,1,0
2023,22,FORMULA 1 ETIHAD AIRWAYS ABU DHABI GRAND PRIX 2023 ,LEC,Ferrari,Q1,84.459,2.0,17.324,36.208,30.927,2.0,SOFT,True,289.0,324.0,222.0,327.0,26.8,31.95,66.0,1014.5,1.5,0.0,,84.809,85.099,0,1,0
2023,22,FORMULA 1 ETIHAD AIRWAYS ABU DHABI GRAND PRIX 2023 ,RIC,AlphaTauri,Q1,84.461,15.0,17.318,36.453,30.69,2.0,SOFT,True,288.0,321.0,219.0,324.0,26.8,31.95,66.0,1014.5,1.5,0.0,86.433,85.467,85.597,0,1,0
2023,22,FORMULA 1 ETIHAD AIRWAYS ABU DHABI GRAND PRIX 2023 ,PIA,McLaren,Q1,84.487,3.0,17.187,36.48,30.82,2.0,SOFT,True,292.0,321.0,218.0,326.0,26.8,31.95,66.0,1014.5,1.5,0.0,86.665,85.361,84.81,0,1,0
2023,22,FORMULA 1 ETIHAD AIRWAYS ABU DHABI GRAND PRIX 2023 ,ALO,Aston Martin,Q1,84.501,7.0,17.257,36.505,30.739,2.0,SOFT,True,289.0,320.0,219.0,323.0,26.8,31.95,66.0,1014.5,1.5,0.0,,85.397,85.343,0,1,0
2023,22,FORMULA 1 ETIHAD AIRWAYS ABU DHABI GRAND PRIX 2023 ,SAR,Williams,Q1,84.532,20.0,17.177,36.185,31.17,2.0,SOFT,True,293.0,324.0,220.0,328.0,26.8,31.95,66.0,1014.5,1.5,0.0,86.742,86.659,85.205,0,1,0
2023,22,FORMULA 1 ETIHAD AIRWAYS ABU DHABI GRAND PRIX 2023 ,OCO,Alpine,Q1,84.565,12.0,17.235,36.26,31.07,2.0,SOFT,True,292.0,322.0,220.0,328.0,26.8,31.95,66.0,1014.5,1.5,0.0,,85.566,85.194,0,1,0
2023,22,FORMULA 1 ETIHAD AIRWAYS ABU DHABI GRAND PRIX 2023 ,GAS,Alpine,Q1,84.6,10.0,17.298,36.43,30.872,2.0,SOFT,True,291.0,324.0,222.0,327.0,26.8,31.95,66.0,1014.5,1.5,0.0,86.72,85.321,85.303,0,1,0
2023,22,FORMULA 1 ETIHAD AIRWAYS ABU DHABI GRAND PRIX 2023 ,SAI,Ferrari,Q1,84.738,16.0,17.355,36.581,30.802,2.0,SOFT,True,289.0,321.0,219.0,328.0,26.8,31.95,66.0,1014.5,1.5,0.0,86.676,86.707,85.713,0,1,0
2023,22,FORMULA 1 ETIHAD AIRWAYS ABU DHABI GRAND PRIX 2023 ,MAG,Haas F1 Team,Q1,84.764,17.0,17.347,36.424,30.993,2.0,SOFT,True,289.0,322.0,219.0,328.0,26.8,31.95,66.0,1014.5,1.5,0.0,87.462,86.413,85.652,0,1,0
2023,22,FORMULA 1 ETIHAD AIRWAYS ABU DHABI GRAND PRIX 2023 ,BOT,Alfa Romeo,Q1,84.788,18.0,17.401,36.54,30.847,2.0,SOFT,True,288.0,323.0,219.0,327.0,26.8,31.95,66.0,1014.5,1.5,0.0,86.453,85.024,85.42,0,1,0
2023,22,FORMULA 1 ETIHAD AIRWAYS ABU DHABI GRAND PRIX 2023 ,ZHO,Alfa Romeo,Q1,85.114,19.0,17.518,36.594,31.002,2.0,SOFT,True,286.0,322.0,218.0,325.0,26.8,31.95,66.0,1014.5,1.5,0.0,,85.223,85.258,0,1,0
2023,22,FORMULA 1 ETIHAD AIRWAYS ABU DHABI GRAND PRIX 2023 ,VER,Red Bull Racing,Q2,83.74,1.0,17.216,35.965,30.559,2.0,SOFT,True,290.0,327.0,221.0,330.0,26.8,31.95,66.0,1014.5,1.5,0.0,,84.982,85.153,0,2,0
2023,22,FORMULA 1 ETIHAD AIRWAYS ABU DHABI GRAND PRIX 2023 ,NOR,McLaren,Q2,83.92,5.0,17.128,36.314,30.478,4.0,SOFT,False,291.0,321.0,219.0,322.0,26.8,31.95,66.0,1014.5,1.5,0.0,,84.852,84.513,0,2,0
2023,22,FORMULA 1 ETIHAD AIRWAYS ABU DHABI GRAND PRIX 2023 ,LEC,Ferrari,Q2,83.969,2.0,17.188,36.14,30.641,2.0,SOFT,True,290.0,323.0,221.0,328.0,26.8,31.95,66.0,1014.5,1.5,0.0,,84.809,85.099,0,2,0
2023,22,FORMULA 1 ETIHAD AIRWAYS ABU DHABI GRAND PRIX 2023 ,RUS,Mercedes,Q2,84.013,4.0,17.144,36.206,30.663,2.0,SOFT,True,291.0,321.0,221.0,325.0,26.8,31.95,66.0,1014.5,1.5,0.0,86.072,85.122,84.418,0,2,0
2023,22,FORMULA 1 ETIHAD AIRWAYS ABU DHABI GRAND PRIX 2023 ,GAS,Alpine,Q2,84.078,10.0,17.202,36.091,30.785,2.0,SOFT,True,291.0,322.0,216.0,326.0,26.8,31.95,66.0,1014.5,1.5,0.0,86.72,85.321,85.303,0,2,0
2023,22,FORMULA 1 ETIHAD AIRWAYS ABU DHABI GRAND PRIX 2023 ,PER,Red Bull Racing,Q2,84.116,9.0,17.258,36.21,30.648,5.0,SOFT,False,289.0,324.0,220.0,329.0,26.8,31.95,66.0,1014.5,1.5,0.0,,85.112,85.259,0,2,0
2023,22,FORMULA 1 ETIHAD AIRWAYS ABU DHABI GRAND PRIX 2023 ,ALO,Aston Martin,Q2,84.131,7.0,17.213,36.31,30.608,2.0,SOFT,True,290.0,319.0,220.0,322.0,26.8,31.95,66.0,1014.5,1.5,0.0,,85.397,85.343,0,2,0
2023,22,FORMULA 1 ETIHAD AIRWAYS ABU DHABI GRAND PRIX 2023 ,TSU,AlphaTauri,Q2,84.207,6.0,17.222,36.341,30.644,2.0,SOFT,True,289.0,319.0,223.0,323.0,26.8,31.95,66.0,1014.5,1.5,0.0,86.725,85.669,85.222,0,2,0
2023,22,FORMULA 1 ETIHAD AIRWAYS ABU DHABI GRAND PRIX 2023 ,HUL,Haas F1 Team,Q2,84.213,8.0,17.309,36.26,30.644,2.0,SOFT,True,286.0,320.0,220.0,325.0,26.8,31.95,66.0,1014.5,1.5,0.0,,87.147,85.584,0,2,0
2023,22,FORMULA 1 ETIHAD AIRWAYS ABU DHABI GRAND PRIX 2023 ,PIA,McLaren,Q2,84.278,3.0,17.247,36.382,30.649,5.0,SOFT,False,290.0,322.0,219.0,323.0,26.8,31.95,66.0,1014.5,1.5,0.0,86.665,85.361,84.81,0,2,0
2023,22,FORMULA 1 ETIHAD AIRWAYS ABU DHABI GRAND PRIX 2023 ,HAM,Mercedes,Q2,84.359,11.0,17.278,36.258,30.823,2.0,SOFT,True,290.0,320.0,220.0,324.0,26.8,31.95,66.0,1014.5,1.5,0.0,,85.315,85.292,0,2,0
2023,22,FORMULA 1 ETIHAD AIRWAYS ABU DHABI GRAND PRIX 2023 ,OCO,Alpine,Q2,84.391,12.0,17.197,36.271,30.923000000000002,2.0,SOFT,True,292.0,322.0,216.0,327.0,26.8,31.95,66.0,1014.5,1.5,0.0,,85.566,85.194,0,2,0
2023,22,FORMULA 1 ETIHAD AIRWAYS ABU DHABI GRAND PRIX 2023 ,STR,Aston Martin,Q2,84.422,13.0,17.235,36.378,30.809,2.0,SOFT,True,288.0,318.0,220.0,323.0,26.8,31.95,66.0,1014.5,1.5,0.0,86.631,85.492,85.405,0,2,0
2023,22,FORMULA 1 ETIHAD AIRWAYS ABU DHABI GRAND PRIX 2023 ,ALB,Williams,Q2,84.439,14.0,17.18,36.33,30.929,2.0,SOFT,True,294.0,321.0,221.0,325.0,26.8,31.95,66.0,1014.5,1.5,0.0,,86.081,84.929,0,2,0
2023,22,FORMULA 1 ETIHAD AIRWAYS ABU DHABI GRAND PRIX 2023 ,RIC,AlphaTauri,Q2,84.442,15.0,17.305,36.399,30.738,2.0,SOFT,True,289.0,321.0,221.0,324.0,26.8,31.95,66.0,1014.5,1.5,0.0,86.433,85.467,85.597,0,2,0
2023,22,FORMULA 1 ETIHAD AIRWAYS ABU DHABI GRAND PRIX 2023 ,VER,Red Bull Racing,Q3,83.445,1.0,17.151,35.894,30.4,2.0,SOFT,True,291.0,324.0,222.0,328.0,26.8,31.95,66.0,1014.5,1.5,0.0,,84.982,85.153,0,3,0
2023,22,FORMULA 1 ETIHAD AIRWAYS ABU DHABI GRAND PRIX 2023 ,LEC,Ferrari,Q3,83.584,2.0,17.213,35.986,30.385,2.0,SOFT,True,290.0,322.0,220.0,326.0,26.8,31.95,66.0,1014.5,1.5,0.0,,84.809,85.099,0,3,0
2023,22,FORMULA 1 ETIHAD AIRWAYS ABU DHABI GRAND PRIX 2023 ,PIA,McLaren,Q3,83.782,3.0,17.101,36.093,30.588,2.0,SOFT,True,292.0,321.0,217.0,324.0,26.8,31.95,66.0,1014.5,1.5,0.0,86.665,85.361,84.81,0,3,0
2023,22,FORMULA 1 ETIHAD AIRWAYS ABU DHABI GRAND PRIX 2023 ,RUS,Mercedes,Q3,83.788,4.0,17.097,36.326,30.365,2.0,SOFT,True,291.0,319.0,222.0,323.0,26.8,31.95,66.0,1014.5,1.5,0.0,86.072,85.122,84.418,0,3,0
2023,22,FORMULA 1 ETIHAD AIRWAYS ABU DHABI GRAND PRIX 2023 ,NOR,McLaren,Q3,83.816,5.0,17.148,36.256,30.412,4.0,SOFT,False,292.0,318.0,218.0,323.0,26.8,31.95,66.0,1014.5,1.5,0.0,,84.852,84.513,0,3,0
2023,22,FORMULA 1 ETIHAD AIRWAYS ABU DHABI GRAND PRIX 2023 ,PER,Red Bull Racing,Q3,83.868,9.0,17.144,36.206,30.518,2.0,SOFT,True,290.0,324.0,220.0,329.0,26.8,31.95,66.0,1014.5,1.5,0.0,,85.112,85.259,0,3,0
2023,22,FORMULA 1 ETIHAD AIRWAYS ABU DHABI GRAND PRIX 2023 ,TSU,AlphaTauri,Q3,83.968,6.0,17.268,36.131,30.569,2.0,SOFT,True,289.0,318.0,222.0,322.0,26.8,31.95,66.0,1014.5,1.5,0.0,86.725,85.669,85.222,0,3,0
2023,22,FORMULA 1 ETIHAD AIRWAYS ABU DHABI GRAND PRIX 2023 ,ALO,Aston Martin,Q3,84.084,7.0,17.157,36.381,30.546,2.0,SOFT,True,291.0,319.0,220.0,323.0,26.8,31.95,66.0,1014.5,1.5,0.0,,85.397,85.343,0,3,0
2023,22,FORMULA 1 ETIHAD AIRWAYS ABU DHABI GRAND PRIX 2023 ,HUL,Haas F1 Team,Q3,84.108,8.0,17.243,36.351,30.514,2.0,SOFT,True,287.0,320.0,219.0,325.0,26.8,31.95,66.0,1014.5,1.5,0.0,,87.147,85.584,0,3,0
2023,22,FORMULA 1 ETIHAD AIRWAYS ABU DHABI GRAND PRIX 2023 ,GAS,Alpine,Q3,84.533,10.0,17.247,36.455,30.831,2.0,SOFT,True,293.0,320.0,220.0,326.0,26.8,31.95,66.0,1014.5,1.5,0.0,86.72,85.321,85.303,0,3,0
